Active Ingredient,Crop,MRL,Update Date,Pending for regulations update
"1-MCP","APPLE","0.010","2016-09-29T00:00:00",
"1-MCP","PEAR","0.010","2016-09-29T00:00:00",
"1,3 DICHLOROPROPENE","POTATO","0.010","2013-01-15T00:00:00",
"1,3 DICHLOROPROPENE","CUCUMBER","0.010","2013-01-15T00:00:00",
"1,3 DICHLOROPROPENE","WATERMELON","0.010","2013-01-15T00:00:00",
"1,3 DICHLOROPROPENE","PEPPER","0.010","2013-01-15T00:00:00",
"1,3 DICHLOROPROPENE","TOMATO","0.010","2013-01-15T00:00:00",
"1,3 DICHLOROPROPENE","SWEET POTATO","0.010","2013-01-15T00:00:00",
"1,3 DICHLOROPROPENE","CARROT","0.010","2013-01-15T00:00:00",
"1,4-DIMETHYLNAPHTALENE","POTATO","1.500","2022-10-25T00:00:00","15.000"
"2,4-D","ALFALFA","0.100","1999-01-01T00:00:00",
"2,4-D","CITRUS FRUIT","1.000","2005-07-17T00:00:00",
"2,4-D","MILK","0.010","2005-07-17T00:00:00",
"2,4-D","MEAT","0.050","2013-01-10T00:00:00",
"2,4-D","EDIBLE OFFAL","0.050","2013-01-10T00:00:00",
"2,4-D","EGGS","0.010","2005-07-17T00:00:00",
"2,4-D","POULTRY MEAT","0.050","1998-11-01T00:00:00",
"2,4-D","ALMOND","0.200","2005-07-17T00:00:00",
"2,4-D","AVOCADO","0.050","2005-07-17T00:00:00",
"2,4-D","MANGO","0.050","2005-07-20T00:00:00",
"2,4-D","PERSIMMON","0.050","2005-07-17T00:00:00",
"2,4-D","POMEGRANATE","0.050","2010-06-21T00:00:00",
"2,4-D","APPLE","0.010","2005-07-17T00:00:00",
"2,4-D","LOQUAT","0.050","2005-07-17T00:00:00",
"2,4-D","PEAR","0.010","2005-07-17T00:00:00",
"2,4-D","PLUM","0.050","2005-07-20T00:00:00",
"2,4-D","APRICOT","0.050","2005-07-17T00:00:00",
"2,4-D","NECTARINE","0.050","2005-07-17T00:00:00",
"2,4-D","PEACH","0.050","2005-07-17T00:00:00",
"2,4-D","OLIVES","0.500","1998-11-01T00:00:00",
"2,4-D","GUAVA","0.050","2005-07-17T00:00:00",
"2,4-D","BARLEY","0.010","2005-07-17T00:00:00",
"2,4-D","OAT","0.010","2005-07-20T00:00:00",
"2,4-D","SORGHUM","0.010","2005-07-17T00:00:00",
"2,4-D","WHEAT","0.500","1998-11-01T00:00:00",
"2,4-D","ANONA","0.050","2005-07-17T00:00:00",
"2,4-D","POULTRY OFFAL","0.050","2005-12-08T00:00:00",
"ABAMECTIN","THYME","0.050","2013-01-09T00:00:00",
"ABAMECTIN","GRAPES","0.020","1999-01-01T00:00:00","0.050"
"ABAMECTIN","STRAWBERRY","0.020","2005-07-20T00:00:00",
"ABAMECTIN","CITRUS FRUIT","0.010","1996-01-01T00:00:00",
"ABAMECTIN","LOVAGE",,"2023-02-20T00:00:00","0.050"
"ABAMECTIN","LUISA",,"2023-02-20T00:00:00","0.050"
"ABAMECTIN","MELISA",,"2023-02-20T00:00:00","0.050"
"ABAMECTIN","ASTER",,"2023-02-20T00:00:00","0.050"
"ABAMECTIN","POTATO","0.010","1999-01-01T00:00:00",
"ABAMECTIN","CELERIAC","0.010","1996-01-01T00:00:00",
"ABAMECTIN","CABBAGE",,"2022-08-21T00:00:00","0.050"
"ABAMECTIN","CAULIFLOWER",,"2025-07-08T00:00:00","0.500"
"ABAMECTIN","MELON","0.010","1996-01-01T00:00:00",
"ABAMECTIN","CUCUMBER","0.010","1996-01-01T00:00:00",
"ABAMECTIN","PUMPKINS","0.010","2015-11-15T00:00:00",
"ABAMECTIN","WATERMELON","0.010","1996-01-01T00:00:00",
"ABAMECTIN","CHICK PEA","0.020","2013-01-09T00:00:00",
"ABAMECTIN","BEET, GREENS",,"2023-02-20T00:00:00","0.050"
"ABAMECTIN","CORIANDER",,"2023-02-20T00:00:00","0.050"
"ABAMECTIN","PEPPER","0.020","1996-01-01T00:00:00","0.050"
"ABAMECTIN","EGG PLANT","0.010","1996-01-01T00:00:00",
"ABAMECTIN","TOMATO","0.020","2005-07-20T00:00:00",
"ABAMECTIN","RED SWEET PEPPER","0.020","2013-01-09T00:00:00",
"ABAMECTIN","SCARLET","0.010","2015-11-15T00:00:00",
"ABAMECTIN","CARROT","0.010","2015-08-13T00:00:00",
"ABAMECTIN","ONION","0.010","2005-07-20T00:00:00",
"ABAMECTIN","COTTON","0.010","2005-07-20T00:00:00",
"ABAMECTIN","PEANUT","0.010","1996-01-01T00:00:00",
"ABAMECTIN","OREGANO",,"2023-02-20T00:00:00","0.050"
"ABAMECTIN","AVOCADO","0.020","2005-07-20T00:00:00",
"ABAMECTIN","APPLE","0.020","1999-01-01T00:00:00","0.050"
"ABAMECTIN","PEAR","0.020","2005-07-20T00:00:00",
"ABAMECTIN","PLUM","0.010","2010-05-24T00:00:00",
"ABAMECTIN","NECTARINE","0.020","1999-01-01T00:00:00",
"ABAMECTIN","PEACH","0.020","1996-01-01T00:00:00",
"ABAMECTIN","DATE","0.010","2010-01-03T00:00:00",
"ABAMECTIN","OLIVES","0.010","2010-05-24T00:00:00",
"ABAMECTIN","BASIL","0.050","2013-01-09T00:00:00",
"ABAMECTIN","CHIVES","0.050","2013-01-09T00:00:00",
"ABAMECTIN","DILL",,"2023-02-20T00:00:00","0.050"
"ABAMECTIN","MARJORAM",,"2023-02-20T00:00:00","0.050"
"ABAMECTIN","MINT","0.050","2013-01-09T00:00:00",
"ABAMECTIN","PARSLEY (roots and leaves)","0.050","2013-01-09T00:00:00",
"ABAMECTIN","ROSMARINE","0.050","2013-01-09T00:00:00",
"ABAMECTIN","SAGE",,"2023-02-20T00:00:00","0.050"
"ABAMECTIN","ESTRAGON","0.050","2013-01-09T00:00:00",
"ABAMECTIN","ROKET",,"2023-02-20T00:00:00","0.050"
"ABAMECTIN","ROKULA",,"2023-02-20T00:00:00","0.050"
"ABAMECTIN","CHERBIL",,"2023-02-20T00:00:00","0.050"
"ABAMECTIN","HYSSOP","0.050","2013-01-09T00:00:00",
"ABAMECTIN","SPRING ONION",,"2023-02-20T00:00:00","0.050"
"ABAMECTIN","RUMEX CRISPUS",,"2023-02-20T00:00:00","0.050"
"ABAMECTIN","STEVIA",,"2023-02-20T00:00:00","0.050"
"ACEQUINOCYL","THYME","0.700","2013-09-15T00:00:00",
"ACEQUINOCYL","STRAWBERRY","0.020","2006-07-20T00:00:00",
"ACEQUINOCYL","CELERIAC",,"2024-02-28T00:00:00","0.700"
"ACEQUINOCYL","MELON","0.050","2007-05-06T00:00:00",
"ACEQUINOCYL","CUCUMBER","0.050","2007-01-01T00:00:00",
"ACEQUINOCYL","WATERMELON","0.050","2010-06-21T00:00:00",
"ACEQUINOCYL","CORIANDER","0.700","2013-09-15T00:00:00",
"ACEQUINOCYL","LETTUCE",,"2024-02-28T00:00:00","1.000"
"ACEQUINOCYL","PEPPER","0.700","2011-10-04T00:00:00",
"ACEQUINOCYL","EGG PLANT","0.700","2010-02-18T00:00:00",
"ACEQUINOCYL","TOMATO","0.700","2007-01-01T00:00:00",
"ACEQUINOCYL","APPLE","0.020","2006-07-20T00:00:00",
"ACEQUINOCYL","BASIL","0.700","2013-09-15T00:00:00",
"ACEQUINOCYL","CHIVES","0.700","2013-09-15T00:00:00",
"ACEQUINOCYL","DILL","0.700","2013-09-15T00:00:00",
"ACEQUINOCYL","MINT","0.700","2013-09-15T00:00:00",
"ACEQUINOCYL","PARSLEY (roots and leaves)","0.700","2013-09-15T00:00:00",
"ACEQUINOCYL","ROSMARINE","0.700","2013-09-15T00:00:00",
"ACEQUINOCYL","SAGE","0.700","2013-09-15T00:00:00",
"ACEQUINOCYL","ESTRAGON","0.700","2013-09-15T00:00:00",
"ACEQUINOCYL","ROKET",,"2019-04-11T00:00:00","0.700"
"ACEQUINOCYL","ROKULA","0.700","2013-09-15T00:00:00",
"ACEQUINOCYL","SPRING ONION","0.700","2013-09-15T00:00:00",
"ACETAMIPRID","THYME","3.000","2011-12-19T00:00:00",
"ACETAMIPRID","GRAPES","0.050","1999-05-15T00:00:00",
"ACETAMIPRID","CITRUS FRUIT","0.050","2003-11-05T00:00:00","0.250"
"ACETAMIPRID","CELERIAC","3.000","2011-12-19T00:00:00",
"ACETAMIPRID","BRASSICA","0.050","2013-05-13T00:00:00","יתבטל"
"ACETAMIPRID","CABBAGE","0.050","2013-05-13T00:00:00",
"ACETAMIPRID","BROCCOLI","0.050","2013-05-13T00:00:00",
"ACETAMIPRID","CAULIFLOWER","0.050","2013-05-13T00:00:00",
"ACETAMIPRID","MELON","0.050","2001-05-24T00:00:00",
"ACETAMIPRID","CUCUMBER","0.050","2001-07-15T00:00:00",
"ACETAMIPRID","PUMPKINS","0.020","2015-11-16T00:00:00",
"ACETAMIPRID","SQUASH","0.050","2001-05-24T00:00:00",
"ACETAMIPRID","WATERMELON","0.050","2001-05-24T00:00:00",
"ACETAMIPRID","CORIANDER","3.000","2011-12-19T00:00:00",
"ACETAMIPRID","CHINESE CABBAGE",,"2019-06-03T00:00:00","0.050"
"ACETAMIPRID","KALE",,"2019-06-03T00:00:00","0.050"
"ACETAMIPRID","LETTUCE","0.050","2015-11-12T00:00:00",
"ACETAMIPRID","PEPPER","0.050","2001-07-15T00:00:00",
"ACETAMIPRID","EGG PLANT","0.050","2001-07-15T00:00:00",
"ACETAMIPRID","TOMATO","0.200","2001-05-24T00:00:00","0.300"
"ACETAMIPRID","SCARLET","0.020","2015-11-16T00:00:00",
"ACETAMIPRID","BEETROOT",,"2023-09-27T00:00:00","0.030"
"ACETAMIPRID","CARROT","0.050","2013-09-16T00:00:00",
"ACETAMIPRID","COTTON","0.050","1999-01-01T00:00:00",
"ACETAMIPRID","ALMOND","0.100","2014-08-04T00:00:00",
"ACETAMIPRID","MANGO",,"2024-02-28T00:00:00","0.150"
"ACETAMIPRID","PERSIMMON","0.100","2005-09-19T00:00:00",
"ACETAMIPRID","POMEGRANATE","0.100","2010-06-21T00:00:00",
"ACETAMIPRID","APPLE","0.050","2001-07-15T00:00:00",
"ACETAMIPRID","PEAR","0.050","1999-01-01T00:00:00",
"ACETAMIPRID","PLUM","0.050","2010-08-03T00:00:00",
"ACETAMIPRID","APRICOT","0.050","2010-08-03T00:00:00",
"ACETAMIPRID","NECTARINE","0.050","2001-07-15T00:00:00",
"ACETAMIPRID","PEACH","0.050","2001-07-15T00:00:00",
"ACETAMIPRID","OLIVES","0.050","2009-01-14T00:00:00",
"ACETAMIPRID","CORN","0.050","2013-09-16T00:00:00",
"ACETAMIPRID","BASIL","3.000","2011-12-19T00:00:00",
"ACETAMIPRID","DILL","3.000","2011-12-19T00:00:00",
"ACETAMIPRID","MARJORAM","3.000","2012-06-13T00:00:00",
"ACETAMIPRID","MINT","3.000","2011-12-19T00:00:00",
"ACETAMIPRID","PARSLEY (roots and leaves)","3.000","2011-12-19T00:00:00",
"ACETAMIPRID","ROSMARINE","3.000","2011-12-19T00:00:00",
"ACETAMIPRID","SAGE","3.000","2011-12-19T00:00:00",
"ACETAMIPRID","ESTRAGON","3.000","2011-12-19T00:00:00",
"ACETAMIPRID","ROKET",,"2019-04-11T00:00:00","3.000"
"ACETAMIPRID","ROKULA","3.000","2011-12-19T00:00:00",
"ACETAMIPRID","CYMBOPOGON","3.000","2011-12-19T00:00:00",
"ACETAMIPRID","SPRING ONION","3.000","2011-12-19T00:00:00",
"ACIBENZOLAR-S-METHYL","PEPPER",,"2023-11-14T00:00:00","0.070"
"ACIBENZOLAR-S-METHYL","EGG PLANT",,"2022-12-26T00:00:00","0.050"
"ACIBENZOLAR-S-METHYL","TOMATO",,"2022-08-21T00:00:00","0.050"
"ACLONIFEN","CELERIAC",,"2024-05-13T00:00:00","0.010"
"ACLONIFEN","CHICK PEA","0.020","2013-01-09T00:00:00",
"ACLONIFEN","CORIANDER","0.020","2013-01-09T00:00:00",
"ACLONIFEN","TOMATO","0.020","2013-01-09T00:00:00",
"ACLONIFEN","SWEET POTATO","0.020","2013-01-09T00:00:00",
"ACLONIFEN","ONION","0.010","2014-08-04T00:00:00",
"ACLONIFEN","SUNFLOWER",,"2024-05-13T00:00:00","0.010"
"ACLONIFEN","DILL","0.020","2013-01-09T00:00:00",
"ACLONIFEN","PARSLEY (roots and leaves)","0.020","2013-01-09T00:00:00",
"ACRINATHRIN","GRAPES","0.300","2009-11-09T00:00:00",
"ACRINATHRIN","STRAWBERRY","0.200","1997-12-18T00:00:00",
"ACRINATHRIN","CUCUMBER","0.200","1997-12-18T00:00:00",
"ACRINATHRIN","PEPPER","0.100","1998-07-16T00:00:00",
"ACRINATHRIN","EGG PLANT","0.200","1997-12-18T00:00:00",
"ACRINATHRIN","CARROT","0.020","2015-11-17T00:00:00",
"ACRINATHRIN","ALMOND","0.200","2005-07-21T00:00:00",
"ACRINATHRIN","PERSIMMON","0.100","2011-02-02T00:00:00",
"ACRINATHRIN","POMEGRANATE","0.050","2011-01-09T00:00:00",
"ACRINATHRIN","PEAR","0.200","2005-07-21T00:00:00",
"ACRINATHRIN","PLUM","0.200","2005-07-21T00:00:00",
"ACRINATHRIN","APRICOT","0.200","2005-07-21T00:00:00",
"ACRINATHRIN","CHERRY","0.200","2010-06-21T00:00:00",
"ACRINATHRIN","NECTARINE","0.200","2005-07-21T00:00:00",
"ACRINATHRIN","PEACH","0.200","2005-07-21T00:00:00",
"ACRINATHRIN","OLIVES","0.200","2011-11-16T00:00:00",
"AFIDOPYROPEN","GRAPES",,"2023-02-12T00:00:00","0.400"
"AFIDOPYROPEN","CABBAGE",,"2022-12-04T00:00:00","0.080"
"AFIDOPYROPEN","BROCCOLI",,"2024-08-19T00:00:00","0.020"
"AFIDOPYROPEN","CAULIFLOWER",,"2024-08-19T00:00:00","0.020"
"AFIDOPYROPEN","KOHLRABI",,"2024-08-19T00:00:00","0.030"
"AFIDOPYROPEN","MELON",,"2024-08-19T00:00:00","0.020"
"AFIDOPYROPEN","CUCUMBER",,"2022-12-04T00:00:00","0.080"
"AFIDOPYROPEN","SQUASH",,"2024-08-19T00:00:00","0.050"
"AFIDOPYROPEN","WATERMELON",,"2025-07-07T00:00:00","0.010"
"AFIDOPYROPEN","PEPPER",,"2023-02-12T00:00:00","0.050"
"AFIDOPYROPEN","EGG PLANT",,"2024-08-19T00:00:00","0.020"
"AFIDOPYROPEN","TOMATO",,"2022-12-04T00:00:00","0.100"
"AFIDOPYROPEN","ALMOND",,"2023-02-12T00:00:00","0.050"
"AFIDOPYROPEN","POMEGRANATE",,"2024-08-19T00:00:00","0.020"
"AFIDOPYROPEN","NECTARINE",,"2023-02-12T00:00:00","0.050"
"AFIDOPYROPEN","PEACH",,"2022-12-04T00:00:00","0.200"
"ALACHLOR","COTTON","0.020","2013-01-09T00:00:00","יתבטל"
"ALACHLOR","PEANUT","0.020","2013-01-09T00:00:00","יתבטל"
"ALACHLOR","SUNFLOWER","0.020","2013-01-09T00:00:00","יתבטל"
"ALACHLOR","CORN","0.020","2013-01-09T00:00:00","יתבטל"
"ALDRIN","CARROT","0.100","1996-01-01T00:00:00",
"ALDRIN","MILK","0.006","1999-01-01T00:00:00",
"ALDRIN","MEAT","0.200","1996-01-01T00:00:00",
"ALDRIN","EGGS","0.100","1999-01-01T00:00:00",
"ALDRIN","POULTRY MEAT","0.200","1999-01-01T00:00:00",
"ALDRIN","CEREALS","0.020","1996-01-01T00:00:00",
"AMETOCTRADIN","GRAPES","0.500","2015-11-16T00:00:00",
"AMETOCTRADIN","POTATO","0.020","2016-07-11T00:00:00",
"AMETOCTRADIN","MELON",,"2019-06-16T00:00:00","0.050"
"AMETOCTRADIN","CUCUMBER","0.020","2016-07-11T00:00:00",
"AMETOCTRADIN","SQUASH","0.050","2015-11-16T00:00:00",
"AMETOCTRADIN","TOMATO","0.020","2016-07-11T00:00:00",
"AMETOCTRADIN","ONION","0.100","2016-07-11T00:00:00",
"AMINOTRIAZOLE","GRAPES","0.020","2013-01-09T00:00:00","יתבטל"
"AMINOTRIAZOLE","CITRUS FRUIT","0.020","2013-01-09T00:00:00","יתבטל"
"AMINOTRIAZOLE","CHICK PEA","0.020","2013-01-09T00:00:00","יתבטל"
"AMINOTRIAZOLE","TOMATO","0.020","2013-01-09T00:00:00","יתבטל"
"AMINOTRIAZOLE","COTTON","0.020","2013-01-09T00:00:00","יתבטל"
"AMINOTRIAZOLE","SUNFLOWER","0.020","2013-01-09T00:00:00","יתבטל"
"AMINOTRIAZOLE","ALMOND","0.020","2013-01-09T00:00:00","יתבטל"
"AMINOTRIAZOLE","PECAN","0.020","2013-01-09T00:00:00","יתבטל"
"AMINOTRIAZOLE","AVOCADO","0.020","2013-01-09T00:00:00","יתבטל"
"AMINOTRIAZOLE","FEIJOA","0.020","2013-01-09T00:00:00","יתבטל"
"AMINOTRIAZOLE","KIWI","0.020","2013-01-09T00:00:00","יתבטל"
"AMINOTRIAZOLE","MANGO","0.020","2013-01-09T00:00:00","יתבטל"
"AMINOTRIAZOLE","PERSIMMON","0.020","2013-01-09T00:00:00","יתבטל"
"AMINOTRIAZOLE","APPLE","0.020","2013-01-09T00:00:00","יתבטל"
"AMINOTRIAZOLE","PEAR","0.020","2013-01-09T00:00:00","יתבטל"
"AMINOTRIAZOLE","PLUM","0.020","2013-01-09T00:00:00","יתבטל"
"AMINOTRIAZOLE","APRICOT","0.020","2013-01-09T00:00:00","יתבטל"
"AMINOTRIAZOLE","PEACH","0.020","2013-01-09T00:00:00","יתבטל"
"AMINOTRIAZOLE","CAROB","0.020","2013-01-09T00:00:00","יתבטל"
"AMINOTRIAZOLE","OLIVES","0.020","2013-01-09T00:00:00","יתבטל"
"AMINOTRIAZOLE","GUAVA","0.020","2013-01-09T00:00:00","יתבטל"
"AMINOTRIAZOLE","CORN","0.020","2013-01-09T00:00:00","יתבטל"
"AMINOTRIAZOLE","SORGHUM","0.020","2013-01-09T00:00:00","יתבטל"
"AMINOTRIAZOLE","ANONA","0.020","2013-01-09T00:00:00","יתבטל"
"AMITRAZ","EDIBLE OFFAL","0.200","2005-07-21T00:00:00",
"AMITRAZ","COTTON","0.500","1996-01-01T00:00:00","יתבטל"
"AMITRAZ","PEANUT","0.500","2005-07-21T00:00:00","יתבטל"
"AMITRAZ","PERSIMMON","0.500","1999-01-01T00:00:00","יתבטל"
"AMITRAZ","APPLE","0.500","1996-01-01T00:00:00","יתבטל"
"AMITRAZ","PEAR","0.500","1996-01-01T00:00:00","יתבטל"
"AMITRAZ","PLUM","0.500","1996-01-01T00:00:00","יתבטל"
"AMITRAZ","PEACH","0.500","1996-01-01T00:00:00","יתבטל"
"AMITRAZ","OLIVES","0.500","2005-07-21T00:00:00","יתבטל"
"AMITRAZ","HONEY","0.200","2017-12-28T00:00:00",
"ATRAZINE","MILK","0.020","1999-01-01T00:00:00",
"ATRAZINE","MEAT","0.020","1999-01-01T00:00:00",
"ATRAZINE","EGGS","0.020","1999-01-01T00:00:00",
"ATRAZINE","POULTRY MEAT","0.020","2005-07-21T00:00:00",
"ATRAZINE","CORN","0.010","2005-12-11T00:00:00",
"ATRAZINE","SORGHUM","0.200","2013-01-09T00:00:00",
"AZOCYCLOTIN","STRAWBERRY","0.500","1996-01-01T00:00:00","יתבטל"
"AZOCYCLOTIN","EGG PLANT","0.100","1996-01-01T00:00:00","יתבטל"
"AZOCYCLOTIN","TOMATO","0.100","1996-01-01T00:00:00","יתבטל"
"AZOCYCLOTIN","COTTON","0.100","1996-01-01T00:00:00","יתבטל"
"AZOCYCLOTIN","PEANUT","1.000","1996-01-01T00:00:00","יתבטל"
"AZOCYCLOTIN","APPLE","1.000","1996-01-01T00:00:00","יתבטל"
"AZOCYCLOTIN","PEAR","2.000","1996-01-01T00:00:00","יתבטל"
"AZOXYSTROBIN","CLOVER",,"2025-06-25T00:00:00","0.300"
"AZOXYSTROBIN","THYME","0.600","2009-10-13T00:00:00",
"AZOXYSTROBIN","GRAPES","0.600","2005-05-26T00:00:00",
"AZOXYSTROBIN","CITRUS FRUIT","0.300","2000-01-01T00:00:00",
"AZOXYSTROBIN","POTATO","0.050","2000-01-01T00:00:00",
"AZOXYSTROBIN","CELERIAC","0.500","2007-08-30T00:00:00",
"AZOXYSTROBIN","CABBAGE",,"2021-08-23T00:00:00","0.100"
"AZOXYSTROBIN","BROCCOLI",,"2021-08-23T00:00:00","0.200"
"AZOXYSTROBIN","CAULIFLOWER",,"2021-08-23T00:00:00","0.100"
"AZOXYSTROBIN","MELON","0.020","2008-07-27T00:00:00",
"AZOXYSTROBIN","CUCUMBER","0.500","2016-07-11T00:00:00",
"AZOXYSTROBIN","SQUASH","0.050","2016-09-06T00:00:00",
"AZOXYSTROBIN","WATERMELON","0.010","2008-08-26T00:00:00",
"AZOXYSTROBIN","CHICK PEA","0.050","2005-08-17T00:00:00",
"AZOXYSTROBIN","CORIANDER","0.600","2009-10-13T00:00:00",
"AZOXYSTROBIN","PEPPER","0.500","2005-05-26T00:00:00",
"AZOXYSTROBIN","EGG PLANT","0.500","2005-05-26T00:00:00",
"AZOXYSTROBIN","TOMATO","0.500","2016-06-08T00:00:00",
"AZOXYSTROBIN","RED SWEET PEPPER","0.500","2013-01-09T00:00:00",
"AZOXYSTROBIN","PEAS","1.000","2008-08-20T00:00:00",
"AZOXYSTROBIN","BEANS","0.010","2016-05-23T00:00:00",
"AZOXYSTROBIN","BEETROOT",,"2022-12-04T00:00:00","0.020"
"AZOXYSTROBIN","CARROT","1.000","2004-06-08T00:00:00",
"AZOXYSTROBIN","ONION","0.050","2005-08-17T00:00:00",
"AZOXYSTROBIN","COTTON","0.020","2003-07-29T00:00:00",
"AZOXYSTROBIN","PEANUT","0.010","2011-01-09T00:00:00",
"AZOXYSTROBIN","SUNFLOWER","0.050","2011-05-17T00:00:00",
"AZOXYSTROBIN","ALMOND","2.000","2005-12-07T00:00:00",
"AZOXYSTROBIN","GARLIC","0.050","2005-08-17T00:00:00",
"AZOXYSTROBIN","MANGO","0.050","2015-11-16T00:00:00",
"AZOXYSTROBIN","PERSIMMON","0.100","2009-06-02T00:00:00",
"AZOXYSTROBIN","POMEGRANATE","0.200","2012-12-02T00:00:00",
"AZOXYSTROBIN","APPLE","0.300","2013-05-13T00:00:00",
"AZOXYSTROBIN","PLUM","0.050","2007-05-06T00:00:00",
"AZOXYSTROBIN","APRICOT","0.700","2009-04-05T00:00:00",
"AZOXYSTROBIN","CHERRY",,"2023-03-15T00:00:00","0.100"
"AZOXYSTROBIN","NECTARINE","0.100","2007-05-06T00:00:00",
"AZOXYSTROBIN","PEACH","0.200","2008-08-27T00:00:00",
"AZOXYSTROBIN","OLIVES","0.100","2010-11-25T00:00:00",
"AZOXYSTROBIN","BARLEY",,"2025-06-25T00:00:00","0.050"
"AZOXYSTROBIN","CORN","0.020","2015-11-17T00:00:00",
"AZOXYSTROBIN","OAT","0.050","2013-01-09T00:00:00",
"AZOXYSTROBIN","WHEAT","0.050","2013-01-09T00:00:00",
"AZOXYSTROBIN","BASIL","2.000","2012-11-27T00:00:00",
"AZOXYSTROBIN","CHIVES","15.000","2012-01-10T00:00:00",
"AZOXYSTROBIN","DILL","2.500","2007-06-12T00:00:00",
"AZOXYSTROBIN","MINT","2.000","2008-01-20T00:00:00",
"AZOXYSTROBIN","PARSLEY (roots and leaves)","0.100","2006-04-04T00:00:00",
"AZOXYSTROBIN","ROSMARINE","0.600","2009-10-13T00:00:00",
"AZOXYSTROBIN","SAGE","2.000","2008-01-20T00:00:00",
"AZOXYSTROBIN","ESTRAGON","0.600","2009-10-13T00:00:00",
"AZOXYSTROBIN","ROKET",,"2019-04-11T00:00:00","15.000"
"AZOXYSTROBIN","ROKULA","15.000","2012-01-10T00:00:00",
"AZOXYSTROBIN","SPRING ONION","15.000","2012-01-10T00:00:00",
"BENALAXYL","GRAPES","0.300","2016-06-08T00:00:00",
"BENALAXYL","POTATO","0.020","1996-01-01T00:00:00",
"BENALAXYL","BRASSICA","0.500","1996-01-01T00:00:00",
"BENALAXYL","CABBAGE","0.500","2021-08-17T00:00:00",
"BENALAXYL","BROCCOLI","0.500","2021-08-17T00:00:00",
"BENALAXYL","CAULIFLOWER","0.500","2021-08-17T00:00:00",
"BENALAXYL","CUCUMBER","0.050","1996-01-01T00:00:00",
"BENALAXYL","TOMATO","0.300","2015-11-17T00:00:00",
"BENALAXYL","CARROT","0.050","1996-01-01T00:00:00",
"BENALAXYL","ONION","0.100","2013-09-23T00:00:00",
"BENFLURALIN","MELON","0.020","2013-01-09T00:00:00","יתבטל"
"BENFLURALIN","WATERMELON","0.020","2013-01-09T00:00:00","יתבטל"
"BENFLURALIN","CHICK PEA","0.020","2013-01-09T00:00:00","יתבטל"
"BENFLURALIN","LETTUCE","0.020","2013-01-09T00:00:00","יתבטל"
"BENFLURALIN","PEANUT","0.020","2013-01-09T00:00:00","יתבטל"
"BENTAZONE","CLOVER","0.200","2005-08-17T00:00:00",
"BENTAZONE","VETCH","0.200","2005-08-17T00:00:00",
"BENTAZONE","PEAS","0.200","1999-01-01T00:00:00",
"BENTAZONE","BEANS","0.200","1999-01-01T00:00:00",
"BENTAZONE","ONION","0.100","1999-01-01T00:00:00",
"BENTAZONE","PEANUT","0.050","1999-01-01T00:00:00",
"BENTAZONE","WHEAT","0.100","1999-01-01T00:00:00",
"BENTHIAVALICARB- ISOPROPYL","GRAPES","0.200","2017-12-28T00:00:00",
"BENTHIAVALICARB- ISOPROPYL","POTATO","0.020","2005-12-07T00:00:00",
"BENTHIAVALICARB- ISOPROPYL","CABBAGE",,"2023-07-12T00:00:00","0.070"
"BENTHIAVALICARB- ISOPROPYL","CAULIFLOWER",,"2023-06-04T00:00:00","0.020"
"BENTHIAVALICARB- ISOPROPYL","MELON","0.050","2014-02-16T00:00:00",
"BENTHIAVALICARB- ISOPROPYL","CUCUMBER","0.050","2005-12-07T00:00:00","0.150"
"BENTHIAVALICARB- ISOPROPYL","SQUASH",,"2020-09-15T00:00:00","0.050"
"BENTHIAVALICARB- ISOPROPYL","CHICK PEA",,"2024-09-09T00:00:00","0.050"
"BENTHIAVALICARB- ISOPROPYL","LETTUCE",,"2023-07-12T00:00:00","1.400"
"BENTHIAVALICARB- ISOPROPYL","TOMATO",,"2006-07-20T00:00:00","0.050"
"BENTHIAVALICARB- ISOPROPYL","ONION",,"2023-06-04T00:00:00","0.010"
"BIFENAZATE","THYME","1.000","2010-05-12T00:00:00",
"BIFENAZATE","STRAWBERRY","1.000","2007-05-06T00:00:00",
"BIFENAZATE","CELERIAC","1.000","2012-07-02T00:00:00",
"BIFENAZATE","MELON","0.020","2009-02-05T00:00:00",
"BIFENAZATE","CUCUMBER","0.050","2003-05-04T00:00:00",
"BIFENAZATE","WATERMELON","0.050","2003-05-04T00:00:00",
"BIFENAZATE","CORIANDER","1.000","2010-05-12T00:00:00",
"BIFENAZATE","PEPPER","0.050","2003-05-04T00:00:00",
"BIFENAZATE","EGG PLANT","0.050","2003-05-04T00:00:00",
"BIFENAZATE","TOMATO","0.050","2003-05-04T00:00:00",
"BIFENAZATE","SUNFLOWER","0.050","2005-08-17T00:00:00",
"BIFENAZATE","OREGANO",,"2019-02-19T00:00:00","1.000"
"BIFENAZATE","APPLE","0.050","2010-01-04T00:00:00",
"BIFENAZATE","PEAR","0.050","2010-01-04T00:00:00",
"BIFENAZATE","PLUM","0.050","2011-05-17T00:00:00",
"BIFENAZATE","NECTARINE","0.050","2011-06-05T00:00:00",
"BIFENAZATE","PEACH",,"2018-05-07T00:00:00","0.050"
"BIFENAZATE","BASIL","1.000","2010-05-12T00:00:00",
"BIFENAZATE","CHIVES","1.000","2010-05-12T00:00:00",
"BIFENAZATE","DILL","1.000","2010-05-12T00:00:00",
"BIFENAZATE","MINT","1.000","2010-05-12T00:00:00",
"BIFENAZATE","PARSLEY (roots and leaves)","1.000","2010-05-12T00:00:00",
"BIFENAZATE","ROSMARINE","1.000","2010-05-12T00:00:00",
"BIFENAZATE","SAGE","1.000","2010-05-12T00:00:00",
"BIFENAZATE","ESTRAGON","1.000","2010-05-12T00:00:00",
"BIFENAZATE","ROKET",,"2019-04-11T00:00:00","1.000"
"BIFENAZATE","ROKULA","1.000","2010-05-12T00:00:00",
"BIFENAZATE","HYSSOP",,"2019-02-19T00:00:00","1.000"
"BIFENAZATE","SPRING ONION","1.000","2012-07-02T00:00:00",
"BIFENTHRIN","VETCH","0.010","2006-01-01T00:00:00",
"BIFENTHRIN","THYME","1.000","2010-06-21T00:00:00",
"BIFENTHRIN","GRAPES","2.000","2005-12-07T00:00:00",
"BIFENTHRIN","CITRUS FRUIT","0.050","2005-08-17T00:00:00",
"BIFENTHRIN","POTATO","0.050","1996-01-01T00:00:00",
"BIFENTHRIN","SMALL RADISH","0.020","2006-01-01T00:00:00",
"BIFENTHRIN","CELERIAC","1.000","2012-07-02T00:00:00",
"BIFENTHRIN","BRASSICA","0.200","2005-08-17T00:00:00",
"BIFENTHRIN","CABBAGE","0.200","2013-01-09T00:00:00",
"BIFENTHRIN","BROCCOLI","0.200","2021-08-17T00:00:00",
"BIFENTHRIN","CAULIFLOWER","0.200","2021-08-17T00:00:00",
"BIFENTHRIN","MELON","0.050","2000-01-01T00:00:00",
"BIFENTHRIN","SQUASH","0.020","2013-05-13T00:00:00",
"BIFENTHRIN","WATERMELON","0.050","2015-11-12T00:00:00",
"BIFENTHRIN","CHICK PEA","0.010","2010-06-21T00:00:00",
"BIFENTHRIN","BEET, GREENS","1.000","2014-03-19T00:00:00",
"BIFENTHRIN","CORIANDER","1.000","2009-10-13T00:00:00",
"BIFENTHRIN","LETTUCE","0.100","2015-11-12T00:00:00",
"BIFENTHRIN","PEPPER","0.200","2005-08-17T00:00:00",
"BIFENTHRIN","EGG PLANT","0.200","1996-01-01T00:00:00",
"BIFENTHRIN","SWEET CORN","0.020","2008-12-03T00:00:00",
"BIFENTHRIN","TOMATO","0.200","1996-01-01T00:00:00",
"BIFENTHRIN","RED SWEET PEPPER","0.200","2005-08-17T00:00:00",
"BIFENTHRIN","PEAS","0.300","2017-12-28T00:00:00",
"BIFENTHRIN","BEANS","0.020","2014-08-06T00:00:00",
"BIFENTHRIN","RADISH","0.200","2013-01-09T00:00:00","0.020"
"BIFENTHRIN","SWEET POTATO","0.020","2006-04-04T00:00:00",
"BIFENTHRIN","CARROT","0.050","2013-05-13T00:00:00",
"BIFENTHRIN","COTTON","0.020","1996-01-01T00:00:00",
"BIFENTHRIN","PEANUT","0.050","2005-08-17T00:00:00",
"BIFENTHRIN","ALMOND","0.200","2005-08-17T00:00:00",
"BIFENTHRIN","PECAN","0.200","1999-01-01T00:00:00",
"BIFENTHRIN","BANANA","0.100","2015-11-12T00:00:00",
"BIFENTHRIN","PERSIMMON","0.200","2002-04-14T00:00:00",
"BIFENTHRIN","POMEGRANATE","0.100","2006-01-01T00:00:00",
"BIFENTHRIN","APPLE","0.020","2015-11-12T00:00:00",
"BIFENTHRIN","PEAR","0.500","2002-04-14T00:00:00",
"BIFENTHRIN","PLUM","0.600","2017-07-24T00:00:00",
"BIFENTHRIN","APRICOT","0.600","2013-01-09T00:00:00",
"BIFENTHRIN","NECTARINE","0.600","2009-10-13T00:00:00",
"BIFENTHRIN","PEACH","0.600","2009-10-13T00:00:00",
"BIFENTHRIN","OLIVES","0.500","2005-08-17T00:00:00",
"BIFENTHRIN","BARLEY","0.010","2013-01-09T00:00:00",
"BIFENTHRIN","WHEAT","0.050","2008-03-25T00:00:00",
"BIFENTHRIN","BASIL","1.000","2010-06-21T00:00:00",
"BIFENTHRIN","CHIVES","1.000","2009-10-13T00:00:00",
"BIFENTHRIN","DILL","1.000","2009-10-13T00:00:00",
"BIFENTHRIN","MINT","1.000","2010-06-21T00:00:00",
"BIFENTHRIN","PARSLEY (roots and leaves)","1.000","2009-10-13T00:00:00",
"BIFENTHRIN","ROSMARINE","1.000","2010-06-21T00:00:00",
"BIFENTHRIN","SAGE","1.000","2010-06-21T00:00:00",
"BIFENTHRIN","ESTRAGON","1.000","2010-06-21T00:00:00",
"BIFENTHRIN","ROKET",,"2019-04-11T00:00:00","1.000"
"BIFENTHRIN","ROKULA","1.000","2010-06-21T00:00:00",
"BIFENTHRIN","SPRING ONION","1.000","2012-07-02T00:00:00",
"BIFENTHRIN","TATSUI LEAVES","1.000","2014-03-19T00:00:00",
"BITERTANOL","APPLE","2.000","1998-11-01T00:00:00","יתבטל"
"BITERTANOL","PEAR","2.000","1998-11-01T00:00:00","יתבטל"
"BITERTANOL","PLUM","2.000","1996-01-01T00:00:00","יתבטל"
"BOSCALID","THYME","4.000","2013-06-11T00:00:00",
"BOSCALID","GRAPES","6.000","2013-03-13T00:00:00",
"BOSCALID","STRAWBERRY","2.000","2006-08-02T00:00:00",
"BOSCALID","CITRUS FRUIT","0.100","2007-05-06T00:00:00",
"BOSCALID","MELISA","4.000","2013-06-11T00:00:00",
"BOSCALID","POTATO","0.030","2003-11-05T00:00:00","0.050"
"BOSCALID","CELERIAC","2.000","2006-08-23T00:00:00",
"BOSCALID","CABBAGE",,"2021-08-23T00:00:00","0.200"
"BOSCALID","BROCCOLI",,"2021-08-23T00:00:00","0.500"
"BOSCALID","CAULIFLOWER",,"2021-08-30T00:00:00","0.200"
"BOSCALID","MELON","0.200","2013-03-13T00:00:00",
"BOSCALID","CUCUMBER","0.300","2011-01-11T00:00:00",
"BOSCALID","PUMPKINS","0.200","2010-06-21T00:00:00",
"BOSCALID","SQUASH","0.200","2005-09-19T00:00:00",
"BOSCALID","WATERMELON","0.050","2013-03-13T00:00:00",
"BOSCALID","CHICK PEA","0.500","2010-10-04T00:00:00",
"BOSCALID","CORIANDER","4.000","2009-06-02T00:00:00",
"BOSCALID","PEPPER","0.300","2009-04-05T00:00:00",
"BOSCALID","EGG PLANT","0.300","2015-11-12T00:00:00",
"BOSCALID","TOMATO","0.300","2015-11-12T00:00:00",
"BOSCALID","PEAS","0.020","2010-06-21T00:00:00",
"BOSCALID","SCARLET","0.200","2010-06-21T00:00:00",
"BOSCALID","SWEET POTATO","1.000","2008-06-10T00:00:00",
"BOSCALID","BEETROOT",,"2022-12-04T00:00:00","0.400"
"BOSCALID","CARROT","0.400","2009-04-05T00:00:00",
"BOSCALID","ONION","1.500","2009-04-05T00:00:00",
"BOSCALID","COTTON","0.200","2003-11-05T00:00:00",
"BOSCALID","PEANUT","0.050","2011-01-11T00:00:00",
"BOSCALID","ALMOND","5.000","2012-08-26T00:00:00",
"BOSCALID","GARLIC","1.500","2009-04-05T00:00:00",
"BOSCALID","MANGO","0.020","2008-12-03T00:00:00",
"BOSCALID","PERSIMMON","0.050","2010-06-21T00:00:00",
"BOSCALID","APPLE","1.000","2008-12-03T00:00:00",
"BOSCALID","PEAR","0.010","2017-08-30T00:00:00","1.000"
"BOSCALID","APRICOT","1.000","2015-11-12T00:00:00",
"BOSCALID","NECTARINE","1.000","2011-01-11T00:00:00",
"BOSCALID","PEACH","3.000","2015-11-12T00:00:00",
"BOSCALID","BASIL","4.000","2013-06-11T00:00:00",
"BOSCALID","CHIVES","4.000","2006-10-23T00:00:00",
"BOSCALID","DILL","4.000","2009-06-02T00:00:00",
"BOSCALID","MARJORAM","4.000","2013-06-11T00:00:00",
"BOSCALID","MINT","4.000","2013-06-11T00:00:00",
"BOSCALID","PARSLEY (roots and leaves)","4.000","2006-08-23T00:00:00",
"BOSCALID","ROSMARINE","4.000","2013-06-11T00:00:00",
"BOSCALID","SAGE","4.000","2013-06-11T00:00:00",
"BOSCALID","ESTRAGON","4.000","2013-06-11T00:00:00",
"BOSCALID","ROKET",,"2019-04-11T00:00:00","4.000"
"BOSCALID","ROKULA","4.000","2013-06-11T00:00:00",
"BOSCALID","SPRING ONION",,"2023-02-01T00:00:00","0.300"
"BROMACIL","CITRUS FRUIT","0.100","1999-01-01T00:00:00",
"BROMOPROPYLATE","GRAPES","2.000","2007-05-06T00:00:00","יתבטל"
"BROMOPROPYLATE","CITRUS FRUIT","2.000","1996-01-01T00:00:00","יתבטל"
"BROMOPROPYLATE","APPLE","2.000","2007-05-06T00:00:00","יתבטל"
"BROMOXYNIL","COTTON","0.100","1999-01-01T00:00:00",
"BROMOXYNIL","BARLEY","0.100","2013-01-10T00:00:00",
"BROMOXYNIL","WHEAT","0.100","2013-01-10T00:00:00",
"BROMUCONAZOLE","BROCCOLI","0.050","1996-01-01T00:00:00","יתבטל"
"BROMUCONAZOLE","CAULIFLOWER","0.050","1996-01-01T00:00:00",
"BROMUCONAZOLE","MELON","0.050","1996-01-01T00:00:00","יתבטל"
"BROMUCONAZOLE","CUCUMBER","0.050","1996-01-01T00:00:00","יתבטל"
"BROMUCONAZOLE","SQUASH","0.050","1996-01-01T00:00:00","יתבטל"
"BROMUCONAZOLE","WATERMELON","0.050","1999-01-01T00:00:00","יתבטל"
"BROMUCONAZOLE","PEPPER","0.050","1996-01-01T00:00:00","יתבטל"
"BROMUCONAZOLE","TOMATO","0.050","1996-01-01T00:00:00","יתבטל"
"BROMUCONAZOLE","RED SWEET PEPPER","0.050","1996-01-01T00:00:00","יתבטל"
"BROMUCONAZOLE","SCARLET","0.050","1996-01-01T00:00:00","יתבטל"
"BROMUCONAZOLE","CARROT","0.050","1996-01-01T00:00:00","יתבטל"
"BROMUCONAZOLE","APPLE","0.050","1996-01-01T00:00:00","יתבטל"
"BROMUCONAZOLE","PEACH","0.050","1996-01-01T00:00:00","יתבטל"
"BUPIRIMATE","GRAPES","0.200","2017-12-28T00:00:00",
"BUPIRIMATE","STRAWBERRY","0.200","2003-07-29T00:00:00",
"BUPIRIMATE","MELON","0.030","2003-07-29T00:00:00",
"BUPIRIMATE","CUCUMBER","0.030","2005-12-11T00:00:00",
"BUPIRIMATE","PUMPKINS","0.050","2007-08-30T00:00:00",
"BUPIRIMATE","SQUASH","0.050","2007-02-26T00:00:00",
"BUPIRIMATE","WATERMELON","0.010","2014-08-04T00:00:00",
"BUPIRIMATE","SCARLET","0.050","2013-01-10T00:00:00",
"BUPIRIMATE","CARROT","0.050","2014-02-16T00:00:00",
"BUPIRIMATE","MANGO","0.020","2015-11-12T00:00:00",
"BUPIRIMATE","APPLE","0.030","2004-10-14T00:00:00",
"BUPIRIMATE","NECTARINE","0.200","2004-09-25T00:00:00",
"BUPIRIMATE","PEACH","0.200","2004-09-25T00:00:00",
"BUPROFEZIN","THYME","4.000","2014-02-16T00:00:00",
"BUPROFEZIN","GRAPES","2.000","2012-02-13T00:00:00",
"BUPROFEZIN","CITRUS FRUIT","0.300","2014-03-19T00:00:00",
"BUPROFEZIN","MELON","1.000","1998-11-01T00:00:00",
"BUPROFEZIN","CUCUMBER","1.000","1998-11-01T00:00:00",
"BUPROFEZIN","WATERMELON",,"2022-12-26T00:00:00","0.040"
"BUPROFEZIN","PEPPER","0.300","1996-01-01T00:00:00",
"BUPROFEZIN","EGG PLANT","0.200","1996-01-01T00:00:00",
"BUPROFEZIN","TOMATO","0.300","2014-08-04T00:00:00",
"BUPROFEZIN","COTTON","0.100","1996-01-01T00:00:00",
"BUPROFEZIN","ALMOND","0.020","2012-01-10T00:00:00",
"BUPROFEZIN","OREGANO","4.000","2010-06-21T00:00:00",
"BUPROFEZIN","MANGO",,"2022-12-26T00:00:00","0.020"
"BUPROFEZIN","PERSIMMON","0.100","1996-01-01T00:00:00",
"BUPROFEZIN","POMEGRANATE","0.400","2014-08-06T00:00:00",
"BUPROFEZIN","APPLE","0.100","1996-01-01T00:00:00",
"BUPROFEZIN","PLUM","0.400","2012-02-13T00:00:00",
"BUPROFEZIN","NECTARINE","0.400","2012-02-13T00:00:00",
"BUPROFEZIN","PEACH","0.400","2011-11-14T00:00:00",
"BUPROFEZIN","GUAVA",,"2018-09-04T00:00:00","0.150"
"BUPROFEZIN","BASIL","4.000","2010-06-21T00:00:00",
"BUPROFEZIN","MARJORAM","4.000","2010-06-21T00:00:00",
"BUPROFEZIN","MINT","4.000","2010-06-21T00:00:00",
"BUPROFEZIN","ROSMARINE","4.000","2010-06-21T00:00:00",
"BUPROFEZIN","SAGE","4.000","2010-06-21T00:00:00",
"BUPROFEZIN","ESTRAGON","4.000","2010-06-21T00:00:00",
"CAPTAN","GRAPES","5.000","1996-01-01T00:00:00",
"CAPTAN","STRAWBERRY","15.000","2005-08-18T00:00:00",
"CAPTAN","CITRUS FRUIT","15.000","1996-01-01T00:00:00",
"CAPTAN","PEANUT","0.050","2005-08-18T00:00:00",
"CAPTAN","ALMOND","5.000","1996-01-01T00:00:00",
"CAPTAN","KIWI","15.000","2007-01-01T00:00:00",
"CAPTAN","PERSIMMON","10.000","1996-01-01T00:00:00",
"CAPTAN","APPLE","10.000","1998-11-01T00:00:00",
"CAPTAN","LOQUAT","5.000","1998-11-01T00:00:00",
"CAPTAN","PEAR","10.000","1998-11-01T00:00:00",
"CAPTAN","QUINCE","10.000","1998-11-01T00:00:00",
"CAPTAN","PLUM","5.000","1998-11-01T00:00:00",
"CAPTAN","APRICOT","15.000","1996-01-01T00:00:00",
"CAPTAN","CHERRY",,"2023-03-15T00:00:00","1.000"
"CAPTAN","NECTARINE","15.000","2004-07-13T00:00:00",
"CAPTAN","PEACH","15.000","1996-01-01T00:00:00",
"CARBARYL","EGGS","0.050","2013-01-10T00:00:00",
"CARBARYL","POULTRY MEAT","0.050","2013-01-10T00:00:00",
"CARBARYL","POULTRY OFFAL","0.050","2013-01-23T00:00:00",
"CARBENDAZIM","STRAWBERRY","5.000","1996-01-01T00:00:00","יתבטל"
"CARBENDAZIM","CELERIAC","2.000","1996-01-01T00:00:00","יתבטל"
"CARBENDAZIM","MELON","2.000","1996-01-01T00:00:00","יתבטל"
"CARBENDAZIM","CUCUMBER","0.100","2005-08-18T00:00:00",
"CARBENDAZIM","PUMPKINS","0.200","2015-11-16T00:00:00","יתבטל"
"CARBENDAZIM","SQUASH","0.100","2005-08-18T00:00:00",
"CARBENDAZIM","LETTUCE","5.000","1996-01-01T00:00:00",
"CARBENDAZIM","PEPPER","0.100","2005-08-18T00:00:00","יתבטל"
"CARBENDAZIM","EGG PLANT","0.100","2005-08-18T00:00:00","יתבטל"
"CARBENDAZIM","TOMATO","0.100","1996-01-01T00:00:00",
"CARBENDAZIM","SCARLET","0.200","2015-11-16T00:00:00","יתבטל"
"CARBENDAZIM","CARROT","0.200","2005-08-18T00:00:00",
"CARBENDAZIM","PEANUT","0.100","2013-01-10T00:00:00",
"CARBENDAZIM","ALMOND","0.100","1996-01-01T00:00:00",
"CARBENDAZIM","APPLE","3.000","2005-08-18T00:00:00",
"CARBENDAZIM","PEAR","3.000","2005-08-18T00:00:00",
"CARBENDAZIM","PLUM","0.200","2009-10-13T00:00:00",
"CARBENDAZIM","APRICOT","0.100","2009-10-13T00:00:00",
"CARBOXIN","CHICK PEA","0.010","2013-01-10T00:00:00",
"CARBOXIN","MEAT","0.010","2013-01-10T00:00:00",
"CARBOXIN","COTTON","0.010","2013-01-10T00:00:00",
"CARBOXIN","BARLEY","0.010","2013-01-10T00:00:00",
"CARBOXIN","CORN","0.010","2013-01-10T00:00:00",
"CARBOXIN","WHEAT","0.010","2013-01-10T00:00:00",
"CARFENTRAZONE ETHYL","VETCH","0.020","2013-01-10T00:00:00",
"CARFENTRAZONE ETHYL","GRAPES","0.020","2009-02-05T00:00:00",
"CARFENTRAZONE ETHYL","CITRUS FRUIT","0.020","2009-02-05T00:00:00",
"CARFENTRAZONE ETHYL","POTATO","0.020","2009-02-05T00:00:00",
"CARFENTRAZONE ETHYL","WATERMELON","0.020","2009-02-05T00:00:00",
"CARFENTRAZONE ETHYL","CHICK PEA","0.010","2009-10-13T00:00:00",
"CARFENTRAZONE ETHYL","RED SWEET PEPPER","0.200","2008-07-30T00:00:00",
"CARFENTRAZONE ETHYL","ONION","0.020","2009-02-05T00:00:00",
"CARFENTRAZONE ETHYL","COTTON","0.020","2009-02-05T00:00:00",
"CARFENTRAZONE ETHYL","PEANUT","0.020","2009-02-05T00:00:00",
"CARFENTRAZONE ETHYL","SUNFLOWER","0.020","2009-02-05T00:00:00",
"CARFENTRAZONE ETHYL","ALMOND","0.020","2009-02-05T00:00:00",
"CARFENTRAZONE ETHYL","AVOCADO","0.080","2009-02-05T00:00:00",
"CARFENTRAZONE ETHYL","MANGO","0.020","2009-02-05T00:00:00",
"CARFENTRAZONE ETHYL","PERSIMMON","0.020","2009-02-05T00:00:00",
"CARFENTRAZONE ETHYL","POMEGRANATE","0.020","2009-10-13T00:00:00",
"CARFENTRAZONE ETHYL","APPLE","0.020","2009-02-05T00:00:00",
"CARFENTRAZONE ETHYL","PEAR","0.020","2009-02-05T00:00:00",
"CARFENTRAZONE ETHYL","PLUM","0.020","2009-02-05T00:00:00",
"CARFENTRAZONE ETHYL","NECTARINE","0.020","2009-02-05T00:00:00",
"CARFENTRAZONE ETHYL","PEACH","0.020","2009-02-05T00:00:00",
"CARFENTRAZONE ETHYL","DATE","0.020","2009-02-05T00:00:00",
"CARFENTRAZONE ETHYL","OLIVES","0.020","2009-02-05T00:00:00",
"CARFENTRAZONE ETHYL","CORN","0.020","2009-02-05T00:00:00",
"CARFENTRAZONE ETHYL","OAT","0.020","2009-02-05T00:00:00",
"CARFENTRAZONE ETHYL","SORGHUM","0.020","2013-01-10T00:00:00",
"CARFENTRAZONE ETHYL","WHEAT","0.020","2009-02-05T00:00:00",
"CHLORANTRANILIPROLE","THYME",,"2021-02-25T00:00:00","8.000"
"CHLORANTRANILIPROLE","GRAPES","0.400","2011-07-24T00:00:00","1.000"
"CHLORANTRANILIPROLE","STRAWBERRY","0.500","2012-07-26T00:00:00",
"CHLORANTRANILIPROLE","CITRUS FRUIT",,"2019-06-10T00:00:00","0.100"
"CHLORANTRANILIPROLE","POTATO","0.010","2013-03-13T00:00:00","0.030"
"CHLORANTRANILIPROLE","SMALL RADISH","0.050","2015-11-15T00:00:00",
"CHLORANTRANILIPROLE","CELERIAC",,"2021-01-12T00:00:00","1.000"
"CHLORANTRANILIPROLE","CABBAGE","0.200","2011-07-24T00:00:00","2.000"
"CHLORANTRANILIPROLE","BROCCOLI","0.200","2011-07-24T00:00:00","1.500"
"CHLORANTRANILIPROLE","CAULIFLOWER","0.200","2011-07-24T00:00:00","0.500"
"CHLORANTRANILIPROLE","MELON","0.020","2014-03-02T00:00:00",
"CHLORANTRANILIPROLE","CUCUMBER","0.020","2014-02-16T00:00:00",
"CHLORANTRANILIPROLE","SQUASH","0.020","2014-03-02T00:00:00",
"CHLORANTRANILIPROLE","CHICK PEA","0.050","2015-11-15T00:00:00","0.200"
"CHLORANTRANILIPROLE","CORIANDER",,"2021-02-25T00:00:00","8.000"
"CHLORANTRANILIPROLE","LETTUCE","0.200","2011-07-24T00:00:00","20.000"
"CHLORANTRANILIPROLE","PEPPER","0.200","2020-01-22T00:00:00","1.000"
"CHLORANTRANILIPROLE","EGG PLANT",,"2018-09-04T00:00:00","0.010"
"CHLORANTRANILIPROLE","TOMATO","0.050","2011-05-17T00:00:00","0.600"
"CHLORANTRANILIPROLE","RED SWEET PEPPER","0.010","2015-11-17T00:00:00",
"CHLORANTRANILIPROLE","PEAS","0.050","2013-03-13T00:00:00",
"CHLORANTRANILIPROLE","BEANS","0.050","2013-03-13T00:00:00",
"CHLORANTRANILIPROLE","SWEET POTATO","0.050","2012-05-06T00:00:00",
"CHLORANTRANILIPROLE","BEETROOT",,"2023-09-27T00:00:00","0.050"
"CHLORANTRANILIPROLE","CARROT","0.050","2012-05-03T00:00:00",
"CHLORANTRANILIPROLE","ONION","0.050","2012-11-18T00:00:00",
"CHLORANTRANILIPROLE","COTTON","0.050","2012-11-18T00:00:00","0.300"
"CHLORANTRANILIPROLE","PEANUT","0.050","2012-02-15T00:00:00",
"CHLORANTRANILIPROLE","SUNFLOWER","0.010","2015-11-17T00:00:00",
"CHLORANTRANILIPROLE","ALMOND","0.050","2012-11-18T00:00:00",
"CHLORANTRANILIPROLE","OREGANO",,"2021-02-25T00:00:00","8.000"
"CHLORANTRANILIPROLE","POMEGRANATE","0.200","2013-03-13T00:00:00","0.400"
"CHLORANTRANILIPROLE","APPLE","0.200","2011-07-24T00:00:00","0.400"
"CHLORANTRANILIPROLE","PEAR","0.200","2011-07-24T00:00:00",
"CHLORANTRANILIPROLE","PLUM","0.300","2014-03-06T00:00:00","1.000"
"CHLORANTRANILIPROLE","APRICOT","0.300","2014-03-06T00:00:00","1.000"
"CHLORANTRANILIPROLE","CHERRY",,"2024-09-09T00:00:00","0.300"
"CHLORANTRANILIPROLE","NECTARINE","0.300","2014-03-06T00:00:00","1.000"
"CHLORANTRANILIPROLE","PEACH","0.300","2014-03-06T00:00:00","1.000"
"CHLORANTRANILIPROLE","DATE","0.150","2016-08-07T00:00:00",
"CHLORANTRANILIPROLE","OLIVES","0.100","2012-01-10T00:00:00",
"CHLORANTRANILIPROLE","CORN","0.010","2010-06-21T00:00:00",
"CHLORANTRANILIPROLE","BASIL",,"2021-02-25T00:00:00","8.000"
"CHLORANTRANILIPROLE","CHIVES",,"2021-01-12T00:00:00","3.000"
"CHLORANTRANILIPROLE","DILL",,"2021-02-25T00:00:00","8.000"
"CHLORANTRANILIPROLE","MINT",,"2021-01-12T00:00:00","8.000"
"CHLORANTRANILIPROLE","PARSLEY (roots and leaves)",,"2021-01-12T00:00:00","8.000"
"CHLORANTRANILIPROLE","ROSMARINE",,"2021-02-25T00:00:00","8.000"
"CHLORANTRANILIPROLE","SAGE",,"2021-02-25T00:00:00","8.000"
"CHLORANTRANILIPROLE","ESTRAGON",,"2021-02-25T00:00:00","8.000"
"CHLORANTRANILIPROLE","ROKET",,"2021-01-12T00:00:00","6.000"
"CHLORANTRANILIPROLE","ROKULA",,"2021-01-12T00:00:00","6.000"
"CHLORDANE","VEGETABLES","0.020","1996-01-01T00:00:00",
"CHLORDANE","FRUITS","0.020","2005-08-21T00:00:00",
"CHLORDANE","MILK","0.002","1999-01-01T00:00:00",
"CHLORDANE","MEAT","0.050","2013-01-23T00:00:00",
"CHLORDANE","EGGS","0.020","1999-01-01T00:00:00",
"CHLORDANE","POULTRY MEAT","0.500","1999-01-01T00:00:00",
"CHLORFENAPYR","CUCUMBER","0.050","1997-12-18T00:00:00",
"CHLORFENAPYR","PEPPER","0.100","1997-12-18T00:00:00",
"CHLORFENAPYR","TOMATO","0.500","2012-01-29T00:00:00",
"CHLORFLUAZURON","ALFALFA","0.500","1996-01-01T00:00:00",
"CHLORFLUAZURON","THYME","2.000","2005-08-21T00:00:00",
"CHLORFLUAZURON","STRAWBERRY","0.100","1996-01-01T00:00:00",
"CHLORFLUAZURON","POTATO","0.500","1996-01-01T00:00:00",
"CHLORFLUAZURON","ARTICHOKE","0.200","1996-01-01T00:00:00",
"CHLORFLUAZURON","CABBAGE","0.200","1996-01-01T00:00:00",
"CHLORFLUAZURON","BROCCOLI","0.200","1996-01-01T00:00:00",
"CHLORFLUAZURON","CAULIFLOWER","0.200","1996-01-01T00:00:00",
"CHLORFLUAZURON","CUCUMBER","0.200","1996-01-01T00:00:00",
"CHLORFLUAZURON","SQUASH","0.200","1996-01-01T00:00:00",
"CHLORFLUAZURON","WATERMELON","0.200","2013-01-10T00:00:00",
"CHLORFLUAZURON","CORIANDER","2.000","2005-08-21T00:00:00",
"CHLORFLUAZURON","CHINESE CABBAGE","0.200","1996-01-01T00:00:00",
"CHLORFLUAZURON","LETTUCE","0.200","2008-01-02T00:00:00",
"CHLORFLUAZURON","PEPPER","0.200","1996-01-01T00:00:00",
"CHLORFLUAZURON","EGG PLANT","0.200","1996-01-01T00:00:00",
"CHLORFLUAZURON","TOMATO","0.200","1996-01-01T00:00:00",
"CHLORFLUAZURON","RED SWEET PEPPER","0.200","2013-01-10T00:00:00",
"CHLORFLUAZURON","BEANS","0.200","1996-01-01T00:00:00",
"CHLORFLUAZURON","SWEET POTATO","0.500","2013-01-10T00:00:00",
"CHLORFLUAZURON","CARROT","0.200","1996-01-01T00:00:00",
"CHLORFLUAZURON","COTTON","0.500","1996-01-01T00:00:00",
"CHLORFLUAZURON","PEANUT","0.200","2013-01-10T00:00:00",
"CHLORFLUAZURON","CORN","0.010","2005-12-11T00:00:00",
"CHLORFLUAZURON","CHIVES","2.000","2005-08-21T00:00:00",
"CHLORFLUAZURON","MARJORAM","2.000","2005-08-21T00:00:00",
"CHLORFLUAZURON","PARSLEY (roots and leaves)","2.000","2007-05-17T00:00:00",
"CHLORFLUAZURON","SAGE","2.000","2005-08-21T00:00:00",
"CHLORFLUAZURON","ESTRAGON","2.000","2005-08-21T00:00:00",
"CHLORIDAZON","FODDER BEET","0.010","1999-01-01T00:00:00",
"CHLORIDAZON","SUGAR BEET","0.010","1999-01-01T00:00:00",
"CHLORMEQUAT CHLORIDE","WHEAT STRAW","50.000","2000-04-29T00:00:00",
"CHLORMEQUAT CHLORIDE","CITRUS FRUIT","3.000","2000-04-29T00:00:00",
"CHLORMEQUAT CHLORIDE","MILK","0.500","2005-08-22T00:00:00",
"CHLORMEQUAT CHLORIDE","MEAT","0.200","2005-08-22T00:00:00",
"CHLORMEQUAT CHLORIDE","EDIBLE OFFAL","0.500","2005-08-22T00:00:00",
"CHLORMEQUAT CHLORIDE","EGGS","0.100","2005-08-22T00:00:00",
"CHLORMEQUAT CHLORIDE","POULTRY MEAT","0.040","2005-08-22T00:00:00",
"CHLORMEQUAT CHLORIDE","PEAR","3.000","2000-04-29T00:00:00",
"CHLORMEQUAT CHLORIDE","POULTRY OFFAL","0.100","2005-08-22T00:00:00",
"CHLOROTHALONIL","THYME","1.000","2011-03-01T00:00:00",
"CHLOROTHALONIL","STRAWBERRY","5.000","1996-01-01T00:00:00",
"CHLOROTHALONIL","POTATO","0.200","1996-01-01T00:00:00",
"CHLOROTHALONIL","CELERIAC","3.000","2005-08-22T00:00:00",
"CHLOROTHALONIL","BROCCOLI",,"2021-08-23T00:00:00","0.080"
"CHLOROTHALONIL","MELON","2.000","2013-01-10T00:00:00",
"CHLOROTHALONIL","CUCUMBER","5.000","1996-01-01T00:00:00",
"CHLOROTHALONIL","WATERMELON","2.000","2013-01-10T00:00:00",
"CHLOROTHALONIL","CHICK PEA","1.000","1996-01-01T00:00:00",
"CHLOROTHALONIL","CORIANDER","0.050","2005-08-22T00:00:00",
"CHLOROTHALONIL","TOMATO","5.000","1996-01-01T00:00:00",
"CHLOROTHALONIL","PEAS","1.000","2006-11-23T00:00:00",
"CHLOROTHALONIL","CARROT","1.000","1996-01-01T00:00:00",
"CHLOROTHALONIL","ONION","0.500","1996-01-01T00:00:00",
"CHLOROTHALONIL","PEANUT","0.050","1996-01-01T00:00:00",
"CHLOROTHALONIL","ALMOND","1.000","2005-08-22T00:00:00",
"CHLOROTHALONIL","GARLIC","0.020","2009-06-23T00:00:00",
"CHLOROTHALONIL","PERSIMMON","0.020","2009-06-02T00:00:00",
"CHLOROTHALONIL","APPLE","0.050","2015-11-17T00:00:00",
"CHLOROTHALONIL","APRICOT","0.200","2013-01-10T00:00:00",
"CHLOROTHALONIL","NECTARINE","0.200","2013-01-10T00:00:00",
"CHLOROTHALONIL","PEACH","0.200","2013-01-10T00:00:00",
"CHLOROTHALONIL","OLIVES","0.100","2010-11-25T00:00:00",
"CHLOROTHALONIL","WHEAT","0.100","1996-01-01T00:00:00",
"CHLOROTHALONIL","BASIL","1.000","2011-03-01T00:00:00",
"CHLOROTHALONIL","CHIVES","0.500","2005-08-22T00:00:00",
"CHLOROTHALONIL","DILL","0.050","2005-08-22T00:00:00",
"CHLOROTHALONIL","MINT","1.000","2005-08-22T00:00:00",
"CHLOROTHALONIL","PARSLEY (roots and leaves)","1.000","2011-03-01T00:00:00",
"CHLOROTHALONIL","ROSMARINE","1.000","2011-03-01T00:00:00",
"CHLOROTHALONIL","SAGE","1.000","2011-03-01T00:00:00",
"CHLOROTHALONIL","ESTRAGON","1.000","2011-03-01T00:00:00",
"CHLOROTHALONIL","ROKET",,"2019-04-11T00:00:00","1.000"
"CHLOROTHALONIL","ROKULA","1.000","2011-03-01T00:00:00",
"CHLORPROPHAM","POTATO","5.000","1996-01-01T00:00:00",
"CHLORPYRIFOS","GRAPES","0.100","2015-11-17T00:00:00","יתבטל"
"CHLORPYRIFOS","CITRUS FRUIT","0.300","1996-01-01T00:00:00","יתבטל"
"CHLORPYRIFOS","SUGAR BEET","0.050","1996-01-01T00:00:00","יתבטל"
"CHLORPYRIFOS","CABBAGE","0.050","1996-01-01T00:00:00","יתבטל"
"CHLORPYRIFOS","CHINESE CABBAGE","0.100","1998-11-01T00:00:00","יתבטל"
"CHLORPYRIFOS","LETTUCE","0.100","2013-01-14T00:00:00","יתבטל"
"CHLORPYRIFOS","PEANUT","0.020","2013-01-14T00:00:00","יתבטל"
"CHLORPYRIFOS","ALMOND","0.500","1999-01-01T00:00:00","יתבטל"
"CHLORPYRIFOS","AVOCADO","0.500","2003-02-25T00:00:00","יתבטל"
"CHLORPYRIFOS","BANANA","0.050","2000-01-01T00:00:00","יתבטל"
"CHLORPYRIFOS","MANGO","0.500","2013-01-14T00:00:00","יתבטל"
"CHLORPYRIFOS","PERSIMMON","0.500","2004-06-08T00:00:00","יתבטל"
"CHLORPYRIFOS","POMEGRANATE","0.100","2005-12-11T00:00:00","יתבטל"
"CHLORPYRIFOS","APPLE","0.100","2015-11-17T00:00:00","יתבטל"
"CHLORPYRIFOS","PEAR","0.500","1996-01-01T00:00:00","יתבטל"
"CHLORPYRIFOS","PLUM","0.500","1999-01-01T00:00:00","יתבטל"
"CHLORPYRIFOS","APRICOT","0.500","1999-01-01T00:00:00","יתבטל"
"CHLORPYRIFOS","NECTARINE","0.500","1999-01-01T00:00:00","יתבטל"
"CHLORPYRIFOS","PEACH","0.500","2004-07-13T00:00:00","יתבטל"
"CHLORPYRIFOS","DATE","0.100","2005-08-22T00:00:00","יתבטל"
"CHLORPYRIFOS","OLIVES","0.500","2013-01-14T00:00:00","יתבטל"
"CHLORPYRIFOS","QUINCE","1.000","2008-09-18T00:00:00","יתבטל"
"CHLORSULFURON","WHEAT","0.010","2014-01-01T00:00:00",
"CHLORTHAL DIMETHYL","SMALL RADISH","1.000","2015-11-17T00:00:00",
"CHLORTHAL DIMETHYL","CABBAGE","0.100","1999-01-01T00:00:00",
"CHLORTHAL DIMETHYL","CAULIFLOWER","0.100","1999-01-01T00:00:00",
"CHLORTHAL DIMETHYL","KOHLRABI","0.100","2013-01-14T00:00:00",
"CHLORTHAL DIMETHYL","CHINESE CABBAGE","0.100","2005-08-22T00:00:00",
"CHLORTHAL DIMETHYL","LETTUCE","0.500","2017-12-28T00:00:00",
"CHLORTHAL DIMETHYL","RADISH","1.000","2015-11-17T00:00:00",
"CHLORTHAL DIMETHYL","TURNIP","0.100","1999-01-01T00:00:00",
"CHLORTHAL DIMETHYL","CARROT","0.100","1999-01-01T00:00:00",
"CHLORTHAL DIMETHYL","ONION","0.100","1999-01-01T00:00:00",
"CINIDON ETHYL","OAT","0.050","2013-01-14T00:00:00","יתבטל"
"CINIDON ETHYL","WHEAT","0.050","2013-01-14T00:00:00","יתבטל"
"CLETHODIM","ALFALFA","0.500","1999-01-01T00:00:00",
"CLETHODIM","VETCH","0.500","1999-01-01T00:00:00",
"CLETHODIM","FODDER BEET","0.500","1999-01-01T00:00:00",
"CLETHODIM","GRAPES","0.500","1999-01-01T00:00:00",
"CLETHODIM","CITRUS FRUIT","0.500","2013-01-14T00:00:00",
"CLETHODIM","POTATO","0.500","1999-01-01T00:00:00",
"CLETHODIM","CELERIAC","0.500","1999-01-01T00:00:00",
"CLETHODIM","BRASSICA","0.500","2013-01-14T00:00:00",
"CLETHODIM","CABBAGE","0.500","2021-08-17T00:00:00",
"CLETHODIM","BROCCOLI","0.500","2021-08-17T00:00:00",
"CLETHODIM","MELON","0.500","2005-08-22T00:00:00",
"CLETHODIM","CHICK PEA","0.500","1999-01-01T00:00:00",
"CLETHODIM","LETTUCE","0.500","1999-01-01T00:00:00",
"CLETHODIM","PEPPER","0.500","2013-01-14T00:00:00",
"CLETHODIM","EGG PLANT","0.500","2005-08-22T00:00:00",
"CLETHODIM","TOMATO","0.500","1999-01-01T00:00:00",
"CLETHODIM","RED SWEET PEPPER","0.500","2013-01-14T00:00:00",
"CLETHODIM","PEAS","0.500","1999-01-01T00:00:00",
"CLETHODIM","BEANS","0.500","2013-01-14T00:00:00",
"CLETHODIM","BEETROOT","0.500","1999-01-01T00:00:00",
"CLETHODIM","CARROT","0.500","1999-01-01T00:00:00",
"CLETHODIM","ONION","0.500","1999-01-01T00:00:00",
"CLETHODIM","MILK","0.050","1999-01-01T00:00:00",
"CLETHODIM","MEAT","0.100","2013-01-23T00:00:00",
"CLETHODIM","EDIBLE OFFAL","0.100","2013-01-23T00:00:00",
"CLETHODIM","EGGS","0.050","1999-01-01T00:00:00",
"CLETHODIM","POULTRY MEAT","0.100","2013-01-23T00:00:00",
"CLETHODIM","COTTON","0.500","1999-01-01T00:00:00",
"CLETHODIM","PEANUT","0.500","1999-01-01T00:00:00",
"CLETHODIM","SAFFLOWER","0.500","1999-01-01T00:00:00",
"CLETHODIM","SUNFLOWER","0.500","1999-01-01T00:00:00",
"CLETHODIM","APPLE","0.500","2013-01-14T00:00:00",
"CLETHODIM","OLIVES","0.500","2005-08-22T00:00:00",
"CLETHODIM","DILL","0.500","2013-01-14T00:00:00",
"CLETHODIM","PARSLEY (roots and leaves)","0.500","2013-01-14T00:00:00",
"CLETHODIM","POULTRY OFFAL","0.100","2013-01-23T00:00:00",
"CLODINAFOP PROPARGYL","WHEAT","0.010","1999-01-01T00:00:00",
"CLOFENTEZINE","STRAWBERRY","2.000","1996-01-01T00:00:00",
"CLOFENTEZINE","CITRUS FRUIT","0.500","1996-01-01T00:00:00",
"CLOFENTEZINE","MELON","1.000","1996-01-01T00:00:00",
"CLOFENTEZINE","CUCUMBER","1.000","1996-01-01T00:00:00",
"CLOFENTEZINE","WATERMELON","1.000","1996-01-01T00:00:00",
"CLOFENTEZINE","PEPPER","0.100","2015-11-12T00:00:00",
"CLOFENTEZINE","EGG PLANT","1.000","1996-01-01T00:00:00",
"CLOFENTEZINE","TOMATO","1.000","1996-01-01T00:00:00",
"CLOFENTEZINE","APPLE","0.500","1996-01-01T00:00:00",
"CLOMAZONE","POTATO","0.050","2016-06-02T00:00:00",
"CLOMAZONE","PEPPER","0.050","2005-08-24T00:00:00",
"CLOMAZONE","RED SWEET PEPPER","0.050","2005-08-24T00:00:00",
"CLOMAZONE","SWEET POTATO","0.050","2013-01-14T00:00:00",
"CLOPYRALID","SMALL RADISH","0.100","1999-01-01T00:00:00",
"CLOPYRALID","CABBAGE","0.100","1999-01-01T00:00:00",
"CLOPYRALID","BROCCOLI","0.100","1999-01-01T00:00:00",
"CLOPYRALID","CAULIFLOWER","0.100","1999-01-01T00:00:00",
"CLOPYRALID","KOHLRABI","0.100","1999-01-01T00:00:00",
"CLOPYRALID","CHINESE CABBAGE","0.100","1999-01-01T00:00:00",
"CLOPYRALID","RADISH","0.100","1999-01-01T00:00:00",
"CLOPYRALID","TURNIP","0.100","1999-01-01T00:00:00",
"CLOPYRALID","ONION","0.100","1999-01-01T00:00:00",
"CLOPYRALID","WHEAT","0.100","1999-01-01T00:00:00",
"CLOQUINTOCET MEXYL","BARLEY","0.010","2015-11-12T00:00:00",
"CLOQUINTOCET MEXYL","OAT","0.010","2015-11-12T00:00:00",
"CLOQUINTOCET MEXYL","WHEAT","0.010","1999-01-01T00:00:00",
"CLOTHIANIDIN","GRAPES","1.000","2012-04-17T00:00:00",
"CLOTHIANIDIN","CARROT","0.300","2012-07-26T00:00:00",
"CLOTHIANIDIN","PEANUT","0.020","2012-02-15T00:00:00",
"CLOTHIANIDIN","ALMOND","0.020","2015-11-16T00:00:00",
"CLOTHIANIDIN","APPLE","0.500","2011-05-17T00:00:00",
"CLOTHIANIDIN","PEAR","0.500","2012-05-16T00:00:00",
"CLOTHIANIDIN","APRICOT","0.500","2012-02-15T00:00:00",
"CLOTHIANIDIN","NECTARINE","0.500","2012-02-15T00:00:00",
"CLOTHIANIDIN","PEACH","0.500","2012-02-15T00:00:00",
"CYANTRANILIPROLE","CITRUS FRUIT",,"2019-07-30T00:00:00","0.900"
"CYANTRANILIPROLE","CABBAGE","0.010","2016-05-16T00:00:00",
"CYANTRANILIPROLE","BROCCOLI","0.010","2016-05-16T00:00:00",
"CYANTRANILIPROLE","CAULIFLOWER","0.010","2016-05-16T00:00:00",
"CYANTRANILIPROLE","KOHLRABI","0.010","2016-05-16T00:00:00",
"CYANTRANILIPROLE","MELON",,"2017-01-30T00:00:00","0.050"
"CYANTRANILIPROLE","CUCUMBER","0.050","2015-11-15T00:00:00",
"CYANTRANILIPROLE","SQUASH","0.050","2015-11-15T00:00:00",
"CYANTRANILIPROLE","WATERMELON",,"2017-07-24T00:00:00","0.020"
"CYANTRANILIPROLE","LETTUCE",,"2018-12-18T00:00:00","0.300"
"CYANTRANILIPROLE","PEPPER","0.200","2015-11-15T00:00:00",
"CYANTRANILIPROLE","EGG PLANT","0.200","2015-11-15T00:00:00",
"CYANTRANILIPROLE","TOMATO","0.200","2015-11-15T00:00:00",
"CYANTRANILIPROLE","BEANS",,"2019-06-19T00:00:00","0.050"
"CYANTRANILIPROLE","ONION","0.060","2016-05-23T00:00:00",
"CYANTRANILIPROLE","POMEGRANATE",,"2022-01-13T00:00:00","0.100"
"CYANTRANILIPROLE","APPLE",,"2025-01-19T00:00:00","0.300"
"CYANTRANILIPROLE","PLUM",,"2025-01-19T00:00:00","0.300"
"CYANTRANILIPROLE","APRICOT",,"2025-01-19T00:00:00","0.300"
"CYANTRANILIPROLE","CHERRY",,"2025-07-15T00:00:00","0.900"
"CYANTRANILIPROLE","NECTARINE",,"2025-01-19T00:00:00","0.300"
"CYANTRANILIPROLE","PEACH",,"2025-01-19T00:00:00","0.300"
"CYANTRANILIPROLE","OLIVES",,"2018-10-21T00:00:00","0.700"
"CYANTRANILIPROLE","CORN",,"2023-02-01T00:00:00","0.020"
"CYANTRANILIPROLE","BASIL",,"2025-01-19T00:00:00","7.000"
"CYANTRANILIPROLE","MINT",,"2025-01-19T00:00:00","12.000"
"CYANTRANILIPROLE","PARSLEY (roots and leaves)",,"2024-01-14T00:00:00","15.000"
"CYANTRANILIPROLE","ROKET",,"2025-07-24T00:00:00","15.000"
"CYANTRANILIPROLE","ROKULA",,"2025-07-24T00:00:00","15.000"
"CYAZOFAMID","POTATO",,"2024-01-29T00:00:00","0.010"
"CYAZOFAMID","TOMATO",,"2025-07-24T00:00:00","0.600"
"CYCLOXYDIM","ALFALFA","0.200","1999-01-01T00:00:00",
"CYCLOXYDIM","CLOVER","0.200","1999-01-01T00:00:00",
"CYCLOXYDIM","VETCH","0.200","1999-01-01T00:00:00",
"CYCLOXYDIM","FODDER BEET","0.200","2005-08-24T00:00:00",
"CYCLOXYDIM","GRAPES","0.200","1999-01-01T00:00:00",
"CYCLOXYDIM","CITRUS FRUIT","0.200","1999-01-01T00:00:00",
"CYCLOXYDIM","SUBTROPICAL FRUITS","0.200","2013-01-14T00:00:00",
"CYCLOXYDIM","POTATO","0.200","1999-01-01T00:00:00",
"CYCLOXYDIM","ARTICHOKE","0.200","1999-01-01T00:00:00",
"CYCLOXYDIM","CELERIAC","0.200","1999-01-01T00:00:00",
"CYCLOXYDIM","CABBAGE","0.200","1999-01-01T00:00:00",
"CYCLOXYDIM","CAULIFLOWER","0.200","1999-01-01T00:00:00",
"CYCLOXYDIM","CUCURBITS","0.200","1999-01-01T00:00:00",
"CYCLOXYDIM","CHICK PEA","0.200","1999-01-01T00:00:00",
"CYCLOXYDIM","LETTUCE","0.200","1999-01-01T00:00:00",
"CYCLOXYDIM","SPINACH","0.200","2005-08-24T00:00:00",
"CYCLOXYDIM","PEPPER","0.200","1999-01-01T00:00:00",
"CYCLOXYDIM","TOMATO","0.200","1999-01-01T00:00:00",
"CYCLOXYDIM","PEAS","0.200","1999-01-01T00:00:00",
"CYCLOXYDIM","BEETROOT","0.200","2005-08-24T00:00:00",
"CYCLOXYDIM","CARROT","0.200","1999-01-01T00:00:00",
"CYCLOXYDIM","ONION","0.200","1999-01-01T00:00:00",
"CYCLOXYDIM","COTTON","0.200","1999-01-01T00:00:00",
"CYCLOXYDIM","PEANUT","0.200","1999-01-01T00:00:00",
"CYCLOXYDIM","SUNFLOWER","0.200","1999-01-01T00:00:00",
"CYCLOXYDIM","GARLIC","0.200","1999-01-01T00:00:00",
"CYCLOXYDIM","POME FRUITS","0.200","2013-01-14T00:00:00",
"CYCLOXYDIM","STONE FRUIT","0.200","2013-01-14T00:00:00",
"CYCLOXYDIM","HERBS","0.200","1999-01-01T00:00:00",
"CYFLUFENAMID","GRAPES","0.100","2006-10-29T00:00:00",
"CYFLUFENAMID","MELON","0.100","2007-08-30T00:00:00",
"CYFLUFENAMID","CUCUMBER","0.100","2007-08-30T00:00:00",
"CYFLUFENAMID","PUMPKINS","0.100","2013-01-14T00:00:00",
"CYFLUFENAMID","SQUASH","0.100","2006-08-23T00:00:00",
"CYFLUFENAMID","WATERMELON","0.100","2006-08-23T00:00:00",
"CYFLUFENAMID","PEPPER","0.050","2008-08-31T00:00:00",
"CYFLUFENAMID","EGG PLANT","0.050","2008-08-31T00:00:00",
"CYFLUFENAMID","TOMATO","0.050","2008-08-31T00:00:00",
"CYFLUFENAMID","SCARLET","0.100","2013-01-14T00:00:00",
"CYFLUFENAMID","APPLE","0.020","2009-02-05T00:00:00",
"CYFLUMETOFEN","STRAWBERRY","0.700","2012-07-26T00:00:00",
"CYFLUMETOFEN","CITRUS FRUIT","0.100","2014-08-06T00:00:00",
"CYFLUMETOFEN","MELON","0.100","2012-02-15T00:00:00",
"CYFLUMETOFEN","CUCUMBER","0.100","2008-08-31T00:00:00",
"CYFLUMETOFEN","PUMPKINS","0.020","2015-11-16T00:00:00",
"CYFLUMETOFEN","SQUASH","0.100","2012-02-15T00:00:00",
"CYFLUMETOFEN","WATERMELON","0.010","2010-06-21T00:00:00",
"CYFLUMETOFEN","CORIANDER",,"2022-06-14T00:00:00","5.000"
"CYFLUMETOFEN","LETTUCE",,"2019-07-21T00:00:00","2.500"
"CYFLUMETOFEN","PEPPER","0.100","2010-10-04T00:00:00",
"CYFLUMETOFEN","EGG PLANT","0.100","2012-02-15T00:00:00",
"CYFLUMETOFEN","TOMATO","0.100","2012-02-15T00:00:00",
"CYFLUMETOFEN","SCARLET","0.020","2015-11-16T00:00:00",
"CYFLUMETOFEN","APPLE","0.200","2008-08-31T00:00:00",
"CYFLUMETOFEN","PARSLEY (roots and leaves)",,"2022-06-14T00:00:00","5.000"
"CYFLUTHRIN","CITRUS FRUIT",,"2025-12-18T00:00:00","0.300"
"CYFLUTHRIN","CUCUMBER","0.500","1996-01-01T00:00:00",
"CYFLUTHRIN","PEPPER","0.200","1996-01-01T00:00:00",
"CYFLUTHRIN","TOMATO","0.500","1996-01-01T00:00:00",
"CYFLUTHRIN","ONION","0.500","2005-08-24T00:00:00",
"CYFLUTHRIN","COTTON","0.050","1996-01-01T00:00:00",
"CYFLUTHRIN","ALMOND","0.500","2005-08-24T00:00:00",
"CYFLUTHRIN","NECTARINE","0.500","2005-08-24T00:00:00",
"CYFLUTHRIN","PEACH","0.500","2005-08-24T00:00:00",
"CYFLUTHRIN","OLIVES","0.500","2005-08-24T00:00:00",
"CYHEXATIN","STRAWBERRY","0.500","1999-06-17T00:00:00","יתבטל"
"CYHEXATIN","CITRUS FRUIT","2.000","2000-06-19T00:00:00",
"CYHEXATIN","MELON","0.500","1999-01-01T00:00:00","יתבטל"
"CYHEXATIN","WATERMELON","0.500","1999-01-01T00:00:00","יתבטל"
"CYHEXATIN","EGG PLANT","0.100","1996-01-01T00:00:00","יתבטל"
"CYHEXATIN","TOMATO","0.100","2005-08-25T00:00:00","יתבטל"
"CYHEXATIN","BEANS","0.500","2005-08-25T00:00:00","יתבטל"
"CYHEXATIN","COTTON","0.050","1996-01-01T00:00:00","יתבטל"
"CYHEXATIN","PEANUT","0.200","1999-01-01T00:00:00","יתבטל"
"CYHEXATIN","ALMOND","1.000","1996-01-01T00:00:00",
"CYHEXATIN","APPLE","2.000","1996-01-01T00:00:00",
"CYHEXATIN","PEAR","2.000","1996-01-01T00:00:00","יתבטל"
"CYHEXATIN","PLUM","2.000","2005-08-25T00:00:00","יתבטל"
"CYHEXATIN","NECTARINE","1.000","2004-07-13T00:00:00","יתבטל"
"CYHEXATIN","PEACH","1.000","1996-01-01T00:00:00","יתבטל"
"CYHEXATIN","FIG","1.000","2005-08-25T00:00:00",
"CYMOXANIL","POTATO","0.050","1996-01-01T00:00:00",
"CYMOXANIL","MELON","0.050","1996-01-01T00:00:00",
"CYMOXANIL","CUCUMBER","0.050","1996-01-01T00:00:00",
"CYMOXANIL","PUMPKINS","0.010","2015-11-15T00:00:00",
"CYMOXANIL","LETTUCE","0.050","1996-01-01T00:00:00",
"CYMOXANIL","TOMATO","0.200","2013-06-12T00:00:00",
"CYMOXANIL","SCARLET","0.010","2015-11-15T00:00:00",
"CYMOXANIL","ONION","0.050","1996-01-01T00:00:00",
"CYMOXANIL","GARLIC","0.050","2013-01-14T00:00:00",
"CYPERMETHRIN","GRAPES","1.000","2005-08-25T00:00:00",
"CYPERMETHRIN","POTATO","0.050","1996-01-01T00:00:00",
"CYPERMETHRIN","CELERIAC","0.200","1996-01-01T00:00:00",
"CYPERMETHRIN","CABBAGE","1.000","1996-01-01T00:00:00",
"CYPERMETHRIN","CAULIFLOWER","1.000","1996-01-01T00:00:00",
"CYPERMETHRIN","MELON","0.200","1996-01-01T00:00:00",
"CYPERMETHRIN","CUCUMBER","0.200","1996-01-01T00:00:00",
"CYPERMETHRIN","SQUASH","0.200","1996-01-01T00:00:00",
"CYPERMETHRIN","PEPPER","0.500","1996-01-01T00:00:00",
"CYPERMETHRIN","EGG PLANT","0.200","1996-01-01T00:00:00",
"CYPERMETHRIN","TOMATO","0.500","1996-01-01T00:00:00",
"CYPERMETHRIN","PEAS","0.300","2014-08-04T00:00:00",
"CYPERMETHRIN","BEETROOT","0.500","2005-08-25T00:00:00",
"CYPERMETHRIN","CARROT","0.050","1996-01-01T00:00:00",
"CYPERMETHRIN","ONION","0.100","1996-01-01T00:00:00",
"CYPERMETHRIN","MILK","0.010","2013-01-14T00:00:00",
"CYPERMETHRIN","MEAT","0.050","2013-01-23T00:00:00",
"CYPERMETHRIN","EDIBLE OFFAL","0.050","2005-08-25T00:00:00",
"CYPERMETHRIN","COTTON","0.200","1996-01-01T00:00:00",
"CYPERMETHRIN","ALMOND","0.500","1996-01-01T00:00:00",
"CYPERMETHRIN","GARLIC","0.100","1998-11-01T00:00:00",
"CYPERMETHRIN","APPLE","2.000","1996-01-01T00:00:00",
"CYPERMETHRIN","APRICOT","2.000","1996-01-01T00:00:00",
"CYPERMETHRIN","NECTARINE","2.000","2004-07-13T00:00:00",
"CYPERMETHRIN","PEACH","2.000","1996-01-01T00:00:00",
"CYPERMETHRIN","BARLEY","0.050","2013-01-14T00:00:00",
"CYPERMETHRIN","WHEAT","0.050","2009-02-05T00:00:00",
"CYPROCONAZOLE","GRAPES",,"2019-07-23T00:00:00","0.200"
"CYPROCONAZOLE","CUCUMBER","0.300","2016-08-04T00:00:00",
"CYPROCONAZOLE","CHICK PEA","0.050","2006-04-03T00:00:00",
"CYPROCONAZOLE","PEPPER","0.050","1999-01-01T00:00:00","יתבטל"
"CYPROCONAZOLE","EGG PLANT","0.050","1996-01-01T00:00:00",
"CYPROCONAZOLE","TOMATO","0.050","1996-01-01T00:00:00",
"CYPROCONAZOLE","RED SWEET PEPPER","0.050","2005-08-25T00:00:00","יתבטל"
"CYPROCONAZOLE","PEANUT","0.050","1996-01-01T00:00:00",
"CYPROCONAZOLE","SUNFLOWER","0.050","1996-01-01T00:00:00",
"CYPROCONAZOLE","ALMOND","0.050","1999-01-01T00:00:00",
"CYPROCONAZOLE","GARLIC","0.050","1996-01-01T00:00:00",
"CYPROCONAZOLE","OREGANO","1.000","2005-08-25T00:00:00",
"CYPROCONAZOLE","MANGO","0.050","1996-01-01T00:00:00",
"CYPROCONAZOLE","APPLE","0.050","1996-01-01T00:00:00",
"CYPROCONAZOLE","PEAR",,"2019-06-19T00:00:00","0.050"
"CYPROCONAZOLE","PLUM","0.050","1996-01-01T00:00:00",
"CYPROCONAZOLE","CHERRY",,"2023-03-15T00:00:00","0.200"
"CYPROCONAZOLE","NECTARINE","0.050","1999-01-01T00:00:00",
"CYPROCONAZOLE","PEACH","0.050","1996-01-01T00:00:00",
"CYPROCONAZOLE","BARLEY",,"2025-04-06T00:00:00","0.010"
"CYPROCONAZOLE","CORN","0.020","2015-11-17T00:00:00",
"CYPROCONAZOLE","OAT","0.050","2013-01-14T00:00:00",
"CYPROCONAZOLE","WHEAT","0.050","1996-01-01T00:00:00",
"CYPROCONAZOLE","ESTRAGON","1.000","2005-08-25T00:00:00",
"CYPROCONAZOLE","HYSSOP","1.000","2013-01-14T00:00:00",
"CYPROCONAZOLE","HYSSOP","1.000","2013-01-14T00:00:00",
"CYPRODINIL","THYME","1.000","2011-12-19T00:00:00",
"CYPRODINIL","GRAPES","2.000","2000-01-01T00:00:00",
"CYPRODINIL","STRAWBERRY","1.000","1999-03-16T00:00:00",
"CYPRODINIL","CUCUMBER","0.300","2014-03-09T00:00:00",
"CYPRODINIL","SQUASH","0.300","2014-03-09T00:00:00",
"CYPRODINIL","CORIANDER","1.000","2011-12-19T00:00:00",
"CYPRODINIL","LETTUCE","1.000","2013-09-17T00:00:00",
"CYPRODINIL","PEPPER","0.800","2011-11-16T00:00:00",
"CYPRODINIL","EGG PLANT","0.500","2005-08-25T00:00:00",
"CYPRODINIL","TOMATO","0.500","1999-01-01T00:00:00",
"CYPRODINIL","CARROT","0.200","2011-11-16T00:00:00",
"CYPRODINIL","AVOCADO",,"2021-02-28T00:00:00","0.020"
"CYPRODINIL","APPLE","0.020","2016-08-04T00:00:00","0.350"
"CYPRODINIL","PLUM","0.200","2010-06-21T00:00:00",
"CYPRODINIL","APRICOT","0.200","2010-06-24T00:00:00",
"CYPRODINIL","CHERRY","0.200","2011-11-16T00:00:00",
"CYPRODINIL","NECTARINE","0.200","2007-06-12T00:00:00",
"CYPRODINIL","PEACH","0.200","2007-07-11T00:00:00",
"CYPRODINIL","BASIL","1.000","2005-08-25T00:00:00",
"CYPRODINIL","CHIVES","1.000","2011-12-19T00:00:00",
"CYPRODINIL","DILL","1.000","2011-12-19T00:00:00",
"CYPRODINIL","FENNEL","1.000","2005-08-25T00:00:00",
"CYPRODINIL","MINT","1.000","2005-08-25T00:00:00",
"CYPRODINIL","PARSLEY (roots and leaves)","1.000","2011-12-19T00:00:00",
"CYPRODINIL","ROSMARINE","1.000","2011-12-19T00:00:00",
"CYPRODINIL","ESTRAGON","1.000","2011-12-19T00:00:00",
"CYPRODINIL","ROKET",,"2019-04-11T00:00:00","1.000"
"CYPRODINIL","ROKULA","1.000","2011-12-19T00:00:00",
"CYPRODINIL","SPRING ONION","1.000","2011-12-19T00:00:00",
"CYPROSULFAMIDE","CHICK PEA",,"2019-06-18T00:00:00","0.010"
"CYPROSULFAMIDE","CORN","0.010","2015-11-15T00:00:00",
"CYROMAZINE","ALFALFA","5.000","1996-01-01T00:00:00",
"CYROMAZINE","POTATO","0.050","1999-01-01T00:00:00",
"CYROMAZINE","CELERIAC","5.000","1996-01-01T00:00:00",
"CYROMAZINE","MELON","0.200","1996-01-01T00:00:00",
"CYROMAZINE","CUCUMBER","0.200","2013-01-14T00:00:00",
"CYROMAZINE","PUMPKINS","0.020","2015-11-15T00:00:00",
"CYROMAZINE","WATERMELON","0.200","1996-01-01T00:00:00",
"CYROMAZINE","EGG PLANT","0.500","1996-01-01T00:00:00",
"CYROMAZINE","TOMATO","0.500","1996-01-01T00:00:00",
"CYROMAZINE","BEANS","1.000","1996-01-01T00:00:00",
"CYROMAZINE","SCARLET","0.020","2015-11-15T00:00:00",
"CYROMAZINE","CARROT","0.200","1996-01-01T00:00:00",
"CYROMAZINE","MILK","0.010","1996-01-01T00:00:00",
"CYROMAZINE","MEAT","0.050","2013-01-23T00:00:00",
"CYROMAZINE","EDIBLE OFFAL","0.300","2013-01-23T00:00:00",
"CYROMAZINE","EGGS","0.100","2013-01-23T00:00:00",
"CYROMAZINE","BASIL","0.200","2005-08-25T00:00:00",
"D.D.T.","CARROT","0.200","2005-05-24T00:00:00",
"D.D.T.","MILK","0.020","1999-01-01T00:00:00",
"D.D.T.","MEAT","5.000","1999-01-01T00:00:00",
"D.D.T.","EDIBLE OFFAL","0.300","2013-01-23T00:00:00",
"D.D.T.","EGGS","0.100","1999-01-01T00:00:00",
"D.D.T.","CEREALS","0.100","1996-01-01T00:00:00",
"DELTAMETHRIN","GRAPES","0.200","2013-01-15T00:00:00",
"DELTAMETHRIN","POTATO","0.040","2009-02-05T00:00:00",
"DELTAMETHRIN","ARTICHOKE","0.050","1996-01-01T00:00:00",
"DELTAMETHRIN","CELERIAC","0.500","1996-01-01T00:00:00",
"DELTAMETHRIN","CABBAGE","0.200","1999-01-01T00:00:00",
"DELTAMETHRIN","BROCCOLI",,"2022-02-15T00:00:00","0.100"
"DELTAMETHRIN","CAULIFLOWER","0.200","1999-01-01T00:00:00",
"DELTAMETHRIN","MELON","0.200","1996-01-01T00:00:00",
"DELTAMETHRIN","CUCUMBER","0.200","1996-01-01T00:00:00",
"DELTAMETHRIN","SQUASH","0.200","1996-01-01T00:00:00",
"DELTAMETHRIN","WATERMELON","0.200","1996-01-01T00:00:00",
"DELTAMETHRIN","LETTUCE","0.200","1999-01-01T00:00:00",
"DELTAMETHRIN","PEPPER","0.200","1996-01-01T00:00:00",
"DELTAMETHRIN","EGG PLANT","0.200","1996-01-01T00:00:00",
"DELTAMETHRIN","TOMATO","0.200","1996-01-01T00:00:00",
"DELTAMETHRIN","BEANS","0.200","2013-01-29T00:00:00",
"DELTAMETHRIN","BEETROOT","0.200","1999-01-01T00:00:00",
"DELTAMETHRIN","CARROT","0.040","2009-02-05T00:00:00",
"DELTAMETHRIN","ONION","0.040","2009-02-05T00:00:00",
"DELTAMETHRIN","MILK","0.050","2013-01-23T00:00:00",
"DELTAMETHRIN","MEAT","0.500","1999-01-01T00:00:00",
"DELTAMETHRIN","EDIBLE OFFAL","0.030","2013-01-23T00:00:00",
"DELTAMETHRIN","EGGS","0.020","2013-01-23T00:00:00",
"DELTAMETHRIN","POULTRY MEAT","0.100","2013-01-23T00:00:00",
"DELTAMETHRIN","COTTON","0.100","1996-01-01T00:00:00",
"DELTAMETHRIN","ALMOND","0.050","2010-01-04T00:00:00",
"DELTAMETHRIN","GARLIC","0.040","2009-02-05T00:00:00",
"DELTAMETHRIN","POMEGRANATE","0.050","2013-01-15T00:00:00",
"DELTAMETHRIN","APPLE","0.050","1996-01-01T00:00:00",
"DELTAMETHRIN","PEAR","0.030","2013-01-15T00:00:00",
"DELTAMETHRIN","PLUM","0.050","2009-09-10T00:00:00",
"DELTAMETHRIN","NECTARINE","0.050","2009-09-10T00:00:00",
"DELTAMETHRIN","PEACH","0.050","2005-08-28T00:00:00",
"DELTAMETHRIN","FIG","0.150","2016-12-11T00:00:00",
"DELTAMETHRIN","CORN",,"2024-01-14T00:00:00","0.010"
"DELTAMETHRIN","WHEAT","1.000","2005-08-28T00:00:00",
"DELTAMETHRIN","POULTRY OFFAL","0.020","2005-08-28T00:00:00",
"DIAFENTHIURON","POTATO","0.050","1996-01-01T00:00:00",
"DIAFENTHIURON","CABBAGE","0.050","1996-01-01T00:00:00",
"DIAFENTHIURON","CAULIFLOWER","0.050","1996-01-01T00:00:00",
"DIAFENTHIURON","CUCUMBER","0.050","1996-01-01T00:00:00","יתבטל"
"DIAFENTHIURON","PUMPKINS","0.200","2015-11-15T00:00:00","יתבטל"
"DIAFENTHIURON","SQUASH","0.050","1996-01-01T00:00:00",
"DIAFENTHIURON","WATERMELON","0.050","1996-01-01T00:00:00",
"DIAFENTHIURON","PEPPER","0.050","1996-01-01T00:00:00","יתבטל"
"DIAFENTHIURON","EGG PLANT","0.050","1996-01-01T00:00:00",
"DIAFENTHIURON","TOMATO","0.050","1996-01-01T00:00:00","יתבטל"
"DIAFENTHIURON","SCARLET","0.200","2015-11-15T00:00:00",
"DIAFENTHIURON","CARROT","0.010","2010-07-15T00:00:00",
"DIAFENTHIURON","COTTON","0.050","2005-08-28T00:00:00",
"DICAMBA","WHEAT","0.010","2013-01-15T00:00:00",
"DICHLORPROP-P","CITRUS FRUIT","0.010","2013-01-15T00:00:00",
"DICLOFOP METHYL","CHICK PEA","0.200","1999-01-01T00:00:00","יתבטל"
"DICLOFOP METHYL","ONION","0.200","1999-01-01T00:00:00","יתבטל"
"DICLOFOP METHYL","WHEAT","0.200","1999-01-01T00:00:00","יתבטל"
"DIDECYL DIMETHYL AMMONIUM CHLORIDE","CITRUS FRUIT","5.000","2010-02-18T00:00:00",
"DIDECYL DIMETHYL AMMONIUM CHLORIDE","LICHEE","0.500","2010-06-21T00:00:00",
"DIDECYL DIMETHYL AMMONIUM CHLORIDE","MANGO","2.000","2009-11-09T00:00:00",
"DIETHOFENCARB","CUCUMBER","0.100","1996-01-01T00:00:00","יתבטל"
"DIETHOFENCARB","EGG PLANT","0.100","2005-09-01T00:00:00","יתבטל"
"DIETHOFENCARB","TOMATO","0.100","1996-01-01T00:00:00","יתבטל"
"DIFENOCONAZOLE","THYME","0.400","2009-10-13T00:00:00",
"DIFENOCONAZOLE","GRAPES","0.100","1996-01-01T00:00:00","0.500"
"DIFENOCONAZOLE","POTATO","0.100","1996-01-01T00:00:00",
"DIFENOCONAZOLE","CELERIAC","0.400","2012-07-02T00:00:00",
"DIFENOCONAZOLE","BROCCOLI","0.500","2011-05-17T00:00:00",
"DIFENOCONAZOLE","MELON",,"2024-02-28T00:00:00","0.150"
"DIFENOCONAZOLE","CUCUMBER",,"2024-02-28T00:00:00","0.150"
"DIFENOCONAZOLE","SQUASH",,"2017-08-29T00:00:00","0.010"
"DIFENOCONAZOLE","WATERMELON","0.100","1999-01-01T00:00:00",
"DIFENOCONAZOLE","CHICK PEA","0.100","1999-01-01T00:00:00",
"DIFENOCONAZOLE","CORIANDER","0.400","2011-11-06T00:00:00",
"DIFENOCONAZOLE","PEPPER",,"2024-02-28T00:00:00","0.400"
"DIFENOCONAZOLE","EGG PLANT",,"2024-02-28T00:00:00","0.300"
"DIFENOCONAZOLE","TOMATO","0.300","2011-05-17T00:00:00",
"DIFENOCONAZOLE","PEAS",,"2020-07-29T00:00:00","1.000"
"DIFENOCONAZOLE","BEETROOT","0.100","1999-01-01T00:00:00",
"DIFENOCONAZOLE","CARROT","0.200","2011-05-17T00:00:00",
"DIFENOCONAZOLE","ONION","0.100","2005-09-01T00:00:00",
"DIFENOCONAZOLE","COTTON","0.100","1996-01-01T00:00:00",
"DIFENOCONAZOLE","ALMOND","0.100","2005-09-01T00:00:00",
"DIFENOCONAZOLE","GARLIC","0.100","1996-01-01T00:00:00",
"DIFENOCONAZOLE","OREGANO","0.400","2005-09-01T00:00:00",
"DIFENOCONAZOLE","PERSIMMON","0.050","2009-04-05T00:00:00",
"DIFENOCONAZOLE","POMEGRANATE","0.100","2012-07-26T00:00:00",
"DIFENOCONAZOLE","APPLE","0.200","2011-05-17T00:00:00",
"DIFENOCONAZOLE","LOQUAT","0.100","1996-01-01T00:00:00",
"DIFENOCONAZOLE","PLUM","0.050","2007-05-06T00:00:00",
"DIFENOCONAZOLE","APRICOT","0.300","2009-04-05T00:00:00",
"DIFENOCONAZOLE","NECTARINE","0.500","2011-05-17T00:00:00",
"DIFENOCONAZOLE","PEACH","0.500","2011-05-17T00:00:00",
"DIFENOCONAZOLE","OLIVES","0.100","1996-01-01T00:00:00",
"DIFENOCONAZOLE","WHEAT","0.100","2005-09-01T00:00:00",
"DIFENOCONAZOLE","BASIL","0.400","2009-10-13T00:00:00",
"DIFENOCONAZOLE","CHIVES","0.600","2005-09-01T00:00:00",
"DIFENOCONAZOLE","DILL","0.400","2011-11-06T00:00:00",
"DIFENOCONAZOLE","MINT","0.400","2011-11-06T00:00:00",
"DIFENOCONAZOLE","PARSLEY (roots and leaves)","0.400","2009-10-13T00:00:00",
"DIFENOCONAZOLE","ROSMARINE","0.400","2009-10-13T00:00:00",
"DIFENOCONAZOLE","SAGE","0.400","2009-10-13T00:00:00",
"DIFENOCONAZOLE","ESTRAGON","0.400","2009-10-13T00:00:00",
"DIFENOCONAZOLE","ROKET",,"2019-04-11T00:00:00","0.400"
"DIFENOCONAZOLE","ROKULA","0.400","2009-10-13T00:00:00",
"DIFENOCONAZOLE","SPRING ONION","0.600","2012-07-02T00:00:00",
"DIFLUBENZURON","APPLE","1.000","1996-01-01T00:00:00",
"DIFLUFENICAN","GRAPES","0.020","2009-02-05T00:00:00",
"DIFLUFENICAN","CITRUS FRUIT","0.020","2009-02-05T00:00:00",
"DIFLUFENICAN","CELERIAC","0.020","2009-02-05T00:00:00",
"DIFLUFENICAN","ONION","0.020","2009-02-05T00:00:00",
"DIFLUFENICAN","ALMOND","0.020","2009-02-05T00:00:00",
"DIFLUFENICAN","GARLIC","0.020","2009-02-05T00:00:00",
"DIFLUFENICAN","AVOCADO","0.020","2013-01-15T00:00:00",
"DIFLUFENICAN","BANANA","0.020","2013-01-15T00:00:00",
"DIFLUFENICAN","KIWI","0.020","2013-01-15T00:00:00",
"DIFLUFENICAN","MANGO","0.020","2013-01-15T00:00:00",
"DIFLUFENICAN","PERSIMMON","0.020","2009-02-05T00:00:00",
"DIFLUFENICAN","POMEGRANATE","0.020","2010-06-21T00:00:00",
"DIFLUFENICAN","APPLE","0.020","2009-02-05T00:00:00",
"DIFLUFENICAN","PEAR","0.020","2013-01-15T00:00:00",
"DIFLUFENICAN","PLUM","0.020","2009-02-05T00:00:00",
"DIFLUFENICAN","APRICOT","0.020","2013-01-15T00:00:00",
"DIFLUFENICAN","CHERRY","0.020","2013-01-15T00:00:00",
"DIFLUFENICAN","NECTARINE","0.020","2009-02-05T00:00:00",
"DIFLUFENICAN","PEACH","0.020","2009-02-05T00:00:00",
"DIFLUFENICAN","DATE","0.020","2013-01-15T00:00:00",
"DIFLUFENICAN","OLIVES","0.020","2009-02-05T00:00:00",
"DIFLUFENICAN","CORN","0.020","2013-01-15T00:00:00",
"DIFLUFENICAN","WHEAT","0.020","2009-02-05T00:00:00",
"DIMETHENAMID","POTATO",,"2022-02-15T00:00:00","0.020"
"DIMETHENAMID","BEANS",,"2025-04-06T00:00:00","0.010"
"DIMETHENAMID","SWEET POTATO",,"2024-08-19T00:00:00","0.020"
"DIMETHENAMID","ONION",,"2025-07-15T00:00:00","0.010"
"DIMETHENAMID","PEANUT","0.010","1999-01-01T00:00:00",
"DIMETHENAMID","CORN",,"2022-12-26T00:00:00","0.020"
"DIMETHOATE","ALMOND","0.500","2005-09-01T00:00:00",
"DIMETHOATE","PERSIMMON","1.000","2013-06-30T00:00:00",
"DIMETHOATE","APPLE","1.000","1996-01-01T00:00:00",
"DIMETHOATE","PEAR","1.000","1996-01-01T00:00:00","יתבטל"
"DIMETHOATE","PLUM","0.500","1996-01-01T00:00:00",
"DIMETHOATE","APRICOT","1.000","2013-06-30T00:00:00","יתבטל"
"DIMETHOATE","NECTARINE","0.100","2012-08-26T00:00:00","1.000"
"DIMETHOATE","PEACH","1.000","2013-06-30T00:00:00",
"DIMETHOATE","OLIVES","1.000","1996-01-01T00:00:00",
"DIMETHOATE","QUINCE","0.500","2013-06-30T00:00:00","יתבטל"
"DIMETHOMORPH","THYME","10.000","2012-11-21T00:00:00",
"DIMETHOMORPH","GRAPES","0.500","2014-02-16T00:00:00",
"DIMETHOMORPH","MELISA","10.000","2012-11-21T00:00:00",
"DIMETHOMORPH","POTATO","0.100","1999-01-01T00:00:00",
"DIMETHOMORPH","SMALL RADISH",,"2020-01-08T00:00:00","0.050"
"DIMETHOMORPH","CELERIAC","10.000","2012-11-21T00:00:00",
"DIMETHOMORPH","BRASSICA","0.200","2017-12-28T00:00:00",
"DIMETHOMORPH","CABBAGE","0.200","2011-11-16T00:00:00",
"DIMETHOMORPH","BROCCOLI",,"2021-08-23T00:00:00","0.200"
"DIMETHOMORPH","CAULIFLOWER","0.200","2011-11-16T00:00:00",
"DIMETHOMORPH","MELON","1.000","2011-07-25T00:00:00",
"DIMETHOMORPH","CUCUMBER","0.100","1999-01-01T00:00:00",
"DIMETHOMORPH","PUMPKINS","0.100","2013-01-15T00:00:00",
"DIMETHOMORPH","SQUASH","0.100","2010-06-21T00:00:00",
"DIMETHOMORPH","BEET, GREENS","3.000","2014-03-19T00:00:00",
"DIMETHOMORPH","CORIANDER","10.000","2012-11-21T00:00:00",
"DIMETHOMORPH","LETTUCE","3.000","2011-11-16T00:00:00",
"DIMETHOMORPH","SPINACH","3.000","2014-03-19T00:00:00",
"DIMETHOMORPH","TOMATO","0.500","2010-07-15T00:00:00",
"DIMETHOMORPH","ONION","0.700","2011-11-16T00:00:00",
"DIMETHOMORPH","BASIL","10.000","2012-11-21T00:00:00",
"DIMETHOMORPH","DILL","10.000","2012-11-21T00:00:00",
"DIMETHOMORPH","MARJORAM","10.000","2012-11-21T00:00:00",
"DIMETHOMORPH","MINT","10.000","2012-11-21T00:00:00",
"DIMETHOMORPH","PARSLEY (roots and leaves)","10.000","2012-11-21T00:00:00",
"DIMETHOMORPH","ROSMARINE","10.000","2012-11-21T00:00:00",
"DIMETHOMORPH","SAGE","10.000","2012-11-18T00:00:00",
"DIMETHOMORPH","ESTRAGON","10.000","2012-11-21T00:00:00",
"DIMETHOMORPH","ROKET","3.000","2014-03-19T00:00:00",
"DIMETHOMORPH","ROKULA","3.000","2011-11-16T00:00:00",
"DIMETHOMORPH","MIZONA","3.000","2014-03-19T00:00:00",
"DIMETHOMORPH","SPRING ONION","10.000","2012-11-21T00:00:00",
"DIMETHOMORPH","TATSUI LEAVES","3.000","2014-03-19T00:00:00",
"DIMETHYL DISULFIDE","MELON","0.010","2010-07-11T00:00:00",
"DIMETHYL DISULFIDE","CUCUMBER","0.010","2010-07-11T00:00:00",
"DIMETHYL DISULFIDE","PEPPER","0.010","2010-07-11T00:00:00",
"DIMETHYL DISULFIDE","EGG PLANT","0.010","2010-07-11T00:00:00",
"DIMETHYL DISULFIDE","TOMATO","0.010","2010-07-11T00:00:00",
"DIMETHYL DISULFIDE","BASIL","0.010","2010-07-11T00:00:00",
"DIMETHYL DISULFIDE","CHIVES","0.010","2010-07-11T00:00:00",
"DINICONAZOLE-M","ALMOND","0.050","1996-01-01T00:00:00","יתבטל"
"DINICONAZOLE-M","MANGO","0.050","1996-01-01T00:00:00","יתבטל"
"DINICONAZOLE-M","APPLE","0.050","1996-01-01T00:00:00","יתבטל"
"DINICONAZOLE-M","PEAR","0.050","1996-01-01T00:00:00","יתבטל"
"DINICONAZOLE-M","PLUM","0.050","1996-01-01T00:00:00","יתבטל"
"DINICONAZOLE-M","APRICOT","0.050","1996-01-01T00:00:00","יתבטל"
"DINICONAZOLE-M","NECTARINE","0.050","2004-07-13T00:00:00","יתבטל"
"DINICONAZOLE-M","PEACH","0.050","1996-01-01T00:00:00","יתבטל"
"DINOCAP","GRAPES","0.050","1999-01-01T00:00:00","יתבטל"
"DINOCAP","MELON","0.050","1999-01-01T00:00:00","יתבטל"
"DINOCAP","CUCUMBER","0.050","1999-01-01T00:00:00","יתבטל"
"DINOCAP","SQUASH","0.050","1999-01-01T00:00:00","יתבטל"
"DINOCAP","WATERMELON","0.050","1999-01-01T00:00:00","יתבטל"
"DINOCAP","PEPPER","0.050","2005-09-07T00:00:00","יתבטל"
"DINOCAP","EGG PLANT","0.050","2005-09-07T00:00:00","יתבטל"
"DINOCAP","TOMATO","0.050","2003-03-23T00:00:00","יתבטל"
"DINOCAP","MANGO","0.050","1999-01-01T00:00:00","יתבטל"
"DINOCAP","APPLE","0.050","1999-01-01T00:00:00","יתבטל"
"DINOCAP","PEAR","0.050","2013-01-15T00:00:00","יתבטל"
"DINOCAP","PLUM","0.050","2006-01-11T00:00:00","יתבטל"
"DINOCAP","APRICOT","0.050","2013-01-15T00:00:00","יתבטל"
"DINOCAP","NECTARINE","0.050","2004-07-13T00:00:00","יתבטל"
"DINOCAP","PEACH","0.050","2001-07-15T00:00:00","יתבטל"
"DINOTEFURAN","THYME","3.000","2011-12-19T00:00:00",
"DINOTEFURAN","GRAPES","0.100","2008-03-25T00:00:00","0.500"
"DINOTEFURAN","STRAWBERRY","0.200","2006-10-29T00:00:00",
"DINOTEFURAN","CELERIAC",,"2021-06-08T00:00:00","0.900"
"DINOTEFURAN","CABBAGE","0.050","2011-09-25T00:00:00",
"DINOTEFURAN","BROCCOLI","0.050","2011-07-25T00:00:00",
"DINOTEFURAN","CAULIFLOWER","0.050","2011-09-25T00:00:00",
"DINOTEFURAN","MELON","0.020","2005-10-31T00:00:00",
"DINOTEFURAN","CUCUMBER","0.100","2006-04-03T00:00:00",
"DINOTEFURAN","SQUASH","0.100","2005-12-12T00:00:00",
"DINOTEFURAN","WATERMELON","0.010","2008-03-25T00:00:00",
"DINOTEFURAN","CORIANDER","3.000","2011-12-19T00:00:00",
"DINOTEFURAN","LETTUCE","0.050","2011-09-25T00:00:00",
"DINOTEFURAN","PEPPER","0.050","2007-04-22T00:00:00",
"DINOTEFURAN","EGG PLANT","0.020","2003-11-03T00:00:00",
"DINOTEFURAN","TOMATO","0.050","2007-04-22T00:00:00",
"DINOTEFURAN","CARROT","0.150","2010-08-04T00:00:00",
"DINOTEFURAN","COTTON","0.050","2003-05-04T00:00:00",
"DINOTEFURAN","ALMOND","0.500","2011-11-16T00:00:00",
"DINOTEFURAN","PLUM","0.050","2013-01-15T00:00:00",
"DINOTEFURAN","APRICOT","0.050","2007-04-22T00:00:00","0.300"
"DINOTEFURAN","CHERRY","0.050","2013-01-15T00:00:00",
"DINOTEFURAN","NECTARINE","0.050","2007-04-22T00:00:00","0.300"
"DINOTEFURAN","PEACH","0.050","2007-04-22T00:00:00","0.300"
"DINOTEFURAN","BASIL","3.000","2011-12-19T00:00:00",
"DINOTEFURAN","CHIVES","3.000","2011-12-19T00:00:00",
"DINOTEFURAN","DILL","3.000","2011-12-19T00:00:00",
"DINOTEFURAN","MINT","3.000","2011-12-19T00:00:00",
"DINOTEFURAN","PARSLEY (roots and leaves)","3.000","2011-12-19T00:00:00",
"DINOTEFURAN","ROSMARINE","3.000","2011-12-19T00:00:00",
"DINOTEFURAN","SAGE","3.000","2011-12-19T00:00:00",
"DINOTEFURAN","ESTRAGON","3.000","2011-12-19T00:00:00",
"DINOTEFURAN","ROKET",,"2019-04-19T00:00:00","3.000"
"DINOTEFURAN","ROKULA","3.000","2011-12-19T00:00:00",
"DIPHENYLAMINE","APPLE","5.000","1996-01-01T00:00:00",
"DIQUAT","ALFALFA","0.100","1999-01-01T00:00:00",
"DIQUAT","FRUITS","0.050","1999-01-02T00:00:00",
"DIQUAT","POTATO","0.050","2005-09-07T00:00:00",
"DIQUAT","COTTON","0.020","1999-01-02T00:00:00",
"DIQUAT","SUNFLOWER","0.500","1999-01-02T00:00:00",
"DIQUAT","CEREALS","0.100","1999-01-01T00:00:00",
"DITHIANON","GRAPES",,"2018-07-03T00:00:00","2.500"
"DITHIANON","ONION",,"2022-01-13T00:00:00","0.050"
"DITHIANON","ALMOND","0.050","2015-12-01T00:00:00",
"DITHIANON","GARLIC",,"2022-01-13T00:00:00","0.050"
"DITHIANON","APPLE","1.000","2015-12-01T00:00:00",
"DITHIANON","PEAR","2.000","2015-12-01T00:00:00",
"DITHIANON","APRICOT","1.000","2015-12-01T00:00:00",
"DITHIANON","NECTARINE",,"2022-01-13T00:00:00","0.100"
"DITHIANON","PEACH","1.000","2015-12-01T00:00:00",
"DITHIOCARBAMATES","THYME","5.000","2013-01-15T00:00:00",
"DITHIOCARBAMATES","GRAPES","5.000","1996-01-01T00:00:00",
"DITHIOCARBAMATES","STRAWBERRY","3.000","1996-01-01T00:00:00",
"DITHIOCARBAMATES","CITRUS FRUIT","1.000","1996-01-01T00:00:00",
"DITHIOCARBAMATES","MELISA","5.000","2013-01-15T00:00:00",
"DITHIOCARBAMATES","POTATO","0.200","1996-01-01T00:00:00",
"DITHIOCARBAMATES","SMALL RADISH","0.500","1996-01-01T00:00:00",
"DITHIOCARBAMATES","CELERIAC","5.000","1996-01-01T00:00:00",
"DITHIOCARBAMATES","BRASSICA","5.000","2005-09-07T00:00:00",
"DITHIOCARBAMATES","CABBAGE","5.000","1996-01-01T00:00:00",
"DITHIOCARBAMATES","CAULIFLOWER","5.000","1996-01-01T00:00:00",
"DITHIOCARBAMATES","MELON","0.500","1996-01-01T00:00:00",
"DITHIOCARBAMATES","CUCUMBER","1.000","2005-12-07T00:00:00",
"DITHIOCARBAMATES","SQUASH","1.000","2013-01-15T00:00:00",
"DITHIOCARBAMATES","CHICK PEA","0.500","1996-01-01T00:00:00",
"DITHIOCARBAMATES","BEET, GREENS","5.000","2014-03-19T00:00:00",
"DITHIOCARBAMATES","CORIANDER","5.000","2013-01-15T00:00:00",
"DITHIOCARBAMATES","CHINESE CABBAGE","5.000","1996-01-01T00:00:00",
"DITHIOCARBAMATES","LETTUCE","5.000","1996-01-01T00:00:00",
"DITHIOCARBAMATES","SPINACH","5.000","2014-03-19T00:00:00",
"DITHIOCARBAMATES","PEPPER","1.000","1996-01-01T00:00:00",
"DITHIOCARBAMATES","EGG PLANT","3.000","1996-01-01T00:00:00",
"DITHIOCARBAMATES","TOMATO","5.000","1996-01-01T00:00:00",
"DITHIOCARBAMATES","PEAS","0.500","2005-09-07T00:00:00",
"DITHIOCARBAMATES","BROAD BEAN","0.500","1996-01-01T00:00:00",
"DITHIOCARBAMATES","BEANS","0.500","1996-01-01T00:00:00",
"DITHIOCARBAMATES","BEETROOT","0.500","2005-09-07T00:00:00",
"DITHIOCARBAMATES","CARROT","0.500","1996-01-01T00:00:00",
"DITHIOCARBAMATES","ONION","0.500","1996-01-01T00:00:00",
"DITHIOCARBAMATES","POULTRY MEAT","0.050","2013-01-15T00:00:00",
"DITHIOCARBAMATES","COTTON","2.000","1996-01-01T00:00:00",
"DITHIOCARBAMATES","PEANUT","0.100","1996-01-01T00:00:00",
"DITHIOCARBAMATES","ALMOND","0.100","1996-01-01T00:00:00",
"DITHIOCARBAMATES","GARLIC","0.500","1996-01-01T00:00:00",
"DITHIOCARBAMATES","LEEK","0.500","1996-01-01T00:00:00",
"DITHIOCARBAMATES","BANANA","2.000","2013-01-15T00:00:00",
"DITHIOCARBAMATES","POMEGRANATE","0.050","2009-05-05T00:00:00",
"DITHIOCARBAMATES","APPLE","3.000","1996-01-01T00:00:00",
"DITHIOCARBAMATES","QUINCE","3.000","1996-01-01T00:00:00",
"DITHIOCARBAMATES","PLUM","3.000","2005-09-07T00:00:00",
"DITHIOCARBAMATES","APRICOT","3.000","1996-01-01T00:00:00",
"DITHIOCARBAMATES","NECTARINE","3.000","1996-01-01T00:00:00",
"DITHIOCARBAMATES","PEACH","3.000","1996-01-01T00:00:00",
"DITHIOCARBAMATES","OLIVES","3.000","2005-09-07T00:00:00",
"DITHIOCARBAMATES","BARLEY","1.000","2013-01-15T00:00:00",
"DITHIOCARBAMATES","CORN","2.000","2005-09-07T00:00:00",
"DITHIOCARBAMATES","WHEAT","1.000","1996-01-01T00:00:00",
"DITHIOCARBAMATES","BASIL","5.000","2013-01-15T00:00:00",
"DITHIOCARBAMATES","CHIVES","1.000","2005-09-07T00:00:00",
"DITHIOCARBAMATES","DILL","5.000","2013-01-15T00:00:00",
"DITHIOCARBAMATES","MARJORAM","5.000","2013-01-15T00:00:00",
"DITHIOCARBAMATES","MINT","5.000","2013-01-15T00:00:00",
"DITHIOCARBAMATES","PARSLEY (roots and leaves)","5.000","2013-01-15T00:00:00",
"DITHIOCARBAMATES","ROSMARINE","5.000","2013-01-15T00:00:00",
"DITHIOCARBAMATES","SAGE","5.000","2013-01-15T00:00:00",
"DITHIOCARBAMATES","ESTRAGON","5.000","2013-01-15T00:00:00",
"DITHIOCARBAMATES","ROKET","5.000","2014-03-19T00:00:00",
"DITHIOCARBAMATES","ROKULA","5.000","2013-01-15T00:00:00",
"DITHIOCARBAMATES","POULTRY OFFAL","0.050","2013-01-15T00:00:00",
"DITHIOCARBAMATES","MIZONA","5.000","2014-03-19T00:00:00",
"DITHIOCARBAMATES","SPRING ONION","5.000","2013-01-15T00:00:00",
"DITHIOCARBAMATES","TATSUI LEAVES","5.000","2014-03-19T00:00:00",
"DIURON","GRAPES","0.100","2013-01-15T00:00:00",
"DIURON","CITRUS FRUIT","0.100","2013-01-15T00:00:00",
"DIURON","ARTICHOKE","0.100","2013-01-15T00:00:00",
"DIURON","COTTON","0.100","2013-01-15T00:00:00",
"DIURON","ALMOND","0.100","2013-01-15T00:00:00",
"DIURON","PECAN","0.100","2013-01-15T00:00:00",
"DIURON","AVOCADO","0.100","2013-01-15T00:00:00",
"DIURON","FEIJOA","0.100","2013-01-15T00:00:00",
"DIURON","KIWI","0.100","2013-01-15T00:00:00",
"DIURON","MANGO","0.100","2013-01-15T00:00:00",
"DIURON","PERSIMMON","0.100","2013-01-15T00:00:00",
"DIURON","POMEGRANATE","0.100","2013-01-15T00:00:00",
"DIURON","APPLE","0.100","2013-01-15T00:00:00",
"DIURON","LOQUAT","0.100","2013-01-15T00:00:00",
"DIURON","PEAR","0.100","2013-01-15T00:00:00",
"DIURON","PLUM","0.100","2013-01-15T00:00:00",
"DIURON","CHERRY","0.100","2013-01-15T00:00:00",
"DIURON","NECTARINE","0.100","2013-01-15T00:00:00",
"DIURON","PEACH","0.100","2013-01-15T00:00:00",
"DIURON","DATE","0.100","2013-01-15T00:00:00",
"DIURON","OLIVES","0.100","2013-01-15T00:00:00",
"DIURON","GUAVA","0.100","2013-01-15T00:00:00",
"DIURON","ANONA","0.100","2013-01-15T00:00:00",
"DODINE","APPLE","0.300","2016-05-29T00:00:00",
"DODINE","CHERRY",,"2023-03-15T00:00:00","0.600"
"DODINE","OLIVES",,"2021-10-21T00:00:00","3.500"
"EMAMECTIN BENZOATE","THYME","0.100","2010-01-18T00:00:00",
"EMAMECTIN BENZOATE","GRAPES","0.300","2013-05-19T00:00:00",
"EMAMECTIN BENZOATE","STRAWBERRY","0.010","2011-07-25T00:00:00",
"EMAMECTIN BENZOATE","POTATO","0.010","2000-10-15T00:00:00",
"EMAMECTIN BENZOATE","CELERIAC","0.010","1999-01-01T00:00:00",
"EMAMECTIN BENZOATE","CABBAGE","0.010","1999-01-01T00:00:00",
"EMAMECTIN BENZOATE","BROCCOLI","0.010","2012-08-26T00:00:00",
"EMAMECTIN BENZOATE","CAULIFLOWER","0.010","1999-01-01T00:00:00",
"EMAMECTIN BENZOATE","KOHLRABI","0.010","2015-11-12T00:00:00",
"EMAMECTIN BENZOATE","BEET, GREENS","0.100","2014-03-19T00:00:00",
"EMAMECTIN BENZOATE","CORIANDER","0.100","2010-01-18T00:00:00",
"EMAMECTIN BENZOATE","LETTUCE","0.100","1999-01-01T00:00:00",
"EMAMECTIN BENZOATE","SPINACH","0.100","2014-03-19T00:00:00",
"EMAMECTIN BENZOATE","PEPPER","0.010","2005-09-07T00:00:00",
"EMAMECTIN BENZOATE","EGG PLANT","0.010","2013-05-19T00:00:00",
"EMAMECTIN BENZOATE","SWEET CORN","0.010","1999-01-01T00:00:00",
"EMAMECTIN BENZOATE","TOMATO","0.010","1999-01-01T00:00:00",
"EMAMECTIN BENZOATE","BEANS",,"2011-07-24T00:00:00","0.010"
"EMAMECTIN BENZOATE","SWEET POTATO","0.010","2012-08-26T00:00:00",
"EMAMECTIN BENZOATE","CARROT","0.010","2012-08-26T00:00:00",
"EMAMECTIN BENZOATE","COTTON","0.010","2005-09-07T00:00:00",
"EMAMECTIN BENZOATE","ALMOND","0.010","2016-07-28T00:00:00",
"EMAMECTIN BENZOATE","POMEGRANATE","0.010","2013-05-19T00:00:00",
"EMAMECTIN BENZOATE","APPLE","0.020","2012-08-26T00:00:00",
"EMAMECTIN BENZOATE","PEAR","0.020","2012-08-26T00:00:00",
"EMAMECTIN BENZOATE","QUINCE","0.200","2016-05-11T00:00:00",
"EMAMECTIN BENZOATE","PLUM","0.010","2016-07-28T00:00:00",
"EMAMECTIN BENZOATE","APRICOT","0.010","2007-05-06T00:00:00",
"EMAMECTIN BENZOATE","NECTARINE","0.010","2005-09-07T00:00:00",
"EMAMECTIN BENZOATE","PEACH","0.010","2016-07-28T00:00:00",
"EMAMECTIN BENZOATE","BASIL","0.100","2005-10-30T00:00:00",
"EMAMECTIN BENZOATE","CHIVES","0.100","2005-10-30T00:00:00",
"EMAMECTIN BENZOATE","DILL","0.100","2010-01-18T00:00:00",
"EMAMECTIN BENZOATE","MINT","0.100","2005-10-30T00:00:00",
"EMAMECTIN BENZOATE","PARSLEY (roots and leaves)","0.100","2010-01-18T00:00:00",
"EMAMECTIN BENZOATE","ROSMARINE","0.100","2010-01-18T00:00:00",
"EMAMECTIN BENZOATE","SAGE","0.100","2010-01-18T00:00:00",
"EMAMECTIN BENZOATE","ESTRAGON","0.100","2010-01-18T00:00:00",
"EMAMECTIN BENZOATE","ROKET","0.100","2014-03-19T00:00:00",
"EMAMECTIN BENZOATE","ROKULA","0.100","2005-10-30T00:00:00",
"EMAMECTIN BENZOATE","MIZONA","0.100","2014-03-19T00:00:00",
"EMAMECTIN BENZOATE","SPRING ONION","0.100","2012-07-02T00:00:00",
"EMAMECTIN BENZOATE","TATSUI LEAVES","0.100","2014-03-19T00:00:00",
"ENDRIN","VEGETABLES","0.050","1998-11-01T00:00:00",
"ENDRIN","POULTRY MEAT","0.100","1996-01-01T00:00:00",
"ESFENVALERATE","FODDER BEET","0.050","1996-01-01T00:00:00",
"ESFENVALERATE","GRAPES","0.500","1996-01-01T00:00:00",
"ESFENVALERATE","POTATO","0.050","1996-01-01T00:00:00",
"ESFENVALERATE","ARTICHOKE","0.200","1996-01-01T00:00:00",
"ESFENVALERATE","CABBAGE","3.000","1996-01-01T00:00:00",
"ESFENVALERATE","CAULIFLOWER","2.000","1996-01-01T00:00:00",
"ESFENVALERATE","MELON","0.200","1996-01-01T00:00:00",
"ESFENVALERATE","CUCUMBER","0.200","1996-01-01T00:00:00",
"ESFENVALERATE","PUMPKINS","0.500","2015-11-16T00:00:00",
"ESFENVALERATE","PEPPER","0.500","1996-01-01T00:00:00",
"ESFENVALERATE","EGG PLANT","0.500","1996-01-01T00:00:00",
"ESFENVALERATE","TOMATO","1.000","1996-01-01T00:00:00",
"ESFENVALERATE","BEANS","0.100","1996-01-01T00:00:00",
"ESFENVALERATE","SCARLET","0.500","2015-11-16T00:00:00",
"ESFENVALERATE","BEETROOT","0.050","1996-01-01T00:00:00",
"ESFENVALERATE","CARROT","0.050","1996-01-01T00:00:00",
"ESFENVALERATE","ONION","0.050","1996-01-01T00:00:00",
"ESFENVALERATE","COTTON","0.200","1996-01-01T00:00:00",
"ESFENVALERATE","GARLIC","0.050","1996-01-01T00:00:00",
"ESFENVALERATE","APPLE",,"2024-09-09T00:00:00","0.200"
"ESFENVALERATE","NECTARINE",,"2024-09-09T00:00:00","0.200"
"ESFENVALERATE","PEACH","5.000","1996-01-01T00:00:00","0.200"
"ETHALFLURALIN","MELON","0.020","2013-01-15T00:00:00",
"ETHALFLURALIN","CUCUMBER","0.020","2013-01-15T00:00:00",
"ETHALFLURALIN","SQUASH","0.020","2013-01-15T00:00:00",
"ETHALFLURALIN","WATERMELON","0.020","2013-01-15T00:00:00",
"ETHALFLURALIN","PEANUT","0.020","2013-01-15T00:00:00",
"ETHEPHON","GRAPES","2.000","1996-01-01T00:00:00",
"ETHEPHON","COTTON","0.100","1996-01-01T00:00:00",
"ETHEPHON","APPLE","5.000","1996-01-01T00:00:00",
"ETHEPHON","PEAR","5.000","2005-09-07T00:00:00",
"ETHEPHON","PLUM","0.500","1996-01-01T00:00:00",
"ETHEPHON","KUMQUATS","2.000","2013-01-15T00:00:00",
"ETHEPHON","OLIVES","0.100","1996-01-01T00:00:00",
"ETHOXYQUIN","PEAR","3.000","1996-01-01T00:00:00",
"ETOFENPROX","GRAPES","2.000","1996-01-01T00:00:00",
"ETOFENPROX","STRAWBERRY","2.000","1996-01-01T00:00:00",
"ETOFENPROX","CITRUS FRUIT","0.200","1996-01-01T00:00:00",
"ETOFENPROX","CUCUMBER","2.000","1996-01-01T00:00:00",
"ETOFENPROX","EGG PLANT","2.000","1996-01-01T00:00:00",
"ETOFENPROX","ALMOND","2.000","1996-01-01T00:00:00",
"ETOFENPROX","APPLE","1.000","1996-01-01T00:00:00",
"ETOFENPROX","PEAR","1.000","1996-01-01T00:00:00",
"ETOFENPROX","PLUM","1.000","1996-01-01T00:00:00",
"ETOFENPROX","NECTARINE","1.000","2004-07-13T00:00:00",
"ETOFENPROX","PEACH","1.000","1996-01-01T00:00:00",
"ETOFENPROX","OLIVES","1.000","2005-09-14T00:00:00",
"ETOXAZOLE","THYME","2.000","2013-09-15T00:00:00",
"ETOXAZOLE","CITRUS FRUIT","0.050","2000-01-01T00:00:00",
"ETOXAZOLE","MELISA","2.000","2013-09-15T00:00:00",
"ETOXAZOLE","CELERIAC","0.200","2013-09-15T00:00:00",
"ETOXAZOLE","MELON","0.020","2001-07-15T00:00:00",
"ETOXAZOLE","CUCUMBER","0.020","2001-07-15T00:00:00",
"ETOXAZOLE","PUMPKINS","0.020","2015-11-16T00:00:00",
"ETOXAZOLE","WATERMELON","0.020","2001-07-15T00:00:00",
"ETOXAZOLE","CORIANDER","0.200","2013-09-15T00:00:00",
"ETOXAZOLE","PEPPER","0.050","2001-05-24T00:00:00",
"ETOXAZOLE","EGG PLANT","0.050","2001-05-24T00:00:00",
"ETOXAZOLE","TOMATO","0.020","2001-07-15T00:00:00",
"ETOXAZOLE","SCARLET","0.020","2015-11-16T00:00:00",
"ETOXAZOLE","APPLE","0.020","2000-01-01T00:00:00",
"ETOXAZOLE","BASIL","2.000","2013-09-15T00:00:00",
"ETOXAZOLE","CHIVES","0.200","2013-09-15T00:00:00",
"ETOXAZOLE","DILL","0.200","2013-09-15T00:00:00",
"ETOXAZOLE","MARJORAM","2.000","2013-09-15T00:00:00",
"ETOXAZOLE","MINT","2.000","2013-09-15T00:00:00",
"ETOXAZOLE","PARSLEY (roots and leaves)","0.200","2013-09-15T00:00:00",
"ETOXAZOLE","ROSMARINE","2.000","2013-09-15T00:00:00",
"ETOXAZOLE","SAGE","2.000","2013-09-15T00:00:00",
"ETOXAZOLE","ESTRAGON","2.000","2013-09-15T00:00:00",
"ETOXAZOLE","ROKET",,"2019-04-11T00:00:00","0.200"
"ETOXAZOLE","ROKULA","0.200","2013-09-15T00:00:00",
"ETOXAZOLE","SPRING ONION","0.200","2013-09-15T00:00:00",
"FAMOXADONE","CITRUS FRUIT","0.050","2005-09-14T00:00:00",
"FAMOXADONE","POTATO","0.050","2006-04-02T00:00:00","0.010"
"FAMOXADONE","CUCUMBER",,"2023-06-04T00:00:00","0.100"
"FAMOXADONE","SQUASH",,"2023-07-12T00:00:00","0.050"
"FAMOXADONE","CHICK PEA","0.050","2005-09-14T00:00:00",
"FAMOXADONE","TOMATO","0.050","2005-09-14T00:00:00","1.000"
"FAMOXADONE","ONION",,"2023-06-04T00:00:00","0.010"
"FAMOXADONE","COTTON","0.050","2005-09-14T00:00:00",
"FENAMIDONE","GRAPES","0.500","2006-07-09T00:00:00",
"FENAMIDONE","POTATO","0.050","2005-09-15T00:00:00",
"FENAMIDONE","MELON","5.000","2015-11-12T00:00:00",
"FENAMIDONE","CUCUMBER","0.050","2005-09-15T00:00:00",
"FENAMIDONE","PUMPKINS","0.100","2015-11-15T00:00:00",
"FENAMIDONE","SCARLET","0.100","2015-11-15T00:00:00",
"FENAMIDONE","ONION","0.050","2005-09-15T00:00:00",
"FENAMIDONE","BASIL",,"2017-04-05T00:00:00","5.000"
"FENAMIPHOS","GRAPES","0.020","1996-01-01T00:00:00",
"FENAMIPHOS","CARROT","0.100","2013-06-30T00:00:00",
"FENAMIPHOS","ONION","0.050","1996-01-01T00:00:00",
"FENAMIPHOS","GARLIC","0.050","1996-01-01T00:00:00",
"FENAMIPHOS","PLUM","0.050","1996-01-01T00:00:00",
"FENARIMOL","GRAPES","0.300","1998-11-01T00:00:00","יתבטל"
"FENARIMOL","MELON","0.050","1998-11-01T00:00:00","יתבטל"
"FENARIMOL","CUCUMBER","0.050","1998-11-01T00:00:00","יתבטל"
"FENARIMOL","SQUASH","0.500","1998-11-01T00:00:00","יתבטל"
"FENARIMOL","WATERMELON","0.050","1998-11-01T00:00:00","יתבטל"
"FENARIMOL","PEPPER","0.500","1998-11-01T00:00:00","יתבטל"
"FENARIMOL","EGG PLANT","0.500","1998-11-01T00:00:00","יתבטל"
"FENARIMOL","TOMATO","0.500","1998-11-01T00:00:00","יתבטל"
"FENARIMOL","MANGO","0.300","1998-11-01T00:00:00","יתבטל"
"FENARIMOL","NECTARINE","0.500","2004-07-13T00:00:00","יתבטל"
"FENARIMOL","PEACH","0.500","1998-11-01T00:00:00","יתבטל"
"FENAZAQUIN","CITRUS FRUIT","0.100","1999-01-01T00:00:00",
"FENAZAQUIN","CUCUMBER","0.100","1996-01-01T00:00:00",
"FENAZAQUIN","WATERMELON","0.100","1996-01-01T00:00:00",
"FENAZAQUIN","EGG PLANT","0.100","1996-01-01T00:00:00",
"FENAZAQUIN","TOMATO","0.100","1996-01-01T00:00:00",
"FENAZAQUIN","APPLE","0.100","1996-01-01T00:00:00",
"FENAZAQUIN","PEAR","0.100","2005-09-15T00:00:00",
"FENAZAQUIN","PEACH","0.100","2005-09-15T00:00:00",
"FENBUCONAZOLE","GRAPES","1.000","1998-11-01T00:00:00",
"FENBUCONAZOLE","STRAWBERRY","0.200","1999-01-01T00:00:00","יתבטל"
"FENBUCONAZOLE","MELON","0.200","1999-01-01T00:00:00","יתבטל"
"FENBUCONAZOLE","CUCUMBER","0.200","1998-11-01T00:00:00","יתבטל"
"FENBUCONAZOLE","SQUASH","0.200","1999-01-01T00:00:00","יתבטל"
"FENBUCONAZOLE","WATERMELON","0.200","1999-01-01T00:00:00","יתבטל"
"FENBUCONAZOLE","PEPPER","0.200","1996-01-01T00:00:00","יתבטל"
"FENBUCONAZOLE","EGG PLANT","0.500","2006-01-11T00:00:00",
"FENBUCONAZOLE","TOMATO","0.200","1996-01-01T00:00:00","יתבטל"
"FENBUCONAZOLE","PEANUT","0.200","1999-01-01T00:00:00",
"FENBUCONAZOLE","ALMOND","0.200","1996-01-01T00:00:00",
"FENBUCONAZOLE","MANGO","0.500","1999-01-01T00:00:00",
"FENBUCONAZOLE","APPLE","0.100","1998-11-01T00:00:00",
"FENBUCONAZOLE","LOQUAT","0.500","1999-01-01T00:00:00",
"FENBUCONAZOLE","PEAR","0.100","1998-11-01T00:00:00",
"FENBUCONAZOLE","PLUM","0.500","1998-11-01T00:00:00",
"FENBUCONAZOLE","APRICOT","0.500","1998-11-01T00:00:00",
"FENBUCONAZOLE","NECTARINE","0.500","1998-11-01T00:00:00",
"FENBUCONAZOLE","PEACH","0.500","1998-11-01T00:00:00",
"FENBUCONAZOLE","WHEAT","0.100","1998-11-01T00:00:00",
"FENBUTATIN OXIDE","CITRUS FRUIT","5.000","1999-01-01T00:00:00","יתבטל"
"FENBUTATIN OXIDE","MELON","0.500","1999-01-01T00:00:00","יתבטל"
"FENBUTATIN OXIDE","CUCUMBER","0.500","1999-01-01T00:00:00","יתבטל"
"FENBUTATIN OXIDE","WATERMELON","0.500","1999-01-01T00:00:00","יתבטל"
"FENBUTATIN OXIDE","EGG PLANT","0.500","1999-01-01T00:00:00","יתבטל"
"FENBUTATIN OXIDE","ALMOND","0.500","2013-01-15T00:00:00","יתבטל"
"FENBUTATIN OXIDE","PERSIMMON","3.000","2005-09-15T00:00:00","יתבטל"
"FENBUTATIN OXIDE","APPLE","5.000","2013-01-15T00:00:00","יתבטל"
"FENBUTATIN OXIDE","PLUM","10.000","2013-01-15T00:00:00","יתבטל"
"FENBUTATIN OXIDE","NECTARINE","7.000","2013-01-15T00:00:00","יתבטל"
"FENBUTATIN OXIDE","PEACH","7.000","2013-01-15T00:00:00","יתבטל"
"FENBUTATIN OXIDE","DATE","0.500","2005-09-15T00:00:00","יתבטל"
"FENHEXAMID","GRAPES","4.000","2012-11-13T00:00:00",
"FENHEXAMID","STRAWBERRY","4.000","2001-03-26T00:00:00",
"FENHEXAMID","CUCUMBER","0.500","2000-01-01T00:00:00",
"FENHEXAMID","PEPPER","0.500","2006-04-05T00:00:00",
"FENHEXAMID","EGG PLANT","0.500","2001-01-15T00:00:00",
"FENHEXAMID","TOMATO","0.500","2001-03-21T00:00:00",
"FENHEXAMID","ONION","0.050","2009-06-23T00:00:00",
"FENHEXAMID","ALMOND","0.020","2001-03-26T00:00:00",
"FENHEXAMID","OREGANO","0.500","2005-09-15T00:00:00",
"FENHEXAMID","BASIL","0.500","2005-09-15T00:00:00",
"FENHEXAMID","HYSSOP","0.500","2005-09-15T00:00:00",
"FENOXAPROP-P-ETHYL","WHEAT","0.020","2013-01-16T00:00:00","יתבטל"
"FENOXYCARB","GRAPES","2.500","2013-05-19T00:00:00",
"FENOXYCARB","CARROT",,"2020-07-28T00:00:00","0.200"
"FENOXYCARB","POMEGRANATE",,"2024-01-29T00:00:00","0.500"
"FENOXYCARB","APPLE","0.050","1996-01-01T00:00:00","0.250"
"FENOXYCARB","PEAR","0.050","1996-01-01T00:00:00",
"FENPYRAZAMINE","STRAWBERRY",,"2019-06-16T00:00:00","1.000"
"FENPYRAZAMINE","PEPPER",,"2021-11-23T00:00:00","0.800"
"FENPYRAZAMINE","EGG PLANT",,"2021-11-23T00:00:00","0.700"
"FENPYRAZAMINE","TOMATO",,"2021-11-23T00:00:00","1.800"
"FENPYROXIMATE","GRAPES","0.050","1996-01-01T00:00:00",
"FENPYROXIMATE","STRAWBERRY","0.050","1996-01-01T00:00:00",
"FENPYROXIMATE","CITRUS FRUIT","0.050","1999-01-01T00:00:00",
"FENPYROXIMATE","CUCUMBER","0.050","1996-01-01T00:00:00",
"FENPYROXIMATE","WATERMELON","0.050","1996-01-01T00:00:00",
"FENPYROXIMATE","PEPPER","0.050","1996-01-01T00:00:00",
"FENPYROXIMATE","EGG PLANT","0.050","1996-01-01T00:00:00",
"FENPYROXIMATE","TOMATO","0.050","1996-01-01T00:00:00",
"FENPYROXIMATE","BEANS","0.050","1996-01-01T00:00:00",
"FENPYROXIMATE","APPLE","0.100","1996-01-01T00:00:00",
"FENPYROXIMATE","PEAR","0.100","1996-01-01T00:00:00",
"FENPYROXIMATE","NECTARINE","0.100","1996-01-01T00:00:00",
"FENPYROXIMATE","PEACH","0.100","1996-01-01T00:00:00",
"FLAZASULFURON","GRAPES",,"2024-05-13T00:00:00","0.010"
"FLAZASULFURON","CITRUS FRUIT",,"2024-05-13T00:00:00","0.010"
"FLONICAMID","GRAPES","0.500","2012-01-10T00:00:00",
"FLONICAMID","STRAWBERRY","0.200","2012-07-26T00:00:00",
"FLONICAMID","CITRUS FRUIT","0.100","2015-11-17T00:00:00",
"FLONICAMID","POTATO","0.200","2012-07-26T00:00:00",
"FLONICAMID","ARTICHOKE","0.100","2014-08-04T00:00:00",
"FLONICAMID","MELON","0.050","2012-11-18T00:00:00",
"FLONICAMID","CUCUMBER","0.050","2012-11-18T00:00:00",
"FLONICAMID","PUMPKINS","0.050","2012-11-18T00:00:00",
"FLONICAMID","SQUASH","0.050","2012-11-18T00:00:00",
"FLONICAMID","WATERMELON","0.050","2012-11-18T00:00:00",
"FLONICAMID","PEPPER","0.200","2011-07-25T00:00:00",
"FLONICAMID","SCARLET","0.050","2012-11-18T00:00:00",
"FLONICAMID","COTTON",,"2018-02-18T00:00:00","0.020"
"FLONICAMID","ALMOND","0.050","2013-09-23T00:00:00",
"FLONICAMID","PECAN","0.050","2014-02-16T00:00:00",
"FLONICAMID","PERSIMMON","0.200","2011-07-25T00:00:00",
"FLONICAMID","POMEGRANATE","0.300","2011-07-25T00:00:00",
"FLONICAMID","APPLE","0.200","2012-01-10T00:00:00",
"FLONICAMID","PEAR","0.200","2012-02-23T00:00:00",
"FLONICAMID","NECTARINE","0.600","2012-01-10T00:00:00",
"FLONICAMID","PEACH","0.600","2012-01-10T00:00:00",
"FLONICAMID","CORN","0.050","2015-11-15T00:00:00",
"FLORASULAM","BARLEY","0.010","2015-11-12T00:00:00",
"FLORASULAM","OAT","0.010","2005-09-18T00:00:00",
"FLORASULAM","WHEAT","0.010","1999-01-01T00:00:00",
"FLUAZIFOP-P-BUTYL","ALFALFA","0.100","2006-10-18T00:00:00",
"FLUAZIFOP-P-BUTYL","CLOVER","0.100","2006-10-18T00:00:00",
"FLUAZIFOP-P-BUTYL","VETCH","0.100","2006-10-18T00:00:00",
"FLUAZIFOP-P-BUTYL","FODDER BEET","0.100","2006-10-18T00:00:00",
"FLUAZIFOP-P-BUTYL","GRAPES","0.100","2006-10-18T00:00:00",
"FLUAZIFOP-P-BUTYL","POTATO","0.100","2006-10-18T00:00:00",
"FLUAZIFOP-P-BUTYL","CELERIAC","0.100","2006-10-18T00:00:00",
"FLUAZIFOP-P-BUTYL","CABBAGE","0.100","2013-01-16T00:00:00",
"FLUAZIFOP-P-BUTYL","CAULIFLOWER","0.100","2013-01-16T00:00:00",
"FLUAZIFOP-P-BUTYL","MELON","0.100","2006-10-18T00:00:00",
"FLUAZIFOP-P-BUTYL","CUCUMBER","0.100","2006-10-18T00:00:00",
"FLUAZIFOP-P-BUTYL","SQUASH","0.100","2006-10-18T00:00:00",
"FLUAZIFOP-P-BUTYL","WATERMELON","0.100","2013-01-16T00:00:00",
"FLUAZIFOP-P-BUTYL","CHICK PEA","0.100","2006-10-18T00:00:00",
"FLUAZIFOP-P-BUTYL","LETTUCE","0.100","2006-10-18T00:00:00",
"FLUAZIFOP-P-BUTYL","PEPPER","0.100","2006-10-18T00:00:00",
"FLUAZIFOP-P-BUTYL","TOMATO","0.100","2006-10-18T00:00:00",
"FLUAZIFOP-P-BUTYL","PEAS","0.100","2006-10-18T00:00:00",
"FLUAZIFOP-P-BUTYL","BEETROOT","0.100","2006-10-18T00:00:00",
"FLUAZIFOP-P-BUTYL","CARROT","0.100","2006-10-18T00:00:00",
"FLUAZIFOP-P-BUTYL","ONION","0.100","2006-10-18T00:00:00",
"FLUAZIFOP-P-BUTYL","COTTON","0.100","2006-10-18T00:00:00",
"FLUAZIFOP-P-BUTYL","PEANUT","0.100","2006-10-18T00:00:00",
"FLUAZIFOP-P-BUTYL","SUNFLOWER","0.100","2006-10-18T00:00:00",
"FLUAZIFOP-P-BUTYL","GARLIC","0.100","2006-10-18T00:00:00",
"FLUAZIFOP-P-BUTYL","APPLE","0.100","2006-10-18T00:00:00",
"FLUAZIFOP-P-BUTYL","PEAR","0.100","2006-10-18T00:00:00",
"FLUAZINAM","GRAPES","0.200","2014-02-16T00:00:00",
"FLUAZINAM","POTATO","0.050","1999-01-01T00:00:00",
"FLUAZINAM","MELON","0.050","1999-01-01T00:00:00",
"FLUAZINAM","CUCUMBER",,"2017-07-24T00:00:00","0.050"
"FLUAZINAM","SQUASH",,"2020-02-26T00:00:00","0.050"
"FLUAZINAM","LETTUCE","0.900","2016-05-23T00:00:00",
"FLUAZINAM","TOMATO","0.010","2017-12-28T00:00:00",
"FLUAZINAM","PEANUT","0.050","1999-01-01T00:00:00",
"FLUBENDIAMIDE","GRAPES","1.000","2011-11-14T00:00:00",
"FLUBENDIAMIDE","STRAWBERRY","0.010","2015-11-12T00:00:00","0.100"
"FLUBENDIAMIDE","POTATO","0.020","2014-08-06T00:00:00",
"FLUBENDIAMIDE","SMALL RADISH","0.050","2014-02-16T00:00:00",
"FLUBENDIAMIDE","CABBAGE","0.400","2014-02-16T00:00:00",
"FLUBENDIAMIDE","BROCCOLI","0.400","2014-02-16T00:00:00",
"FLUBENDIAMIDE","CAULIFLOWER","0.400","2014-02-16T00:00:00",
"FLUBENDIAMIDE","CUCUMBER","0.010","2013-05-13T00:00:00",
"FLUBENDIAMIDE","SQUASH","0.010","2013-09-16T00:00:00",
"FLUBENDIAMIDE","CHICK PEA","0.150","2014-08-06T00:00:00",
"FLUBENDIAMIDE","LETTUCE","0.400","2014-02-16T00:00:00",
"FLUBENDIAMIDE","PEPPER","0.100","2013-05-13T00:00:00",
"FLUBENDIAMIDE","TOMATO","0.300","2011-11-14T00:00:00",
"FLUBENDIAMIDE","BEANS","0.010","2014-08-04T00:00:00",
"FLUBENDIAMIDE","CARROT","0.020","2014-02-16T00:00:00",
"FLUBENDIAMIDE","PEANUT","0.020","2014-02-16T00:00:00",
"FLUBENDIAMIDE","POMEGRANATE","0.070","2015-11-12T00:00:00",
"FLUBENDIAMIDE","APPLE","0.030","2011-07-25T00:00:00",
"FLUBENDIAMIDE","PEAR","0.200","2014-02-16T00:00:00",
"FLUBENDIAMIDE","OLIVES","0.020","2014-02-16T00:00:00",
"FLUBENDIAMIDE","CORN","0.020","2012-12-02T00:00:00",
"FLUBENDIAMIDE","MINT","1.000","2013-05-13T00:00:00",
"FLUDIOXONIL","THYME","1.000","2011-12-19T00:00:00",
"FLUDIOXONIL","GRAPES","1.000","2005-09-19T00:00:00",
"FLUDIOXONIL","STRAWBERRY","0.500","1999-01-02T00:00:00",
"FLUDIOXONIL","CITRUS FRUIT","1.000","2009-06-01T00:00:00",
"FLUDIOXONIL","POTATO","0.010","2000-01-01T00:00:00",
"FLUDIOXONIL","CUCUMBER","0.200","2014-03-09T00:00:00",
"FLUDIOXONIL","SQUASH","0.200","2014-03-09T00:00:00",
"FLUDIOXONIL","CORIANDER","1.000","2011-12-19T00:00:00",
"FLUDIOXONIL","LETTUCE","1.000","2013-09-17T00:00:00",
"FLUDIOXONIL","PEPPER","0.500","2011-11-16T00:00:00",
"FLUDIOXONIL","EGG PLANT","0.300","2005-09-19T00:00:00",
"FLUDIOXONIL","TOMATO","0.300","1999-01-02T00:00:00",
"FLUDIOXONIL","SWEET POTATO",,"2024-02-28T00:00:00","3.000"
"FLUDIOXONIL","CARROT","0.300","2011-11-16T00:00:00","3.000"
"FLUDIOXONIL","AVOCADO",,"2021-02-28T00:00:00","0.500"
"FLUDIOXONIL","KIWI","12.000","2008-03-25T00:00:00",
"FLUDIOXONIL","MANGO",,"2018-06-18T00:00:00","2.000"
"FLUDIOXONIL","POMEGRANATE","1.000","2010-01-04T00:00:00",
"FLUDIOXONIL","APPLE","1.000","2009-06-01T00:00:00",
"FLUDIOXONIL","PEAR","1.000","2008-03-25T00:00:00",
"FLUDIOXONIL","PLUM","0.200","2010-06-21T00:00:00",
"FLUDIOXONIL","APRICOT","0.200","2010-06-24T00:00:00",
"FLUDIOXONIL","CHERRY","0.200","2011-11-16T00:00:00",
"FLUDIOXONIL","NECTARINE","0.200","2007-06-12T00:00:00",
"FLUDIOXONIL","PEACH","0.200","2007-07-11T00:00:00",
"FLUDIOXONIL","WHEAT","0.010","2014-08-04T00:00:00",
"FLUDIOXONIL","BASIL","1.000","2005-09-19T00:00:00",
"FLUDIOXONIL","CHIVES","1.000","2011-12-19T00:00:00",
"FLUDIOXONIL","DILL","1.000","2011-12-19T00:00:00",
"FLUDIOXONIL","FENNEL","1.000","2005-09-19T00:00:00",
"FLUDIOXONIL","MINT","1.000","2005-09-19T00:00:00",
"FLUDIOXONIL","PARSLEY (roots and leaves)","1.000","2011-12-19T00:00:00",
"FLUDIOXONIL","ROSMARINE","1.000","2011-12-19T00:00:00",
"FLUDIOXONIL","ESTRAGON","1.000","2011-12-19T00:00:00",
"FLUDIOXONIL","ROKULA","1.000","2011-12-19T00:00:00",
"FLUDIOXONIL","SPRING ONION","1.000","2011-12-19T00:00:00",
"FLUENSULFONE","STRAWBERRY",,"2023-11-14T00:00:00","0.090"
"FLUENSULFONE","MELON","0.200","2013-09-16T00:00:00",
"FLUENSULFONE","CUCUMBER","0.200","2013-09-16T00:00:00","0.150"
"FLUENSULFONE","SQUASH","0.200","2015-11-12T00:00:00","0.150"
"FLUENSULFONE","LETTUCE","0.050","2011-11-14T00:00:00","0.800"
"FLUENSULFONE","PEPPER","0.200","2013-09-16T00:00:00","0.300"
"FLUENSULFONE","EGG PLANT","0.050","2011-11-14T00:00:00","0.300"
"FLUENSULFONE","TOMATO","0.050","2011-11-14T00:00:00","0.300"
"FLUENSULFONE","CARROT","0.700","2015-11-12T00:00:00",
"FLUFENACET","FORAGE CORN","0.020","2013-01-16T00:00:00","יתבטל"
"FLUFENACET","GRAPES","0.020","2013-01-16T00:00:00","יתבטל"
"FLUFENACET","CITRUS FRUIT","0.020","2013-01-16T00:00:00","יתבטל"
"FLUFENACET","POTATO","0.020","2013-01-16T00:00:00","יתבטל"
"FLUFENACET","CHICK PEA","0.020","2013-01-16T00:00:00","יתבטל"
"FLUFENACET","SWEET CORN","0.020","2013-01-16T00:00:00","יתבטל"
"FLUFENACET","SUNFLOWER","0.020","2013-01-16T00:00:00","יתבטל"
"FLUFENACET","ALMOND","0.020","2013-01-16T00:00:00","יתבטל"
"FLUFENACET","AVOCADO","0.020","2013-01-16T00:00:00","יתבטל"
"FLUFENACET","BANANA","0.020","2013-01-16T00:00:00","יתבטל"
"FLUFENACET","PERSIMMON","0.020","2013-01-16T00:00:00","יתבטל"
"FLUFENACET","POMEGRANATE","0.020","2013-01-16T00:00:00","יתבטל"
"FLUFENACET","PLUM","0.020","2013-01-16T00:00:00","יתבטל"
"FLUFENACET","APRICOT","0.020","2013-01-16T00:00:00","יתבטל"
"FLUFENACET","NECTARINE","0.020","2013-01-16T00:00:00","יתבטל"
"FLUFENACET","PEACH","0.020","2013-01-16T00:00:00","יתבטל"
"FLUFENACET","CORN","0.010","2017-12-28T00:00:00","יתבטל"
"FLUFENOXURON","GRAPES","2.000","1997-12-18T00:00:00","יתבטל"
"FLUFENOXURON","POMEGRANATE","0.200","2005-09-20T00:00:00","יתבטל"
"FLUFENOXURON","APPLE","0.200","2001-05-24T00:00:00","יתבטל"
"FLUFENOXURON","PEAR","0.200","2001-05-24T00:00:00","יתבטל"
"FLUMETSULAM","CLOVER","0.010","2013-01-16T00:00:00",
"FLUMETSULAM","VETCH","0.010","2013-01-16T00:00:00",
"FLUMETSULAM","CHICK PEA","0.010","2013-01-16T00:00:00",
"FLUMETSULAM","OAT","0.010","2005-09-20T00:00:00",
"FLUMETSULAM","WHEAT","0.010","1999-01-01T00:00:00",
"FLUMETSULAM","FENNEL","0.010","2011-11-16T00:00:00",
"FLUMIOXAZIN","GRAPES","0.010","1999-01-01T00:00:00",
"FLUMIOXAZIN","CITRUS FRUIT","0.010","1999-01-01T00:00:00",
"FLUMIOXAZIN","PECAN","0.010","1999-01-01T00:00:00",
"FLUMIOXAZIN","AVOCADO","0.010","1999-01-01T00:00:00",
"FLUMIOXAZIN","KIWI","0.010","1999-01-01T00:00:00",
"FLUMIOXAZIN","MANGO","0.010","1999-01-01T00:00:00",
"FLUMIOXAZIN","PERSIMMON","0.010","1999-01-01T00:00:00",
"FLUMIOXAZIN","APPLE","0.010","1999-01-01T00:00:00",
"FLUMIOXAZIN","PEAR","0.010","1999-01-01T00:00:00",
"FLUMIOXAZIN","PLUM","0.010","1999-01-01T00:00:00",
"FLUMIOXAZIN","NECTARINE","0.010","2004-07-13T00:00:00",
"FLUMIOXAZIN","PEACH","0.010","1999-01-01T00:00:00",
"FLUMIOXAZIN","GUAVA","0.010","1999-01-01T00:00:00",
"FLUMIOXAZIN","ANONA","0.010","1999-01-01T00:00:00",
"FLUOMETURON","COTTON","0.100","1999-01-01T00:00:00",
"FLUOPICOLIDE","POTATO","0.050","2012-02-15T00:00:00",
"FLUOPICOLIDE","MELON","0.100","2013-12-23T00:00:00",
"FLUOPICOLIDE","CUCUMBER","0.100","2012-08-13T00:00:00",
"FLUOPICOLIDE","PUMPKINS","0.050","2015-11-12T00:00:00",
"FLUOPICOLIDE","TOMATO","0.100","2012-02-15T00:00:00",
"FLUOPICOLIDE","SCARLET","0.050","2015-11-12T00:00:00",
"FLUOPYRAM","GRAPES","0.400","2015-11-12T00:00:00",
"FLUOPYRAM","STRAWBERRY","0.400","2016-05-23T00:00:00",
"FLUOPYRAM","MELON","0.050","2015-11-12T00:00:00",
"FLUOPYRAM","CUCUMBER","0.200","2016-06-05T00:00:00","0.300"
"FLUOPYRAM","SQUASH","0.050","2015-11-12T00:00:00",
"FLUOPYRAM","WATERMELON","0.050","2015-11-12T00:00:00",
"FLUOPYRAM","PEPPER",,"2021-04-26T00:00:00","0.700"
"FLUOPYRAM","EGG PLANT",,"2021-11-23T00:00:00","0.100"
"FLUOPYRAM","TOMATO","0.350","2016-06-05T00:00:00",
"FLUOPYRAM","SWEET POTATO",,"2025-06-26T00:00:00","0.150"
"FLUOPYRAM","CARROT","0.050","2016-05-16T00:00:00","0.400"
"FLUOPYRAM","ALMOND","0.050","2015-11-12T00:00:00",
"FLUOPYRAM","APPLE","0.200","2015-11-12T00:00:00",
"FLUOPYRAM","PEAR","0.200","2015-11-12T00:00:00",
"FLUOPYRAM","PLUM",,"2020-02-26T00:00:00","0.050"
"FLUOPYRAM","APRICOT","0.700","2015-11-12T00:00:00",
"FLUOPYRAM","CHERRY",,"2021-04-26T00:00:00","1.000"
"FLUOPYRAM","NECTARINE","0.700","2015-11-12T00:00:00",
"FLUOPYRAM","PEACH","0.700","2015-11-12T00:00:00",
"FLUOPYRAM","QUINCE","0.200","2015-11-12T00:00:00",
"FLUOXASTROBIN","PEPPER","0.010","2021-04-26T00:00:00",
"FLUPYRADIFURONE","GOOSEBERRY","3.000","2025-07-24T00:00:00","יתבטל"
"FLUPYRADIFURONE","GRAPES",,"2025-07-24T00:00:00","3.000"
"FLUPYRADIFURONE","CABBAGE",,"2021-01-20T00:00:00","0.050"
"FLUPYRADIFURONE","BROCCOLI",,"2022-10-06T00:00:00","0.010"
"FLUPYRADIFURONE","CAULIFLOWER",,"2022-10-06T00:00:00","0.010"
"FLUPYRADIFURONE","MELON",,"2021-01-20T00:00:00","0.100"
"FLUPYRADIFURONE","CUCUMBER",,"2021-01-20T00:00:00","0.300"
"FLUPYRADIFURONE","SQUASH",,"2021-01-20T00:00:00","0.300"
"FLUPYRADIFURONE","WATERMELON",,"2021-01-20T00:00:00","0.050"
"FLUPYRADIFURONE","LETTUCE",,"2022-10-06T00:00:00","2.500"
"FLUPYRADIFURONE","PEPPER",,"2021-01-20T00:00:00","0.300"
"FLUPYRADIFURONE","EGG PLANT",,"2021-01-20T00:00:00","0.300"
"FLUPYRADIFURONE","TOMATO",,"2021-01-20T00:00:00","0.300"
"FLUPYRADIFURONE","BEANS",,"2024-10-29T00:00:00","0.200"
"FLUPYRADIFURONE","ALMOND",,"2022-12-26T00:00:00","0.300"
"FLUPYRADIFURONE","APPLE",,"2022-10-06T00:00:00","0.300"
"FLUPYRADIFURONE","PEAR",,"2024-01-29T00:00:00","0.150"
"FLUPYRADIFURONE","PLUM",,"2022-10-06T00:00:00","0.150"
"FLUROCHLORIDONE","CHICK PEA","0.010","2013-01-16T00:00:00",
"FLUROCHLORIDONE","CORIANDER","0.010","2013-01-16T00:00:00",
"FLUROCHLORIDONE","SWEET POTATO","0.010","2009-12-03T00:00:00",
"FLUROCHLORIDONE","CARROT","0.010","2007-08-30T00:00:00",
"FLUROCHLORIDONE","COTTON","0.010","2013-01-16T00:00:00",
"FLUROCHLORIDONE","PEANUT","0.010","2011-01-09T00:00:00",
"FLUROCHLORIDONE","SUNFLOWER","0.010","2013-01-16T00:00:00",
"FLUROCHLORIDONE","DILL","0.010","2013-01-16T00:00:00",
"FLUROCHLORIDONE","PARSLEY (roots and leaves)","0.010","2013-01-16T00:00:00",
"FLUROXYPYR","CITRUS FRUIT","0.010","1999-01-01T00:00:00",
"FLUROXYPYR","JUJUBE CHINESE(SIMMONDSIA","0.010","2013-01-16T00:00:00",
"FLUROXYPYR","PECAN","0.010","1999-01-01T00:00:00",
"FLUROXYPYR","FEIJOA","0.010","1999-01-01T00:00:00",
"FLUROXYPYR","MANGO","0.010","1999-01-01T00:00:00",
"FLUROXYPYR","PERSIMMON","0.010","2005-09-20T00:00:00",
"FLUROXYPYR","POMEGRANATE","0.010","2013-01-16T00:00:00",
"FLUROXYPYR","APPLE","0.010","1999-01-01T00:00:00",
"FLUROXYPYR","PEAR","0.010","1999-01-01T00:00:00",
"FLUROXYPYR","PLUM","0.010","1999-01-01T00:00:00",
"FLUROXYPYR","APRICOT","0.010","1999-01-01T00:00:00",
"FLUROXYPYR","NECTARINE","0.010","2004-07-13T00:00:00",
"FLUROXYPYR","PEACH","0.010","1999-01-01T00:00:00",
"FLUROXYPYR","DATE","0.010","1999-01-01T00:00:00",
"FLUROXYPYR","OLIVES","0.010","2005-09-20T00:00:00",
"FLUROXYPYR","CORN","0.010","2017-12-28T00:00:00",
"FLUROXYPYR","WHEAT",,"2017-07-24T00:00:00","0.010"
"FLUROXYPYR","ANONA","0.010","1999-01-01T00:00:00",
"FLURPRIMIDOL","AVOCADO","0.050","2006-11-06T00:00:00",
"FLUSULFAMIDE","POTATO",,"2018-01-09T00:00:00","0.020"
"FLUTOLANIL","POTATO","0.100","2005-12-07T00:00:00",
"FLUTRIAFOL","CITRUS FRUIT","0.200","1998-05-15T00:00:00",
"FLUTRIAFOL","POTATO","0.200","1999-01-01T00:00:00",
"FLUTRIAFOL","PEPPER","0.200","2010-06-21T00:00:00",
"FLUTRIAFOL","EGG PLANT","0.020","2010-06-21T00:00:00",
"FLUTRIAFOL","CARROT","0.200","1999-01-01T00:00:00",
"FLUTRIAFOL","MANGO","0.030","2015-11-15T00:00:00",
"FLUTRIAFOL","PEACH","0.050","2015-11-12T00:00:00",
"FLUXAPYROXAD","GRAPES",,"2022-05-12T00:00:00","0.400"
"FLUXAPYROXAD","POTATO",,"2025-06-25T00:00:00","0.010"
"FLUXAPYROXAD","CUCUMBER",,"2024-01-29T00:00:00","0.200"
"FLUXAPYROXAD","CARROT",,"2023-12-11T00:00:00","0.080"
"FLUXAPYROXAD","MANGO",,"2022-12-04T00:00:00","0.010"
"FLUXAPYROXAD","APPLE",,"2022-12-04T00:00:00","0.300"
"FLUXAPYROXAD","APRICOT",,"2022-12-04T00:00:00","0.300"
"FLUXAPYROXAD","NECTARINE",,"2022-05-12T00:00:00","0.300"
"FLUXAPYROXAD","PEACH",,"2022-05-12T00:00:00","0.300"
"FOLPET","GRAPES","7.000","2011-07-25T00:00:00",
"FOLPET","POTATO","0.020","1996-01-01T00:00:00",
"FOLPET","CUCUMBER","0.500","1996-01-01T00:00:00",
"FOLPET","TOMATO","0.500","1999-01-01T00:00:00",
"FOLPET","CARROT","0.020","1996-01-01T00:00:00",
"FOLPET","ONION","1.000","2013-01-17T00:00:00",
"FOLPET","ALMOND","0.500","1999-01-01T00:00:00",
"FOLPET","APPLE","10.000","1996-01-01T00:00:00",
"FOLPET","PEAR","10.000","1996-01-01T00:00:00",
"FOLPET","NECTARINE","5.000","2005-09-20T00:00:00",
"FOLPET","PEACH","5.000","2005-09-20T00:00:00",
"FOMESAFEN","CHICK PEA","0.010","2013-01-17T00:00:00",
"FOMESAFEN","PEAS","0.010","2000-01-01T00:00:00",
"FOMESAFEN","BEANS","0.010","2000-01-01T00:00:00",
"FORAMSULFURON","CORN","0.050","2017-12-28T00:00:00",
"FORCHLORFENURON","GRAPES","0.010","2000-10-15T00:00:00",
"FORCHLORFENURON","KIWI","0.010","2000-10-15T00:00:00",
"FORCHLORFENURON","PEAR","0.010","2000-10-15T00:00:00",
"FORMETANATE HCL","CABBAGE","0.050","2013-01-16T00:00:00",
"FORMETANATE HCL","BROCCOLI","0.050","2013-01-16T00:00:00",
"FORMETANATE HCL","CAULIFLOWER","0.050","2012-05-06T00:00:00",
"FORMETANATE HCL","KOHLRABI","0.050","2013-01-16T00:00:00",
"FORMETANATE HCL","CUCUMBER","0.200","2012-08-26T00:00:00",
"FORMETANATE HCL","PEPPER","0.500","2012-05-06T00:00:00",
"FORMETANATE HCL","EGG PLANT","0.500","2012-05-06T00:00:00",
"FORMETANATE HCL","TOMATO","0.500","2012-05-06T00:00:00",
"FORMETANATE HCL","ONION","0.300","2012-01-08T00:00:00",
"FORMETANATE HCL","GARLIC","0.300","2012-01-08T00:00:00",
"FORMETANATE HCL","APRICOT","0.010","2012-08-26T00:00:00",
"FORMETANATE HCL","NECTARINE","0.010","2011-07-25T00:00:00",
"FORMETANATE HCL","PEACH","0.010","2011-07-25T00:00:00",
"FOSETYL AL","GRAPES","5.000","1996-01-01T00:00:00",
"FOSETYL AL","CITRUS FRUIT","5.000","1996-01-01T00:00:00",
"FOSETYL AL","MELON","1.000","1996-01-01T00:00:00",
"FOSETYL AL","CUCUMBER","2.000","1996-01-01T00:00:00",
"FOSETYL AL","PUMPKINS","0.500","2015-11-15T00:00:00",
"FOSETYL AL","SQUASH",,"2017-03-13T00:00:00","2.000"
"FOSETYL AL","LETTUCE","1.000","1996-01-01T00:00:00",
"FOSETYL AL","SCARLET","0.500","2015-11-15T00:00:00",
"FOSETYL AL","ONION","0.500","2015-11-12T00:00:00",
"GLUFOSINATE AMMONIUM","VEGETABLES","0.010","2013-01-17T00:00:00",
"GLUFOSINATE AMMONIUM","FRUITS","0.010","2013-01-17T00:00:00",
"GLUFOSINATE AMMONIUM","GRAPES","0.010","2013-01-17T00:00:00",
"GLUFOSINATE AMMONIUM","CITRUS FRUIT","0.010","2013-01-17T00:00:00",
"GLUFOSINATE AMMONIUM","POTATO","0.010","2013-01-17T00:00:00",
"GLUFOSINATE AMMONIUM","COTTON","0.010","2013-01-17T00:00:00",
"GLUFOSINATE AMMONIUM","AVOCADO","0.010","2013-01-17T00:00:00",
"GLUFOSINATE AMMONIUM","MANGO","0.010","2013-01-17T00:00:00",
"GLUFOSINATE AMMONIUM","PERSIMMON","0.010","2013-01-17T00:00:00",
"GLUFOSINATE AMMONIUM","APPLE","0.010","2013-01-17T00:00:00",
"GLUFOSINATE AMMONIUM","LOQUAT","0.010","2013-01-17T00:00:00",
"GLUFOSINATE AMMONIUM","PLUM","0.010","2013-01-17T00:00:00",
"GLUFOSINATE AMMONIUM","NECTARINE","0.010","2013-01-17T00:00:00",
"GLUFOSINATE AMMONIUM","PEACH","0.010","2013-01-17T00:00:00",
"GLUFOSINATE AMMONIUM","DATE","0.010","2013-01-17T00:00:00",
"GLUFOSINATE AMMONIUM","OLIVES","0.010","2013-01-17T00:00:00",
"GLYPHOSATE","VETCH","0.100","1999-01-01T00:00:00",
"GLYPHOSATE","VEGETABLES","0.100","2005-09-20T00:00:00",
"GLYPHOSATE","FRUITS","0.200","2005-09-20T00:00:00",
"GLYPHOSATE","GRAPES","0.200","1999-01-01T00:00:00",
"GLYPHOSATE","CITRUS FRUIT","0.200","1999-01-01T00:00:00",
"GLYPHOSATE","MELON","0.500","1999-01-01T00:00:00",
"GLYPHOSATE","WATERMELON","0.500","1999-01-01T00:00:00",
"GLYPHOSATE","CHICK PEA","0.100","2013-01-17T00:00:00",
"GLYPHOSATE","ONION","0.100","2013-01-17T00:00:00",
"GLYPHOSATE","COTTON","0.500","1999-01-01T00:00:00",
"GLYPHOSATE","PEANUT","0.100","1999-01-01T00:00:00",
"GLYPHOSATE","SUNFLOWER","0.200","1999-01-01T00:00:00",
"GLYPHOSATE","ALMOND","1.000","1999-01-01T00:00:00",
"GLYPHOSATE","PECAN","0.200","1999-01-01T00:00:00",
"GLYPHOSATE","AVOCADO","0.200","1999-01-01T00:00:00",
"GLYPHOSATE","BANANA","0.200","1999-01-01T00:00:00",
"GLYPHOSATE","OLIVES","0.200","1999-01-01T00:00:00",
"GLYPHOSATE","CEREALS","0.100","1999-01-01T00:00:00",
"GLYPHOSATE","BARLEY","0.100","2013-01-17T00:00:00",
"GLYPHOSATE","CORN","0.100","1999-01-01T00:00:00",
"GLYPHOSATE","OAT","0.100","2013-01-17T00:00:00",
"GLYPHOSATE","SORGHUM","0.100","2013-01-17T00:00:00",
"GLYPHOSATE","WHEAT","5.000","1999-01-01T00:00:00",
"GUAZATINE","CITRUS FRUIT","5.000","1996-01-01T00:00:00","יתבטל"
"HALAUXIFEN METHYL","BARLEY","0.010","2015-11-12T00:00:00",
"HALAUXIFEN METHYL","OAT","0.010","2015-11-12T00:00:00",
"HALAUXIFEN METHYL","WHEAT","0.010","2015-11-12T00:00:00",
"HALOXYFOP R METHYL","CLOVER","0.020","2013-01-17T00:00:00",
"HALOXYFOP R METHYL","VETCH","0.020","2013-01-17T00:00:00",
"HALOXYFOP R METHYL","GRAPES","0.020","2013-01-17T00:00:00",
"HALOXYFOP R METHYL","CELERIAC","0.020","2013-01-17T00:00:00",
"HALOXYFOP R METHYL","CABBAGE","0.020","2013-01-17T00:00:00",
"HALOXYFOP R METHYL","BROCCOLI","0.020","2013-01-17T00:00:00",
"HALOXYFOP R METHYL","CAULIFLOWER","0.020","2013-01-17T00:00:00",
"HALOXYFOP R METHYL","WATERMELON","0.020","2013-01-17T00:00:00",
"HALOXYFOP R METHYL","CHICK PEA","0.020","2013-01-17T00:00:00",
"HALOXYFOP R METHYL","LETTUCE","0.020","2013-01-17T00:00:00",
"HALOXYFOP R METHYL","PEPPER","0.020","2013-01-17T00:00:00",
"HALOXYFOP R METHYL","TOMATO","0.020","2013-01-17T00:00:00",
"HALOXYFOP R METHYL","PEAS","0.020","2013-01-17T00:00:00",
"HALOXYFOP R METHYL","BEETROOT","0.020","2013-01-17T00:00:00",
"HALOXYFOP R METHYL","ONION","0.020","2013-01-17T00:00:00",
"HALOXYFOP R METHYL","COTTON","0.020","2013-01-17T00:00:00",
"HALOXYFOP R METHYL","PEANUT","0.020","2013-01-17T00:00:00",
"HALOXYFOP R METHYL","SAFFLOWER","0.020","2013-01-17T00:00:00",
"HALOXYFOP R METHYL","SUNFLOWER","0.020","2013-01-17T00:00:00",
"HALOXYFOP R METHYL","GARLIC","0.020","2013-01-17T00:00:00",
"HEPTACHLOR","MILK","0.006","1999-01-01T00:00:00",
"HEPTACHLOR","MEAT","0.200","1999-01-01T00:00:00",
"HEPTACHLOR","EGGS","0.050","1999-01-01T00:00:00",
"HEPTACHLOR","POULTRY MEAT","0.200","1999-01-01T00:00:00",
"HEPTACHLOR","COTTON","0.020","1996-01-01T00:00:00",
"HEPTACHLOR","CEREALS","0.020","1996-01-01T00:00:00",
"HYMEXAZOL","CUCUMBER","0.050","2013-01-17T00:00:00",
"HYMEXAZOL","TOMATO","0.050","2013-01-17T00:00:00",
"IMAZALIL","CITRUS FRUIT","5.000","1996-01-01T00:00:00",
"IMAZALIL","POTATO","5.000","2005-09-21T00:00:00",
"IMAZALIL","MELON","2.000","1996-01-01T00:00:00",
"IMAZALIL","BANANA","2.000","1999-01-01T00:00:00",
"IMAZALIL","PERSIMMON","0.010","2013-01-17T00:00:00",
"IMAZALIL","APPLE","0.010","2013-01-17T00:00:00",
"IMAZALIL","PLUM","0.010","2013-01-17T00:00:00",
"IMAZALIL","APRICOT","0.010","2013-01-17T00:00:00",
"IMAZALIL","PEACH","0.010","2013-01-17T00:00:00",
"IMAZALIL","WHEAT","0.010","2013-01-17T00:00:00",
"IMAZAMOX","ALFALFA","0.010","2013-01-17T00:00:00",
"IMAZAMOX","CLOVER","0.010","2013-01-17T00:00:00",
"IMAZAMOX","VETCH","0.010","2013-01-17T00:00:00",
"IMAZAMOX","PEAS","0.010","2013-01-17T00:00:00",
"IMAZAMOX","BEANS","0.010","2013-01-17T00:00:00",
"IMAZAMOX","PEANUT","0.010","2013-01-17T00:00:00",
"IMAZAPIC","TOMATO","0.100","2016-05-29T00:00:00",
"IMAZAPIC","PEANUT","0.010","2013-01-17T00:00:00",
"IMAZAPYR","DATE","0.010","1999-01-01T00:00:00",
"IMAZETHAPYR","PEAS","0.010","1999-01-01T00:00:00",
"IMIDACLOPRID","THYME","2.000","2011-12-19T00:00:00",
"IMIDACLOPRID","GRAPES","0.100","1998-05-01T00:00:00",
"IMIDACLOPRID","STRAWBERRY","0.100","2000-07-10T00:00:00",
"IMIDACLOPRID","CITRUS FRUIT","0.500","1996-01-01T00:00:00",
"IMIDACLOPRID","POTATO","0.500","2005-09-21T00:00:00",
"IMIDACLOPRID","CABBAGE","0.500","2014-03-02T00:00:00",
"IMIDACLOPRID","BROCCOLI","0.500","2014-03-02T00:00:00",
"IMIDACLOPRID","CAULIFLOWER","0.500","2014-03-02T00:00:00",
"IMIDACLOPRID","KOHLRABI","0.500","2014-03-02T00:00:00",
"IMIDACLOPRID","MELON","0.100","1996-01-01T00:00:00",
"IMIDACLOPRID","CUCUMBER","1.000","2012-12-02T00:00:00",
"IMIDACLOPRID","SQUASH","1.000","2012-12-02T00:00:00",
"IMIDACLOPRID","WATERMELON","0.100","1996-01-01T00:00:00",
"IMIDACLOPRID","CHICK PEA","0.300","2013-01-17T00:00:00",
"IMIDACLOPRID","BEET, GREENS","2.000","2014-03-19T00:00:00",
"IMIDACLOPRID","CORIANDER","2.000","2011-12-19T00:00:00",
"IMIDACLOPRID","CHINESE CABBAGE","0.500","2005-09-21T00:00:00",
"IMIDACLOPRID","SPINACH","2.000","2014-03-19T00:00:00",
"IMIDACLOPRID","PEPPER","0.300","2001-03-21T00:00:00",
"IMIDACLOPRID","EGG PLANT","0.300","2014-02-16T00:00:00",
"IMIDACLOPRID","TOMATO","3.000","2001-10-21T00:00:00",
"IMIDACLOPRID","CARROT","0.050","2011-05-17T00:00:00",
"IMIDACLOPRID","ONION","0.300","1999-01-01T00:00:00",
"IMIDACLOPRID","COTTON","0.100","1999-01-01T00:00:00",
"IMIDACLOPRID","ALMOND","0.300","1996-01-01T00:00:00",
"IMIDACLOPRID","PECAN","0.300","2005-09-21T00:00:00",
"IMIDACLOPRID","OREGANO","2.000","2011-12-19T00:00:00",
"IMIDACLOPRID","BANANA","0.050","2015-11-12T00:00:00",
"IMIDACLOPRID","MANGO","0.200","2010-04-18T00:00:00",
"IMIDACLOPRID","PERSIMMON","0.050","2011-03-01T00:00:00",
"IMIDACLOPRID","POMEGRANATE","1.000","2013-01-17T00:00:00",
"IMIDACLOPRID","APPLE","0.300","1996-01-01T00:00:00",
"IMIDACLOPRID","PEAR","0.300","1999-01-01T00:00:00",
"IMIDACLOPRID","PLUM","0.300","2014-03-02T00:00:00",
"IMIDACLOPRID","APRICOT","0.500","2013-01-17T00:00:00",
"IMIDACLOPRID","NECTARINE","0.300","2004-07-13T00:00:00",
"IMIDACLOPRID","PEACH","0.300","1996-01-01T00:00:00",
"IMIDACLOPRID","DATE","0.050","2005-02-01T00:00:00",
"IMIDACLOPRID","OLIVES","1.000","2010-07-18T00:00:00",
"IMIDACLOPRID","CORN","0.010","2005-12-11T00:00:00",
"IMIDACLOPRID","WHEAT","0.300","2013-01-17T00:00:00",
"IMIDACLOPRID","BASIL","2.000","2011-12-19T00:00:00",
"IMIDACLOPRID","CHIVES","0.300","2012-07-02T00:00:00",
"IMIDACLOPRID","DILL","2.000","2011-12-19T00:00:00",
"IMIDACLOPRID","MARJORAM","2.000","2011-12-19T00:00:00",
"IMIDACLOPRID","MINT","2.000","2011-12-19T00:00:00",
"IMIDACLOPRID","PARSLEY (roots and leaves)","2.000","2011-12-19T00:00:00",
"IMIDACLOPRID","ROSMARINE","2.000","2011-12-19T00:00:00",
"IMIDACLOPRID","SAGE","2.000","2011-12-19T00:00:00",
"IMIDACLOPRID","ESTRAGON","2.000","2011-12-19T00:00:00",
"IMIDACLOPRID","ROKET",,"2019-04-18T00:00:00","2.500"
"IMIDACLOPRID","ROKULA","2.500","2006-03-21T00:00:00",
"IMIDACLOPRID","MIZONA","2.000","2014-03-19T00:00:00",
"IMIDACLOPRID","SPRING ONION","2.000","2011-12-19T00:00:00",
"IMIDACLOPRID","RUMEX CRISPUS","2.000","2011-12-19T00:00:00",
"IMIDACLOPRID","TATSUI LEAVES","2.000","2014-03-19T00:00:00",
"IN ACCREDITATION=","OTHERS","0.000","2005-01-23T00:00:00",
"INDOXACARB","THYME","2.000","2012-11-27T00:00:00",
"INDOXACARB","GRAPES","1.000","2005-09-22T00:00:00",
"INDOXACARB","STRAWBERRY","0.200","2006-04-02T00:00:00",
"INDOXACARB","MELISA","2.000","2012-11-27T00:00:00",
"INDOXACARB","POTATO","0.020","2005-09-22T00:00:00",
"INDOXACARB","CELERIAC","2.000","2012-11-27T00:00:00",
"INDOXACARB","CABBAGE","0.020","2001-05-24T00:00:00",
"INDOXACARB","CAULIFLOWER","0.020","2001-05-24T00:00:00",
"INDOXACARB","MELON","0.020","2012-08-26T00:00:00",
"INDOXACARB","WATERMELON","0.020","2001-05-24T00:00:00",
"INDOXACARB","CHICK PEA","0.020","2010-06-21T00:00:00",
"INDOXACARB","CORIANDER","2.000","2012-11-27T00:00:00",
"INDOXACARB","LETTUCE","0.020","2005-09-22T00:00:00",
"INDOXACARB","PEPPER","0.020","2001-05-24T00:00:00",
"INDOXACARB","TOMATO","0.200","2011-07-25T00:00:00",
"INDOXACARB","PEAS","0.020","2008-03-05T00:00:00",
"INDOXACARB","BEANS","0.020","2009-05-27T00:00:00",
"INDOXACARB","CARROT","0.050","2012-08-26T00:00:00",
"INDOXACARB","COTTON","0.020","2001-05-24T00:00:00",
"INDOXACARB","PEANUT","0.020","2005-09-22T00:00:00",
"INDOXACARB","OREGANO","2.000","2012-11-27T00:00:00",
"INDOXACARB","POMEGRANATE","0.100","2012-08-26T00:00:00",
"INDOXACARB","CORN","0.020","2001-05-24T00:00:00",
"INDOXACARB","BASIL","2.000","2012-11-27T00:00:00",
"INDOXACARB","CHIVES","2.000","2012-11-27T00:00:00",
"INDOXACARB","DILL","2.000","2012-11-27T00:00:00",
"INDOXACARB","MARJORAM","2.000","2012-11-27T00:00:00",
"INDOXACARB","MINT","2.000","2012-11-27T00:00:00",
"INDOXACARB","PARSLEY (roots and leaves)","2.000","2012-11-27T00:00:00",
"INDOXACARB","ROSMARINE","2.000","2012-11-27T00:00:00",
"INDOXACARB","SAGE","2.000","2012-11-27T00:00:00",
"INDOXACARB","ESTRAGON","2.000","2012-11-27T00:00:00",
"INDOXACARB","ROKET",,"2019-04-11T00:00:00","2.000"
"INDOXACARB","ROKULA","2.000","2012-11-27T00:00:00",
"INDOXACARB","SPRING ONION","2.000","2012-11-27T00:00:00",
"INDOXACARB","SNOW PEAS","0.020","2010-07-15T00:00:00",
"IODOSULFURON METHYL SODIUM","WHEAT","0.050","2005-09-22T00:00:00",
"IPRODIONE","GRAPES","10.000","1996-01-01T00:00:00","יתבטל"
"IPRODIONE","STRAWBERRY","10.000","1996-01-01T00:00:00","יתבטל"
"IPRODIONE","CITRUS FRUIT","1.000","1996-01-01T00:00:00","יתבטל"
"IPRODIONE","POTATO","0.100","1996-01-01T00:00:00","יתבטל"
"IPRODIONE","CELERIAC","5.000","1996-01-01T00:00:00","יתבטל"
"IPRODIONE","BROCCOLI","5.000","2000-01-01T00:00:00","יתבטל"
"IPRODIONE","CAULIFLOWER","5.000","1996-01-01T00:00:00","יתבטל"
"IPRODIONE","MELON","2.000","1999-01-01T00:00:00","יתבטל"
"IPRODIONE","CUCUMBER","2.000","1998-11-01T00:00:00","יתבטל"
"IPRODIONE","SQUASH","5.000","1996-01-01T00:00:00","יתבטל"
"IPRODIONE","CHINESE CABBAGE","5.000","1996-01-01T00:00:00","יתבטל"
"IPRODIONE","LETTUCE","10.000","1996-01-01T00:00:00","יתבטל"
"IPRODIONE","PEPPER","5.000","2005-05-26T00:00:00","יתבטל"
"IPRODIONE","EGG PLANT","5.000","1996-01-01T00:00:00","יתבטל"
"IPRODIONE","TOMATO","5.000","1996-01-01T00:00:00","יתבטל"
"IPRODIONE","SWEET POTATO","0.100","1999-01-01T00:00:00","יתבטל"
"IPRODIONE","CARROT","10.000","1998-11-01T00:00:00","יתבטל"
"IPRODIONE","ONION","0.200","1998-11-01T00:00:00","יתבטל"
"IPRODIONE","MANGO","5.000","1996-01-01T00:00:00","יתבטל"
"IPRODIONE","APPLE","10.000","1996-01-01T00:00:00","יתבטל"
"IPRODIONE","PEAR","10.000","1996-01-01T00:00:00","יתבטל"
"IPRODIONE","PLUM","1.000","2011-04-14T00:00:00","יתבטל"
"IPRODIONE","APRICOT","1.000","2009-07-01T00:00:00","יתבטל"
"IPRODIONE","NECTARINE","1.000","2008-01-13T00:00:00","יתבטל"
"IPRODIONE","CORN","5.000","2017-12-28T00:00:00","יתבטל"
"IPROVALICARB","GRAPES","0.050","2001-10-21T00:00:00","יתבטל"
"IPROVALICARB","POTATO","0.050","2001-10-21T00:00:00","יתבטל"
"IPROVALICARB","MELON","0.050","2001-10-21T00:00:00","יתבטל"
"IPROVALICARB","CUCUMBER","0.050","2001-10-21T00:00:00","יתבטל"
"IPROVALICARB","TOMATO","0.050","2001-10-21T00:00:00","יתבטל"
"IPROVALICARB","ONION","0.050","2001-10-21T00:00:00","יתבטל"
"IPROVALICARB","CHIVES","1.500","2005-09-26T00:00:00","יתבטל"
"IPROVALICARB","PARSLEY (roots and leaves)","2.000","2005-10-30T00:00:00","יתבטל"
"ISOFETAMID","GRAPES",,"2024-01-29T00:00:00","3.000"
"ISOFETAMID","STRAWBERRY",,"2023-02-12T00:00:00","2.000"
"ISOFETAMID","POTATO",,"2025-07-08T00:00:00","0.010"
"ISOFETAMID","CUCUMBER",,"2023-02-12T00:00:00","0.800"
"ISOFETAMID","SQUASH",,"2023-02-12T00:00:00","0.500"
"ISOFETAMID","CORIANDER",,"2023-02-12T00:00:00","3.500"
"ISOFETAMID","PEPPER",,"2023-02-12T00:00:00","0.800"
"ISOFETAMID","EGG PLANT",,"2023-02-12T00:00:00","0.700"
"ISOFETAMID","TOMATO",,"2023-02-12T00:00:00","1.000"
"ISOFETAMID","BASIL",,"2023-02-12T00:00:00","20.000"
"ISOFETAMID","DILL",,"2023-02-12T00:00:00","13.000"
"ISOFETAMID","PARSLEY (roots and leaves)",,"2023-02-12T00:00:00","11.000"
"ISOXABEN","CITRUS FRUIT","0.010","1999-01-01T00:00:00","יתבטל"
"ISOXADIFEN ETHYL","CORN","0.050","2017-12-28T00:00:00",
"ISOXAFLUTOLE","CHICK PEA","0.010","2013-01-17T00:00:00",
"ISOXAFLUTOLE","CORN","0.010","2017-12-28T00:00:00",
"ISOXAFLUTOLE","WHEAT","0.010","2013-01-17T00:00:00",
"KRESOXIM METHYL","GRAPES","0.500","1998-11-01T00:00:00",
"KRESOXIM METHYL","STRAWBERRY","0.100","2008-03-24T00:00:00",
"KRESOXIM METHYL","MELON","0.100","2005-09-26T00:00:00",
"KRESOXIM METHYL","CUCUMBER","0.100","1998-05-15T00:00:00",
"KRESOXIM METHYL","PUMPKINS","0.100","2011-12-12T00:00:00",
"KRESOXIM METHYL","SQUASH","0.100","1999-01-01T00:00:00",
"KRESOXIM METHYL","WATERMELON","0.100","1998-05-15T00:00:00",
"KRESOXIM METHYL","CARROT","0.020","2008-11-24T00:00:00",
"KRESOXIM METHYL","MANGO","0.500","1999-01-01T00:00:00",
"KRESOXIM METHYL","PERSIMMON","0.050","2010-06-21T00:00:00",
"KRESOXIM METHYL","APPLE","0.010","1998-11-01T00:00:00",
"KRESOXIM METHYL","PLUM","0.100","2008-03-25T00:00:00",
"KRESOXIM METHYL","APRICOT","0.100","2008-06-10T00:00:00",
"KRESOXIM METHYL","NECTARINE","0.100","2000-01-01T00:00:00",
"KRESOXIM METHYL","PEACH","0.100","2000-01-01T00:00:00",
"LAMBDA CYHALOTHRIN","GRAPES","0.200","2005-08-24T00:00:00",
"LAMBDA CYHALOTHRIN","POTATO","0.020","2005-08-24T00:00:00",
"LAMBDA CYHALOTHRIN","SMALL RADISH","0.050","2014-08-04T00:00:00",
"LAMBDA CYHALOTHRIN","CABBAGE","0.020","2014-03-02T00:00:00",
"LAMBDA CYHALOTHRIN","BROCCOLI","0.020","2014-03-02T00:00:00",
"LAMBDA CYHALOTHRIN","CAULIFLOWER","0.020","2014-03-02T00:00:00","0.070"
"LAMBDA CYHALOTHRIN","KOHLRABI","0.020","2014-03-02T00:00:00",
"LAMBDA CYHALOTHRIN","MELON","0.020","2014-03-02T00:00:00",
"LAMBDA CYHALOTHRIN","CUCUMBER","0.020","2014-02-16T00:00:00",
"LAMBDA CYHALOTHRIN","SQUASH","0.020","2014-03-02T00:00:00",
"LAMBDA CYHALOTHRIN","CHICK PEA","0.050","2015-11-15T00:00:00",
"LAMBDA CYHALOTHRIN","LETTUCE","0.200","2011-11-16T00:00:00",
"LAMBDA CYHALOTHRIN","PEPPER","0.200","2005-08-24T00:00:00",
"LAMBDA CYHALOTHRIN","EGG PLANT","0.200","2005-08-24T00:00:00",
"LAMBDA CYHALOTHRIN","TOMATO","0.100","2005-08-24T00:00:00",
"LAMBDA CYHALOTHRIN","RED SWEET PEPPER","0.020","2015-11-17T00:00:00",
"LAMBDA CYHALOTHRIN","BEANS",,"2019-06-16T00:00:00","0.050"
"LAMBDA CYHALOTHRIN","SWEET POTATO","0.050","2012-05-06T00:00:00",
"LAMBDA CYHALOTHRIN","CARROT","0.050","2012-05-06T00:00:00",
"LAMBDA CYHALOTHRIN","ONION","0.050","2012-11-18T00:00:00",
"LAMBDA CYHALOTHRIN","COTTON","0.050","2004-06-13T00:00:00",
"LAMBDA CYHALOTHRIN","PEANUT","0.050","2011-11-14T00:00:00",
"LAMBDA CYHALOTHRIN","SUNFLOWER","0.010","2015-11-17T00:00:00",
"LAMBDA CYHALOTHRIN","ALMOND","0.050","2015-11-15T00:00:00",
"LAMBDA CYHALOTHRIN","POMEGRANATE","0.100","2014-02-16T00:00:00",
"LAMBDA CYHALOTHRIN","PLUM","0.020","2014-03-02T00:00:00",
"LAMBDA CYHALOTHRIN","APRICOT","0.050","2012-12-12T00:00:00",
"LAMBDA CYHALOTHRIN","NECTARINE","0.020","2014-02-16T00:00:00",
"LAMBDA CYHALOTHRIN","PEACH","0.020","2014-03-02T00:00:00",
"LAMBDA CYHALOTHRIN","DATE","0.010","2015-11-17T00:00:00",
"LAMBDA CYHALOTHRIN","FIG","0.020","2008-07-30T00:00:00",
"LAMBDA CYHALOTHRIN","OLIVES","0.500","2004-06-08T00:00:00",
"LAMBDA CYHALOTHRIN","CORN","0.050","2011-07-25T00:00:00",
"LINDANE","MILK","0.010","1999-01-01T00:00:00",
"LINDANE","MEAT","0.100","2005-09-26T00:00:00",
"LINDANE","EDIBLE OFFAL","0.010","2005-09-26T00:00:00",
"LINDANE","EGGS","0.010","2005-09-26T00:00:00",
"LINDANE","POULTRY MEAT","0.050","2005-09-26T00:00:00",
"LINDANE","POULTRY OFFAL","0.010","2005-09-26T00:00:00",
"LINURON","GRAPES","0.050","2013-01-20T00:00:00",
"LINURON","POTATO","0.050","2013-01-20T00:00:00",
"LINURON","CELERIAC","0.050","2013-01-20T00:00:00",
"LINURON","CARROT","0.050","2013-01-20T00:00:00",
"LINURON","COTTON","0.050","2013-01-20T00:00:00",
"LINURON","ALMOND","0.050","2013-01-20T00:00:00",
"LINURON","PEAR","0.050","2013-01-20T00:00:00",
"LINURON","PLUM","0.050","2013-01-20T00:00:00",
"LINURON","APRICOT","0.050","2013-01-20T00:00:00",
"LINURON","PEACH","0.050","2013-01-20T00:00:00",
"LINURON","PARSLEY (roots and leaves)","0.050","2013-01-20T00:00:00",
"LUFENURON","THYME","0.050","2010-10-04T00:00:00",
"LUFENURON","GRAPES","3.000","2013-05-19T00:00:00",
"LUFENURON","STRAWBERRY","0.200","2011-07-25T00:00:00",
"LUFENURON","POTATO","0.050","1999-01-01T00:00:00",
"LUFENURON","ARTICHOKE","0.050","1996-01-01T00:00:00",
"LUFENURON","CELERIAC","0.050","2013-06-19T00:00:00",
"LUFENURON","CABBAGE","0.100","2011-07-25T00:00:00",
"LUFENURON","BROCCOLI","0.100","2011-07-25T00:00:00",
"LUFENURON","CAULIFLOWER","0.100","2011-07-25T00:00:00",
"LUFENURON","KOHLRABI","0.100","2015-11-15T00:00:00",
"LUFENURON","BEET, GREENS","0.050","2014-03-19T00:00:00",
"LUFENURON","CORIANDER","0.050","2013-01-20T00:00:00",
"LUFENURON","CHINESE CABBAGE","0.050","2005-10-31T00:00:00",
"LUFENURON","LETTUCE","0.100","2012-11-13T00:00:00",
"LUFENURON","SPINACH","0.050","2014-03-19T00:00:00",
"LUFENURON","PEPPER","0.200","2011-07-25T00:00:00",
"LUFENURON","EGG PLANT","0.200","2013-05-19T00:00:00",
"LUFENURON","TOMATO","0.200","2011-07-25T00:00:00",
"LUFENURON","BEANS","0.100","2011-07-25T00:00:00",
"LUFENURON","SWEET POTATO","0.050","2011-07-25T00:00:00",
"LUFENURON","BEETROOT","0.050","1996-01-01T00:00:00",
"LUFENURON","CARROT","0.050","2005-10-31T00:00:00",
"LUFENURON","COTTON","0.050","1999-01-01T00:00:00",
"LUFENURON","POMEGRANATE","0.500","2013-05-19T00:00:00",
"LUFENURON","APPLE","0.050","1999-01-01T00:00:00",
"LUFENURON","PEAR","0.050","2012-08-26T00:00:00",
"LUFENURON","QUINCE","0.050","2016-05-11T00:00:00",
"LUFENURON","APRICOT","0.150","2012-08-26T00:00:00",
"LUFENURON","NECTARINE",,"2020-01-30T00:00:00","0.050"
"LUFENURON","PEACH","0.150","2013-11-25T00:00:00",
"LUFENURON","CORN","0.100","2013-05-19T00:00:00",
"LUFENURON","BASIL","0.050","1999-01-01T00:00:00",
"LUFENURON","CHIVES","0.050","2005-10-30T00:00:00",
"LUFENURON","DILL","0.050","2005-10-30T00:00:00",
"LUFENURON","MINT","0.050","2005-10-30T00:00:00",
"LUFENURON","PARSLEY (roots and leaves)","0.050","2013-01-20T00:00:00",
"LUFENURON","ROSMARINE","0.050","2005-10-30T00:00:00",
"LUFENURON","SAGE","0.050","2010-10-04T00:00:00",
"LUFENURON","ESTRAGON","0.050","2005-10-30T00:00:00",
"LUFENURON","ROKET","0.050","2014-03-19T00:00:00",
"LUFENURON","ROKULA","0.050","2010-10-04T00:00:00",
"LUFENURON","MIZONA","0.050","2014-03-19T00:00:00",
"LUFENURON","SPRING ONION","0.050","2010-01-13T00:00:00",
"LUFENURON","TATSUI LEAVES","0.050","2014-03-19T00:00:00",
"MALATHION","CITRUS FRUIT","2.000","2005-05-24T00:00:00",
"MALATHION","SMALL RADISH","0.500","1996-01-01T00:00:00",
"MALATHION","ARTICHOKE","5.000","1996-01-01T00:00:00",
"MALATHION","CELERIAC","1.000","1996-01-01T00:00:00",
"MALATHION","BRASSICA","1.000","1999-01-01T00:00:00",
"MALATHION","CABBAGE","1.000","1996-01-01T00:00:00",
"MALATHION","MELON","3.000","1996-01-01T00:00:00",
"MALATHION","CUCUMBER","3.000","1996-01-01T00:00:00",
"MALATHION","SQUASH","3.000","1996-01-01T00:00:00",
"MALATHION","WATERMELON","3.000","1996-01-01T00:00:00",
"MALATHION","LETTUCE","1.000","1996-01-01T00:00:00",
"MALATHION","PEPPER","0.500","1996-01-01T00:00:00",
"MALATHION","EGG PLANT","0.500","1996-01-01T00:00:00",
"MALATHION","TOMATO","3.000","1996-01-01T00:00:00",
"MALATHION","PEAS","0.500","1996-01-01T00:00:00",
"MALATHION","BEANS","2.000","1996-01-01T00:00:00",
"MALATHION","RADISH","0.500","1996-01-01T00:00:00",
"MALATHION","BEETROOT","0.500","1996-01-01T00:00:00",
"MALATHION","ONION","0.500","1996-01-01T00:00:00",
"MALATHION","GARLIC","0.500","1996-01-01T00:00:00",
"MALATHION","MANGO","2.000","2005-10-31T00:00:00",
"MALATHION","PERSIMMON","2.000","2005-10-31T00:00:00",
"MALATHION","APPLE","2.000","1996-01-01T00:00:00",
"MALATHION","PEAR","2.000","1996-01-01T00:00:00",
"MALATHION","QUINCE","2.000","1996-01-01T00:00:00",
"MALATHION","PLUM","2.000","2018-07-31T00:00:00","יתבטל"
"MALATHION","CHERRY","2.000","2005-10-31T00:00:00",
"MALATHION","NECTARINE","2.000","2004-07-13T00:00:00",
"MALATHION","FIG","2.000","2005-10-31T00:00:00",
"MALATHION","OLIVES","2.000","1996-01-01T00:00:00",
"MALATHION","GUAVA","2.000","2005-10-31T00:00:00",
"MALATHION","CORN","0.010","2005-12-11T00:00:00",
"MALEIC HYDRAZIDE","POTATO","50.000","2010-10-04T00:00:00",
"MALEIC HYDRAZIDE","TOMATO","0.500","2014-02-16T00:00:00","יתבטל"
"MALEIC HYDRAZIDE","ONION","15.000","1996-01-01T00:00:00",
"MANDIPROPAMID","GRAPES",,"2025-11-04T00:00:00","2.000"
"MANDIPROPAMID","POTATO","0.050","2009-10-13T00:00:00",
"MANDIPROPAMID","MELON","0.050","2009-10-13T00:00:00",
"MANDIPROPAMID","CUCUMBER",,"2025-11-04T00:00:00","0.200"
"MANDIPROPAMID","SQUASH","0.050","2010-07-15T00:00:00",
"MANDIPROPAMID","TOMATO","0.300","2014-03-02T00:00:00",
"MANDIPROPAMID","BASIL","10.000","2015-11-12T00:00:00",
"MANDIPROPAMID","MINT","10.000","2015-11-12T00:00:00",
"MANDIPROPAMID","PARSLEY (roots and leaves)","2.000","2015-11-12T00:00:00",
"MANDIPROPAMID","ROSMARINE","10.000","2015-11-12T00:00:00",
"MANDIPROPAMID","SAGE","10.000","2015-11-12T00:00:00",
"MANDIPROPAMID","ROKULA","5.000","2015-11-12T00:00:00",
"MCPA","SORGHUM BICOLOR","0.500","2013-01-20T00:00:00",
"MCPA","CEREALS","0.500","2005-10-03T00:00:00",
"MCPA","CORN","0.500","2005-10-31T00:00:00",
"MECOPROP-P","OAT","0.010","2005-10-31T00:00:00",
"MECOPROP-P","WHEAT","0.010","2000-04-29T00:00:00",
"MEFENPYR DIETHYL","WHEAT","0.050","2005-11-02T00:00:00",
"MEPANIPYRIM","STRAWBERRY","0.200","1997-03-06T00:00:00",
"MEPANIPYRIM","CUCUMBER","0.100","1997-03-06T00:00:00",
"MEPANIPYRIM","PEPPER","0.100","1999-01-01T00:00:00",
"MEPANIPYRIM","TOMATO","0.100","1997-03-06T00:00:00",
"MEPTYLDINOCAP","GRAPES","0.100","2010-06-21T00:00:00",
"MEPTYLDINOCAP","MELON","0.200","2010-06-21T00:00:00",
"MEPTYLDINOCAP","SQUASH","0.200","2012-05-24T00:00:00",
"MEPTYLDINOCAP","WATERMELON","0.200","2012-05-24T00:00:00",
"MEPTYLDINOCAP","CARROT","0.100","2010-07-15T00:00:00",
"MEPTYLDINOCAP","MANGO","0.050","2013-11-25T00:00:00",
"MEPTYLDINOCAP","APPLE","0.050","2010-06-21T00:00:00",
"MEPTYLDINOCAP","PEAR","0.050","2013-01-20T00:00:00",
"MEPTYLDINOCAP","APRICOT","0.200","2009-04-16T00:00:00",
"MEPTYLDINOCAP","NECTARINE","0.200","2009-04-05T00:00:00",
"MEPTYLDINOCAP","PEACH","0.200","2009-04-05T00:00:00",
"MESOSULFURON-METHYL","WHEAT","0.050","2013-01-20T00:00:00",
"MESOTRIONE","FORAGE CORN",,"2024-10-29T00:00:00","0.010"
"MESOTRIONE","SWEET CORN",,"2024-10-29T00:00:00","0.010"
"MESOTRIONE","CORN",,"2024-10-29T00:00:00","0.010"
"METAFLUMIZONE","GRAPES",,"2023-08-28T00:00:00","0.300"
"METAFLUMIZONE","POTATO","0.010","2016-06-07T00:00:00",
"METAFLUMIZONE","CABBAGE","0.020","2019-06-16T00:00:00","0.700"
"METAFLUMIZONE","CHICK PEA",,"2019-07-23T00:00:00","0.020"
"METAFLUMIZONE","TOMATO","0.300","2016-06-07T00:00:00",
"METAFLUMIZONE","BEANS",,"2019-06-16T00:00:00","1.000"
"METAFLUMIZONE","COTTON",,"2017-07-24T00:00:00","0.020"
"METAFLUMIZONE","ALMOND",,"2023-08-28T00:00:00","0.040"
"METAFLUMIZONE","APPLE",,"2023-08-28T00:00:00","0.500"
"METAFLUMIZONE","PEACH",,"2023-08-28T00:00:00","0.100"
"METAFLUMIZONE","CORN","0.010","2016-06-07T00:00:00",
"METALAXYL","GRAPES","1.000","1996-01-01T00:00:00",
"METALAXYL","STRAWBERRY","0.500","2005-10-31T00:00:00",
"METALAXYL","CITRUS FRUIT","5.000","1996-01-01T00:00:00",
"METALAXYL","MELISA","0.500","2013-01-20T00:00:00",
"METALAXYL","POTATO","0.050","1996-01-01T00:00:00",
"METALAXYL","SMALL RADISH","0.020","2013-01-20T00:00:00",
"METALAXYL","BRASSICA","0.500","1996-01-01T00:00:00",
"METALAXYL","CABBAGE","0.500","2021-08-17T00:00:00",
"METALAXYL","MELON","0.200","2005-10-31T00:00:00",
"METALAXYL","CUCUMBER","0.500","1996-01-01T00:00:00",
"METALAXYL","SQUASH",,"2017-08-17T00:00:00","0.500"
"METALAXYL","CHICK PEA","0.050","2009-10-13T00:00:00",
"METALAXYL","BEET, GREENS","0.500","2014-03-19T00:00:00",
"METALAXYL","CORIANDER","0.500","2013-01-20T00:00:00",
"METALAXYL","CHINESE CABBAGE","0.500","1996-01-01T00:00:00",
"METALAXYL","LETTUCE","2.000","1996-01-01T00:00:00",
"METALAXYL","SPINACH","0.500","2014-03-19T00:00:00",
"METALAXYL","PEPPER","0.010","2013-01-20T00:00:00",
"METALAXYL","TOMATO","0.500","1996-01-01T00:00:00",
"METALAXYL","PEAS","0.050","2009-10-13T00:00:00",
"METALAXYL","CARROT","0.050","1996-01-01T00:00:00",
"METALAXYL","ONION","2.000","1996-01-01T00:00:00",
"METALAXYL","COTTON","0.050","2013-01-20T00:00:00",
"METALAXYL","BASIL","0.500","2013-01-20T00:00:00",
"METALAXYL","CHIVES","0.500","2013-01-20T00:00:00",
"METALAXYL","DILL","0.500","2013-01-20T00:00:00",
"METALAXYL","MINT","0.500","2013-01-20T00:00:00",
"METALAXYL","PARSLEY (roots and leaves)","0.500","2013-01-20T00:00:00",
"METALAXYL","ROSMARINE","0.500","2013-01-20T00:00:00",
"METALAXYL","SAGE","0.500","2013-01-20T00:00:00",
"METALAXYL","ROKET","0.500","2014-03-19T00:00:00",
"METALAXYL","ROKULA","0.500","2013-01-20T00:00:00",
"METALAXYL","MIZONA","0.500","2014-03-19T00:00:00",
"METALAXYL","SPRING ONION","0.500","2013-01-20T00:00:00",
"METALAXYL","TATSUI LEAVES","0.500","2014-03-19T00:00:00",
"METAM SODIUM","STRAWBERRY",,"2018-08-05T00:00:00","0.050"
"METAM SODIUM","CITRUS FRUIT","0.050","1999-01-01T00:00:00",
"METAM SODIUM","POTATO","0.050","1999-01-01T00:00:00",
"METAM SODIUM","MELON","0.050","1996-01-01T00:00:00",
"METAM SODIUM","CUCUMBER","0.050","1996-01-01T00:00:00",
"METAM SODIUM","WATERMELON","0.050","1996-01-01T00:00:00",
"METAM SODIUM","LETTUCE","0.050","1996-01-01T00:00:00",
"METAM SODIUM","PEPPER","0.050","1996-01-01T00:00:00",
"METAM SODIUM","EGG PLANT","0.050","1996-01-01T00:00:00",
"METAM SODIUM","TOMATO","0.050","1996-01-01T00:00:00",
"METAM SODIUM","ONION","0.050","1996-01-01T00:00:00",
"METAM SODIUM","PEANUT","0.050","1996-01-01T00:00:00",
"METAM SODIUM","AVOCADO","0.050","1996-01-01T00:00:00",
"METAM SODIUM","POME FRUITS","0.050","2013-01-20T00:00:00",
"METAM SODIUM","STONE FRUIT","0.050","2013-01-20T00:00:00",
"METAMITRON","FODDER BEET","0.010","1999-01-01T00:00:00",
"METAMITRON","CITRUS FRUIT",,"2025-06-26T00:00:00","0.010"
"METAMITRON","BEETROOT","0.010","1999-01-02T00:00:00",
"METAMITRON","APPLE","0.020","2014-08-04T00:00:00",
"METAZACHLOR","CHICK PEA","0.050","2013-01-20T00:00:00",
"METHIOCARB","ALFALFA","0.050","1999-01-01T00:00:00","יתבטל"
"METHIOCARB","CLOVER","0.050","1999-01-01T00:00:00","יתבטל"
"METHIOCARB","VETCH","0.050","1999-01-01T00:00:00","יתבטל"
"METHIOCARB","FODDER BEET","0.050","1996-01-01T00:00:00","יתבטל"
"METHIOCARB","THYME","1.000","2011-12-19T00:00:00","יתבטל"
"METHIOCARB","GRAPES","0.050","1996-01-01T00:00:00","יתבטל"
"METHIOCARB","CITRUS FRUIT","0.050","1996-01-01T00:00:00","יתבטל"
"METHIOCARB","POTATO","0.050","1996-01-01T00:00:00","יתבטל"
"METHIOCARB","ARTICHOKE","0.050","1996-01-01T00:00:00","יתבטל"
"METHIOCARB","CELERIAC","1.000","2013-01-20T00:00:00","יתבטל"
"METHIOCARB","CHICK PEA","0.050","1996-01-01T00:00:00","יתבטל"
"METHIOCARB","BEET, GREENS","1.000","2014-03-19T00:00:00","יתבטל"
"METHIOCARB","CORIANDER","1.000","2011-12-19T00:00:00","יתבטל"
"METHIOCARB","SPINACH","1.000","2014-03-19T00:00:00","יתבטל"
"METHIOCARB","PEPPER","0.050","1996-01-01T00:00:00","יתבטל"
"METHIOCARB","PEAS","0.050","1996-01-01T00:00:00","יתבטל"
"METHIOCARB","RADISH","0.050","1996-01-01T00:00:00","יתבטל"
"METHIOCARB","BEETROOT","0.050","1996-01-01T00:00:00","יתבטל"
"METHIOCARB","ONION","0.050","2005-11-02T00:00:00","יתבטל"
"METHIOCARB","ALMOND","0.050","1999-01-01T00:00:00","יתבטל"
"METHIOCARB","OREGANO","1.000","2011-12-19T00:00:00","יתבטל"
"METHIOCARB","MANGO","0.050","1996-01-01T00:00:00","יתבטל"
"METHIOCARB","APPLE","0.050","1999-01-01T00:00:00","יתבטל"
"METHIOCARB","PEAR","0.050","1999-01-01T00:00:00","יתבטל"
"METHIOCARB","QUINCE","0.050","1999-01-01T00:00:00","יתבטל"
"METHIOCARB","PLUM","0.050","1999-01-01T00:00:00","יתבטל"
"METHIOCARB","APRICOT","0.050","1999-01-01T00:00:00","יתבטל"
"METHIOCARB","NECTARINE","0.050","1999-01-01T00:00:00","יתבטל"
"METHIOCARB","PEACH","0.050","1996-01-01T00:00:00","יתבטל"
"METHIOCARB","BASIL","1.000","2011-12-19T00:00:00","יתבטל"
"METHIOCARB","CHIVES","1.000","2011-12-19T00:00:00","יתבטל"
"METHIOCARB","DILL","1.000","2011-12-19T00:00:00","יתבטל"
"METHIOCARB","MARJORAM","1.000","2011-12-19T00:00:00","יתבטל"
"METHIOCARB","MINT","1.000","2011-12-19T00:00:00","יתבטל"
"METHIOCARB","PARSLEY (roots and leaves)","1.000","2011-12-19T00:00:00","יתבטל"
"METHIOCARB","ROSMARINE","1.000","2011-12-19T00:00:00","יתבטל"
"METHIOCARB","SAGE","1.000","2011-12-19T00:00:00","יתבטל"
"METHIOCARB","ESTRAGON","1.000","2011-12-19T00:00:00","יתבטל"
"METHIOCARB","ROKET","1.000","2019-04-11T00:00:00","יתבטל"
"METHIOCARB","ROKULA","1.000","2011-12-19T00:00:00","יתבטל"
"METHIOCARB","MIZONA","1.000","2014-03-19T00:00:00","יתבטל"
"METHIOCARB","CYMBOPOGON","1.000","2011-12-19T00:00:00","יתבטל"
"METHIOCARB","SPRING ONION","1.000","2011-12-19T00:00:00","יתבטל"
"METHIOCARB","RUMEX CRISPUS","1.000","2011-12-19T00:00:00","יתבטל"
"METHIOCARB","TATSUI LEAVES","1.000","2014-03-19T00:00:00","יתבטל"
"METHOMYL","ALFALFA","10.000","1996-01-01T00:00:00",
"METHOMYL","FODDER BEET","0.100","1996-01-01T00:00:00",
"METHOMYL","THYME","0.600","2013-01-20T00:00:00",
"METHOMYL","SORGHUM BICOLOR","10.000","2013-01-20T00:00:00",
"METHOMYL","RHODS GRASS","10.000","2013-01-20T00:00:00",
"METHOMYL","POTATO","0.100","1996-01-01T00:00:00",
"METHOMYL","SMALL RADISH","0.100","1996-01-01T00:00:00",
"METHOMYL","SUGAR BEET","0.100","1996-01-01T00:00:00",
"METHOMYL","ARTICHOKE","2.000","1996-01-01T00:00:00",
"METHOMYL","CELERIAC","2.000","1996-01-01T00:00:00",
"METHOMYL","CABBAGE","5.000","1996-01-01T00:00:00",
"METHOMYL","CAULIFLOWER","2.000","1996-01-01T00:00:00",
"METHOMYL","MELON","0.200","1996-01-01T00:00:00",
"METHOMYL","CUCUMBER","0.200","1996-01-01T00:00:00",
"METHOMYL","SQUASH","0.200","2007-10-09T00:00:00",
"METHOMYL","WATERMELON","0.200","1996-01-01T00:00:00",
"METHOMYL","CORIANDER","0.600","2013-01-20T00:00:00",
"METHOMYL","PEPPER","1.000","1996-01-01T00:00:00",
"METHOMYL","EGG PLANT","0.200","1996-01-01T00:00:00",
"METHOMYL","TOMATO","1.000","1996-01-01T00:00:00",
"METHOMYL","RADISH","0.100","1996-01-01T00:00:00",
"METHOMYL","BEETROOT","0.100","1996-01-01T00:00:00",
"METHOMYL","CARROT","0.100","1996-01-01T00:00:00",
"METHOMYL","MILK","0.020","1996-01-01T00:00:00",
"METHOMYL","MEAT","0.020","1996-01-01T00:00:00",
"METHOMYL","EDIBLE OFFAL","0.020","2005-11-02T00:00:00",
"METHOMYL","EGGS","0.020","2005-11-02T00:00:00",
"METHOMYL","POULTRY MEAT","0.020","2005-11-02T00:00:00",
"METHOMYL","COTTON","0.500","1996-01-01T00:00:00",
"METHOMYL","OREGANO","0.600","2013-01-20T00:00:00",
"METHOMYL","AVOCADO","0.020","2012-10-16T00:00:00",
"METHOMYL","CORN","0.020","2017-12-28T00:00:00",
"METHOMYL","BASIL","0.600","2013-01-20T00:00:00",
"METHOMYL","CHIVES","0.600","2013-01-20T00:00:00",
"METHOMYL","DILL","0.600","2013-01-20T00:00:00",
"METHOMYL","FENNEL","0.600","2013-01-20T00:00:00",
"METHOMYL","MARJORAM","0.600","2013-01-20T00:00:00",
"METHOMYL","MINT","0.600","2013-01-20T00:00:00",
"METHOMYL","PARSLEY (roots and leaves)","0.600","2013-01-20T00:00:00",
"METHOMYL","ROSMARINE","0.600","2013-01-20T00:00:00",
"METHOMYL","SAGE","0.600","2013-01-20T00:00:00",
"METHOMYL","ESTRAGON","0.600","2013-01-20T00:00:00",
"METHOMYL","ROKET",,"2019-04-11T00:00:00","0.100"
"METHOMYL","ROKULA","0.100","2009-01-14T00:00:00",
"METHOMYL","POULTRY OFFAL","0.020","2005-11-02T00:00:00",
"METHOMYL","CYMBOPOGON","0.600","2013-01-20T00:00:00",
"METHOXYFENOZIDE","ALFALFA","1.000","2001-03-21T00:00:00",
"METHOXYFENOZIDE","GRAPES","2.000","2000-06-19T00:00:00",
"METHOXYFENOZIDE","STRAWBERRY","0.500","2006-11-23T00:00:00",
"METHOXYFENOZIDE","CITRUS FRUIT",,"2018-05-02T00:00:00","0.020"
"METHOXYFENOZIDE","POTATO","0.050","2005-11-03T00:00:00",
"METHOXYFENOZIDE","ARTICHOKE","0.050","2005-11-03T00:00:00",
"METHOXYFENOZIDE","CELERIAC","0.050","2001-01-15T00:00:00",
"METHOXYFENOZIDE","BRASSICA","0.050","2006-01-04T00:00:00","יתבטל"
"METHOXYFENOZIDE","CABBAGE",,"2016-08-09T00:00:00","0.050"
"METHOXYFENOZIDE","BROCCOLI",,"2016-08-09T00:00:00","0.050"
"METHOXYFENOZIDE","CAULIFLOWER",,"2005-11-03T00:00:00","0.050"
"METHOXYFENOZIDE","KOHLRABI",,"2018-02-18T00:00:00","0.050"
"METHOXYFENOZIDE","LETTUCE","0.050","2005-11-03T00:00:00",
"METHOXYFENOZIDE","PEPPER","0.500","2001-01-15T00:00:00",
"METHOXYFENOZIDE","TOMATO","0.500","2005-11-03T00:00:00",
"METHOXYFENOZIDE","BEANS","1.000","2001-01-15T00:00:00",
"METHOXYFENOZIDE","MILK","0.010","2013-01-23T00:00:00",
"METHOXYFENOZIDE","MEAT","0.050","2013-01-23T00:00:00",
"METHOXYFENOZIDE","COTTON","0.500","2006-08-02T00:00:00",
"METHOXYFENOZIDE","ALMOND",,"2025-12-23T00:00:00","0.100"
"METHOXYFENOZIDE","POMEGRANATE","0.300","2007-02-28T00:00:00",
"METHOXYFENOZIDE","APPLE","0.500","2016-09-19T00:00:00",
"METHOXYFENOZIDE","PEAR","0.050","2006-04-03T00:00:00","0.500"
"METHOXYFENOZIDE","PLUM",,"2024-05-13T00:00:00","0.250"
"METHOXYFENOZIDE","APRICOT",,"2024-05-13T00:00:00","0.250"
"METHOXYFENOZIDE","NECTARINE",,"2024-05-13T00:00:00","0.250"
"METHOXYFENOZIDE","PEACH",,"2021-06-08T00:00:00","0.250"
"METHOXYFENOZIDE","OLIVES","0.050","2005-11-03T00:00:00",
"METHOXYFENOZIDE","CORN","0.050","2001-01-15T00:00:00",
"METHOXYFENOZIDE","BASIL","0.100","2005-10-30T00:00:00",
"METOBROMURON","POTATO",,"2024-12-29T00:00:00","0.030"
"METOLACHLOR","FORAGE CORN","0.100","1999-01-01T00:00:00",
"METOLACHLOR","POTATO","0.100","1999-01-01T00:00:00",
"METOLACHLOR","WATERMELON","0.020","2009-10-13T00:00:00",
"METOLACHLOR","CHICK PEA","0.100","1999-01-01T00:00:00",
"METOLACHLOR","SWEET CORN","0.100","1999-01-01T00:00:00",
"METOLACHLOR","RED SWEET PEPPER","0.100","1999-01-01T00:00:00",
"METOLACHLOR","BEANS","0.100","1999-01-01T00:00:00",
"METOLACHLOR","MILK","0.020","1999-01-01T00:00:00",
"METOLACHLOR","MEAT","0.020","1999-01-01T00:00:00",
"METOLACHLOR","EDIBLE OFFAL","0.020","1999-01-02T00:00:00",
"METOLACHLOR","EGGS","0.020","1999-01-01T00:00:00",
"METOLACHLOR","PEANUT","0.500","1999-01-01T00:00:00",
"METOLACHLOR","SUNFLOWER","0.100","1999-01-01T00:00:00",
"METOLACHLOR","APPLE","0.120","2017-12-28T00:00:00","יתבטל"
"METOMINOSTROBIN","GRAPES","0.200","2003-11-05T00:00:00",
"METOMINOSTROBIN","STRAWBERRY","0.100","2006-12-05T00:00:00",
"METOMINOSTROBIN","PEPPER","0.200","2003-11-05T00:00:00",
"METOMINOSTROBIN","EGG PLANT","0.200","2010-01-03T00:00:00",
"METOMINOSTROBIN","TOMATO","0.200","2004-06-22T00:00:00",
"METOMINOSTROBIN","RED SWEET PEPPER","0.200","2013-01-20T00:00:00",
"METOMINOSTROBIN","CARROT","0.050","2008-03-25T00:00:00",
"METOMINOSTROBIN","ONION","0.050","2008-06-02T00:00:00",
"METOMINOSTROBIN","GARLIC","0.050","2006-12-05T00:00:00",
"METOMINOSTROBIN","APPLE","0.200","2003-11-05T00:00:00",
"METOMINOSTROBIN","PLUM","0.100","2006-05-14T00:00:00",
"METOMINOSTROBIN","NECTARINE","0.100","2003-11-05T00:00:00",
"METOMINOSTROBIN","PEACH","0.100","2003-03-23T00:00:00",
"METRAFENONE","GRAPES","5.000","2013-03-13T00:00:00",
"METRAFENONE","STRAWBERRY","0.500","2013-03-13T00:00:00",
"METRAFENONE","MELON","0.300","2013-03-13T00:00:00",
"METRAFENONE","CUCUMBER","0.300","2015-11-12T00:00:00",
"METRAFENONE","PUMPKINS","0.300","2013-03-13T00:00:00",
"METRAFENONE","SQUASH","0.300","2013-03-13T00:00:00",
"METRAFENONE","WATERMELON","0.050","2013-03-13T00:00:00",
"METRAFENONE","PEPPER",,"2019-07-23T00:00:00","0.150"
"METRAFENONE","EGG PLANT",,"2022-02-15T00:00:00","0.150"
"METRAFENONE","TOMATO",,"2019-06-16T00:00:00","0.200"
"METRAFENONE","SCARLET","0.300","2013-03-13T00:00:00",
"METRAFENONE","MANGO","0.010","2013-03-13T00:00:00",
"METRAFENONE","APPLE",,"2018-02-13T00:00:00","0.100"
"METRIBUZIN","POTATO","0.010","2013-01-20T00:00:00",
"METRIBUZIN","TOMATO","0.010","2013-01-20T00:00:00",
"METRIBUZIN","CARROT","0.010","2013-01-20T00:00:00",
"METRIBUZIN","WHEAT","0.010","2013-01-20T00:00:00",
"MILBEMECTIN","CITRUS FRUIT","0.050","2010-08-02T00:00:00",
"MILBEMECTIN","MELON","0.010","2010-07-20T00:00:00",
"MILBEMECTIN","CUCUMBER","0.010","2010-06-21T00:00:00",
"MILBEMECTIN","WATERMELON","0.010","2010-06-21T00:00:00",
"MILBEMECTIN","PEPPER","0.050","2009-01-14T00:00:00",
"MILBEMECTIN","EGG PLANT","0.050","2009-01-14T00:00:00",
"MILBEMECTIN","TOMATO","0.050","2009-01-14T00:00:00",
"MILBEMECTIN","APPLE","0.050","2009-01-14T00:00:00",
"MILBEMECTIN","PEAR","0.050","2009-02-05T00:00:00",
"MSMA","FRUITS","0.010","1999-01-01T00:00:00",
"MSMA","CITRUS FRUIT","0.010","2005-11-03T00:00:00",
"MSMA","COTTON","0.010","1999-01-01T00:00:00",
"MYCLOBUTANIL","GRAPES","1.000","1996-01-01T00:00:00",
"MYCLOBUTANIL","CITRUS FRUIT","3.000","2009-06-23T00:00:00",
"MYCLOBUTANIL","MELON","0.300","1996-01-01T00:00:00",
"MYCLOBUTANIL","CUCUMBER","0.300","1996-01-01T00:00:00","יתבטל"
"MYCLOBUTANIL","SQUASH","0.300","1996-01-01T00:00:00",
"MYCLOBUTANIL","WATERMELON","0.300","1996-01-01T00:00:00",
"MYCLOBUTANIL","PEPPER","0.500","1996-01-01T00:00:00","יתבטל"
"MYCLOBUTANIL","EGG PLANT","0.300","1996-01-01T00:00:00",
"MYCLOBUTANIL","TOMATO","0.300","1996-01-01T00:00:00",
"MYCLOBUTANIL","RED SWEET PEPPER","0.100","2009-11-09T00:00:00",
"MYCLOBUTANIL","BEANS","0.020","2016-08-04T00:00:00",
"MYCLOBUTANIL","ALMOND","0.200","1996-01-01T00:00:00",
"MYCLOBUTANIL","GARLIC","0.300","1996-01-01T00:00:00",
"MYCLOBUTANIL","MANGO","0.500","1996-01-01T00:00:00",
"MYCLOBUTANIL","APPLE","0.500","1996-01-01T00:00:00",
"MYCLOBUTANIL","PEAR","0.500","1996-01-01T00:00:00",
"MYCLOBUTANIL","PLUM","0.200","1996-01-01T00:00:00",
"MYCLOBUTANIL","APRICOT","0.200","1996-01-01T00:00:00",
"MYCLOBUTANIL","NECTARINE","0.500","1996-01-01T00:00:00",
"MYCLOBUTANIL","PEACH","0.500","1996-01-01T00:00:00",
"MYCLOBUTANIL","FIG","0.010","2005-05-26T00:00:00",
"NOVALURON","ALFALFA","2.000","2001-05-24T00:00:00",
"NOVALURON","STRAWBERRY","0.100","2006-01-17T00:00:00",
"NOVALURON","POTATO","0.020","2001-03-21T00:00:00",
"NOVALURON","ARTICHOKE","0.020","2001-07-15T00:00:00",
"NOVALURON","CELERIAC","1.000","2006-10-31T00:00:00",
"NOVALURON","BRASSICA","0.020","2001-03-21T00:00:00",
"NOVALURON","CABBAGE","0.020","2021-08-17T00:00:00",
"NOVALURON","BROCCOLI","0.020","2021-08-17T00:00:00",
"NOVALURON","CAULIFLOWER","0.020","2021-08-17T00:00:00",
"NOVALURON","LETTUCE","0.500","2014-08-06T00:00:00",
"NOVALURON","EGG PLANT","0.050","2005-12-07T00:00:00",
"NOVALURON","TOMATO","0.200","2006-10-05T00:00:00",
"NOVALURON","BEANS","0.020","2001-05-24T00:00:00",
"NOVALURON","CARROT","0.020","2003-05-04T00:00:00",
"NOVALURON","COTTON","0.020","2001-03-21T00:00:00",
"NOVALURON","PEANUT","0.020","2006-10-05T00:00:00",
"NOVALURON","ALMOND",,"2017-01-30T00:00:00","0.040"
"NOVALURON","APPLE","0.100","2012-12-02T00:00:00",
"NOVALURON","PEAR","0.100","2012-12-02T00:00:00",
"NOVALURON","PLUM","0.050","2015-11-12T00:00:00",
"NOVALURON","APRICOT","0.050","2015-11-12T00:00:00",
"NOVALURON","NECTARINE","0.050","2015-11-12T00:00:00",
"NOVALURON","PEACH","0.050","2015-11-12T00:00:00",
"NOVALURON","OLIVES","0.500","2006-10-31T00:00:00",
"NOVALURON","CORN","0.020","2001-03-21T00:00:00",
"NOVALURON","PARSLEY (roots and leaves)","2.000","2008-12-03T00:00:00",
"ORTHO PHENYLPHENOL","CITRUS FRUIT","10.000","1996-01-01T00:00:00",
"OXADIARGYL","WATERMELON","0.010","1999-01-01T00:00:00",
"OXADIARGYL","TOMATO","0.010","1999-01-01T00:00:00",
"OXADIARGYL","GARLIC","0.010","1999-01-01T00:00:00",
"OXADIAZON","FRUITS","0.020","2013-01-20T00:00:00",
"OXADIAZON","GRAPES","0.020","2013-01-20T00:00:00",
"OXADIAZON","STRAWBERRY","0.020","2013-01-20T00:00:00",
"OXADIAZON","CITRUS FRUIT","0.020","2013-01-20T00:00:00",
"OXADIAZON","CELERIAC","0.020","2013-01-20T00:00:00",
"OXADIAZON","BRASSICA","0.020","2013-01-20T00:00:00",
"OXADIAZON","CABBAGE","0.020","2013-01-20T00:00:00",
"OXADIAZON","CAULIFLOWER","0.020","2013-01-20T00:00:00",
"OXADIAZON","LEAFY VEGETABLES","0.020","2013-01-20T00:00:00",
"OXADIAZON","PEPPER","0.020","2013-01-20T00:00:00",
"OXADIAZON","EGG PLANT","0.020","2013-01-20T00:00:00",
"OXADIAZON","TOMATO","0.020","2013-01-20T00:00:00",
"OXADIAZON","ROOT VEGETABLE","0.020","2013-01-20T00:00:00",
"OXADIAZON","SWEET POTATO","0.020","2013-01-20T00:00:00",
"OXADIAZON","ONION","0.020","2013-01-20T00:00:00",
"OXADIAZON","GARLIC","0.020","2013-01-20T00:00:00",
"OXADIAZON","AVOCADO","0.020","2013-01-20T00:00:00",
"OXADIAZON","BANANA","0.020","2013-01-20T00:00:00",
"OXADIAZON","OLIVES","0.020","2013-01-20T00:00:00",
"OXADIAZON","HERBS","0.020","2013-01-20T00:00:00",
"OXAMYL","CUCUMBER","0.010","2017-12-28T00:00:00",
"OXAMYL","PEPPER","0.010","2017-12-28T00:00:00",
"OXAMYL","EGG PLANT","2.000","2017-12-28T00:00:00","0.010"
"OXAMYL","TOMATO","0.010","2017-12-28T00:00:00",
"OXAMYL","CARROT","0.010","2005-12-12T00:00:00",
"OXAMYL","ONION","0.005","2015-11-15T00:00:00",
"OXAMYL","GARLIC","0.005","2015-11-15T00:00:00",
"OXAMYL","BANANA","0.050","2005-11-09T00:00:00",
"OXATHIAPIPROLIN","GRAPES","0.150","2022-08-21T00:00:00","0.700"
"OXATHIAPIPROLIN","POTATO",,"2019-06-17T00:00:00","0.010"
"OXATHIAPIPROLIN","CABBAGE",,"2023-07-12T00:00:00","0.070"
"OXATHIAPIPROLIN","CAULIFLOWER",,"2023-06-04T00:00:00","0.020"
"OXATHIAPIPROLIN","MELON",,"2024-09-09T00:00:00","0.200"
"OXATHIAPIPROLIN","CUCUMBER",,"2023-06-04T00:00:00","0.050"
"OXATHIAPIPROLIN","SQUASH","0.020","2023-07-12T00:00:00","0.200"
"OXATHIAPIPROLIN","CHICK PEA",,"2024-09-09T00:00:00","0.250"
"OXATHIAPIPROLIN","LETTUCE",,"2023-07-12T00:00:00","0.700"
"OXATHIAPIPROLIN","TOMATO",,"2020-06-23T00:00:00","0.100"
"OXATHIAPIPROLIN","ONION",,"2023-06-04T00:00:00","0.010"
"OXOLINIC ACID","APPLE","0.010","1999-01-01T00:00:00",
"OXOLINIC ACID","LOQUAT","0.010","1999-01-01T00:00:00",
"OXOLINIC ACID","PEAR","0.010","1999-01-01T00:00:00",
"OXOLINIC ACID","QUINCE","0.010","1999-01-01T00:00:00",
"OXYFLUORFEN","VEGETABLES","0.020","2013-01-21T00:00:00",
"OXYFLUORFEN","FRUITS","0.020","2013-01-21T00:00:00",
"OXYFLUORFEN","GRAPES","0.020","2013-01-21T00:00:00",
"OXYFLUORFEN","STRAWBERRY","0.020","2013-01-21T00:00:00",
"OXYFLUORFEN","CITRUS FRUIT","0.020","2013-01-21T00:00:00",
"OXYFLUORFEN","POTATO",,"2018-03-14T00:00:00","0.010"
"OXYFLUORFEN","ARTICHOKE","0.020","2013-01-21T00:00:00",
"OXYFLUORFEN","CELERIAC","0.020","2013-01-21T00:00:00",
"OXYFLUORFEN","CABBAGE","0.020","2013-01-21T00:00:00",
"OXYFLUORFEN","CAULIFLOWER","0.020","2013-01-21T00:00:00",
"OXYFLUORFEN","WATERMELON","0.020","2013-01-21T00:00:00",
"OXYFLUORFEN","EGG PLANT","0.020","2013-01-21T00:00:00",
"OXYFLUORFEN","TOMATO","0.020","2013-01-21T00:00:00",
"OXYFLUORFEN","ROOT VEGETABLE","0.020","2013-01-21T00:00:00",
"OXYFLUORFEN","SWEET POTATO",,"2018-03-14T00:00:00","0.010"
"OXYFLUORFEN","ONION","0.020","2013-01-21T00:00:00",
"OXYFLUORFEN","COTTON","0.020","2013-01-21T00:00:00",
"OXYFLUORFEN","SUNFLOWER","0.020","2013-01-21T00:00:00",
"OXYFLUORFEN","ALMOND","0.020","2013-01-21T00:00:00",
"OXYFLUORFEN","PECAN","0.020","2013-01-21T00:00:00",
"OXYFLUORFEN","GARLIC","0.020","2013-01-21T00:00:00",
"OXYFLUORFEN","AVOCADO","0.020","2013-01-21T00:00:00",
"OXYFLUORFEN","BANANA","0.020","2013-01-21T00:00:00",
"OXYFLUORFEN","POMEGRANATE","0.020","2013-01-21T00:00:00",
"OXYFLUORFEN","OLIVES","0.020","2013-01-21T00:00:00",
"PACLOBUTRAZOLE","AVOCADO","0.050","1996-01-01T00:00:00",
"PARAQUAT","VEGETABLES","0.020","2013-01-21T00:00:00","יתבטל"
"PARAQUAT","FRUITS","0.020","2013-01-21T00:00:00","יתבטל"
"PARAQUAT","CITRUS FRUIT","0.020","2013-01-21T00:00:00","יתבטל"
"PARAQUAT","POTATO","0.020","2013-01-21T00:00:00","יתבטל"
"PARAQUAT","LEGUMS","0.020","2013-01-21T00:00:00","יתבטל"
"PARAQUAT","COTTON","0.020","2013-01-21T00:00:00","יתבטל"
"PARAQUAT","SUNFLOWER","0.020","2013-01-21T00:00:00","יתבטל"
"PARAQUAT","CEREALS","0.020","2013-01-21T00:00:00","יתבטל"
"PARAQUAT","CORN","0.020","2013-01-21T00:00:00","יתבטל"
"PCNB (QUINTOZENE)","FODDER BEET","0.200","1996-01-01T00:00:00",
"PCNB (QUINTOZENE)","POTATO","0.200","1996-01-01T00:00:00",
"PCNB (QUINTOZENE)","BEANS","0.010","1996-01-01T00:00:00",
"PCNB (QUINTOZENE)","COTTON","0.030","1996-01-01T00:00:00",
"PCNB (QUINTOZENE)","PEANUT","0.500","2013-01-21T00:00:00",
"PENCONAZOLE","GRAPES","0.200","1996-01-01T00:00:00",
"PENCONAZOLE","STRAWBERRY","0.100","1999-01-01T00:00:00",
"PENCONAZOLE","MELON","0.100","1999-01-01T00:00:00",
"PENCONAZOLE","CUCUMBER","0.100","1999-01-01T00:00:00",
"PENCONAZOLE","SQUASH","0.100","1999-01-01T00:00:00",
"PENCONAZOLE","WATERMELON","0.100","2013-01-21T00:00:00",
"PENCONAZOLE","PEPPER","0.200","1999-01-01T00:00:00",
"PENCONAZOLE","EGG PLANT","0.200","1999-01-01T00:00:00",
"PENCONAZOLE","TOMATO","0.200","1999-01-01T00:00:00",
"PENCONAZOLE","RED SWEET PEPPER","0.200","2005-11-10T00:00:00",
"PENCONAZOLE","CARROT","0.050","2005-11-10T00:00:00",
"PENCONAZOLE","MANGO","0.100","1999-01-01T00:00:00",
"PENCONAZOLE","APPLE","0.200","1999-01-01T00:00:00",
"PENCONAZOLE","PEAR","0.200","2013-01-21T00:00:00",
"PENCONAZOLE","NECTARINE","0.100","2005-11-10T00:00:00",
"PENCONAZOLE","PEACH","0.100","2005-11-10T00:00:00",
"PENCONAZOLE","MINT","0.500","2005-10-30T00:00:00",
"PENCYCURON","POTATO","0.050","2005-12-07T00:00:00",
"PENDIMETHALIN","POTATO","0.100","1999-01-01T00:00:00",
"PENDIMETHALIN","CORIANDER","0.200","2009-06-02T00:00:00",
"PENDIMETHALIN","LETTUCE",,"2019-06-17T00:00:00","0.200"
"PENDIMETHALIN","BEANS","0.100","1999-01-01T00:00:00",
"PENDIMETHALIN","CARROT","0.100","1999-01-01T00:00:00",
"PENDIMETHALIN","ONION","0.100","1999-01-01T00:00:00",
"PENDIMETHALIN","COTTON","0.100","1999-01-01T00:00:00",
"PENDIMETHALIN","SUNFLOWER","0.100","1999-01-01T00:00:00",
"PENDIMETHALIN","GARLIC","0.100","1999-01-01T00:00:00",
"PENDIMETHALIN","DILL","0.200","2009-06-02T00:00:00",
"PENDIMETHALIN","PARSLEY (roots and leaves)","0.200","2017-12-28T00:00:00",
"PENFLUFEN","POTATO",,"2020-06-23T00:00:00","0.020"
"PENTHIOPYRAD","GRAPES",,"2018-07-05T00:00:00","0.150"
"PENTHIOPYRAD","STRAWBERRY",,"2020-06-23T00:00:00","1.500"
"PENTHIOPYRAD","MELON",,"2019-07-23T00:00:00","0.050"
"PENTHIOPYRAD","CUCUMBER",,"2019-07-23T00:00:00","0.150"
"PENTHIOPYRAD","WATERMELON",,"2018-07-05T00:00:00","0.010"
"PENTHIOPYRAD","PEPPER",,"2019-07-23T00:00:00","0.200"
"PENTHIOPYRAD","EGG PLANT",,"2024-10-29T00:00:00","0.200"
"PENTHIOPYRAD","TOMATO",,"2020-06-23T00:00:00","0.150"
"PENTHIOPYRAD","APPLE",,"2018-07-05T00:00:00","0.150"
"PENTHIOPYRAD","CHERRY",,"2023-03-15T00:00:00","1.500"
"PERMETHRIN","FAT","3.000","2005-11-10T00:00:00",
"PERMETHRIN","MILK","0.100","2005-11-10T00:00:00",
"PERMETHRIN","MEAT","1.000","2005-11-10T00:00:00",
"PERMETHRIN","EDIBLE OFFAL","0.100","2005-11-10T00:00:00",
"PERMETHRIN","EGGS","0.100","2005-11-10T00:00:00",
"PERMETHRIN","POULTRY MEAT","0.100","2005-11-10T00:00:00",
"PERMETHRIN","POULTRY OFFAL","0.100","2005-11-10T00:00:00",
"PHOSMET","ALMOND","0.050","2012-12-02T00:00:00",
"PHOSMET","APPLE","0.500","2005-05-26T00:00:00",
"PHOSMET","PEAR","0.500","2006-11-23T00:00:00",
"PHOSMET","PLUM","0.500","2005-05-26T00:00:00",
"PHOSMET","APRICOT","0.500","2009-05-31T00:00:00",
"PHOSMET","NECTARINE","0.500","2005-05-26T00:00:00",
"PHOSMET","PEACH","0.500","2005-05-26T00:00:00",
"PICOXYSTROBIN","GRAPES",,"2019-07-23T00:00:00","0.150"
"PICOXYSTROBIN","ALMOND","0.010","2016-12-20T00:00:00",
"PICOXYSTROBIN","APPLE","0.050","2016-05-16T00:00:00",
"PICOXYSTROBIN","PEAR",,"2019-06-19T00:00:00","0.050"
"PICOXYSTROBIN","PLUM","0.100","2016-08-04T00:00:00",
"PICOXYSTROBIN","CHERRY",,"2023-03-15T00:00:00","0.200"
"PICOXYSTROBIN","NECTARINE","0.100","2016-08-04T00:00:00",
"PICOXYSTROBIN","PEACH","0.100","2016-08-04T00:00:00",
"PINOXADEN","BARLEY","0.010","2013-05-19T00:00:00",
"PINOXADEN","WHEAT","0.010","2009-01-14T00:00:00",
"PIPERONYL BUTOXIDE","MILK","0.250","2016-08-04T00:00:00",
"PIPERONYL BUTOXIDE","MEAT","0.100","2017-12-28T00:00:00",
"PIPERONYL BUTOXIDE","CATTLE","0.100","2017-12-28T00:00:00",
"PIPERONYL BUTOXIDE","SHEEPS","0.100","2017-12-28T00:00:00",
"PIRIMICARB","FORAGE CORN","0.050","1996-01-01T00:00:00",
"PIRIMICARB","THYME","1.000","2011-12-19T00:00:00",
"PIRIMICARB","ARTICHOKE","1.000","1996-01-01T00:00:00",
"PIRIMICARB","CELERIAC","1.000","2013-01-21T00:00:00",
"PIRIMICARB","CABBAGE","1.000","1996-01-01T00:00:00",
"PIRIMICARB","MELON","1.000","1996-01-01T00:00:00",
"PIRIMICARB","CUCUMBER","1.000","1996-01-01T00:00:00",
"PIRIMICARB","CORIANDER","1.000","2011-12-19T00:00:00",
"PIRIMICARB","LETTUCE","1.000","1996-01-01T00:00:00",
"PIRIMICARB","SWEET CORN","0.050","1996-01-01T00:00:00",
"PIRIMICARB","TOMATO","1.000","1996-01-01T00:00:00",
"PIRIMICARB","BEANS","0.200","2012-05-06T00:00:00",
"PIRIMICARB","COTTON","0.050","1996-01-01T00:00:00",
"PIRIMICARB","OREGANO","1.000","2011-12-19T00:00:00",
"PIRIMICARB","DILL","1.000","2011-12-19T00:00:00",
"PIRIMICARB","MARJORAM","1.000","2011-12-19T00:00:00",
"PIRIMICARB","MINT","1.000","2011-12-19T00:00:00",
"PIRIMICARB","PARSLEY (roots and leaves)","1.000","2011-12-19T00:00:00",
"PIRIMICARB","ROSMARINE","1.000","2011-12-19T00:00:00",
"PIRIMICARB","SAGE","1.000","2011-12-19T00:00:00",
"PIRIMICARB","ESTRAGON","1.000","2011-12-19T00:00:00",
"PIRIMICARB","ROKET","1.000","2020-11-11T00:00:00",
"PIRIMICARB","ROKULA","1.000","2011-12-19T00:00:00",
"PIRIMICARB","CYMBOPOGON","1.000","2011-12-19T00:00:00",
"PIRIMIPHOS-METHYL","MILK","0.010","2013-01-23T00:00:00",
"PIRIMIPHOS-METHYL","MEAT","0.010","2013-01-23T00:00:00",
"PIRIMIPHOS-METHYL","EGGS","0.010","2013-01-23T00:00:00",
"PIRIMIPHOS-METHYL","CEREALS","5.000","2013-06-30T00:00:00",
"PROCHLORAZ","STRAWBERRY","0.500","1999-01-01T00:00:00",
"PROCHLORAZ","MELON","0.050","2010-06-21T00:00:00",
"PROCHLORAZ","CUCUMBER","0.020","2005-12-07T00:00:00",
"PROCHLORAZ","EGG PLANT","5.000","1996-01-01T00:00:00",
"PROCHLORAZ","TOMATO","5.000","2013-01-21T00:00:00",
"PROCHLORAZ","ALMOND","1.000","1996-01-01T00:00:00",
"PROCHLORAZ","AVOCADO","5.000","1996-01-01T00:00:00",
"PROCHLORAZ","MANGO","2.000","1996-01-01T00:00:00",
"PROCHLORAZ","POMEGRANATE","2.000","2010-01-04T00:00:00",
"PROCHLORAZ","PLUM","0.050","1996-01-01T00:00:00",
"PROCHLORAZ","APRICOT","1.000","1996-01-01T00:00:00",
"PROHEXADIONE CALCIUM","APPLE","0.050","2008-03-25T00:00:00",
"PROHEXADIONE CALCIUM","PEAR","0.050","2013-01-21T00:00:00",
"PROHEXADIONE CALCIUM","PLUM","0.050","2015-11-12T00:00:00",
"PROMETRYNE","CELERIAC","0.200","1999-01-01T00:00:00",
"PROMETRYNE","WATERMELON","0.020","2009-10-13T00:00:00",
"PROMETRYNE","DILL","0.200","2005-11-21T00:00:00",
"PROMETRYNE","PARSLEY (roots and leaves)","0.200","2005-11-21T00:00:00",
"PROPAMOCARB HCL","STRAWBERRY","2.000","2013-01-21T00:00:00",
"PROPAMOCARB HCL","POTATO","0.200","2008-03-16T00:00:00",
"PROPAMOCARB HCL","BRASSICA","0.200","2008-03-16T00:00:00",
"PROPAMOCARB HCL","CABBAGE","0.200","2021-08-01T00:00:00",
"PROPAMOCARB HCL","BROCCOLI","0.200","2021-08-01T00:00:00",
"PROPAMOCARB HCL","CAULIFLOWER","0.200","2021-08-01T00:00:00",
"PROPAMOCARB HCL","KOHLRABI",,"2021-08-01T00:00:00","0.200"
"PROPAMOCARB HCL","MELON","2.000","2008-03-16T00:00:00",
"PROPAMOCARB HCL","CUCUMBER","2.000","2008-03-16T00:00:00",
"PROPAMOCARB HCL","PUMPKINS","0.100","2015-11-12T00:00:00","0.500"
"PROPAMOCARB HCL","SQUASH",,"2017-03-13T00:00:00","2.000"
"PROPAMOCARB HCL","LETTUCE","10.000","2008-03-16T00:00:00",
"PROPAMOCARB HCL","TOMATO","0.200","2012-02-15T00:00:00",
"PROPAMOCARB HCL","SCARLET","0.100","2015-11-12T00:00:00","0.500"
"PROPAMOCARB HCL","ONION","0.200","2013-01-21T00:00:00",
"PROPAQUIZAFOP","ALFALFA","0.010","1999-01-01T00:00:00",
"PROPAQUIZAFOP","CLOVER","0.010","1999-01-01T00:00:00",
"PROPAQUIZAFOP","VETCH","0.010","1999-01-01T00:00:00",
"PROPAQUIZAFOP","FRUITS","0.010","1999-01-01T00:00:00",
"PROPAQUIZAFOP","GRAPES","0.010","1999-01-01T00:00:00",
"PROPAQUIZAFOP","POTATO","0.010","1999-01-01T00:00:00",
"PROPAQUIZAFOP","WATERMELON","0.010","1999-01-01T00:00:00",
"PROPAQUIZAFOP","CHICK PEA","0.010","1999-01-01T00:00:00",
"PROPAQUIZAFOP","TOMATO","0.010","1999-01-01T00:00:00",
"PROPAQUIZAFOP","PEAS","0.010","1999-01-01T00:00:00",
"PROPAQUIZAFOP","CARROT","0.010","1999-01-01T00:00:00",
"PROPAQUIZAFOP","ONION","0.010","1999-01-01T00:00:00",
"PROPAQUIZAFOP","COTTON","0.010","1999-01-01T00:00:00",
"PROPAQUIZAFOP","PEANUT","0.010","1999-01-01T00:00:00",
"PROPAQUIZAFOP","SUNFLOWER","0.010","1999-01-01T00:00:00",
"PROPAQUIZAFOP","GARLIC","0.010","1999-01-01T00:00:00",
"PROPARGITE","CUCURBITS","0.500","2005-11-22T00:00:00","יתבטל"
"PROPARGITE","MELON","0.500","1996-01-01T00:00:00","יתבטל"
"PROPARGITE","CUCUMBER","0.500","1996-01-01T00:00:00","יתבטל"
"PROPARGITE","SQUASH","0.500","1996-01-01T00:00:00","יתבטל"
"PROPARGITE","WATERMELON","0.500","1996-01-01T00:00:00","יתבטל"
"PROPARGITE","PEPPER","1.000","1996-01-01T00:00:00","יתבטל"
"PROPARGITE","EGG PLANT","0.500","1996-01-01T00:00:00","יתבטל"
"PROPARGITE","TOMATO","2.000","1996-01-01T00:00:00","יתבטל"
"PROPARGITE","BEANS","2.000","1996-01-01T00:00:00","יתבטל"
"PROPARGITE","COTTON","0.100","1996-01-01T00:00:00","יתבטל"
"PROPARGITE","PEANUT","0.100","1996-01-01T00:00:00","יתבטל"
"PROPARGITE","APPLE","5.000","1996-01-01T00:00:00","יתבטל"
"PROPARGITE","PLUM","7.000","2005-11-22T00:00:00","יתבטל"
"PROPARGITE","NECTARINE","7.000","2005-11-22T00:00:00","יתבטל"
"PROPOXYCARBAZONE-SODIUM","WHEAT","0.050","2005-11-21T00:00:00",
"PROPYZAMIDE","ALFALFA","0.020","2013-01-21T00:00:00",
"PROPYZAMIDE","CLOVER","0.020","2013-01-21T00:00:00",
"PROPYZAMIDE","VETCH","0.020","2013-01-21T00:00:00",
"PROPYZAMIDE","GRAPES","0.020","2013-01-21T00:00:00",
"PROPYZAMIDE","CITRUS FRUIT","0.020","2013-01-21T00:00:00",
"PROPYZAMIDE","ARTICHOKE","0.020","2013-01-21T00:00:00",
"PROPYZAMIDE","CHICK PEA","0.020","2013-01-21T00:00:00",
"PROPYZAMIDE","LETTUCE","0.020","2013-01-21T00:00:00",
"PROPYZAMIDE","LEGUMS","0.020","2013-01-21T00:00:00",
"PROPYZAMIDE","PEAS","0.020","2013-01-21T00:00:00",
"PROPYZAMIDE","SAFFLOWER","0.020","2013-01-21T00:00:00",
"PROPYZAMIDE","AVOCADO","0.020","2013-01-21T00:00:00",
"PROPYZAMIDE","MANGO","0.020","2013-01-21T00:00:00",
"PROPYZAMIDE","PERSIMMON","0.020","2013-01-21T00:00:00",
"PROPYZAMIDE","APPLE","0.020","2013-01-21T00:00:00",
"PROPYZAMIDE","PEAR","0.020","2013-01-21T00:00:00",
"PROPYZAMIDE","PLUM","0.020","2013-01-21T00:00:00",
"PROPYZAMIDE","NECTARINE","0.020","2013-01-21T00:00:00",
"PROPYZAMIDE","PEACH","0.020","2013-01-21T00:00:00",
"PROPYZAMIDE","OLIVES","0.020","2013-01-21T00:00:00",
"PROQUINAZID","GRAPES","0.050","2007-05-06T00:00:00","0.500"
"PROQUINAZID","MELON","0.050","2011-05-17T00:00:00",
"PROQUINAZID","CUCUMBER",,"2024-01-29T00:00:00","0.050"
"PROQUINAZID","SQUASH",,"2024-01-29T00:00:00","0.050"
"PROQUINAZID","WATERMELON","0.050","2013-01-21T00:00:00",
"PROQUINAZID","PEPPER",,"2024-01-29T00:00:00","0.100"
"PROQUINAZID","EGG PLANT",,"2024-01-29T00:00:00","0.050"
"PROQUINAZID","TOMATO",,"2024-01-29T00:00:00","0.100"
"PROQUINAZID","APPLE","0.050","2011-05-17T00:00:00",
"PROQUINAZID","NECTARINE","0.050","2011-05-17T00:00:00",
"PROQUINAZID","PEACH","0.050","2011-05-17T00:00:00",
"PROTHIOCONAZOLE","PEANUT",,"2017-01-30T00:00:00","0.020"
"PYMETROZINE","THYME","1.000","2010-12-15T00:00:00",
"PYMETROZINE","STRAWBERRY","0.500","2006-11-23T00:00:00",
"PYMETROZINE","CITRUS FRUIT","0.100","2005-12-30T00:00:00",
"PYMETROZINE","POTATO","0.050","2008-06-19T00:00:00",
"PYMETROZINE","CELERIAC","1.000","2012-07-02T00:00:00",
"PYMETROZINE","BRASSICA","0.100","2006-11-23T00:00:00",
"PYMETROZINE","CABBAGE","0.100","2021-08-17T00:00:00",
"PYMETROZINE","BROCCOLI","0.100","2021-08-17T00:00:00",
"PYMETROZINE","KOHLRABI","0.100","2021-08-17T00:00:00",
"PYMETROZINE","MELON","0.020","2008-07-30T00:00:00",
"PYMETROZINE","WATERMELON","0.050","2008-12-03T00:00:00",
"PYMETROZINE","BEET, GREENS","1.000","2014-03-19T00:00:00",
"PYMETROZINE","CORIANDER","1.000","2010-12-31T00:00:00",
"PYMETROZINE","CHINESE CABBAGE","0.100","2021-08-17T00:00:00",
"PYMETROZINE","SPINACH","1.000","2014-03-19T00:00:00",
"PYMETROZINE","PEPPER","0.100","2006-11-23T00:00:00",
"PYMETROZINE","OREGANO","1.000","2010-12-15T00:00:00",
"PYMETROZINE","BASIL","1.000","2010-12-15T00:00:00",
"PYMETROZINE","DILL","1.000","2010-12-15T00:00:00",
"PYMETROZINE","MARJORAM","1.000","2010-12-15T00:00:00",
"PYMETROZINE","MINT","1.000","2010-12-15T00:00:00",
"PYMETROZINE","PARSLEY (roots and leaves)","1.000","2010-12-15T00:00:00",
"PYMETROZINE","ROSMARINE","1.000","2010-12-15T00:00:00",
"PYMETROZINE","SAGE","1.000","2010-12-15T00:00:00",
"PYMETROZINE","ESTRAGON","1.000","2010-12-15T00:00:00",
"PYMETROZINE","ROKET","1.000","2020-11-10T00:00:00",
"PYMETROZINE","ROKULA","1.000","2010-12-15T00:00:00",
"PYMETROZINE","MIZONA","1.000","2014-03-19T00:00:00",
"PYMETROZINE","TATSUI LEAVES","0.100","2014-03-19T00:00:00",
"PYRACLOSTROBIN","THYME","2.000","2013-06-11T00:00:00",
"PYRACLOSTROBIN","GRAPES","2.000","2013-03-13T00:00:00",
"PYRACLOSTROBIN","STRAWBERRY","0.200","2006-08-02T00:00:00",
"PYRACLOSTROBIN","CITRUS FRUIT","0.030","2003-11-05T00:00:00",
"PYRACLOSTROBIN","MELISA","2.000","2013-06-11T00:00:00",
"PYRACLOSTROBIN","POTATO","0.030","2003-11-05T00:00:00",
"PYRACLOSTROBIN","SMALL RADISH",,"2020-01-08T00:00:00","0.050"
"PYRACLOSTROBIN","CELERIAC","0.200","2006-08-23T00:00:00",
"PYRACLOSTROBIN","CABBAGE","0.050","2013-03-13T00:00:00",
"PYRACLOSTROBIN","BROCCOLI",,"2021-08-23T00:00:00","0.150"
"PYRACLOSTROBIN","CAULIFLOWER","0.050","2021-08-17T00:00:00",
"PYRACLOSTROBIN","MELON","2.000","2013-03-13T00:00:00",
"PYRACLOSTROBIN","CUCUMBER","2.000","2010-06-21T00:00:00",
"PYRACLOSTROBIN","PUMPKINS","0.100","2010-06-21T00:00:00",
"PYRACLOSTROBIN","SQUASH","2.000","2010-06-21T00:00:00",
"PYRACLOSTROBIN","WATERMELON","0.050","2013-03-13T00:00:00",
"PYRACLOSTROBIN","CHICK PEA","0.050","2010-10-04T00:00:00",
"PYRACLOSTROBIN","CORIANDER","2.000","2009-06-02T00:00:00",
"PYRACLOSTROBIN","LETTUCE","1.000","2013-03-13T00:00:00",
"PYRACLOSTROBIN","PEPPER","0.400","2009-04-05T00:00:00",
"PYRACLOSTROBIN","EGG PLANT","0.030","2003-11-04T00:00:00",
"PYRACLOSTROBIN","TOMATO","0.050","2003-11-05T00:00:00",
"PYRACLOSTROBIN","PEAS","0.020","2010-06-21T00:00:00",
"PYRACLOSTROBIN","SCARLET","0.100","2010-06-21T00:00:00",
"PYRACLOSTROBIN","SWEET POTATO","0.500","2008-06-10T00:00:00",
"PYRACLOSTROBIN","CARROT","0.100","2009-04-05T00:00:00",
"PYRACLOSTROBIN","ONION","0.300","2009-04-05T00:00:00",
"PYRACLOSTROBIN","COTTON","0.200","2003-11-05T00:00:00",
"PYRACLOSTROBIN","PEANUT","0.050","2011-01-11T00:00:00",
"PYRACLOSTROBIN","ALMOND","1.500","2012-08-26T00:00:00",
"PYRACLOSTROBIN","GARLIC","0.300","2009-04-05T00:00:00",
"PYRACLOSTROBIN","PERSIMMON","0.020","2010-06-21T00:00:00",
"PYRACLOSTROBIN","APPLE","0.500","2008-12-03T00:00:00",
"PYRACLOSTROBIN","PEAR",,"2019-07-08T00:00:00","0.500"
"PYRACLOSTROBIN","NECTARINE","0.200","2011-01-11T00:00:00",
"PYRACLOSTROBIN","PEACH","0.200","2011-01-11T00:00:00",
"PYRACLOSTROBIN","BASIL","2.000","2006-10-23T00:00:00",
"PYRACLOSTROBIN","CHIVES","0.200","2006-10-23T00:00:00",
"PYRACLOSTROBIN","DILL","2.000","2009-06-02T00:00:00",
"PYRACLOSTROBIN","MARJORAM","2.000","2013-06-11T00:00:00",
"PYRACLOSTROBIN","MINT","2.000","2013-06-11T00:00:00",
"PYRACLOSTROBIN","PARSLEY (roots and leaves)","2.000","2006-08-23T00:00:00",
"PYRACLOSTROBIN","ROSMARINE","2.000","2013-06-11T00:00:00",
"PYRACLOSTROBIN","SAGE","2.000","2013-06-11T00:00:00",
"PYRACLOSTROBIN","ESTRAGON","2.000","2013-06-11T00:00:00",
"PYRACLOSTROBIN","ROKULA","2.000","2011-11-16T00:00:00",
"PYRACLOSTROBIN","SPRING ONION",,"2023-02-01T00:00:00","0.050"
"PYRAFLUFEN-ETHYL","VETCH","0.050","2006-01-10T00:00:00",
"PYRAFLUFEN-ETHYL","ONION","0.020","2010-02-18T00:00:00",
"PYRAFLUFEN-ETHYL","PEANUT","0.010","2011-11-14T00:00:00",
"PYRAFLUFEN-ETHYL","APPLE","0.020","2009-02-05T00:00:00",
"PYRAFLUFEN-ETHYL","PEAR","0.020","2013-01-21T00:00:00",
"PYRAFLUFEN-ETHYL","NECTARINE","0.020","2009-02-05T00:00:00",
"PYRAFLUFEN-ETHYL","PEACH","0.020","2009-02-05T00:00:00",
"PYRAFLUFEN-ETHYL","DATE","0.020","2013-01-21T00:00:00",
"PYRAFLUFEN-ETHYL","WHEAT","0.100","2005-11-22T00:00:00",
"PYRIDABEN","CITRUS FRUIT",,"2021-10-11T00:00:00","0.200"
"PYRIDABEN","CUCUMBER","0.050","2010-11-29T00:00:00",
"PYRIDABEN","PEPPER","0.050","2010-10-25T00:00:00",
"PYRIDABEN","EGG PLANT","0.050","1997-01-12T00:00:00",
"PYRIDABEN","TOMATO","0.050","2010-11-29T00:00:00","0.200"
"PYRIDABEN","APPLE","0.100","1997-01-12T00:00:00",
"PYRIDALYL","STRAWBERRY","1.000","2014-08-04T00:00:00",
"PYRIDALYL","POTATO","0.010","2010-10-04T00:00:00",
"PYRIDALYL","BRASSICA","0.050","2006-11-26T00:00:00",
"PYRIDALYL","CABBAGE","0.050","2021-08-17T00:00:00",
"PYRIDALYL","BROCCOLI","0.050","2021-08-17T00:00:00",
"PYRIDALYL","CAULIFLOWER","0.050","2021-08-17T00:00:00",
"PYRIDALYL","CUCUMBER","0.100","2018-02-18T00:00:00","0.200"
"PYRIDALYL","CHICK PEA","1.000","2013-11-25T00:00:00",
"PYRIDALYL","CORIANDER","1.000","2011-07-07T00:00:00",
"PYRIDALYL","LETTUCE","0.020","2009-02-05T00:00:00",
"PYRIDALYL","PEPPER",,"2008-06-10T00:00:00","0.200"
"PYRIDALYL","TOMATO","0.200","2007-08-30T00:00:00",
"PYRIDALYL","RED SWEET PEPPER","0.200","2009-03-31T00:00:00",
"PYRIDALYL","SWEET POTATO","0.050","2011-05-17T00:00:00",
"PYRIDALYL","CARROT","0.500","2012-07-26T00:00:00",
"PYRIDALYL","COTTON","0.050","2014-03-02T00:00:00",
"PYRIDALYL","PEANUT","0.010","2009-03-31T00:00:00",
"PYRIDALYL","CORN","0.050","2011-05-17T00:00:00",
"PYRIDALYL","DILL","1.000","2011-07-07T00:00:00",
"PYRIDALYL","PARSLEY (roots and leaves)","1.000","2011-05-17T00:00:00",
"PYRIDATE","CHICK PEA","0.050","1999-01-01T00:00:00","יתבטל"
"PYRIDATE","PEANUT","0.050","1999-01-01T00:00:00","יתבטל"
"PYRIDATE","CORN","0.050","1999-01-01T00:00:00","יתבטל"
"PYRIMETHANIL","THYME","3.000","2011-12-19T00:00:00",
"PYRIMETHANIL","GRAPES","2.000","2001-01-15T00:00:00",
"PYRIMETHANIL","STRAWBERRY","1.000","2001-03-21T00:00:00",
"PYRIMETHANIL","CITRUS FRUIT","5.000","2010-07-15T00:00:00",
"PYRIMETHANIL","CUCUMBER","1.000","2005-07-04T00:00:00",
"PYRIMETHANIL","SQUASH",,"2024-01-29T00:00:00","0.050"
"PYRIMETHANIL","CORIANDER","3.000","2011-12-19T00:00:00",
"PYRIMETHANIL","PEPPER",,"2016-03-09T00:00:00","0.700"
"PYRIMETHANIL","EGG PLANT",,"2020-07-03T00:00:00","1.000"
"PYRIMETHANIL","TOMATO","1.000","2012-02-09T00:00:00",
"PYRIMETHANIL","ONION","0.100","2009-04-05T00:00:00",
"PYRIMETHANIL","OREGANO","3.000","2011-12-19T00:00:00",
"PYRIMETHANIL","APPLE",,"2022-04-28T00:00:00","0.300"
"PYRIMETHANIL","PEAR",,"2021-05-11T00:00:00","8.500"
"PYRIMETHANIL","BASIL","3.000","2011-12-19T00:00:00",
"PYRIMETHANIL","DILL","3.000","2011-12-19T00:00:00",
"PYRIMETHANIL","MARJORAM","3.000","2011-12-19T00:00:00",
"PYRIMETHANIL","MINT","3.000","2011-12-19T00:00:00",
"PYRIMETHANIL","PARSLEY (roots and leaves)","3.000","2011-12-19T00:00:00",
"PYRIMETHANIL","ROSMARINE","3.000","2011-12-19T00:00:00",
"PYRIMETHANIL","SAGE","3.000","2011-12-19T00:00:00",
"PYRIMETHANIL","ESTRAGON","3.000","2011-12-19T00:00:00",
"PYRIMIDIFEN","WATERMELON","0.020","2009-02-05T00:00:00",
"PYRIMIDIFEN","PEPPER","0.020","2009-02-05T00:00:00",
"PYRIMIDIFEN","EGG PLANT","0.020","2009-02-05T00:00:00",
"PYRIMIDIFEN","TOMATO","0.020","2009-02-05T00:00:00",
"PYRIMIDIFEN","APPLE","0.100","2000-05-15T00:00:00",
"PYRIOFENONE","GRAPES",,"2019-06-16T00:00:00","0.500"
"PYRIOFENONE","STRAWBERRY",,"2022-07-06T00:00:00","0.150"
"PYRIOFENONE","MELON",,"2019-07-23T00:00:00","0.050"
"PYRIOFENONE","CUCUMBER","0.050","2019-06-13T00:00:00","0.100"
"PYRIOFENONE","PUMPKINS",,"2020-01-30T00:00:00","0.100"
"PYRIOFENONE","SQUASH","0.010","2018-09-04T00:00:00","0.100"
"PYRIOFENONE","WATERMELON",,"2018-09-04T00:00:00","0.010"
"PYRIOFENONE","PEPPER",,"2022-06-14T00:00:00","0.300"
"PYRIOFENONE","EGG PLANT",,"2022-06-14T00:00:00","0.100"
"PYRIOFENONE","TOMATO",,"2022-06-14T00:00:00","0.800"
"PYRIOFENONE","CARROT",,"2022-07-06T00:00:00","0.080"
"PYRIOFENONE","MANGO",,"2022-07-06T00:00:00","0.020"
"PYRIOFENONE","NECTARINE",,"2022-07-06T00:00:00","0.150"
"PYRIOFENONE","PEACH",,"2022-07-06T00:00:00","0.300"
"PYRIPROXYFEN","CITRUS FRUIT","0.500","2001-07-15T00:00:00",
"PYRIPROXYFEN","CABBAGE","0.020","2009-02-05T00:00:00",
"PYRIPROXYFEN","MELON","0.020","2009-02-05T00:00:00",
"PYRIPROXYFEN","EGG PLANT","0.020","2009-02-05T00:00:00",
"PYRIPROXYFEN","TOMATO",,"2025-07-15T00:00:00","0.700"
"PYRIPROXYFEN","COTTON","0.020","2009-02-05T00:00:00",
"PYRIPROXYFEN","MANGO",,"2024-02-28T00:00:00","0.020"
"PYRIPROXYFEN","PERSIMMON","0.020","2009-02-05T00:00:00",
"PYRIPROXYFEN","APPLE","0.020","2009-02-05T00:00:00",
"PYRIPROXYFEN","PEAR","0.020","2009-02-05T00:00:00",
"PYRIPROXYFEN","PLUM","0.020","2009-02-05T00:00:00",
"PYRIPROXYFEN","NECTARINE","0.020","2009-02-05T00:00:00",
"PYRIPROXYFEN","PEACH","0.020","2009-02-05T00:00:00",
"PYRIPROXYFEN","OLIVES","0.020","2009-02-05T00:00:00",
"PYRITHIOBAC SODIUM","COTTON","0.050","2005-11-22T00:00:00",
"PYROXASULFONE","CHICK PEA",,"2019-06-13T00:00:00","0.010"
"PYROXASULFONE","PEANUT",,"2023-02-01T00:00:00","0.010"
"PYROXASULFONE","WHEAT",,"2019-06-13T00:00:00","0.010"
"QUINOXYFEN","GRAPES","0.500","1997-02-25T00:00:00",
"QUINOXYFEN","WATERMELON","0.030","1997-02-25T00:00:00",
"QUINOXYFEN","PEPPER","0.030","1997-02-25T00:00:00",
"QUINOXYFEN","TOMATO","0.030","1999-01-01T00:00:00",
"QUINOXYFEN","RED SWEET PEPPER","0.030","2005-11-23T00:00:00",
"QUINOXYFEN","APPLE",,"2018-06-13T00:00:00","0.030"
"QUINOXYFEN","NECTARINE","0.030","2005-11-23T00:00:00",
"QUINOXYFEN","PEACH","0.030","2005-11-23T00:00:00",
"QUIZALOFOP-P-ETHYL","ALFALFA","0.100","2006-03-21T00:00:00",
"QUIZALOFOP-P-ETHYL","VETCH","0.100","2006-03-21T00:00:00",
"QUIZALOFOP-P-ETHYL","CITRUS FRUIT","0.100","2006-03-21T00:00:00",
"QUIZALOFOP-P-ETHYL","CELERIAC","0.100","2006-03-21T00:00:00",
"QUIZALOFOP-P-ETHYL","BRASSICA","0.100","2013-01-21T00:00:00",
"QUIZALOFOP-P-ETHYL","CABBAGE","0.100","2006-03-21T00:00:00",
"QUIZALOFOP-P-ETHYL","CAULIFLOWER","0.100","2006-03-21T00:00:00",
"QUIZALOFOP-P-ETHYL","WATERMELON","0.100","2006-03-21T00:00:00",
"QUIZALOFOP-P-ETHYL","CHICK PEA","0.100","2006-03-21T00:00:00",
"QUIZALOFOP-P-ETHYL","LETTUCE","0.100","2006-03-21T00:00:00",
"QUIZALOFOP-P-ETHYL","PEPPER","0.100","2006-03-21T00:00:00",
"QUIZALOFOP-P-ETHYL","TOMATO","0.100","2006-03-21T00:00:00",
"QUIZALOFOP-P-ETHYL","RED SWEET PEPPER","0.100","2006-03-21T00:00:00",
"QUIZALOFOP-P-ETHYL","PEAS","0.100","2006-03-21T00:00:00",
"QUIZALOFOP-P-ETHYL","CARROT","0.100","2006-03-21T00:00:00",
"QUIZALOFOP-P-ETHYL","ONION","0.100","2006-03-21T00:00:00",
"QUIZALOFOP-P-ETHYL","COTTON","0.100","2006-03-21T00:00:00",
"QUIZALOFOP-P-ETHYL","PEANUT","0.100","2006-03-21T00:00:00",
"QUIZALOFOP-P-ETHYL","GARLIC","0.100","2006-03-21T00:00:00",
"QUIZALOFOP-P-ETHYL","APPLE","0.100","2006-03-21T00:00:00",
"QUIZALOFOP-P-ETHYL","PEAR","0.100","2006-03-21T00:00:00",
"QUIZALOFOP-P-TEFURYL","VETCH","0.100","2005-11-23T00:00:00",
"QUIZALOFOP-P-TEFURYL","BRASSICA","0.100","2005-11-23T00:00:00",
"QUIZALOFOP-P-TEFURYL","CABBAGE","0.100","2021-08-17T00:00:00",
"QUIZALOFOP-P-TEFURYL","BROCCOLI","0.100","2021-08-17T00:00:00",
"QUIZALOFOP-P-TEFURYL","CAULIFLOWER","0.100","2021-08-17T00:00:00",
"QUIZALOFOP-P-TEFURYL","WATERMELON","0.100","2005-11-23T00:00:00",
"QUIZALOFOP-P-TEFURYL","PEAS","0.100","2005-11-23T00:00:00",
"QUIZALOFOP-P-TEFURYL","ONION","0.100","2005-11-23T00:00:00",
"QUIZALOFOP-P-TEFURYL","COTTON","0.100","2005-11-23T00:00:00",
"QUIZALOFOP-P-TEFURYL","PEANUT","0.100","2005-11-23T00:00:00",
"QUIZALOFOP-P-TEFURYL","SUNFLOWER","0.100","2005-11-23T00:00:00",
"RIMSULFURON","TOMATO","0.100","1999-01-01T00:00:00",
"RIMSULFURON","CORN","0.100","2017-12-28T00:00:00",
"SAFLUFENACIL","CORN",,"2022-12-26T00:00:00","0.020"
"SPINETORAM","THYME","0.050","2011-01-11T00:00:00",
"SPINETORAM","GRAPES","0.100","2008-08-31T00:00:00",
"SPINETORAM","CITRUS FRUIT","0.020","2014-01-30T00:00:00",
"SPINETORAM","LOVAGE","0.050","2011-01-11T00:00:00",
"SPINETORAM","POTATO","0.010","2009-10-13T00:00:00",
"SPINETORAM","SMALL RADISH","0.050","2010-01-13T00:00:00",
"SPINETORAM","CELERIAC","0.100","2010-01-04T00:00:00",
"SPINETORAM","CABBAGE","0.100","2008-11-24T00:00:00",
"SPINETORAM","BROCCOLI","0.100","2016-07-07T00:00:00",
"SPINETORAM","CAULIFLOWER","0.100","2009-06-23T00:00:00",
"SPINETORAM","KOHLRABI","0.100","2009-06-23T00:00:00",
"SPINETORAM","MELON","0.050","2010-10-04T00:00:00",
"SPINETORAM","CUCUMBER","0.050","2013-11-25T00:00:00",
"SPINETORAM","WATERMELON","0.050","2010-10-04T00:00:00",
"SPINETORAM","CHICK PEA","0.010","2009-01-14T00:00:00",
"SPINETORAM","BEET, GREENS","0.050","2011-01-11T00:00:00",
"SPINETORAM","CORIANDER","0.050","2010-02-18T00:00:00",
"SPINETORAM","LETTUCE","0.100","2008-11-24T00:00:00",
"SPINETORAM","SPINACH","0.050","2014-03-19T00:00:00",
"SPINETORAM","PEPPER","0.050","2012-07-26T00:00:00",
"SPINETORAM","TOMATO","0.010","2009-11-09T00:00:00",
"SPINETORAM","PEAS","0.010","2010-11-28T00:00:00",
"SPINETORAM","BEANS","0.010","2010-10-04T00:00:00",
"SPINETORAM","RADISH","0.050","2010-01-13T00:00:00",
"SPINETORAM","TURNIP","0.050","2010-01-13T00:00:00",
"SPINETORAM","BEETROOT","0.050","2010-01-13T00:00:00",
"SPINETORAM","CARROT","0.050","2010-01-04T00:00:00",
"SPINETORAM","ONION","0.050","2012-02-15T00:00:00",
"SPINETORAM","COTTON","0.010","2009-01-14T00:00:00",
"SPINETORAM","LEEK","0.050","2009-06-23T00:00:00",
"SPINETORAM","AVOCADO","0.020","2014-01-30T00:00:00",
"SPINETORAM","PERSIMMON","0.050","2010-10-04T00:00:00",
"SPINETORAM","POMEGRANATE","0.050","2011-05-17T00:00:00",
"SPINETORAM","APPLE","0.100","2009-06-23T00:00:00",
"SPINETORAM","PEAR","0.100","2008-08-31T00:00:00",
"SPINETORAM","PLUM","0.050","2010-01-04T00:00:00",
"SPINETORAM","APRICOT","0.050","2010-01-04T00:00:00",
"SPINETORAM","CHERRY",,"2021-06-08T00:00:00","0.050"
"SPINETORAM","NECTARINE","0.050","2010-01-04T00:00:00",
"SPINETORAM","PEACH","0.050","2010-01-04T00:00:00",
"SPINETORAM","FIG","0.010","2015-06-23T00:00:00",
"SPINETORAM","OLIVES","0.010","2012-01-10T00:00:00",
"SPINETORAM","CORN","0.010","2008-11-24T00:00:00",
"SPINETORAM","BASIL","0.050","2010-02-18T00:00:00",
"SPINETORAM","CHIVES","0.050","2008-08-31T00:00:00",
"SPINETORAM","DILL","0.050","2010-02-18T00:00:00",
"SPINETORAM","MINT","0.050","2011-01-11T00:00:00",
"SPINETORAM","PARSLEY (roots and leaves)","0.050","2010-02-18T00:00:00",
"SPINETORAM","ROSMARINE","0.050","2011-01-11T00:00:00",
"SPINETORAM","SAGE","0.050","2011-01-11T00:00:00",
"SPINETORAM","ESTRAGON","0.050","2011-01-11T00:00:00",
"SPINETORAM","ROKULA","0.050","2010-02-18T00:00:00",
"SPINETORAM","CHERBIL","0.050","2011-01-11T00:00:00",
"SPINETORAM","SPRING ONION","0.050","2009-06-23T00:00:00",
"SPINETORAM","BOCK CHOY LEAVES","0.050","2014-03-19T00:00:00",
"SPINOSAD","THYME","2.000","2012-04-18T00:00:00",
"SPINOSAD","GRAPES","0.200","1999-01-01T00:00:00",
"SPINOSAD","STRAWBERRY","0.500","1999-01-01T00:00:00",
"SPINOSAD","CITRUS FRUIT","0.050","2005-11-23T00:00:00",
"SPINOSAD","POTATO","0.050","2000-06-19T00:00:00",
"SPINOSAD","BRASSICA","0.500","2000-01-01T00:00:00",
"SPINOSAD","CABBAGE",,"2025-11-03T00:00:00","0.500"
"SPINOSAD","BROCCOLI",,"2025-11-03T00:00:00","0.500"
"SPINOSAD","CAULIFLOWER","0.500","2021-08-17T00:00:00",
"SPINOSAD","MELON","0.500","1999-01-01T00:00:00",
"SPINOSAD","CUCUMBER","0.500","1999-01-01T00:00:00",
"SPINOSAD","CORIANDER","2.000","2012-04-18T00:00:00",
"SPINOSAD","LETTUCE","0.500","2004-07-13T00:00:00",
"SPINOSAD","PEPPER","0.500","1999-01-01T00:00:00",
"SPINOSAD","EGG PLANT","0.050","2005-11-23T00:00:00",
"SPINOSAD","TOMATO","0.050","2000-06-19T00:00:00",
"SPINOSAD","BEANS","0.100","2001-03-21T00:00:00",
"SPINOSAD","ONION","0.050","2001-03-21T00:00:00",
"SPINOSAD","AVOCADO","0.050","1999-01-01T00:00:00",
"SPINOSAD","LICHEE","0.050","2013-01-21T00:00:00",
"SPINOSAD","MANGO","0.050","2005-11-23T00:00:00",
"SPINOSAD","PASSION FRUIT","0.050","2013-01-21T00:00:00",
"SPINOSAD","PERSIMMON","0.010","2011-01-11T00:00:00",
"SPINOSAD","POMEGRANATE","0.020","2009-02-15T00:00:00",
"SPINOSAD","APPLE","0.050","1999-01-01T00:00:00",
"SPINOSAD","PEAR","0.050","1999-01-01T00:00:00",
"SPINOSAD","PLUM","0.050","1999-01-01T00:00:00",
"SPINOSAD","APRICOT","0.050","2013-01-21T00:00:00",
"SPINOSAD","CHERRY","0.050","2013-01-21T00:00:00",
"SPINOSAD","NECTARINE","0.050","1999-01-01T00:00:00",
"SPINOSAD","PEACH","0.050","2004-07-13T00:00:00",
"SPINOSAD","DATE","0.050","2005-11-23T00:00:00",
"SPINOSAD","OLIVES","0.050","2005-10-31T00:00:00",
"SPINOSAD","CORN","0.050","1999-01-01T00:00:00",
"SPINOSAD","BASIL","2.000","2012-04-18T00:00:00",
"SPINOSAD","CHIVES","2.000","2012-04-18T00:00:00",
"SPINOSAD","DILL","2.000","2012-04-18T00:00:00",
"SPINOSAD","FENNEL","2.000","2012-04-18T00:00:00",
"SPINOSAD","PARSLEY (roots and leaves)","2.000","2012-04-18T00:00:00",
"SPINOSAD","ROSMARINE","2.000","2012-04-18T00:00:00",
"SPINOSAD","SAGE","2.000","2012-04-18T00:00:00",
"SPINOSAD","ESTRAGON","2.000","2012-04-18T00:00:00",
"SPINOSAD","ROKET",,"2012-04-18T00:00:00","2.000"
"SPINOSAD","ROKULA","2.000","2012-04-18T00:00:00",
"SPINOSAD","SPRING ONION","2.000","2012-04-18T00:00:00",
"SPIRODICLOFEN","CITRUS FRUIT","0.050","2004-06-08T00:00:00",
"SPIRODICLOFEN","CUCUMBER","0.020","2013-01-23T00:00:00",
"SPIRODICLOFEN","ALMOND","0.300","2009-04-05T00:00:00",
"SPIRODICLOFEN","AVOCADO","0.500","2005-07-07T00:00:00",
"SPIRODICLOFEN","POMEGRANATE","0.050","2013-01-23T00:00:00",
"SPIRODICLOFEN","APPLE","0.050","2004-06-08T00:00:00",
"SPIRODICLOFEN","PEAR","0.050","2010-06-21T00:00:00",
"SPIRODICLOFEN","PLUM","0.050","2012-02-15T00:00:00",
"SPIRODICLOFEN","APRICOT","0.050","2012-02-15T00:00:00",
"SPIRODICLOFEN","CHERRY","0.050","2013-01-23T00:00:00",
"SPIRODICLOFEN","NECTARINE","0.050","2012-02-15T00:00:00",
"SPIRODICLOFEN","PEACH","0.050","2012-02-15T00:00:00",
"SPIROMESIFEN","MELON","0.050","2004-06-08T00:00:00",
"SPIROMESIFEN","CUCUMBER","0.020","2012-09-27T00:00:00",
"SPIROMESIFEN","PUMPKINS","0.050","2015-11-12T00:00:00",
"SPIROMESIFEN","SQUASH","0.020","2005-12-07T00:00:00",
"SPIROMESIFEN","WATERMELON","0.050","2006-04-04T00:00:00",
"SPIROMESIFEN","PEPPER","1.000","2006-04-27T00:00:00",
"SPIROMESIFEN","EGG PLANT","1.000","2005-12-07T00:00:00",
"SPIROMESIFEN","TOMATO","1.000","2005-12-07T00:00:00",
"SPIROMESIFEN","SCARLET","0.050","2015-11-12T00:00:00",
"SPIROMESIFEN","COTTON","0.020","2005-12-07T00:00:00",
"SPIROTETRAMAT","THYME","1.000","2013-04-14T00:00:00",
"SPIROTETRAMAT","GRAPES","0.500","2011-11-16T00:00:00",
"SPIROTETRAMAT","CITRUS FRUIT","0.500","2010-01-03T00:00:00","0.150"
"SPIROTETRAMAT","CELERIAC","1.000","2013-04-14T00:00:00",
"SPIROTETRAMAT","CABBAGE","0.100","2012-12-23T00:00:00",
"SPIROTETRAMAT","BROCCOLI","0.100","2012-12-23T00:00:00",
"SPIROTETRAMAT","BRUSSELS SPROUTS","0.100","2012-12-23T00:00:00",
"SPIROTETRAMAT","CAULIFLOWER","0.100","2012-12-23T00:00:00",
"SPIROTETRAMAT","KOHLRABI","0.050","2016-09-29T00:00:00",
"SPIROTETRAMAT","MELON","0.100","2012-11-13T00:00:00",
"SPIROTETRAMAT","PUMPKINS","0.100","2015-11-12T00:00:00",
"SPIROTETRAMAT","SQUASH","0.100","2012-11-13T00:00:00",
"SPIROTETRAMAT","WATERMELON","0.050","2012-11-13T00:00:00",
"SPIROTETRAMAT","CORIANDER","1.000","2013-04-14T00:00:00",
"SPIROTETRAMAT","LETTUCE","0.200","2014-08-06T00:00:00",
"SPIROTETRAMAT","PEPPER","0.050","2012-11-13T00:00:00",
"SPIROTETRAMAT","EGG PLANT","0.050","2012-11-13T00:00:00",
"SPIROTETRAMAT","TOMATO","0.050","2013-03-13T00:00:00",
"SPIROTETRAMAT","BEANS","0.050","2016-09-29T00:00:00",
"SPIROTETRAMAT","SCARLET","0.100","2012-11-13T00:00:00",
"SPIROTETRAMAT","CARROT",,"2017-01-30T00:00:00","0.010"
"SPIROTETRAMAT","ONION","0.100","2010-11-28T00:00:00",
"SPIROTETRAMAT","AVOCADO","0.300","2015-11-12T00:00:00",
"SPIROTETRAMAT","POMEGRANATE","0.100","2015-11-12T00:00:00","0.150"
"SPIROTETRAMAT","APPLE","0.200","2013-03-13T00:00:00",
"SPIROTETRAMAT","PEAR","0.200","2013-03-23T00:00:00",
"SPIROTETRAMAT","BASIL","1.000","2013-04-14T00:00:00",
"SPIROTETRAMAT","CHIVES","1.000","2013-04-14T00:00:00",
"SPIROTETRAMAT","DILL","1.000","2013-04-14T00:00:00",
"SPIROTETRAMAT","MINT","1.000","2013-04-14T00:00:00",
"SPIROTETRAMAT","PARSLEY (roots and leaves)","1.000","2013-04-14T00:00:00",
"SPIROTETRAMAT","ROSMARINE","1.000","2013-04-14T00:00:00",
"SPIROTETRAMAT","SAGE","1.000","2013-04-14T00:00:00",
"SPIROTETRAMAT","ESTRAGON","1.000","2013-04-14T00:00:00",
"SPIROTETRAMAT","ROKET","1.000","2013-04-14T00:00:00",
"SPIROTETRAMAT","ROKULA","1.000","2013-04-14T00:00:00",
"SPIROTETRAMAT","QUINCE","0.200","2013-03-13T00:00:00",
"SPIROTETRAMAT","SPRING ONION","1.000","2013-04-14T00:00:00",
"SPIROXAMINE","GRAPES","0.050","2005-11-23T00:00:00",
"SULFENTRAZONE","CHICK PEA","0.010","1999-01-01T00:00:00",
"SULFOSULFURON","TOMATO","0.050","2005-12-04T00:00:00",
"SULFOSULFURON","WHEAT","0.050","2005-12-04T00:00:00",
"SULFOXAFLOR","GRAPES",,"2018-02-14T00:00:00","0.500"
"SULFOXAFLOR","STRAWBERRY",,"2022-06-14T00:00:00","0.300"
"SULFOXAFLOR","CITRUS FRUIT","0.500","2013-11-20T00:00:00",
"SULFOXAFLOR","CABBAGE","0.010","2014-08-04T00:00:00",
"SULFOXAFLOR","BROCCOLI","0.010","2014-08-04T00:00:00",
"SULFOXAFLOR","CAULIFLOWER","0.010","2014-08-04T00:00:00",
"SULFOXAFLOR","CUCUMBER",,"2018-09-04T00:00:00","0.150"
"SULFOXAFLOR","PUMPKINS",,"2020-07-28T00:00:00","0.060"
"SULFOXAFLOR","PEPPER","0.100","2015-11-12T00:00:00",
"SULFOXAFLOR","TOMATO","0.100","2015-11-12T00:00:00",
"SULFOXAFLOR","COTTON",,"2018-02-14T00:00:00","0.010"
"SULFOXAFLOR","MANGO","0.020","2013-11-25T00:00:00",
"SULFOXAFLOR","POMEGRANATE","0.020","2013-11-25T00:00:00",
"SULFOXAFLOR","APPLE","0.500","2013-11-25T00:00:00",
"SULFOXAFLOR","NECTARINE","0.020","2013-11-25T00:00:00",
"SULFOXAFLOR","PEACH","0.020","2013-11-25T00:00:00","0.100"
"TAU-FLUVALINATE","GRAPES","1.000","2012-02-15T00:00:00",
"TAU-FLUVALINATE","CITRUS FRUIT","0.500","2005-09-20T00:00:00",
"TAU-FLUVALINATE","CUCUMBER",,"2024-09-09T00:00:00","0.020"
"TAU-FLUVALINATE","CARROT","0.050","2013-05-13T00:00:00",
"TAU-FLUVALINATE","PEANUT","0.100","2005-09-20T00:00:00",
"TAU-FLUVALINATE","ALMOND","0.100","2005-09-20T00:00:00",
"TAU-FLUVALINATE","PECAN","0.100","2005-09-20T00:00:00",
"TAU-FLUVALINATE","POMEGRANATE","0.100","2012-01-10T00:00:00",
"TAU-FLUVALINATE","APPLE","0.020","2015-11-12T00:00:00","0.200"
"TAU-FLUVALINATE","PLUM","0.500","2005-09-20T00:00:00",
"TAU-FLUVALINATE","APRICOT","0.500","2012-01-10T00:00:00",
"TAU-FLUVALINATE","NECTARINE","0.500","2012-01-10T00:00:00",
"TAU-FLUVALINATE","PEACH","0.500","2005-09-20T00:00:00",
"TEBUCONAZOLE","FORAGE CORN","0.200","1996-01-01T00:00:00",
"TEBUCONAZOLE","CLOVER",,"2025-06-25T00:00:00","2.000"
"TEBUCONAZOLE","GRAPES","2.000","1998-11-01T00:00:00",
"TEBUCONAZOLE","STRAWBERRY","0.100","2017-12-28T00:00:00",
"TEBUCONAZOLE","POTATO","0.200","1998-11-01T00:00:00",
"TEBUCONAZOLE","CELERIAC","0.200","1998-11-01T00:00:00",
"TEBUCONAZOLE","BRASSICA","0.200","1999-01-01T00:00:00",
"TEBUCONAZOLE","CABBAGE","0.200","2021-08-17T00:00:00",
"TEBUCONAZOLE","BROCCOLI","0.200","2021-08-17T00:00:00",
"TEBUCONAZOLE","CAULIFLOWER","0.200","2021-08-17T00:00:00",
"TEBUCONAZOLE","MELON","0.020","2015-11-12T00:00:00",
"TEBUCONAZOLE","CUCUMBER","0.020","2015-11-12T00:00:00","0.200"
"TEBUCONAZOLE","SQUASH","0.020","2015-11-12T00:00:00",
"TEBUCONAZOLE","WATERMELON","0.100","2012-11-13T00:00:00",
"TEBUCONAZOLE","CHICK PEA","0.200","1996-01-01T00:00:00",
"TEBUCONAZOLE","LETTUCE",,"2019-07-09T00:00:00","0.500"
"TEBUCONAZOLE","PEPPER","0.500","2021-04-26T00:00:00",
"TEBUCONAZOLE","EGG PLANT","0.200","2017-12-28T00:00:00",
"TEBUCONAZOLE","SWEET CORN","0.200","1999-01-01T00:00:00",
"TEBUCONAZOLE","TOMATO","0.200","2005-11-23T00:00:00","0.500"
"TEBUCONAZOLE","BEANS","0.010","2016-05-23T00:00:00",
"TEBUCONAZOLE","CARROT","0.200","1998-11-01T00:00:00",
"TEBUCONAZOLE","ONION","0.200","1998-11-01T00:00:00",
"TEBUCONAZOLE","MILK","0.010","1999-01-01T00:00:00",
"TEBUCONAZOLE","MEAT","0.050","1999-01-01T00:00:00",
"TEBUCONAZOLE","EDIBLE OFFAL","0.050","1999-01-01T00:00:00",
"TEBUCONAZOLE","EGGS","0.010","2013-01-23T00:00:00",
"TEBUCONAZOLE","POULTRY MEAT","0.050","1999-01-01T00:00:00",
"TEBUCONAZOLE","COTTON","0.200","1996-01-01T00:00:00",
"TEBUCONAZOLE","PEANUT","0.200","1998-11-01T00:00:00",
"TEBUCONAZOLE","SUNFLOWER","0.200","1996-01-01T00:00:00",
"TEBUCONAZOLE","ALMOND","0.200","1998-11-01T00:00:00",
"TEBUCONAZOLE","GARLIC","0.200","1998-11-01T00:00:00",
"TEBUCONAZOLE","MANGO","0.020","2015-11-12T00:00:00",
"TEBUCONAZOLE","POMEGRANATE","0.050","2012-12-02T00:00:00",
"TEBUCONAZOLE","APPLE","0.400","2013-05-13T00:00:00",
"TEBUCONAZOLE","PEAR","0.400","2013-05-13T00:00:00",
"TEBUCONAZOLE","PLUM","0.200","1998-11-01T00:00:00",
"TEBUCONAZOLE","APRICOT","0.300","2012-01-10T00:00:00",
"TEBUCONAZOLE","CHERRY",,"2023-03-15T00:00:00","0.300"
"TEBUCONAZOLE","NECTARINE","0.300","2008-12-03T00:00:00",
"TEBUCONAZOLE","PEACH","0.300","2008-12-03T00:00:00",
"TEBUCONAZOLE","DATE","0.020","2015-11-12T00:00:00",
"TEBUCONAZOLE","BARLEY",,"2025-06-25T00:00:00","0.020"
"TEBUCONAZOLE","WHEAT","0.200","1996-01-01T00:00:00",
"TEBUCONAZOLE","POULTRY OFFAL","0.050","2005-11-23T00:00:00",
"TEBUCONAZOLE","QUINCE","0.400","2015-11-12T00:00:00",
"TEBUFENPYRAD","STRAWBERRY","0.050","1999-01-01T00:00:00",
"TEBUFENPYRAD","CITRUS FRUIT","0.050","2005-12-04T00:00:00",
"TEBUFENPYRAD","CUCUMBER","0.050","1999-01-01T00:00:00",
"TEBUFENPYRAD","WATERMELON","0.050","1999-01-01T00:00:00",
"TEBUFENPYRAD","PEPPER","0.100","2009-04-05T00:00:00",
"TEBUFENPYRAD","EGG PLANT","0.050","1999-01-01T00:00:00",
"TEBUFENPYRAD","TOMATO","0.050","1999-01-01T00:00:00",
"TEBUFENPYRAD","APPLE","0.050","1999-01-01T00:00:00",
"TEBUFENPYRAD","PEAR","0.050","1999-01-01T00:00:00",
"TEFLUBENZURON","ALFALFA","0.200","1999-01-01T00:00:00",
"TEFLUBENZURON","GRAPES","1.000","1996-01-01T00:00:00",
"TEFLUBENZURON","CITRUS FRUIT","1.000","1999-01-01T00:00:00",
"TEFLUBENZURON","POTATO","0.100","1996-01-01T00:00:00",
"TEFLUBENZURON","ARTICHOKE","0.200","1999-01-01T00:00:00",
"TEFLUBENZURON","CELERIAC","0.500","1996-01-01T00:00:00",
"TEFLUBENZURON","BRASSICA","0.500","1996-01-01T00:00:00",
"TEFLUBENZURON","CABBAGE","0.500","2021-08-17T00:00:00",
"TEFLUBENZURON","CAULIFLOWER","0.500","2021-08-17T00:00:00",
"TEFLUBENZURON","MELON","0.200","1999-01-01T00:00:00",
"TEFLUBENZURON","WATERMELON","0.200","1999-01-01T00:00:00",
"TEFLUBENZURON","PEPPER","0.500","1996-01-01T00:00:00",
"TEFLUBENZURON","EGG PLANT","0.500","2013-05-19T00:00:00",
"TEFLUBENZURON","TOMATO","0.500","1996-01-01T00:00:00",
"TEFLUBENZURON","BEANS","0.200","1996-01-01T00:00:00",
"TEFLUBENZURON","SWEET POTATO","0.100","1996-01-01T00:00:00",
"TEFLUBENZURON","BEETROOT","0.200","1996-01-01T00:00:00",
"TEFLUBENZURON","COTTON","0.200","1996-01-01T00:00:00",
"TEFLUBENZURON","APPLE","0.200","1996-01-01T00:00:00",
"TEFLUBENZURON","PEAR","1.000","1998-11-01T00:00:00",
"TEFLUBENZURON","PLUM","0.200","1996-01-01T00:00:00",
"TEFLUBENZURON","DATE","2.000","1996-01-01T00:00:00",
"TEFLUBENZURON","OLIVES","0.100","1996-01-01T00:00:00",
"TEFLUBENZURON","CORN","0.200","2017-12-28T00:00:00",
"TEFLUBENZURON","BASIL","3.000","2005-10-30T00:00:00",
"TERBACIL","MINT","0.020","2013-01-23T00:00:00",
"TERBUTHYLAZINE","FORAGE CORN",,"2024-10-29T00:00:00","0.010"
"TERBUTHYLAZINE","SWEET CORN",,"2024-10-29T00:00:00","0.010"
"TERBUTHYLAZINE","CORN",,"2024-10-29T00:00:00","0.010"
"TERBUTRYN","CHICK PEA","0.020","2013-01-23T00:00:00",
"TERBUTRYN","PEAS","0.020","2013-01-23T00:00:00",
"TERBUTRYN","PEANUT","0.020","2013-01-23T00:00:00",
"TERBUTRYN","SUNFLOWER","0.020","2013-01-23T00:00:00",
"TETRACONAZOLE","GRAPES","0.500","2016-07-11T00:00:00",
"TETRACONAZOLE","STRAWBERRY","0.200","2000-01-01T00:00:00",
"TETRACONAZOLE","CELERIAC","0.050","1999-01-01T00:00:00",
"TETRACONAZOLE","MELON","0.050","1999-01-01T00:00:00",
"TETRACONAZOLE","CUCUMBER","0.100","1999-01-01T00:00:00",
"TETRACONAZOLE","SQUASH","0.100","1999-01-01T00:00:00",
"TETRACONAZOLE","WATERMELON","0.050","1999-01-01T00:00:00",
"TETRACONAZOLE","CORIANDER","0.020","2005-10-30T00:00:00",
"TETRACONAZOLE","TOMATO","0.050","2005-12-05T00:00:00",
"TETRACONAZOLE","CARROT","0.050","2005-12-05T00:00:00",
"TETRACONAZOLE","PEANUT","0.050","1999-01-01T00:00:00",
"TETRACONAZOLE","MANGO","0.050","1999-01-01T00:00:00",
"TETRACONAZOLE","APPLE","0.050","1999-01-01T00:00:00",
"TETRACONAZOLE","PLUM","0.050","1999-01-01T00:00:00",
"TETRACONAZOLE","CHERRY",,"2023-03-15T00:00:00","0.300"
"TETRACONAZOLE","NECTARINE","0.050","1999-01-01T00:00:00",
"TETRACONAZOLE","PEACH","0.050","1999-01-01T00:00:00",
"TETRADIFON","FODDER BEET","1.000","1999-01-01T00:00:00","יתבטל"
"TETRADIFON","CITRUS FRUIT","2.000","1996-01-01T00:00:00","יתבטל"
"TETRADIFON","MELON","1.000","2005-12-05T00:00:00","יתבטל"
"TETRADIFON","CUCUMBER","1.000","1996-01-01T00:00:00","יתבטל"
"TETRADIFON","SQUASH","1.000","2005-12-05T00:00:00","יתבטל"
"TETRADIFON","WATERMELON","1.000","2005-12-05T00:00:00","יתבטל"
"TETRADIFON","PEPPER","1.000","1999-01-01T00:00:00","יתבטל"
"TETRADIFON","EGG PLANT","1.000","1996-01-01T00:00:00","יתבטל"
"TETRADIFON","TOMATO","1.000","1996-01-01T00:00:00","יתבטל"
"TETRADIFON","BEANS","1.000","1999-01-01T00:00:00","יתבטל"
"TETRADIFON","COTTON","1.000","1999-01-01T00:00:00","יתבטל"
"TETRADIFON","PEANUT","1.000","1999-01-01T00:00:00","יתבטל"
"TETRADIFON","APPLE","5.000","1996-01-01T00:00:00","יתבטל"
"TETRADIFON","PLUM","1.000","1999-01-01T00:00:00","יתבטל"
"TETRADIFON","NECTARINE","1.000","2004-07-13T00:00:00","יתבטל"
"TETRADIFON","PEACH","1.000","1999-01-01T00:00:00","יתבטל"
"TETRADIFON","DATE","0.500","2005-12-05T00:00:00","יתבטל"
"TETRADIFON","CORN","1.000","1999-01-01T00:00:00","יתבטל"
"THIABENDAZOLE","CITRUS FRUIT","5.000","2005-05-24T00:00:00",
"THIABENDAZOLE","POTATO","5.000","1996-01-01T00:00:00",
"THIABENDAZOLE","CARROT","1.000","2010-01-04T00:00:00",
"THIABENDAZOLE","PECAN","0.200","1996-01-01T00:00:00",
"THIABENDAZOLE","APPLE","3.000","2016-06-27T00:00:00",
"THIABENDAZOLE","PEAR","3.000","2016-06-27T00:00:00",
"THIABENDAZOLE","OLIVES","10.000","1996-01-01T00:00:00",
"THIACLOPRID","THYME","1.000","2009-09-10T00:00:00",
"THIACLOPRID","GRAPES","0.020","2001-07-15T00:00:00","0.500"
"THIACLOPRID","STRAWBERRY","1.000","2009-06-02T00:00:00",
"THIACLOPRID","LOVAGE","1.000","2009-09-10T00:00:00",
"THIACLOPRID","POTATO","0.020","2001-07-15T00:00:00",
"THIACLOPRID","CELERIAC","0.500","2013-01-23T00:00:00",
"THIACLOPRID","BRASSICA","0.020","2001-07-15T00:00:00",
"THIACLOPRID","CABBAGE","0.020","2021-08-17T00:00:00",
"THIACLOPRID","BROCCOLI","0.020","2012-10-15T00:00:00",
"THIACLOPRID","CAULIFLOWER","0.020","2021-08-17T00:00:00",
"THIACLOPRID","MELON","0.020","2001-07-15T00:00:00",
"THIACLOPRID","SQUASH","0.020","2001-07-15T00:00:00",
"THIACLOPRID","WATERMELON","0.050","2016-09-04T00:00:00",
"THIACLOPRID","BEET, GREENS","0.100","2009-09-10T00:00:00",
"THIACLOPRID","CORIANDER","0.500","2009-09-10T00:00:00",
"THIACLOPRID","TOMATO","0.050","2003-07-29T00:00:00",
"THIACLOPRID","COTTON","0.020","2001-07-15T00:00:00",
"THIACLOPRID","ALMOND","1.000","2010-02-18T00:00:00",
"THIACLOPRID","OREGANO","1.000","2012-09-27T00:00:00",
"THIACLOPRID","PERSIMMON","0.050","2004-06-08T00:00:00",
"THIACLOPRID","POMEGRANATE","0.020","2005-12-05T00:00:00",
"THIACLOPRID","APPLE","0.100","2005-01-17T00:00:00",
"THIACLOPRID","PEAR","0.100","2005-12-05T00:00:00",
"THIACLOPRID","PLUM","0.300","2009-11-05T00:00:00",
"THIACLOPRID","NECTARINE","0.300","2009-04-05T00:00:00",
"THIACLOPRID","PEACH","0.300","2012-02-22T00:00:00",
"THIACLOPRID","OLIVES","0.200","2009-06-02T00:00:00",
"THIACLOPRID","CORN","0.100","2005-12-05T00:00:00",
"THIACLOPRID","BASIL","1.000","2009-09-10T00:00:00",
"THIACLOPRID","CHIVES","1.000","2010-10-04T00:00:00",
"THIACLOPRID","DILL","0.500","2009-09-10T00:00:00",
"THIACLOPRID","MARJORAM","1.000","2012-09-27T00:00:00",
"THIACLOPRID","MINT","1.000","2009-09-10T00:00:00",
"THIACLOPRID","PARSLEY (roots and leaves)","0.500","2009-09-10T00:00:00",
"THIACLOPRID","ROSMARINE","1.000","2009-09-10T00:00:00",
"THIACLOPRID","SAGE","1.000","2005-10-30T00:00:00",
"THIACLOPRID","ESTRAGON","1.000","2009-09-10T00:00:00",
"THIACLOPRID","ROKULA","0.100","2009-09-10T00:00:00",
"THIACLOPRID","CHERBIL","0.500","2009-09-10T00:00:00",
"THIACLOPRID","SPRING ONION","1.000","2012-07-02T00:00:00",
"THIACLOPRID","RUMEX CRISPUS","0.100","2012-09-27T00:00:00",
"THIAMETHOXAM","GRAPES","0.300","2003-11-05T00:00:00",
"THIAMETHOXAM","STRAWBERRY","0.050","2006-02-08T00:00:00",
"THIAMETHOXAM","CITRUS FRUIT","0.050","2007-05-06T00:00:00",
"THIAMETHOXAM","POTATO","0.020","2001-07-15T00:00:00",
"THIAMETHOXAM","BRASSICA","0.020","2005-12-05T00:00:00",
"THIAMETHOXAM","CABBAGE","0.020","2001-07-15T00:00:00",
"THIAMETHOXAM","BROCCOLI","0.020","2005-12-05T00:00:00",
"THIAMETHOXAM","CAULIFLOWER","0.020","2001-07-15T00:00:00",
"THIAMETHOXAM","KOHLRABI","0.020","2021-08-17T00:00:00",
"THIAMETHOXAM","MELON","0.100","2001-07-15T00:00:00",
"THIAMETHOXAM","CUCUMBER","0.100","2004-06-08T00:00:00",
"THIAMETHOXAM","SQUASH","0.100","2004-06-08T00:00:00",
"THIAMETHOXAM","WATERMELON","0.050","2004-06-08T00:00:00",
"THIAMETHOXAM","LETTUCE","0.020","2005-05-26T00:00:00",
"THIAMETHOXAM","PEPPER","0.020","2001-07-15T00:00:00",
"THIAMETHOXAM","EGG PLANT","0.050","2004-06-08T00:00:00",
"THIAMETHOXAM","TOMATO","0.020","2001-07-15T00:00:00",
"THIAMETHOXAM","BEANS","0.020","2001-07-15T00:00:00",
"THIAMETHOXAM","SWEET POTATO","0.020","2015-08-04T00:00:00",
"THIAMETHOXAM","CARROT","0.010","2012-05-03T00:00:00",
"THIAMETHOXAM","PEANUT","0.050","2015-11-12T00:00:00",
"THIAMETHOXAM","ALMOND","0.020","2001-07-15T00:00:00",
"THIAMETHOXAM","BANANA","0.050","2006-11-23T00:00:00",
"THIAMETHOXAM","MANGO","0.010","2008-12-03T00:00:00",
"THIAMETHOXAM","PERSIMMON","0.050","2006-02-08T00:00:00",
"THIAMETHOXAM","POMEGRANATE","0.300","2014-08-07T00:00:00",
"THIAMETHOXAM","APPLE","0.020","2001-07-15T00:00:00",
"THIAMETHOXAM","PEAR","0.020","2001-07-15T00:00:00",
"THIAMETHOXAM","PLUM","0.020","2005-12-05T00:00:00",
"THIAMETHOXAM","APRICOT","0.050","2009-07-02T00:00:00",
"THIAMETHOXAM","NECTARINE","0.050","2004-06-08T00:00:00",
"THIAMETHOXAM","PEACH","0.050","2004-06-08T00:00:00",
"THIAMETHOXAM","DATE",,"2022-03-23T00:00:00","0.010"
"THIAMETHOXAM","WHEAT","0.010","2014-08-04T00:00:00",
"THIAMETHOXAM","SAGE","3.000","2005-10-30T00:00:00",
"THIDIAZURON","COTTON","0.010","2005-12-05T00:00:00",
"THIOCYCLAM HYDROGEN OXALATE","POTATO","0.050","2005-07-10T00:00:00",
"THIOCYCLAM HYDROGEN OXALATE","CELERIAC","0.050","2005-07-10T00:00:00",
"THIOCYCLAM HYDROGEN OXALATE","CABBAGE","0.050","2005-07-10T00:00:00",
"THIOCYCLAM HYDROGEN OXALATE","CAULIFLOWER","0.050","2005-07-10T00:00:00",
"THIOCYCLAM HYDROGEN OXALATE","MELON","0.050","2005-07-10T00:00:00",
"THIOCYCLAM HYDROGEN OXALATE","CUCUMBER","0.050","2005-07-10T00:00:00",
"THIOCYCLAM HYDROGEN OXALATE","SQUASH","0.050","2005-07-10T00:00:00",
"THIOCYCLAM HYDROGEN OXALATE","WATERMELON","0.050","2005-07-10T00:00:00",
"THIOCYCLAM HYDROGEN OXALATE","PEPPER","0.050","2005-07-10T00:00:00",
"THIOCYCLAM HYDROGEN OXALATE","TOMATO","0.050","2005-07-10T00:00:00",
"THIOCYCLAM HYDROGEN OXALATE","BEANS","0.050","2005-07-10T00:00:00",
"THIOCYCLAM HYDROGEN OXALATE","BASIL","0.050","2005-07-10T00:00:00",
"THIOCYCLAM HYDROGEN OXALATE","MINT","0.050","2005-07-10T00:00:00",
"THIOCYCLAM HYDROGEN OXALATE","SAGE","0.050","2005-07-10T00:00:00",
"THIOCYCLAM HYDROGEN OXALATE","SNOW PEAS","0.050","2010-07-15T00:00:00",
"TOLCLOFOS METHYL","CELERIAC","2.000","1999-01-01T00:00:00",
"TOLFENPYRAD","GRAPES",,"2017-06-06T00:00:00","0.300"
"TOLFENPYRAD","CELERIAC",,"2023-04-30T00:00:00","3.500"
"TOLFENPYRAD","CABBAGE",,"2018-02-13T00:00:00","0.050"
"TOLFENPYRAD","CUCUMBER","0.020","2018-02-14T00:00:00","0.150"
"TOLFENPYRAD","LETTUCE",,"2019-06-18T00:00:00","0.300"
"TOLFENPYRAD","PEPPER",,"2019-06-19T00:00:00","0.700"
"TOLFENPYRAD","EGG PLANT",,"2021-11-23T00:00:00","0.700"
"TOLFENPYRAD","ONION",,"2020-01-30T00:00:00","0.200"
"TOLFENPYRAD","ALMOND",,"2021-10-21T00:00:00","0.050"
"TOLFENPYRAD","MANGO",,"2020-09-15T00:00:00","0.150"
"TOLFENPYRAD","PEAR",,"2021-10-21T00:00:00","1.000"
"TOLFENPYRAD","PLUM",,"2020-02-25T00:00:00","0.200"
"TOLFENPYRAD","NECTARINE",,"2018-08-13T00:00:00","0.200"
"TOLFENPYRAD","PEACH",,"2018-02-13T00:00:00","0.200"
"TOLFENPYRAD","PARSLEY (roots and leaves)",,"2023-04-30T00:00:00","3.000"
"TOLFENPYRAD","SPRING ONION",,"2023-04-30T00:00:00","3.200"
"TRIADIMEFON","MILK","0.010","2013-01-23T00:00:00",
"TRIADIMEFON","MEAT","0.020","2013-01-23T00:00:00",
"TRIADIMEFON","EDIBLE OFFAL","0.010","2013-01-23T00:00:00",
"TRIADIMEFON","EGGS","0.010","2013-01-23T00:00:00",
"TRIADIMEFON","POULTRY MEAT","0.010","2013-01-23T00:00:00",
"TRIADIMEFON","POULTRY OFFAL","0.010","2013-01-23T00:00:00",
"TRIADIMENOL","ALFALFA","2.000","2004-07-13T00:00:00",
"TRIADIMENOL","CLOVER","2.000","2004-07-13T00:00:00",
"TRIADIMENOL","VETCH","2.000","2004-07-13T00:00:00",
"TRIADIMENOL","GRAPES","2.000","2004-07-13T00:00:00",
"TRIADIMENOL","MELON","0.100","2004-07-13T00:00:00",
"TRIADIMENOL","CUCUMBER","0.100","2004-07-13T00:00:00",
"TRIADIMENOL","PUMPKINS","0.100","2004-07-13T00:00:00",
"TRIADIMENOL","SQUASH","0.100","2004-07-13T00:00:00",
"TRIADIMENOL","WATERMELON","0.100","2004-07-13T00:00:00",
"TRIADIMENOL","PEPPER","0.100","2004-07-13T00:00:00",
"TRIADIMENOL","EGG PLANT","0.100","2004-07-13T00:00:00",
"TRIADIMENOL","TOMATO","0.500","2004-07-13T00:00:00",
"TRIADIMENOL","SCARLET","0.100","2007-08-30T00:00:00",
"TRIADIMENOL","CARROT","0.100","2004-07-13T00:00:00",
"TRIADIMENOL","MILK","0.010","2005-12-06T00:00:00",
"TRIADIMENOL","EGGS","0.010","2013-01-23T00:00:00",
"TRIADIMENOL","POULTRY MEAT","0.010","2013-01-23T00:00:00",
"TRIADIMENOL","SUNFLOWER","0.100","2008-12-03T00:00:00",
"TRIADIMENOL","MANGO","0.500","2004-07-13T00:00:00",
"TRIADIMENOL","APPLE","0.500","2004-07-13T00:00:00",
"TRIADIMENOL","NECTARINE","0.500","2004-07-13T00:00:00",
"TRIADIMENOL","PEACH","0.500","2004-07-13T00:00:00",
"TRIADIMENOL","WHEAT","0.100","2004-07-13T00:00:00",
"TRIADIMENOL","BASIL","3.000","2005-10-30T00:00:00",
"TRIADIMENOL","DILL","2.000","2007-06-12T00:00:00",
"TRIADIMENOL","PARSLEY (roots and leaves)","0.500","2006-04-04T00:00:00",
"TRIASULFURON","WHEAT","0.020","1999-01-01T00:00:00",
"TRIBENURON METHYL","BARLEY","0.020","2013-01-23T00:00:00",
"TRIBENURON METHYL","OAT","0.020","2013-01-23T00:00:00",
"TRIBENURON METHYL","WHEAT","0.020","2013-01-23T00:00:00",
"TRICLOPYR (3,5,6-TPA)","CITRUS FRUIT","0.010","2005-07-20T00:00:00",
"TRICLOPYR (3,5,6-TPA)","APPLE","0.010","2013-01-09T00:00:00",
"TRICLOPYR (3,5,6-TPA)","APRICOT","0.010","2005-07-20T00:00:00",
"TRIFLOXYSTROBIN","GRAPES","1.000","2000-10-15T00:00:00",
"TRIFLOXYSTROBIN","STRAWBERRY","0.200","2000-10-15T00:00:00",
"TRIFLOXYSTROBIN","POTATO","0.200","2013-01-23T00:00:00",
"TRIFLOXYSTROBIN","MELON","0.100","2012-11-13T00:00:00",
"TRIFLOXYSTROBIN","CUCUMBER",,"2019-07-23T00:00:00","0.010"
"TRIFLOXYSTROBIN","SQUASH",,"2019-07-23T00:00:00","0.010"
"TRIFLOXYSTROBIN","WATERMELON","0.100","2012-11-13T00:00:00",
"TRIFLOXYSTROBIN","CORIANDER","2.000","2013-01-23T00:00:00",
"TRIFLOXYSTROBIN","PEPPER","0.200","2005-12-06T00:00:00",
"TRIFLOXYSTROBIN","EGG PLANT","0.200","2005-12-06T00:00:00",
"TRIFLOXYSTROBIN","TOMATO","0.200","2000-10-15T00:00:00",
"TRIFLOXYSTROBIN","RED SWEET PEPPER","0.200","2005-12-06T00:00:00",
"TRIFLOXYSTROBIN","CARROT","0.100","2005-12-06T00:00:00",
"TRIFLOXYSTROBIN","ONION","0.020","2007-06-12T00:00:00",
"TRIFLOXYSTROBIN","PEANUT",,"2017-03-13T00:00:00","0.010"
"TRIFLOXYSTROBIN","SUNFLOWER","0.050","2011-05-15T00:00:00",
"TRIFLOXYSTROBIN","ALMOND","0.200","2012-01-10T00:00:00",
"TRIFLOXYSTROBIN","GARLIC","0.100","2005-12-06T00:00:00",
"TRIFLOXYSTROBIN","MANGO","0.500","2005-12-06T00:00:00",
"TRIFLOXYSTROBIN","APPLE","0.500","2005-12-06T00:00:00",
"TRIFLOXYSTROBIN","PEAR","0.500","2005-12-06T00:00:00",
"TRIFLOXYSTROBIN","PLUM","0.500","2005-12-06T00:00:00",
"TRIFLOXYSTROBIN","APRICOT","0.500","2012-01-10T00:00:00",
"TRIFLOXYSTROBIN","CHERRY","1.500","2021-04-26T00:00:00",
"TRIFLOXYSTROBIN","NECTARINE","0.500","2005-12-06T00:00:00",
"TRIFLOXYSTROBIN","PEACH","0.500","2005-12-06T00:00:00",
"TRIFLOXYSTROBIN","OLIVES","0.500","2013-01-23T00:00:00",
"TRIFLOXYSTROBIN","BASIL","2.000","2009-09-10T00:00:00",
"TRIFLOXYSTROBIN","DILL","2.000","2013-01-23T00:00:00",
"TRIFLOXYSTROBIN","MINT","2.000","2005-10-30T00:00:00",
"TRIFLOXYSTROBIN","PARSLEY (roots and leaves)","2.000","2013-01-23T00:00:00",
"TRIFLOXYSTROBIN","SAGE","2.000","2009-09-10T00:00:00",
"TRIFLOXYSTROBIN","PRICKLY PEAR CACTUS","1.000","2007-08-30T00:00:00",
"TRIFLOXYSTROBIN","CHERBIL","2.000","2013-01-23T00:00:00",
"TRIFLOXYSULFURON","COTTON","0.010","2013-01-23T00:00:00",
"TRIFLUMURON","SQUASH","0.050","1996-01-01T00:00:00",
"TRIFLUMURON","PEPPER","0.050","1996-01-01T00:00:00",
"TRIFLUMURON","APPLE","0.500","1996-01-01T00:00:00",
"TRIFLUMURON","PEAR","0.500","1996-01-01T00:00:00",
"TRIFLUMURON","DATE","2.000","1996-01-01T00:00:00",
"TRIFLUMURON","CORN","0.200","1999-01-01T00:00:00",
"TRIFORINE","MELON","0.500","1996-01-01T00:00:00","יתבטל"
"TRIFORINE","CUCUMBER","0.500","1996-01-01T00:00:00","יתבטל"
"TRIFORINE","SQUASH","0.500","1996-01-01T00:00:00","יתבטל"
"TRIFORINE","PEPPER","0.500","1996-01-01T00:00:00","יתבטל"
"TRIFORINE","EGG PLANT","0.500","1996-01-01T00:00:00","יתבטל"
"TRIFORINE","TOMATO","0.500","1996-01-01T00:00:00","יתבטל"
"TRIFORINE","ALMOND","1.000","1996-01-01T00:00:00","יתבטל"
"TRIFORINE","MANGO","2.000","1996-01-01T00:00:00","יתבטל"
"TRIFORINE","PEAR","2.000","1996-01-01T00:00:00","יתבטל"
"TRIFORINE","APRICOT","2.000","1996-01-01T00:00:00","יתבטל"
"UNICONAZOLE","AVOCADO","0.050","1996-01-01T00:00:00",
"UNICONAZOLE","PLUM","0.050","1996-01-01T00:00:00",
"UNICONAZOLE","DATE","0.050","2012-12-02T00:00:00",
"UNICONAZOLE","OLIVES","0.050","1999-01-01T00:00:00",
"VALIFENALATE","POTATO","0.010","2016-12-11T00:00:00",
"VALIFENALATE","CUCUMBER","0.050","2016-12-11T00:00:00",
"ZOXAMIDE","GRAPES",,"2022-08-21T00:00:00","2.000"
"ZOXAMIDE","POTATO","0.020","2000-01-01T00:00:00",
"ZOXAMIDE","TOMATO","0.600","2011-11-16T00:00:00",
"ZOXAMIDE","ONION",,"2024-12-29T00:00:00","0.010"