חומר פעיל,גידול,MRL,תאריך עדכון,המתנה לאישור תקנות
"1-MCP","תפוח עץ","0.010","2016-09-29T00:00:00",
"1-MCP","אגס","0.010","2016-09-29T00:00:00",
"1,3 DICHLOROPROPENE","תפוח אדמה","0.010","2013-01-15T00:00:00",
"1,3 DICHLOROPROPENE","מלפפון","0.010","2013-01-15T00:00:00",
"1,3 DICHLOROPROPENE","אבטיח","0.010","2013-01-15T00:00:00",
"1,3 DICHLOROPROPENE","פלפל","0.010","2013-01-15T00:00:00",
"1,3 DICHLOROPROPENE","עגבניה","0.010","2013-01-15T00:00:00",
"1,3 DICHLOROPROPENE","בטטה","0.010","2013-01-15T00:00:00",
"1,3 DICHLOROPROPENE","גזר","0.010","2013-01-15T00:00:00",
"1,4-DIMETHYLNAPHTALENE","תפוח אדמה","1.500","2022-10-25T00:00:00","15.000"
"2,4-D","אספסת","0.100","1999-01-01T00:00:00",
"2,4-D","פרי הדר","1.000","2005-07-17T00:00:00",
"2,4-D","חלב","0.010","2005-07-17T00:00:00",
"2,4-D","בשר","0.050","2013-01-10T00:00:00",
"2,4-D","בשר, חלקי פנים","0.050","2013-01-10T00:00:00",
"2,4-D","ביצים","0.010","2005-07-17T00:00:00",
"2,4-D","בשר עוף","0.050","1998-11-01T00:00:00",
"2,4-D","שקד","0.200","2005-07-17T00:00:00",
"2,4-D","אבוקדו","0.050","2005-07-17T00:00:00",
"2,4-D","מנגו","0.050","2005-07-20T00:00:00",
"2,4-D","אפרסמון","0.050","2005-07-17T00:00:00",
"2,4-D","רימון","0.050","2010-06-21T00:00:00",
"2,4-D","תפוח עץ","0.010","2005-07-17T00:00:00",
"2,4-D","שסק","0.050","2005-07-17T00:00:00",
"2,4-D","אגס","0.010","2005-07-17T00:00:00",
"2,4-D","שזיף","0.050","2005-07-20T00:00:00",
"2,4-D","משמש","0.050","2005-07-17T00:00:00",
"2,4-D","נקטרינה","0.050","2005-07-17T00:00:00",
"2,4-D","אפרסק","0.050","2005-07-17T00:00:00",
"2,4-D","זית אירופאי","0.500","1998-11-01T00:00:00",
"2,4-D","גויאבה","0.050","2005-07-17T00:00:00",
"2,4-D","שעורה תרבותית","0.010","2005-07-17T00:00:00",
"2,4-D","שבולת שועל","0.010","2005-07-20T00:00:00",
"2,4-D","דורה-סורגום","0.010","2005-07-17T00:00:00",
"2,4-D","חיטה","0.500","1998-11-01T00:00:00",
"2,4-D","אנונה","0.050","2005-07-17T00:00:00",
"2,4-D","בשר עוף, חלקי פנים","0.050","2005-12-08T00:00:00",
"ABAMECTIN","קורנית","0.050","2013-01-09T00:00:00",
"ABAMECTIN","ענבים","0.020","1999-01-01T00:00:00","0.050"
"ABAMECTIN","תות שדה לפרי","0.020","2005-07-20T00:00:00",
"ABAMECTIN","פרי הדר","0.010","1996-01-01T00:00:00",
"ABAMECTIN","לובאג'",,"2023-02-20T00:00:00","0.050"
"ABAMECTIN","לואיזה (ליפיה לימונית)",,"2023-02-20T00:00:00","0.050"
"ABAMECTIN","מליסה",,"2023-02-20T00:00:00","0.050"
"ABAMECTIN","אסתר",,"2023-02-20T00:00:00","0.050"
"ABAMECTIN","תפוח אדמה","0.010","1999-01-01T00:00:00",
"ABAMECTIN","כרפס/סלרי (שורש ועלים)","0.010","1996-01-01T00:00:00",
"ABAMECTIN","כרוב",,"2022-08-21T00:00:00","0.050"
"ABAMECTIN","כרובית",,"2025-07-08T00:00:00","0.500"
"ABAMECTIN","מלון","0.010","1996-01-01T00:00:00",
"ABAMECTIN","מלפפון","0.010","1996-01-01T00:00:00",
"ABAMECTIN","דלעת","0.010","2015-11-15T00:00:00",
"ABAMECTIN","אבטיח","0.010","1996-01-01T00:00:00",
"ABAMECTIN","חימצה (חומוס)","0.020","2013-01-09T00:00:00",
"ABAMECTIN","סלק עלים",,"2023-02-20T00:00:00","0.050"
"ABAMECTIN","כוסברה (גד השדה)",,"2023-02-20T00:00:00","0.050"
"ABAMECTIN","פלפל","0.020","1996-01-01T00:00:00","0.050"
"ABAMECTIN","חציל","0.010","1996-01-01T00:00:00",
"ABAMECTIN","עגבניה","0.020","2005-07-20T00:00:00",
"ABAMECTIN","פפריקה","0.020","2013-01-09T00:00:00",
"ABAMECTIN","דלורית","0.010","2015-11-15T00:00:00",
"ABAMECTIN","גזר","0.010","2015-08-13T00:00:00",
"ABAMECTIN","בצל","0.010","2005-07-20T00:00:00",
"ABAMECTIN","כותנה","0.010","2005-07-20T00:00:00",
"ABAMECTIN","אגוז אדמה","0.010","1996-01-01T00:00:00",
"ABAMECTIN","אורגנו",,"2023-02-20T00:00:00","0.050"
"ABAMECTIN","אבוקדו","0.020","2005-07-20T00:00:00",
"ABAMECTIN","תפוח עץ","0.020","1999-01-01T00:00:00","0.050"
"ABAMECTIN","אגס","0.020","2005-07-20T00:00:00",
"ABAMECTIN","שזיף","0.010","2010-05-24T00:00:00",
"ABAMECTIN","נקטרינה","0.020","1999-01-01T00:00:00",
"ABAMECTIN","אפרסק","0.020","1996-01-01T00:00:00",
"ABAMECTIN","תמר","0.010","2010-01-03T00:00:00",
"ABAMECTIN","זית אירופאי","0.010","2010-05-24T00:00:00",
"ABAMECTIN","ריחן מצוי / בזיל","0.050","2013-01-09T00:00:00",
"ABAMECTIN","עירית בצלית","0.050","2013-01-09T00:00:00",
"ABAMECTIN","שמיר (שבת)",,"2023-02-20T00:00:00","0.050"
"ABAMECTIN","מיורם",,"2023-02-20T00:00:00","0.050"
"ABAMECTIN","מנטה","0.050","2013-01-09T00:00:00",
"ABAMECTIN","פטרוסלינון (שורש ועלים)","0.050","2013-01-09T00:00:00",
"ABAMECTIN","רוזמרין","0.050","2013-01-09T00:00:00",
"ABAMECTIN","מרווה",,"2023-02-20T00:00:00","0.050"
"ABAMECTIN","טרגון","0.050","2013-01-09T00:00:00",
"ABAMECTIN","רוקט (בן חרדל)",,"2023-02-20T00:00:00","0.050"
"ABAMECTIN","רוקולה",,"2023-02-20T00:00:00","0.050"
"ABAMECTIN","סייגית (צ'רביל)",,"2023-02-20T00:00:00","0.050"
"ABAMECTIN","זעתר (אזוב מצוי)","0.050","2013-01-09T00:00:00",
"ABAMECTIN","בצל ירוק",,"2023-02-20T00:00:00","0.050"
"ABAMECTIN","חומעת הגינה",,"2023-02-20T00:00:00","0.050"
"ABAMECTIN","סטיביה",,"2023-02-20T00:00:00","0.050"
"ACEQUINOCYL","קורנית","0.700","2013-09-15T00:00:00",
"ACEQUINOCYL","תות שדה לפרי","0.020","2006-07-20T00:00:00",
"ACEQUINOCYL","כרפס/סלרי (שורש ועלים)",,"2024-02-28T00:00:00","0.700"
"ACEQUINOCYL","מלון","0.050","2007-05-06T00:00:00",
"ACEQUINOCYL","מלפפון","0.050","2007-01-01T00:00:00",
"ACEQUINOCYL","אבטיח","0.050","2010-06-21T00:00:00",
"ACEQUINOCYL","כוסברה (גד השדה)","0.700","2013-09-15T00:00:00",
"ACEQUINOCYL","חסה",,"2024-02-28T00:00:00","1.000"
"ACEQUINOCYL","פלפל","0.700","2011-10-04T00:00:00",
"ACEQUINOCYL","חציל","0.700","2010-02-18T00:00:00",
"ACEQUINOCYL","עגבניה","0.700","2007-01-01T00:00:00",
"ACEQUINOCYL","תפוח עץ","0.020","2006-07-20T00:00:00",
"ACEQUINOCYL","ריחן מצוי / בזיל","0.700","2013-09-15T00:00:00",
"ACEQUINOCYL","עירית בצלית","0.700","2013-09-15T00:00:00",
"ACEQUINOCYL","שמיר (שבת)","0.700","2013-09-15T00:00:00",
"ACEQUINOCYL","מנטה","0.700","2013-09-15T00:00:00",
"ACEQUINOCYL","פטרוסלינון (שורש ועלים)","0.700","2013-09-15T00:00:00",
"ACEQUINOCYL","רוזמרין","0.700","2013-09-15T00:00:00",
"ACEQUINOCYL","מרווה","0.700","2013-09-15T00:00:00",
"ACEQUINOCYL","טרגון","0.700","2013-09-15T00:00:00",
"ACEQUINOCYL","רוקט (בן חרדל)",,"2019-04-11T00:00:00","0.700"
"ACEQUINOCYL","רוקולה","0.700","2013-09-15T00:00:00",
"ACEQUINOCYL","בצל ירוק","0.700","2013-09-15T00:00:00",
"ACETAMIPRID","קורנית","3.000","2011-12-19T00:00:00",
"ACETAMIPRID","ענבים","0.050","1999-05-15T00:00:00",
"ACETAMIPRID","פרי הדר","0.050","2003-11-05T00:00:00","0.250"
"ACETAMIPRID","כרפס/סלרי (שורש ועלים)","3.000","2011-12-19T00:00:00",
"ACETAMIPRID","כרוביים","0.050","2013-05-13T00:00:00","יתבטל"
"ACETAMIPRID","כרוב","0.050","2013-05-13T00:00:00",
"ACETAMIPRID","ברוקולי","0.050","2013-05-13T00:00:00",
"ACETAMIPRID","כרובית","0.050","2013-05-13T00:00:00",
"ACETAMIPRID","מלון","0.050","2001-05-24T00:00:00",
"ACETAMIPRID","מלפפון","0.050","2001-07-15T00:00:00",
"ACETAMIPRID","דלעת","0.020","2015-11-16T00:00:00",
"ACETAMIPRID","קישוא","0.050","2001-05-24T00:00:00",
"ACETAMIPRID","אבטיח","0.050","2001-05-24T00:00:00",
"ACETAMIPRID","כוסברה (גד השדה)","3.000","2011-12-19T00:00:00",
"ACETAMIPRID","כרוב סיני",,"2019-06-03T00:00:00","0.050"
"ACETAMIPRID","קייל",,"2019-06-03T00:00:00","0.050"
"ACETAMIPRID","חסה","0.050","2015-11-12T00:00:00",
"ACETAMIPRID","פלפל","0.050","2001-07-15T00:00:00",
"ACETAMIPRID","חציל","0.050","2001-07-15T00:00:00",
"ACETAMIPRID","עגבניה","0.200","2001-05-24T00:00:00","0.300"
"ACETAMIPRID","דלורית","0.020","2015-11-16T00:00:00",
"ACETAMIPRID","סלק אדום (שורש ועלים)",,"2023-09-27T00:00:00","0.030"
"ACETAMIPRID","גזר","0.050","2013-09-16T00:00:00",
"ACETAMIPRID","כותנה","0.050","1999-01-01T00:00:00",
"ACETAMIPRID","שקד","0.100","2014-08-04T00:00:00",
"ACETAMIPRID","מנגו",,"2024-02-28T00:00:00","0.150"
"ACETAMIPRID","אפרסמון","0.100","2005-09-19T00:00:00",
"ACETAMIPRID","רימון","0.100","2010-06-21T00:00:00",
"ACETAMIPRID","תפוח עץ","0.050","2001-07-15T00:00:00",
"ACETAMIPRID","אגס","0.050","1999-01-01T00:00:00",
"ACETAMIPRID","שזיף","0.050","2010-08-03T00:00:00",
"ACETAMIPRID","משמש","0.050","2010-08-03T00:00:00",
"ACETAMIPRID","נקטרינה","0.050","2001-07-15T00:00:00",
"ACETAMIPRID","אפרסק","0.050","2001-07-15T00:00:00",
"ACETAMIPRID","זית אירופאי","0.050","2009-01-14T00:00:00",
"ACETAMIPRID","תירס","0.050","2013-09-16T00:00:00",
"ACETAMIPRID","ריחן מצוי / בזיל","3.000","2011-12-19T00:00:00",
"ACETAMIPRID","שמיר (שבת)","3.000","2011-12-19T00:00:00",
"ACETAMIPRID","מיורם","3.000","2012-06-13T00:00:00",
"ACETAMIPRID","מנטה","3.000","2011-12-19T00:00:00",
"ACETAMIPRID","פטרוסלינון (שורש ועלים)","3.000","2011-12-19T00:00:00",
"ACETAMIPRID","רוזמרין","3.000","2011-12-19T00:00:00",
"ACETAMIPRID","מרווה","3.000","2011-12-19T00:00:00",
"ACETAMIPRID","טרגון","3.000","2011-12-19T00:00:00",
"ACETAMIPRID","רוקט (בן חרדל)",,"2019-04-11T00:00:00","3.000"
"ACETAMIPRID","רוקולה","3.000","2011-12-19T00:00:00",
"ACETAMIPRID","עשב לימון","3.000","2011-12-19T00:00:00",
"ACETAMIPRID","בצל ירוק","3.000","2011-12-19T00:00:00",
"ACIBENZOLAR-S-METHYL","פלפל",,"2023-11-14T00:00:00","0.070"
"ACIBENZOLAR-S-METHYL","חציל",,"2022-12-26T00:00:00","0.050"
"ACIBENZOLAR-S-METHYL","עגבניה",,"2022-08-21T00:00:00","0.050"
"ACLONIFEN","כרפס/סלרי (שורש ועלים)",,"2024-05-13T00:00:00","0.010"
"ACLONIFEN","חימצה (חומוס)","0.020","2013-01-09T00:00:00",
"ACLONIFEN","כוסברה (גד השדה)","0.020","2013-01-09T00:00:00",
"ACLONIFEN","עגבניה","0.020","2013-01-09T00:00:00",
"ACLONIFEN","בטטה","0.020","2013-01-09T00:00:00",
"ACLONIFEN","בצל","0.010","2014-08-04T00:00:00",
"ACLONIFEN","חמנית מצויה",,"2024-05-13T00:00:00","0.010"
"ACLONIFEN","שמיר (שבת)","0.020","2013-01-09T00:00:00",
"ACLONIFEN","פטרוסלינון (שורש ועלים)","0.020","2013-01-09T00:00:00",
"ACRINATHRIN","ענבים","0.300","2009-11-09T00:00:00",
"ACRINATHRIN","תות שדה לפרי","0.200","1997-12-18T00:00:00",
"ACRINATHRIN","מלפפון","0.200","1997-12-18T00:00:00",
"ACRINATHRIN","פלפל","0.100","1998-07-16T00:00:00",
"ACRINATHRIN","חציל","0.200","1997-12-18T00:00:00",
"ACRINATHRIN","גזר","0.020","2015-11-17T00:00:00",
"ACRINATHRIN","שקד","0.200","2005-07-21T00:00:00",
"ACRINATHRIN","אפרסמון","0.100","2011-02-02T00:00:00",
"ACRINATHRIN","רימון","0.050","2011-01-09T00:00:00",
"ACRINATHRIN","אגס","0.200","2005-07-21T00:00:00",
"ACRINATHRIN","שזיף","0.200","2005-07-21T00:00:00",
"ACRINATHRIN","משמש","0.200","2005-07-21T00:00:00",
"ACRINATHRIN","דובדבן","0.200","2010-06-21T00:00:00",
"ACRINATHRIN","נקטרינה","0.200","2005-07-21T00:00:00",
"ACRINATHRIN","אפרסק","0.200","2005-07-21T00:00:00",
"ACRINATHRIN","זית אירופאי","0.200","2011-11-16T00:00:00",
"AFIDOPYROPEN","ענבים",,"2023-02-12T00:00:00","0.400"
"AFIDOPYROPEN","כרוב",,"2022-12-04T00:00:00","0.080"
"AFIDOPYROPEN","ברוקולי",,"2024-08-19T00:00:00","0.020"
"AFIDOPYROPEN","כרובית",,"2024-08-19T00:00:00","0.020"
"AFIDOPYROPEN","קולרבי",,"2024-08-19T00:00:00","0.030"
"AFIDOPYROPEN","מלון",,"2024-08-19T00:00:00","0.020"
"AFIDOPYROPEN","מלפפון",,"2022-12-04T00:00:00","0.080"
"AFIDOPYROPEN","קישוא",,"2024-08-19T00:00:00","0.050"
"AFIDOPYROPEN","אבטיח",,"2025-07-07T00:00:00","0.010"
"AFIDOPYROPEN","פלפל",,"2023-02-12T00:00:00","0.050"
"AFIDOPYROPEN","חציל",,"2024-08-19T00:00:00","0.020"
"AFIDOPYROPEN","עגבניה",,"2022-12-04T00:00:00","0.100"
"AFIDOPYROPEN","שקד",,"2023-02-12T00:00:00","0.050"
"AFIDOPYROPEN","רימון",,"2024-08-19T00:00:00","0.020"
"AFIDOPYROPEN","נקטרינה",,"2023-02-12T00:00:00","0.050"
"AFIDOPYROPEN","אפרסק",,"2022-12-04T00:00:00","0.200"
"ALACHLOR","כותנה","0.020","2013-01-09T00:00:00","יתבטל"
"ALACHLOR","אגוז אדמה","0.020","2013-01-09T00:00:00","יתבטל"
"ALACHLOR","חמנית מצויה","0.020","2013-01-09T00:00:00","יתבטל"
"ALACHLOR","תירס","0.020","2013-01-09T00:00:00","יתבטל"
"ALDRIN","גזר","0.100","1996-01-01T00:00:00",
"ALDRIN","חלב","0.006","1999-01-01T00:00:00",
"ALDRIN","בשר","0.200","1996-01-01T00:00:00",
"ALDRIN","ביצים","0.100","1999-01-01T00:00:00",
"ALDRIN","בשר עוף","0.200","1999-01-01T00:00:00",
"ALDRIN","דגניים","0.020","1996-01-01T00:00:00",
"AMETOCTRADIN","ענבים","0.500","2015-11-16T00:00:00",
"AMETOCTRADIN","תפוח אדמה","0.020","2016-07-11T00:00:00",
"AMETOCTRADIN","מלון",,"2019-06-16T00:00:00","0.050"
"AMETOCTRADIN","מלפפון","0.020","2016-07-11T00:00:00",
"AMETOCTRADIN","קישוא","0.050","2015-11-16T00:00:00",
"AMETOCTRADIN","עגבניה","0.020","2016-07-11T00:00:00",
"AMETOCTRADIN","בצל","0.100","2016-07-11T00:00:00",
"AMINOTRIAZOLE","ענבים","0.020","2013-01-09T00:00:00","יתבטל"
"AMINOTRIAZOLE","פרי הדר","0.020","2013-01-09T00:00:00","יתבטל"
"AMINOTRIAZOLE","חימצה (חומוס)","0.020","2013-01-09T00:00:00","יתבטל"
"AMINOTRIAZOLE","עגבניה","0.020","2013-01-09T00:00:00","יתבטל"
"AMINOTRIAZOLE","כותנה","0.020","2013-01-09T00:00:00","יתבטל"
"AMINOTRIAZOLE","חמנית מצויה","0.020","2013-01-09T00:00:00","יתבטל"
"AMINOTRIAZOLE","שקד","0.020","2013-01-09T00:00:00","יתבטל"
"AMINOTRIAZOLE","פקאן תרבותי","0.020","2013-01-09T00:00:00","יתבטל"
"AMINOTRIAZOLE","אבוקדו","0.020","2013-01-09T00:00:00","יתבטל"
"AMINOTRIAZOLE","פיג'ואה","0.020","2013-01-09T00:00:00","יתבטל"
"AMINOTRIAZOLE","קיווי","0.020","2013-01-09T00:00:00","יתבטל"
"AMINOTRIAZOLE","מנגו","0.020","2013-01-09T00:00:00","יתבטל"
"AMINOTRIAZOLE","אפרסמון","0.020","2013-01-09T00:00:00","יתבטל"
"AMINOTRIAZOLE","תפוח עץ","0.020","2013-01-09T00:00:00","יתבטל"
"AMINOTRIAZOLE","אגס","0.020","2013-01-09T00:00:00","יתבטל"
"AMINOTRIAZOLE","שזיף","0.020","2013-01-09T00:00:00","יתבטל"
"AMINOTRIAZOLE","משמש","0.020","2013-01-09T00:00:00","יתבטל"
"AMINOTRIAZOLE","אפרסק","0.020","2013-01-09T00:00:00","יתבטל"
"AMINOTRIAZOLE","חרוב מצוי","0.020","2013-01-09T00:00:00","יתבטל"
"AMINOTRIAZOLE","זית אירופאי","0.020","2013-01-09T00:00:00","יתבטל"
"AMINOTRIAZOLE","גויאבה","0.020","2013-01-09T00:00:00","יתבטל"
"AMINOTRIAZOLE","תירס","0.020","2013-01-09T00:00:00","יתבטל"
"AMINOTRIAZOLE","דורה-סורגום","0.020","2013-01-09T00:00:00","יתבטל"
"AMINOTRIAZOLE","אנונה","0.020","2013-01-09T00:00:00","יתבטל"
"AMITRAZ","בשר, חלקי פנים","0.200","2005-07-21T00:00:00",
"AMITRAZ","כותנה","0.500","1996-01-01T00:00:00","יתבטל"
"AMITRAZ","אגוז אדמה","0.500","2005-07-21T00:00:00","יתבטל"
"AMITRAZ","אפרסמון","0.500","1999-01-01T00:00:00","יתבטל"
"AMITRAZ","תפוח עץ","0.500","1996-01-01T00:00:00","יתבטל"
"AMITRAZ","אגס","0.500","1996-01-01T00:00:00","יתבטל"
"AMITRAZ","שזיף","0.500","1996-01-01T00:00:00","יתבטל"
"AMITRAZ","אפרסק","0.500","1996-01-01T00:00:00","יתבטל"
"AMITRAZ","זית אירופאי","0.500","2005-07-21T00:00:00","יתבטל"
"AMITRAZ","דבש","0.200","2017-12-28T00:00:00",
"ATRAZINE","חלב","0.020","1999-01-01T00:00:00",
"ATRAZINE","בשר","0.020","1999-01-01T00:00:00",
"ATRAZINE","ביצים","0.020","1999-01-01T00:00:00",
"ATRAZINE","בשר עוף","0.020","2005-07-21T00:00:00",
"ATRAZINE","תירס","0.010","2005-12-11T00:00:00",
"ATRAZINE","דורה-סורגום","0.200","2013-01-09T00:00:00",
"AZOCYCLOTIN","תות שדה לפרי","0.500","1996-01-01T00:00:00","יתבטל"
"AZOCYCLOTIN","חציל","0.100","1996-01-01T00:00:00","יתבטל"
"AZOCYCLOTIN","עגבניה","0.100","1996-01-01T00:00:00","יתבטל"
"AZOCYCLOTIN","כותנה","0.100","1996-01-01T00:00:00","יתבטל"
"AZOCYCLOTIN","אגוז אדמה","1.000","1996-01-01T00:00:00","יתבטל"
"AZOCYCLOTIN","תפוח עץ","1.000","1996-01-01T00:00:00","יתבטל"
"AZOCYCLOTIN","אגס","2.000","1996-01-01T00:00:00","יתבטל"
"AZOXYSTROBIN","תלתן",,"2025-06-25T00:00:00","0.300"
"AZOXYSTROBIN","קורנית","0.600","2009-10-13T00:00:00",
"AZOXYSTROBIN","ענבים","0.600","2005-05-26T00:00:00",
"AZOXYSTROBIN","פרי הדר","0.300","2000-01-01T00:00:00",
"AZOXYSTROBIN","תפוח אדמה","0.050","2000-01-01T00:00:00",
"AZOXYSTROBIN","כרפס/סלרי (שורש ועלים)","0.500","2007-08-30T00:00:00",
"AZOXYSTROBIN","כרוב",,"2021-08-23T00:00:00","0.100"
"AZOXYSTROBIN","ברוקולי",,"2021-08-23T00:00:00","0.200"
"AZOXYSTROBIN","כרובית",,"2021-08-23T00:00:00","0.100"
"AZOXYSTROBIN","מלון","0.020","2008-07-27T00:00:00",
"AZOXYSTROBIN","מלפפון","0.500","2016-07-11T00:00:00",
"AZOXYSTROBIN","קישוא","0.050","2016-09-06T00:00:00",
"AZOXYSTROBIN","אבטיח","0.010","2008-08-26T00:00:00",
"AZOXYSTROBIN","חימצה (חומוס)","0.050","2005-08-17T00:00:00",
"AZOXYSTROBIN","כוסברה (גד השדה)","0.600","2009-10-13T00:00:00",
"AZOXYSTROBIN","פלפל","0.500","2005-05-26T00:00:00",
"AZOXYSTROBIN","חציל","0.500","2005-05-26T00:00:00",
"AZOXYSTROBIN","עגבניה","0.500","2016-06-08T00:00:00",
"AZOXYSTROBIN","פפריקה","0.500","2013-01-09T00:00:00",
"AZOXYSTROBIN","אפון","1.000","2008-08-20T00:00:00",
"AZOXYSTROBIN","שעועית ירוקה","0.010","2016-05-23T00:00:00",
"AZOXYSTROBIN","סלק אדום (שורש ועלים)",,"2022-12-04T00:00:00","0.020"
"AZOXYSTROBIN","גזר","1.000","2004-06-08T00:00:00",
"AZOXYSTROBIN","בצל","0.050","2005-08-17T00:00:00",
"AZOXYSTROBIN","כותנה","0.020","2003-07-29T00:00:00",
"AZOXYSTROBIN","אגוז אדמה","0.010","2011-01-09T00:00:00",
"AZOXYSTROBIN","חמנית מצויה","0.050","2011-05-17T00:00:00",
"AZOXYSTROBIN","שקד","2.000","2005-12-07T00:00:00",
"AZOXYSTROBIN","שום","0.050","2005-08-17T00:00:00",
"AZOXYSTROBIN","מנגו","0.050","2015-11-16T00:00:00",
"AZOXYSTROBIN","אפרסמון","0.100","2009-06-02T00:00:00",
"AZOXYSTROBIN","רימון","0.200","2012-12-02T00:00:00",
"AZOXYSTROBIN","תפוח עץ","0.300","2013-05-13T00:00:00",
"AZOXYSTROBIN","שזיף","0.050","2007-05-06T00:00:00",
"AZOXYSTROBIN","משמש","0.700","2009-04-05T00:00:00",
"AZOXYSTROBIN","דובדבן",,"2023-03-15T00:00:00","0.100"
"AZOXYSTROBIN","נקטרינה","0.100","2007-05-06T00:00:00",
"AZOXYSTROBIN","אפרסק","0.200","2008-08-27T00:00:00",
"AZOXYSTROBIN","זית אירופאי","0.100","2010-11-25T00:00:00",
"AZOXYSTROBIN","שעורה תרבותית",,"2025-06-25T00:00:00","0.050"
"AZOXYSTROBIN","תירס","0.020","2015-11-17T00:00:00",
"AZOXYSTROBIN","שבולת שועל","0.050","2013-01-09T00:00:00",
"AZOXYSTROBIN","חיטה","0.050","2013-01-09T00:00:00",
"AZOXYSTROBIN","ריחן מצוי / בזיל","2.000","2012-11-27T00:00:00",
"AZOXYSTROBIN","עירית בצלית","15.000","2012-01-10T00:00:00",
"AZOXYSTROBIN","שמיר (שבת)","2.500","2007-06-12T00:00:00",
"AZOXYSTROBIN","מנטה","2.000","2008-01-20T00:00:00",
"AZOXYSTROBIN","פטרוסלינון (שורש ועלים)","0.100","2006-04-04T00:00:00",
"AZOXYSTROBIN","רוזמרין","0.600","2009-10-13T00:00:00",
"AZOXYSTROBIN","מרווה","2.000","2008-01-20T00:00:00",
"AZOXYSTROBIN","טרגון","0.600","2009-10-13T00:00:00",
"AZOXYSTROBIN","רוקט (בן חרדל)",,"2019-04-11T00:00:00","15.000"
"AZOXYSTROBIN","רוקולה","15.000","2012-01-10T00:00:00",
"AZOXYSTROBIN","בצל ירוק","15.000","2012-01-10T00:00:00",
"BENALAXYL","ענבים","0.300","2016-06-08T00:00:00",
"BENALAXYL","תפוח אדמה","0.020","1996-01-01T00:00:00",
"BENALAXYL","כרוביים","0.500","1996-01-01T00:00:00",
"BENALAXYL","כרוב","0.500","2021-08-17T00:00:00",
"BENALAXYL","ברוקולי","0.500","2021-08-17T00:00:00",
"BENALAXYL","כרובית","0.500","2021-08-17T00:00:00",
"BENALAXYL","מלפפון","0.050","1996-01-01T00:00:00",
"BENALAXYL","עגבניה","0.300","2015-11-17T00:00:00",
"BENALAXYL","גזר","0.050","1996-01-01T00:00:00",
"BENALAXYL","בצל","0.100","2013-09-23T00:00:00",
"BENFLURALIN","מלון","0.020","2013-01-09T00:00:00","יתבטל"
"BENFLURALIN","אבטיח","0.020","2013-01-09T00:00:00","יתבטל"
"BENFLURALIN","חימצה (חומוס)","0.020","2013-01-09T00:00:00","יתבטל"
"BENFLURALIN","חסה","0.020","2013-01-09T00:00:00","יתבטל"
"BENFLURALIN","אגוז אדמה","0.020","2013-01-09T00:00:00","יתבטל"
"BENTAZONE","תלתן","0.200","2005-08-17T00:00:00",
"BENTAZONE","בקיה","0.200","2005-08-17T00:00:00",
"BENTAZONE","אפון","0.200","1999-01-01T00:00:00",
"BENTAZONE","שעועית ירוקה","0.200","1999-01-01T00:00:00",
"BENTAZONE","בצל","0.100","1999-01-01T00:00:00",
"BENTAZONE","אגוז אדמה","0.050","1999-01-01T00:00:00",
"BENTAZONE","חיטה","0.100","1999-01-01T00:00:00",
"BENTHIAVALICARB- ISOPROPYL","ענבים","0.200","2017-12-28T00:00:00",
"BENTHIAVALICARB- ISOPROPYL","תפוח אדמה","0.020","2005-12-07T00:00:00",
"BENTHIAVALICARB- ISOPROPYL","כרוב",,"2023-07-12T00:00:00","0.070"
"BENTHIAVALICARB- ISOPROPYL","כרובית",,"2023-06-04T00:00:00","0.020"
"BENTHIAVALICARB- ISOPROPYL","מלון","0.050","2014-02-16T00:00:00",
"BENTHIAVALICARB- ISOPROPYL","מלפפון","0.050","2005-12-07T00:00:00","0.150"
"BENTHIAVALICARB- ISOPROPYL","קישוא",,"2020-09-15T00:00:00","0.050"
"BENTHIAVALICARB- ISOPROPYL","חימצה (חומוס)",,"2024-09-09T00:00:00","0.050"
"BENTHIAVALICARB- ISOPROPYL","חסה",,"2023-07-12T00:00:00","1.400"
"BENTHIAVALICARB- ISOPROPYL","עגבניה",,"2006-07-20T00:00:00","0.050"
"BENTHIAVALICARB- ISOPROPYL","בצל",,"2023-06-04T00:00:00","0.010"
"BIFENAZATE","קורנית","1.000","2010-05-12T00:00:00",
"BIFENAZATE","תות שדה לפרי","1.000","2007-05-06T00:00:00",
"BIFENAZATE","כרפס/סלרי (שורש ועלים)","1.000","2012-07-02T00:00:00",
"BIFENAZATE","מלון","0.020","2009-02-05T00:00:00",
"BIFENAZATE","מלפפון","0.050","2003-05-04T00:00:00",
"BIFENAZATE","אבטיח","0.050","2003-05-04T00:00:00",
"BIFENAZATE","כוסברה (גד השדה)","1.000","2010-05-12T00:00:00",
"BIFENAZATE","פלפל","0.050","2003-05-04T00:00:00",
"BIFENAZATE","חציל","0.050","2003-05-04T00:00:00",
"BIFENAZATE","עגבניה","0.050","2003-05-04T00:00:00",
"BIFENAZATE","חמנית מצויה","0.050","2005-08-17T00:00:00",
"BIFENAZATE","אורגנו",,"2019-02-19T00:00:00","1.000"
"BIFENAZATE","תפוח עץ","0.050","2010-01-04T00:00:00",
"BIFENAZATE","אגס","0.050","2010-01-04T00:00:00",
"BIFENAZATE","שזיף","0.050","2011-05-17T00:00:00",
"BIFENAZATE","נקטרינה","0.050","2011-06-05T00:00:00",
"BIFENAZATE","אפרסק",,"2018-05-07T00:00:00","0.050"
"BIFENAZATE","ריחן מצוי / בזיל","1.000","2010-05-12T00:00:00",
"BIFENAZATE","עירית בצלית","1.000","2010-05-12T00:00:00",
"BIFENAZATE","שמיר (שבת)","1.000","2010-05-12T00:00:00",
"BIFENAZATE","מנטה","1.000","2010-05-12T00:00:00",
"BIFENAZATE","פטרוסלינון (שורש ועלים)","1.000","2010-05-12T00:00:00",
"BIFENAZATE","רוזמרין","1.000","2010-05-12T00:00:00",
"BIFENAZATE","מרווה","1.000","2010-05-12T00:00:00",
"BIFENAZATE","טרגון","1.000","2010-05-12T00:00:00",
"BIFENAZATE","רוקט (בן חרדל)",,"2019-04-11T00:00:00","1.000"
"BIFENAZATE","רוקולה","1.000","2010-05-12T00:00:00",
"BIFENAZATE","זעתר (אזוב מצוי)",,"2019-02-19T00:00:00","1.000"
"BIFENAZATE","בצל ירוק","1.000","2012-07-02T00:00:00",
"BIFENTHRIN","בקיה","0.010","2006-01-01T00:00:00",
"BIFENTHRIN","קורנית","1.000","2010-06-21T00:00:00",
"BIFENTHRIN","ענבים","2.000","2005-12-07T00:00:00",
"BIFENTHRIN","פרי הדר","0.050","2005-08-17T00:00:00",
"BIFENTHRIN","תפוח אדמה","0.050","1996-01-01T00:00:00",
"BIFENTHRIN","צנונית","0.020","2006-01-01T00:00:00",
"BIFENTHRIN","כרפס/סלרי (שורש ועלים)","1.000","2012-07-02T00:00:00",
"BIFENTHRIN","כרוביים","0.200","2005-08-17T00:00:00",
"BIFENTHRIN","כרוב","0.200","2013-01-09T00:00:00",
"BIFENTHRIN","ברוקולי","0.200","2021-08-17T00:00:00",
"BIFENTHRIN","כרובית","0.200","2021-08-17T00:00:00",
"BIFENTHRIN","מלון","0.050","2000-01-01T00:00:00",
"BIFENTHRIN","קישוא","0.020","2013-05-13T00:00:00",
"BIFENTHRIN","אבטיח","0.050","2015-11-12T00:00:00",
"BIFENTHRIN","חימצה (חומוס)","0.010","2010-06-21T00:00:00",
"BIFENTHRIN","סלק עלים","1.000","2014-03-19T00:00:00",
"BIFENTHRIN","כוסברה (גד השדה)","1.000","2009-10-13T00:00:00",
"BIFENTHRIN","חסה","0.100","2015-11-12T00:00:00",
"BIFENTHRIN","פלפל","0.200","2005-08-17T00:00:00",
"BIFENTHRIN","חציל","0.200","1996-01-01T00:00:00",
"BIFENTHRIN","תירס מתוק","0.020","2008-12-03T00:00:00",
"BIFENTHRIN","עגבניה","0.200","1996-01-01T00:00:00",
"BIFENTHRIN","פפריקה","0.200","2005-08-17T00:00:00",
"BIFENTHRIN","אפון","0.300","2017-12-28T00:00:00",
"BIFENTHRIN","שעועית ירוקה","0.020","2014-08-06T00:00:00",
"BIFENTHRIN","צנון","0.200","2013-01-09T00:00:00","0.020"
"BIFENTHRIN","בטטה","0.020","2006-04-04T00:00:00",
"BIFENTHRIN","גזר","0.050","2013-05-13T00:00:00",
"BIFENTHRIN","כותנה","0.020","1996-01-01T00:00:00",
"BIFENTHRIN","אגוז אדמה","0.050","2005-08-17T00:00:00",
"BIFENTHRIN","שקד","0.200","2005-08-17T00:00:00",
"BIFENTHRIN","פקאן תרבותי","0.200","1999-01-01T00:00:00",
"BIFENTHRIN","בננה","0.100","2015-11-12T00:00:00",
"BIFENTHRIN","אפרסמון","0.200","2002-04-14T00:00:00",
"BIFENTHRIN","רימון","0.100","2006-01-01T00:00:00",
"BIFENTHRIN","תפוח עץ","0.020","2015-11-12T00:00:00",
"BIFENTHRIN","אגס","0.500","2002-04-14T00:00:00",
"BIFENTHRIN","שזיף","0.600","2017-07-24T00:00:00",
"BIFENTHRIN","משמש","0.600","2013-01-09T00:00:00",
"BIFENTHRIN","נקטרינה","0.600","2009-10-13T00:00:00",
"BIFENTHRIN","אפרסק","0.600","2009-10-13T00:00:00",
"BIFENTHRIN","זית אירופאי","0.500","2005-08-17T00:00:00",
"BIFENTHRIN","שעורה תרבותית","0.010","2013-01-09T00:00:00",
"BIFENTHRIN","חיטה","0.050","2008-03-25T00:00:00",
"BIFENTHRIN","ריחן מצוי / בזיל","1.000","2010-06-21T00:00:00",
"BIFENTHRIN","עירית בצלית","1.000","2009-10-13T00:00:00",
"BIFENTHRIN","שמיר (שבת)","1.000","2009-10-13T00:00:00",
"BIFENTHRIN","מנטה","1.000","2010-06-21T00:00:00",
"BIFENTHRIN","פטרוסלינון (שורש ועלים)","1.000","2009-10-13T00:00:00",
"BIFENTHRIN","רוזמרין","1.000","2010-06-21T00:00:00",
"BIFENTHRIN","מרווה","1.000","2010-06-21T00:00:00",
"BIFENTHRIN","טרגון","1.000","2010-06-21T00:00:00",
"BIFENTHRIN","רוקט (בן חרדל)",,"2019-04-11T00:00:00","1.000"
"BIFENTHRIN","רוקולה","1.000","2010-06-21T00:00:00",
"BIFENTHRIN","בצל ירוק","1.000","2012-07-02T00:00:00",
"BIFENTHRIN","עלי טטסוי","1.000","2014-03-19T00:00:00",
"BITERTANOL","תפוח עץ","2.000","1998-11-01T00:00:00","יתבטל"
"BITERTANOL","אגס","2.000","1998-11-01T00:00:00","יתבטל"
"BITERTANOL","שזיף","2.000","1996-01-01T00:00:00","יתבטל"
"BOSCALID","קורנית","4.000","2013-06-11T00:00:00",
"BOSCALID","ענבים","6.000","2013-03-13T00:00:00",
"BOSCALID","תות שדה לפרי","2.000","2006-08-02T00:00:00",
"BOSCALID","פרי הדר","0.100","2007-05-06T00:00:00",
"BOSCALID","מליסה","4.000","2013-06-11T00:00:00",
"BOSCALID","תפוח אדמה","0.030","2003-11-05T00:00:00","0.050"
"BOSCALID","כרפס/סלרי (שורש ועלים)","2.000","2006-08-23T00:00:00",
"BOSCALID","כרוב",,"2021-08-23T00:00:00","0.200"
"BOSCALID","ברוקולי",,"2021-08-23T00:00:00","0.500"
"BOSCALID","כרובית",,"2021-08-30T00:00:00","0.200"
"BOSCALID","מלון","0.200","2013-03-13T00:00:00",
"BOSCALID","מלפפון","0.300","2011-01-11T00:00:00",
"BOSCALID","דלעת","0.200","2010-06-21T00:00:00",
"BOSCALID","קישוא","0.200","2005-09-19T00:00:00",
"BOSCALID","אבטיח","0.050","2013-03-13T00:00:00",
"BOSCALID","חימצה (חומוס)","0.500","2010-10-04T00:00:00",
"BOSCALID","כוסברה (גד השדה)","4.000","2009-06-02T00:00:00",
"BOSCALID","פלפל","0.300","2009-04-05T00:00:00",
"BOSCALID","חציל","0.300","2015-11-12T00:00:00",
"BOSCALID","עגבניה","0.300","2015-11-12T00:00:00",
"BOSCALID","אפון","0.020","2010-06-21T00:00:00",
"BOSCALID","דלורית","0.200","2010-06-21T00:00:00",
"BOSCALID","בטטה","1.000","2008-06-10T00:00:00",
"BOSCALID","סלק אדום (שורש ועלים)",,"2022-12-04T00:00:00","0.400"
"BOSCALID","גזר","0.400","2009-04-05T00:00:00",
"BOSCALID","בצל","1.500","2009-04-05T00:00:00",
"BOSCALID","כותנה","0.200","2003-11-05T00:00:00",
"BOSCALID","אגוז אדמה","0.050","2011-01-11T00:00:00",
"BOSCALID","שקד","5.000","2012-08-26T00:00:00",
"BOSCALID","שום","1.500","2009-04-05T00:00:00",
"BOSCALID","מנגו","0.020","2008-12-03T00:00:00",
"BOSCALID","אפרסמון","0.050","2010-06-21T00:00:00",
"BOSCALID","תפוח עץ","1.000","2008-12-03T00:00:00",
"BOSCALID","אגס","0.010","2017-08-30T00:00:00","1.000"
"BOSCALID","משמש","1.000","2015-11-12T00:00:00",
"BOSCALID","נקטרינה","1.000","2011-01-11T00:00:00",
"BOSCALID","אפרסק","3.000","2015-11-12T00:00:00",
"BOSCALID","ריחן מצוי / בזיל","4.000","2013-06-11T00:00:00",
"BOSCALID","עירית בצלית","4.000","2006-10-23T00:00:00",
"BOSCALID","שמיר (שבת)","4.000","2009-06-02T00:00:00",
"BOSCALID","מיורם","4.000","2013-06-11T00:00:00",
"BOSCALID","מנטה","4.000","2013-06-11T00:00:00",
"BOSCALID","פטרוסלינון (שורש ועלים)","4.000","2006-08-23T00:00:00",
"BOSCALID","רוזמרין","4.000","2013-06-11T00:00:00",
"BOSCALID","מרווה","4.000","2013-06-11T00:00:00",
"BOSCALID","טרגון","4.000","2013-06-11T00:00:00",
"BOSCALID","רוקט (בן חרדל)",,"2019-04-11T00:00:00","4.000"
"BOSCALID","רוקולה","4.000","2013-06-11T00:00:00",
"BOSCALID","בצל ירוק",,"2023-02-01T00:00:00","0.300"
"BROMACIL","פרי הדר","0.100","1999-01-01T00:00:00",
"BROMOPROPYLATE","ענבים","2.000","2007-05-06T00:00:00","יתבטל"
"BROMOPROPYLATE","פרי הדר","2.000","1996-01-01T00:00:00","יתבטל"
"BROMOPROPYLATE","תפוח עץ","2.000","2007-05-06T00:00:00","יתבטל"
"BROMOXYNIL","כותנה","0.100","1999-01-01T00:00:00",
"BROMOXYNIL","שעורה תרבותית","0.100","2013-01-10T00:00:00",
"BROMOXYNIL","חיטה","0.100","2013-01-10T00:00:00",
"BROMUCONAZOLE","ברוקולי","0.050","1996-01-01T00:00:00","יתבטל"
"BROMUCONAZOLE","כרובית","0.050","1996-01-01T00:00:00",
"BROMUCONAZOLE","מלון","0.050","1996-01-01T00:00:00","יתבטל"
"BROMUCONAZOLE","מלפפון","0.050","1996-01-01T00:00:00","יתבטל"
"BROMUCONAZOLE","קישוא","0.050","1996-01-01T00:00:00","יתבטל"
"BROMUCONAZOLE","אבטיח","0.050","1999-01-01T00:00:00","יתבטל"
"BROMUCONAZOLE","פלפל","0.050","1996-01-01T00:00:00","יתבטל"
"BROMUCONAZOLE","עגבניה","0.050","1996-01-01T00:00:00","יתבטל"
"BROMUCONAZOLE","פפריקה","0.050","1996-01-01T00:00:00","יתבטל"
"BROMUCONAZOLE","דלורית","0.050","1996-01-01T00:00:00","יתבטל"
"BROMUCONAZOLE","גזר","0.050","1996-01-01T00:00:00","יתבטל"
"BROMUCONAZOLE","תפוח עץ","0.050","1996-01-01T00:00:00","יתבטל"
"BROMUCONAZOLE","אפרסק","0.050","1996-01-01T00:00:00","יתבטל"
"BUPIRIMATE","ענבים","0.200","2017-12-28T00:00:00",
"BUPIRIMATE","תות שדה לפרי","0.200","2003-07-29T00:00:00",
"BUPIRIMATE","מלון","0.030","2003-07-29T00:00:00",
"BUPIRIMATE","מלפפון","0.030","2005-12-11T00:00:00",
"BUPIRIMATE","דלעת","0.050","2007-08-30T00:00:00",
"BUPIRIMATE","קישוא","0.050","2007-02-26T00:00:00",
"BUPIRIMATE","אבטיח","0.010","2014-08-04T00:00:00",
"BUPIRIMATE","דלורית","0.050","2013-01-10T00:00:00",
"BUPIRIMATE","גזר","0.050","2014-02-16T00:00:00",
"BUPIRIMATE","מנגו","0.020","2015-11-12T00:00:00",
"BUPIRIMATE","תפוח עץ","0.030","2004-10-14T00:00:00",
"BUPIRIMATE","נקטרינה","0.200","2004-09-25T00:00:00",
"BUPIRIMATE","אפרסק","0.200","2004-09-25T00:00:00",
"BUPROFEZIN","קורנית","4.000","2014-02-16T00:00:00",
"BUPROFEZIN","ענבים","2.000","2012-02-13T00:00:00",
"BUPROFEZIN","פרי הדר","0.300","2014-03-19T00:00:00",
"BUPROFEZIN","מלון","1.000","1998-11-01T00:00:00",
"BUPROFEZIN","מלפפון","1.000","1998-11-01T00:00:00",
"BUPROFEZIN","אבטיח",,"2022-12-26T00:00:00","0.040"
"BUPROFEZIN","פלפל","0.300","1996-01-01T00:00:00",
"BUPROFEZIN","חציל","0.200","1996-01-01T00:00:00",
"BUPROFEZIN","עגבניה","0.300","2014-08-04T00:00:00",
"BUPROFEZIN","כותנה","0.100","1996-01-01T00:00:00",
"BUPROFEZIN","שקד","0.020","2012-01-10T00:00:00",
"BUPROFEZIN","אורגנו","4.000","2010-06-21T00:00:00",
"BUPROFEZIN","מנגו",,"2022-12-26T00:00:00","0.020"
"BUPROFEZIN","אפרסמון","0.100","1996-01-01T00:00:00",
"BUPROFEZIN","רימון","0.400","2014-08-06T00:00:00",
"BUPROFEZIN","תפוח עץ","0.100","1996-01-01T00:00:00",
"BUPROFEZIN","שזיף","0.400","2012-02-13T00:00:00",
"BUPROFEZIN","נקטרינה","0.400","2012-02-13T00:00:00",
"BUPROFEZIN","אפרסק","0.400","2011-11-14T00:00:00",
"BUPROFEZIN","גויאבה",,"2018-09-04T00:00:00","0.150"
"BUPROFEZIN","ריחן מצוי / בזיל","4.000","2010-06-21T00:00:00",
"BUPROFEZIN","מיורם","4.000","2010-06-21T00:00:00",
"BUPROFEZIN","מנטה","4.000","2010-06-21T00:00:00",
"BUPROFEZIN","רוזמרין","4.000","2010-06-21T00:00:00",
"BUPROFEZIN","מרווה","4.000","2010-06-21T00:00:00",
"BUPROFEZIN","טרגון","4.000","2010-06-21T00:00:00",
"CAPTAN","ענבים","5.000","1996-01-01T00:00:00",
"CAPTAN","תות שדה לפרי","15.000","2005-08-18T00:00:00",
"CAPTAN","פרי הדר","15.000","1996-01-01T00:00:00",
"CAPTAN","אגוז אדמה","0.050","2005-08-18T00:00:00",
"CAPTAN","שקד","5.000","1996-01-01T00:00:00",
"CAPTAN","קיווי","15.000","2007-01-01T00:00:00",
"CAPTAN","אפרסמון","10.000","1996-01-01T00:00:00",
"CAPTAN","תפוח עץ","10.000","1998-11-01T00:00:00",
"CAPTAN","שסק","5.000","1998-11-01T00:00:00",
"CAPTAN","אגס","10.000","1998-11-01T00:00:00",
"CAPTAN","חבוש","10.000","1998-11-01T00:00:00",
"CAPTAN","שזיף","5.000","1998-11-01T00:00:00",
"CAPTAN","משמש","15.000","1996-01-01T00:00:00",
"CAPTAN","דובדבן",,"2023-03-15T00:00:00","1.000"
"CAPTAN","נקטרינה","15.000","2004-07-13T00:00:00",
"CAPTAN","אפרסק","15.000","1996-01-01T00:00:00",
"CARBARYL","ביצים","0.050","2013-01-10T00:00:00",
"CARBARYL","בשר עוף","0.050","2013-01-10T00:00:00",
"CARBARYL","בשר עוף, חלקי פנים","0.050","2013-01-23T00:00:00",
"CARBENDAZIM","תות שדה לפרי","5.000","1996-01-01T00:00:00","יתבטל"
"CARBENDAZIM","כרפס/סלרי (שורש ועלים)","2.000","1996-01-01T00:00:00","יתבטל"
"CARBENDAZIM","מלון","2.000","1996-01-01T00:00:00","יתבטל"
"CARBENDAZIM","מלפפון","0.100","2005-08-18T00:00:00",
"CARBENDAZIM","דלעת","0.200","2015-11-16T00:00:00","יתבטל"
"CARBENDAZIM","קישוא","0.100","2005-08-18T00:00:00",
"CARBENDAZIM","חסה","5.000","1996-01-01T00:00:00",
"CARBENDAZIM","פלפל","0.100","2005-08-18T00:00:00","יתבטל"
"CARBENDAZIM","חציל","0.100","2005-08-18T00:00:00","יתבטל"
"CARBENDAZIM","עגבניה","0.100","1996-01-01T00:00:00",
"CARBENDAZIM","דלורית","0.200","2015-11-16T00:00:00","יתבטל"
"CARBENDAZIM","גזר","0.200","2005-08-18T00:00:00",
"CARBENDAZIM","אגוז אדמה","0.100","2013-01-10T00:00:00",
"CARBENDAZIM","שקד","0.100","1996-01-01T00:00:00",
"CARBENDAZIM","תפוח עץ","3.000","2005-08-18T00:00:00",
"CARBENDAZIM","אגס","3.000","2005-08-18T00:00:00",
"CARBENDAZIM","שזיף","0.200","2009-10-13T00:00:00",
"CARBENDAZIM","משמש","0.100","2009-10-13T00:00:00",
"CARBOXIN","חימצה (חומוס)","0.010","2013-01-10T00:00:00",
"CARBOXIN","בשר","0.010","2013-01-10T00:00:00",
"CARBOXIN","כותנה","0.010","2013-01-10T00:00:00",
"CARBOXIN","שעורה תרבותית","0.010","2013-01-10T00:00:00",
"CARBOXIN","תירס","0.010","2013-01-10T00:00:00",
"CARBOXIN","חיטה","0.010","2013-01-10T00:00:00",
"CARFENTRAZONE ETHYL","בקיה","0.020","2013-01-10T00:00:00",
"CARFENTRAZONE ETHYL","ענבים","0.020","2009-02-05T00:00:00",
"CARFENTRAZONE ETHYL","פרי הדר","0.020","2009-02-05T00:00:00",
"CARFENTRAZONE ETHYL","תפוח אדמה","0.020","2009-02-05T00:00:00",
"CARFENTRAZONE ETHYL","אבטיח","0.020","2009-02-05T00:00:00",
"CARFENTRAZONE ETHYL","חימצה (חומוס)","0.010","2009-10-13T00:00:00",
"CARFENTRAZONE ETHYL","פפריקה","0.200","2008-07-30T00:00:00",
"CARFENTRAZONE ETHYL","בצל","0.020","2009-02-05T00:00:00",
"CARFENTRAZONE ETHYL","כותנה","0.020","2009-02-05T00:00:00",
"CARFENTRAZONE ETHYL","אגוז אדמה","0.020","2009-02-05T00:00:00",
"CARFENTRAZONE ETHYL","חמנית מצויה","0.020","2009-02-05T00:00:00",
"CARFENTRAZONE ETHYL","שקד","0.020","2009-02-05T00:00:00",
"CARFENTRAZONE ETHYL","אבוקדו","0.080","2009-02-05T00:00:00",
"CARFENTRAZONE ETHYL","מנגו","0.020","2009-02-05T00:00:00",
"CARFENTRAZONE ETHYL","אפרסמון","0.020","2009-02-05T00:00:00",
"CARFENTRAZONE ETHYL","רימון","0.020","2009-10-13T00:00:00",
"CARFENTRAZONE ETHYL","תפוח עץ","0.020","2009-02-05T00:00:00",
"CARFENTRAZONE ETHYL","אגס","0.020","2009-02-05T00:00:00",
"CARFENTRAZONE ETHYL","שזיף","0.020","2009-02-05T00:00:00",
"CARFENTRAZONE ETHYL","נקטרינה","0.020","2009-02-05T00:00:00",
"CARFENTRAZONE ETHYL","אפרסק","0.020","2009-02-05T00:00:00",
"CARFENTRAZONE ETHYL","תמר","0.020","2009-02-05T00:00:00",
"CARFENTRAZONE ETHYL","זית אירופאי","0.020","2009-02-05T00:00:00",
"CARFENTRAZONE ETHYL","תירס","0.020","2009-02-05T00:00:00",
"CARFENTRAZONE ETHYL","שבולת שועל","0.020","2009-02-05T00:00:00",
"CARFENTRAZONE ETHYL","דורה-סורגום","0.020","2013-01-10T00:00:00",
"CARFENTRAZONE ETHYL","חיטה","0.020","2009-02-05T00:00:00",
"CHLORANTRANILIPROLE","קורנית",,"2021-02-25T00:00:00","8.000"
"CHLORANTRANILIPROLE","ענבים","0.400","2011-07-24T00:00:00","1.000"
"CHLORANTRANILIPROLE","תות שדה לפרי","0.500","2012-07-26T00:00:00",
"CHLORANTRANILIPROLE","פרי הדר",,"2019-06-10T00:00:00","0.100"
"CHLORANTRANILIPROLE","תפוח אדמה","0.010","2013-03-13T00:00:00","0.030"
"CHLORANTRANILIPROLE","צנונית","0.050","2015-11-15T00:00:00",
"CHLORANTRANILIPROLE","כרפס/סלרי (שורש ועלים)",,"2021-01-12T00:00:00","1.000"
"CHLORANTRANILIPROLE","כרוב","0.200","2011-07-24T00:00:00","2.000"
"CHLORANTRANILIPROLE","ברוקולי","0.200","2011-07-24T00:00:00","1.500"
"CHLORANTRANILIPROLE","כרובית","0.200","2011-07-24T00:00:00","0.500"
"CHLORANTRANILIPROLE","מלון","0.020","2014-03-02T00:00:00",
"CHLORANTRANILIPROLE","מלפפון","0.020","2014-02-16T00:00:00",
"CHLORANTRANILIPROLE","קישוא","0.020","2014-03-02T00:00:00",
"CHLORANTRANILIPROLE","חימצה (חומוס)","0.050","2015-11-15T00:00:00","0.200"
"CHLORANTRANILIPROLE","כוסברה (גד השדה)",,"2021-02-25T00:00:00","8.000"
"CHLORANTRANILIPROLE","חסה","0.200","2011-07-24T00:00:00","20.000"
"CHLORANTRANILIPROLE","פלפל","0.200","2020-01-22T00:00:00","1.000"
"CHLORANTRANILIPROLE","חציל",,"2018-09-04T00:00:00","0.010"
"CHLORANTRANILIPROLE","עגבניה","0.050","2011-05-17T00:00:00","0.600"
"CHLORANTRANILIPROLE","פפריקה","0.010","2015-11-17T00:00:00",
"CHLORANTRANILIPROLE","אפון","0.050","2013-03-13T00:00:00",
"CHLORANTRANILIPROLE","שעועית ירוקה","0.050","2013-03-13T00:00:00",
"CHLORANTRANILIPROLE","בטטה","0.050","2012-05-06T00:00:00",
"CHLORANTRANILIPROLE","סלק אדום (שורש ועלים)",,"2023-09-27T00:00:00","0.050"
"CHLORANTRANILIPROLE","גזר","0.050","2012-05-03T00:00:00",
"CHLORANTRANILIPROLE","בצל","0.050","2012-11-18T00:00:00",
"CHLORANTRANILIPROLE","כותנה","0.050","2012-11-18T00:00:00","0.300"
"CHLORANTRANILIPROLE","אגוז אדמה","0.050","2012-02-15T00:00:00",
"CHLORANTRANILIPROLE","חמנית מצויה","0.010","2015-11-17T00:00:00",
"CHLORANTRANILIPROLE","שקד","0.050","2012-11-18T00:00:00",
"CHLORANTRANILIPROLE","אורגנו",,"2021-02-25T00:00:00","8.000"
"CHLORANTRANILIPROLE","רימון","0.200","2013-03-13T00:00:00","0.400"
"CHLORANTRANILIPROLE","תפוח עץ","0.200","2011-07-24T00:00:00","0.400"
"CHLORANTRANILIPROLE","אגס","0.200","2011-07-24T00:00:00",
"CHLORANTRANILIPROLE","שזיף","0.300","2014-03-06T00:00:00","1.000"
"CHLORANTRANILIPROLE","משמש","0.300","2014-03-06T00:00:00","1.000"
"CHLORANTRANILIPROLE","דובדבן",,"2024-09-09T00:00:00","0.300"
"CHLORANTRANILIPROLE","נקטרינה","0.300","2014-03-06T00:00:00","1.000"
"CHLORANTRANILIPROLE","אפרסק","0.300","2014-03-06T00:00:00","1.000"
"CHLORANTRANILIPROLE","תמר","0.150","2016-08-07T00:00:00",
"CHLORANTRANILIPROLE","זית אירופאי","0.100","2012-01-10T00:00:00",
"CHLORANTRANILIPROLE","תירס","0.010","2010-06-21T00:00:00",
"CHLORANTRANILIPROLE","ריחן מצוי / בזיל",,"2021-02-25T00:00:00","8.000"
"CHLORANTRANILIPROLE","עירית בצלית",,"2021-01-12T00:00:00","3.000"
"CHLORANTRANILIPROLE","שמיר (שבת)",,"2021-02-25T00:00:00","8.000"
"CHLORANTRANILIPROLE","מנטה",,"2021-01-12T00:00:00","8.000"
"CHLORANTRANILIPROLE","פטרוסלינון (שורש ועלים)",,"2021-01-12T00:00:00","8.000"
"CHLORANTRANILIPROLE","רוזמרין",,"2021-02-25T00:00:00","8.000"
"CHLORANTRANILIPROLE","מרווה",,"2021-02-25T00:00:00","8.000"
"CHLORANTRANILIPROLE","טרגון",,"2021-02-25T00:00:00","8.000"
"CHLORANTRANILIPROLE","רוקט (בן חרדל)",,"2021-01-12T00:00:00","6.000"
"CHLORANTRANILIPROLE","רוקולה",,"2021-01-12T00:00:00","6.000"
"CHLORDANE","ירקות","0.020","1996-01-01T00:00:00",
"CHLORDANE","פירות","0.020","2005-08-21T00:00:00",
"CHLORDANE","חלב","0.002","1999-01-01T00:00:00",
"CHLORDANE","בשר","0.050","2013-01-23T00:00:00",
"CHLORDANE","ביצים","0.020","1999-01-01T00:00:00",
"CHLORDANE","בשר עוף","0.500","1999-01-01T00:00:00",
"CHLORFENAPYR","מלפפון","0.050","1997-12-18T00:00:00",
"CHLORFENAPYR","פלפל","0.100","1997-12-18T00:00:00",
"CHLORFENAPYR","עגבניה","0.500","2012-01-29T00:00:00",
"CHLORFLUAZURON","אספסת","0.500","1996-01-01T00:00:00",
"CHLORFLUAZURON","קורנית","2.000","2005-08-21T00:00:00",
"CHLORFLUAZURON","תות שדה לפרי","0.100","1996-01-01T00:00:00",
"CHLORFLUAZURON","תפוח אדמה","0.500","1996-01-01T00:00:00",
"CHLORFLUAZURON","קינרס (ארטישוק)","0.200","1996-01-01T00:00:00",
"CHLORFLUAZURON","כרוב","0.200","1996-01-01T00:00:00",
"CHLORFLUAZURON","ברוקולי","0.200","1996-01-01T00:00:00",
"CHLORFLUAZURON","כרובית","0.200","1996-01-01T00:00:00",
"CHLORFLUAZURON","מלפפון","0.200","1996-01-01T00:00:00",
"CHLORFLUAZURON","קישוא","0.200","1996-01-01T00:00:00",
"CHLORFLUAZURON","אבטיח","0.200","2013-01-10T00:00:00",
"CHLORFLUAZURON","כוסברה (גד השדה)","2.000","2005-08-21T00:00:00",
"CHLORFLUAZURON","כרוב סיני","0.200","1996-01-01T00:00:00",
"CHLORFLUAZURON","חסה","0.200","2008-01-02T00:00:00",
"CHLORFLUAZURON","פלפל","0.200","1996-01-01T00:00:00",
"CHLORFLUAZURON","חציל","0.200","1996-01-01T00:00:00",
"CHLORFLUAZURON","עגבניה","0.200","1996-01-01T00:00:00",
"CHLORFLUAZURON","פפריקה","0.200","2013-01-10T00:00:00",
"CHLORFLUAZURON","שעועית ירוקה","0.200","1996-01-01T00:00:00",
"CHLORFLUAZURON","בטטה","0.500","2013-01-10T00:00:00",
"CHLORFLUAZURON","גזר","0.200","1996-01-01T00:00:00",
"CHLORFLUAZURON","כותנה","0.500","1996-01-01T00:00:00",
"CHLORFLUAZURON","אגוז אדמה","0.200","2013-01-10T00:00:00",
"CHLORFLUAZURON","תירס","0.010","2005-12-11T00:00:00",
"CHLORFLUAZURON","עירית בצלית","2.000","2005-08-21T00:00:00",
"CHLORFLUAZURON","מיורם","2.000","2005-08-21T00:00:00",
"CHLORFLUAZURON","פטרוסלינון (שורש ועלים)","2.000","2007-05-17T00:00:00",
"CHLORFLUAZURON","מרווה","2.000","2005-08-21T00:00:00",
"CHLORFLUAZURON","טרגון","2.000","2005-08-21T00:00:00",
"CHLORIDAZON","סלק מספוא","0.010","1999-01-01T00:00:00",
"CHLORIDAZON","סלק סוכר","0.010","1999-01-01T00:00:00",
"CHLORMEQUAT CHLORIDE","קש חיטה","50.000","2000-04-29T00:00:00",
"CHLORMEQUAT CHLORIDE","פרי הדר","3.000","2000-04-29T00:00:00",
"CHLORMEQUAT CHLORIDE","חלב","0.500","2005-08-22T00:00:00",
"CHLORMEQUAT CHLORIDE","בשר","0.200","2005-08-22T00:00:00",
"CHLORMEQUAT CHLORIDE","בשר, חלקי פנים","0.500","2005-08-22T00:00:00",
"CHLORMEQUAT CHLORIDE","ביצים","0.100","2005-08-22T00:00:00",
"CHLORMEQUAT CHLORIDE","בשר עוף","0.040","2005-08-22T00:00:00",
"CHLORMEQUAT CHLORIDE","אגס","3.000","2000-04-29T00:00:00",
"CHLORMEQUAT CHLORIDE","בשר עוף, חלקי פנים","0.100","2005-08-22T00:00:00",
"CHLOROTHALONIL","קורנית","1.000","2011-03-01T00:00:00",
"CHLOROTHALONIL","תות שדה לפרי","5.000","1996-01-01T00:00:00",
"CHLOROTHALONIL","תפוח אדמה","0.200","1996-01-01T00:00:00",
"CHLOROTHALONIL","כרפס/סלרי (שורש ועלים)","3.000","2005-08-22T00:00:00",
"CHLOROTHALONIL","ברוקולי",,"2021-08-23T00:00:00","0.080"
"CHLOROTHALONIL","מלון","2.000","2013-01-10T00:00:00",
"CHLOROTHALONIL","מלפפון","5.000","1996-01-01T00:00:00",
"CHLOROTHALONIL","אבטיח","2.000","2013-01-10T00:00:00",
"CHLOROTHALONIL","חימצה (חומוס)","1.000","1996-01-01T00:00:00",
"CHLOROTHALONIL","כוסברה (גד השדה)","0.050","2005-08-22T00:00:00",
"CHLOROTHALONIL","עגבניה","5.000","1996-01-01T00:00:00",
"CHLOROTHALONIL","אפון","1.000","2006-11-23T00:00:00",
"CHLOROTHALONIL","גזר","1.000","1996-01-01T00:00:00",
"CHLOROTHALONIL","בצל","0.500","1996-01-01T00:00:00",
"CHLOROTHALONIL","אגוז אדמה","0.050","1996-01-01T00:00:00",
"CHLOROTHALONIL","שקד","1.000","2005-08-22T00:00:00",
"CHLOROTHALONIL","שום","0.020","2009-06-23T00:00:00",
"CHLOROTHALONIL","אפרסמון","0.020","2009-06-02T00:00:00",
"CHLOROTHALONIL","תפוח עץ","0.050","2015-11-17T00:00:00",
"CHLOROTHALONIL","משמש","0.200","2013-01-10T00:00:00",
"CHLOROTHALONIL","נקטרינה","0.200","2013-01-10T00:00:00",
"CHLOROTHALONIL","אפרסק","0.200","2013-01-10T00:00:00",
"CHLOROTHALONIL","זית אירופאי","0.100","2010-11-25T00:00:00",
"CHLOROTHALONIL","חיטה","0.100","1996-01-01T00:00:00",
"CHLOROTHALONIL","ריחן מצוי / בזיל","1.000","2011-03-01T00:00:00",
"CHLOROTHALONIL","עירית בצלית","0.500","2005-08-22T00:00:00",
"CHLOROTHALONIL","שמיר (שבת)","0.050","2005-08-22T00:00:00",
"CHLOROTHALONIL","מנטה","1.000","2005-08-22T00:00:00",
"CHLOROTHALONIL","פטרוסלינון (שורש ועלים)","1.000","2011-03-01T00:00:00",
"CHLOROTHALONIL","רוזמרין","1.000","2011-03-01T00:00:00",
"CHLOROTHALONIL","מרווה","1.000","2011-03-01T00:00:00",
"CHLOROTHALONIL","טרגון","1.000","2011-03-01T00:00:00",
"CHLOROTHALONIL","רוקט (בן חרדל)",,"2019-04-11T00:00:00","1.000"
"CHLOROTHALONIL","רוקולה","1.000","2011-03-01T00:00:00",
"CHLORPROPHAM","תפוח אדמה","5.000","1996-01-01T00:00:00",
"CHLORPYRIFOS","ענבים","0.100","2015-11-17T00:00:00","יתבטל"
"CHLORPYRIFOS","פרי הדר","0.300","1996-01-01T00:00:00","יתבטל"
"CHLORPYRIFOS","סלק סוכר","0.050","1996-01-01T00:00:00","יתבטל"
"CHLORPYRIFOS","כרוב","0.050","1996-01-01T00:00:00","יתבטל"
"CHLORPYRIFOS","כרוב סיני","0.100","1998-11-01T00:00:00","יתבטל"
"CHLORPYRIFOS","חסה","0.100","2013-01-14T00:00:00","יתבטל"
"CHLORPYRIFOS","אגוז אדמה","0.020","2013-01-14T00:00:00","יתבטל"
"CHLORPYRIFOS","שקד","0.500","1999-01-01T00:00:00","יתבטל"
"CHLORPYRIFOS","אבוקדו","0.500","2003-02-25T00:00:00","יתבטל"
"CHLORPYRIFOS","בננה","0.050","2000-01-01T00:00:00","יתבטל"
"CHLORPYRIFOS","מנגו","0.500","2013-01-14T00:00:00","יתבטל"
"CHLORPYRIFOS","אפרסמון","0.500","2004-06-08T00:00:00","יתבטל"
"CHLORPYRIFOS","רימון","0.100","2005-12-11T00:00:00","יתבטל"
"CHLORPYRIFOS","תפוח עץ","0.100","2015-11-17T00:00:00","יתבטל"
"CHLORPYRIFOS","אגס","0.500","1996-01-01T00:00:00","יתבטל"
"CHLORPYRIFOS","שזיף","0.500","1999-01-01T00:00:00","יתבטל"
"CHLORPYRIFOS","משמש","0.500","1999-01-01T00:00:00","יתבטל"
"CHLORPYRIFOS","נקטרינה","0.500","1999-01-01T00:00:00","יתבטל"
"CHLORPYRIFOS","אפרסק","0.500","2004-07-13T00:00:00","יתבטל"
"CHLORPYRIFOS","תמר","0.100","2005-08-22T00:00:00","יתבטל"
"CHLORPYRIFOS","זית אירופאי","0.500","2013-01-14T00:00:00","יתבטל"
"CHLORPYRIFOS","חבוש","1.000","2008-09-18T00:00:00","יתבטל"
"CHLORSULFURON","חיטה","0.010","2014-01-01T00:00:00",
"CHLORTHAL DIMETHYL","צנונית","1.000","2015-11-17T00:00:00",
"CHLORTHAL DIMETHYL","כרוב","0.100","1999-01-01T00:00:00",
"CHLORTHAL DIMETHYL","כרובית","0.100","1999-01-01T00:00:00",
"CHLORTHAL DIMETHYL","קולרבי","0.100","2013-01-14T00:00:00",
"CHLORTHAL DIMETHYL","כרוב סיני","0.100","2005-08-22T00:00:00",
"CHLORTHAL DIMETHYL","חסה","0.500","2017-12-28T00:00:00",
"CHLORTHAL DIMETHYL","צנון","1.000","2015-11-17T00:00:00",
"CHLORTHAL DIMETHYL","לפת","0.100","1999-01-01T00:00:00",
"CHLORTHAL DIMETHYL","גזר","0.100","1999-01-01T00:00:00",
"CHLORTHAL DIMETHYL","בצל","0.100","1999-01-01T00:00:00",
"CINIDON ETHYL","שבולת שועל","0.050","2013-01-14T00:00:00","יתבטל"
"CINIDON ETHYL","חיטה","0.050","2013-01-14T00:00:00","יתבטל"
"CLETHODIM","אספסת","0.500","1999-01-01T00:00:00",
"CLETHODIM","בקיה","0.500","1999-01-01T00:00:00",
"CLETHODIM","סלק מספוא","0.500","1999-01-01T00:00:00",
"CLETHODIM","ענבים","0.500","1999-01-01T00:00:00",
"CLETHODIM","פרי הדר","0.500","2013-01-14T00:00:00",
"CLETHODIM","תפוח אדמה","0.500","1999-01-01T00:00:00",
"CLETHODIM","כרפס/סלרי (שורש ועלים)","0.500","1999-01-01T00:00:00",
"CLETHODIM","כרוביים","0.500","2013-01-14T00:00:00",
"CLETHODIM","כרוב","0.500","2021-08-17T00:00:00",
"CLETHODIM","ברוקולי","0.500","2021-08-17T00:00:00",
"CLETHODIM","מלון","0.500","2005-08-22T00:00:00",
"CLETHODIM","חימצה (חומוס)","0.500","1999-01-01T00:00:00",
"CLETHODIM","חסה","0.500","1999-01-01T00:00:00",
"CLETHODIM","פלפל","0.500","2013-01-14T00:00:00",
"CLETHODIM","חציל","0.500","2005-08-22T00:00:00",
"CLETHODIM","עגבניה","0.500","1999-01-01T00:00:00",
"CLETHODIM","פפריקה","0.500","2013-01-14T00:00:00",
"CLETHODIM","אפון","0.500","1999-01-01T00:00:00",
"CLETHODIM","שעועית ירוקה","0.500","2013-01-14T00:00:00",
"CLETHODIM","סלק אדום (שורש ועלים)","0.500","1999-01-01T00:00:00",
"CLETHODIM","גזר","0.500","1999-01-01T00:00:00",
"CLETHODIM","בצל","0.500","1999-01-01T00:00:00",
"CLETHODIM","חלב","0.050","1999-01-01T00:00:00",
"CLETHODIM","בשר","0.100","2013-01-23T00:00:00",
"CLETHODIM","בשר, חלקי פנים","0.100","2013-01-23T00:00:00",
"CLETHODIM","ביצים","0.050","1999-01-01T00:00:00",
"CLETHODIM","בשר עוף","0.100","2013-01-23T00:00:00",
"CLETHODIM","כותנה","0.500","1999-01-01T00:00:00",
"CLETHODIM","אגוז אדמה","0.500","1999-01-01T00:00:00",
"CLETHODIM","חריע","0.500","1999-01-01T00:00:00",
"CLETHODIM","חמנית מצויה","0.500","1999-01-01T00:00:00",
"CLETHODIM","תפוח עץ","0.500","2013-01-14T00:00:00",
"CLETHODIM","זית אירופאי","0.500","2005-08-22T00:00:00",
"CLETHODIM","שמיר (שבת)","0.500","2013-01-14T00:00:00",
"CLETHODIM","פטרוסלינון (שורש ועלים)","0.500","2013-01-14T00:00:00",
"CLETHODIM","בשר עוף, חלקי פנים","0.100","2013-01-23T00:00:00",
"CLODINAFOP PROPARGYL","חיטה","0.010","1999-01-01T00:00:00",
"CLOFENTEZINE","תות שדה לפרי","2.000","1996-01-01T00:00:00",
"CLOFENTEZINE","פרי הדר","0.500","1996-01-01T00:00:00",
"CLOFENTEZINE","מלון","1.000","1996-01-01T00:00:00",
"CLOFENTEZINE","מלפפון","1.000","1996-01-01T00:00:00",
"CLOFENTEZINE","אבטיח","1.000","1996-01-01T00:00:00",
"CLOFENTEZINE","פלפל","0.100","2015-11-12T00:00:00",
"CLOFENTEZINE","חציל","1.000","1996-01-01T00:00:00",
"CLOFENTEZINE","עגבניה","1.000","1996-01-01T00:00:00",
"CLOFENTEZINE","תפוח עץ","0.500","1996-01-01T00:00:00",
"CLOMAZONE","תפוח אדמה","0.050","2016-06-02T00:00:00",
"CLOMAZONE","פלפל","0.050","2005-08-24T00:00:00",
"CLOMAZONE","פפריקה","0.050","2005-08-24T00:00:00",
"CLOMAZONE","בטטה","0.050","2013-01-14T00:00:00",
"CLOPYRALID","צנונית","0.100","1999-01-01T00:00:00",
"CLOPYRALID","כרוב","0.100","1999-01-01T00:00:00",
"CLOPYRALID","ברוקולי","0.100","1999-01-01T00:00:00",
"CLOPYRALID","כרובית","0.100","1999-01-01T00:00:00",
"CLOPYRALID","קולרבי","0.100","1999-01-01T00:00:00",
"CLOPYRALID","כרוב סיני","0.100","1999-01-01T00:00:00",
"CLOPYRALID","צנון","0.100","1999-01-01T00:00:00",
"CLOPYRALID","לפת","0.100","1999-01-01T00:00:00",
"CLOPYRALID","בצל","0.100","1999-01-01T00:00:00",
"CLOPYRALID","חיטה","0.100","1999-01-01T00:00:00",
"CLOQUINTOCET MEXYL","שעורה תרבותית","0.010","2015-11-12T00:00:00",
"CLOQUINTOCET MEXYL","שבולת שועל","0.010","2015-11-12T00:00:00",
"CLOQUINTOCET MEXYL","חיטה","0.010","1999-01-01T00:00:00",
"CLOTHIANIDIN","ענבים","1.000","2012-04-17T00:00:00",
"CLOTHIANIDIN","גזר","0.300","2012-07-26T00:00:00",
"CLOTHIANIDIN","אגוז אדמה","0.020","2012-02-15T00:00:00",
"CLOTHIANIDIN","שקד","0.020","2015-11-16T00:00:00",
"CLOTHIANIDIN","תפוח עץ","0.500","2011-05-17T00:00:00",
"CLOTHIANIDIN","אגס","0.500","2012-05-16T00:00:00",
"CLOTHIANIDIN","משמש","0.500","2012-02-15T00:00:00",
"CLOTHIANIDIN","נקטרינה","0.500","2012-02-15T00:00:00",
"CLOTHIANIDIN","אפרסק","0.500","2012-02-15T00:00:00",
"CYANTRANILIPROLE","פרי הדר",,"2019-07-30T00:00:00","0.900"
"CYANTRANILIPROLE","כרוב","0.010","2016-05-16T00:00:00",
"CYANTRANILIPROLE","ברוקולי","0.010","2016-05-16T00:00:00",
"CYANTRANILIPROLE","כרובית","0.010","2016-05-16T00:00:00",
"CYANTRANILIPROLE","קולרבי","0.010","2016-05-16T00:00:00",
"CYANTRANILIPROLE","מלון",,"2017-01-30T00:00:00","0.050"
"CYANTRANILIPROLE","מלפפון","0.050","2015-11-15T00:00:00",
"CYANTRANILIPROLE","קישוא","0.050","2015-11-15T00:00:00",
"CYANTRANILIPROLE","אבטיח",,"2017-07-24T00:00:00","0.020"
"CYANTRANILIPROLE","חסה",,"2018-12-18T00:00:00","0.300"
"CYANTRANILIPROLE","פלפל","0.200","2015-11-15T00:00:00",
"CYANTRANILIPROLE","חציל","0.200","2015-11-15T00:00:00",
"CYANTRANILIPROLE","עגבניה","0.200","2015-11-15T00:00:00",
"CYANTRANILIPROLE","שעועית ירוקה",,"2019-06-19T00:00:00","0.050"
"CYANTRANILIPROLE","בצל","0.060","2016-05-23T00:00:00",
"CYANTRANILIPROLE","רימון",,"2022-01-13T00:00:00","0.100"
"CYANTRANILIPROLE","תפוח עץ",,"2025-01-19T00:00:00","0.300"
"CYANTRANILIPROLE","שזיף",,"2025-01-19T00:00:00","0.300"
"CYANTRANILIPROLE","משמש",,"2025-01-19T00:00:00","0.300"
"CYANTRANILIPROLE","דובדבן",,"2025-07-15T00:00:00","0.900"
"CYANTRANILIPROLE","נקטרינה",,"2025-01-19T00:00:00","0.300"
"CYANTRANILIPROLE","אפרסק",,"2025-01-19T00:00:00","0.300"
"CYANTRANILIPROLE","זית אירופאי",,"2018-10-21T00:00:00","0.700"
"CYANTRANILIPROLE","תירס",,"2023-02-01T00:00:00","0.020"
"CYANTRANILIPROLE","ריחן מצוי / בזיל",,"2025-01-19T00:00:00","7.000"
"CYANTRANILIPROLE","מנטה",,"2025-01-19T00:00:00","12.000"
"CYANTRANILIPROLE","פטרוסלינון (שורש ועלים)",,"2024-01-14T00:00:00","15.000"
"CYANTRANILIPROLE","רוקט (בן חרדל)",,"2025-07-24T00:00:00","15.000"
"CYANTRANILIPROLE","רוקולה",,"2025-07-24T00:00:00","15.000"
"CYAZOFAMID","תפוח אדמה",,"2024-01-29T00:00:00","0.010"
"CYAZOFAMID","עגבניה",,"2025-07-24T00:00:00","0.600"
"CYCLOXYDIM","אספסת","0.200","1999-01-01T00:00:00",
"CYCLOXYDIM","תלתן","0.200","1999-01-01T00:00:00",
"CYCLOXYDIM","בקיה","0.200","1999-01-01T00:00:00",
"CYCLOXYDIM","סלק מספוא","0.200","2005-08-24T00:00:00",
"CYCLOXYDIM","ענבים","0.200","1999-01-01T00:00:00",
"CYCLOXYDIM","פרי הדר","0.200","1999-01-01T00:00:00",
"CYCLOXYDIM","פירות סובטרופיים","0.200","2013-01-14T00:00:00",
"CYCLOXYDIM","תפוח אדמה","0.200","1999-01-01T00:00:00",
"CYCLOXYDIM","קינרס (ארטישוק)","0.200","1999-01-01T00:00:00",
"CYCLOXYDIM","כרפס/סלרי (שורש ועלים)","0.200","1999-01-01T00:00:00",
"CYCLOXYDIM","כרוב","0.200","1999-01-01T00:00:00",
"CYCLOXYDIM","כרובית","0.200","1999-01-01T00:00:00",
"CYCLOXYDIM","דלועיים","0.200","1999-01-01T00:00:00",
"CYCLOXYDIM","חימצה (חומוס)","0.200","1999-01-01T00:00:00",
"CYCLOXYDIM","חסה","0.200","1999-01-01T00:00:00",
"CYCLOXYDIM","תרד","0.200","2005-08-24T00:00:00",
"CYCLOXYDIM","פלפל","0.200","1999-01-01T00:00:00",
"CYCLOXYDIM","עגבניה","0.200","1999-01-01T00:00:00",
"CYCLOXYDIM","אפון","0.200","1999-01-01T00:00:00",
"CYCLOXYDIM","סלק אדום (שורש ועלים)","0.200","2005-08-24T00:00:00",
"CYCLOXYDIM","גזר","0.200","1999-01-01T00:00:00",
"CYCLOXYDIM","בצל","0.200","1999-01-01T00:00:00",
"CYCLOXYDIM","כותנה","0.200","1999-01-01T00:00:00",
"CYCLOXYDIM","אגוז אדמה","0.200","1999-01-01T00:00:00",
"CYCLOXYDIM","חמנית מצויה","0.200","1999-01-01T00:00:00",
"CYCLOXYDIM","שום","0.200","1999-01-01T00:00:00",
"CYCLOXYDIM","פירות גרעיניים","0.200","2013-01-14T00:00:00",
"CYCLOXYDIM","פירות גלעיניים","0.200","2013-01-14T00:00:00",
"CYCLOXYDIM","צמחי תבלין","0.200","1999-01-01T00:00:00",
"CYFLUFENAMID","ענבים","0.100","2006-10-29T00:00:00",
"CYFLUFENAMID","מלון","0.100","2007-08-30T00:00:00",
"CYFLUFENAMID","מלפפון","0.100","2007-08-30T00:00:00",
"CYFLUFENAMID","דלעת","0.100","2013-01-14T00:00:00",
"CYFLUFENAMID","קישוא","0.100","2006-08-23T00:00:00",
"CYFLUFENAMID","אבטיח","0.100","2006-08-23T00:00:00",
"CYFLUFENAMID","פלפל","0.050","2008-08-31T00:00:00",
"CYFLUFENAMID","חציל","0.050","2008-08-31T00:00:00",
"CYFLUFENAMID","עגבניה","0.050","2008-08-31T00:00:00",
"CYFLUFENAMID","דלורית","0.100","2013-01-14T00:00:00",
"CYFLUFENAMID","תפוח עץ","0.020","2009-02-05T00:00:00",
"CYFLUMETOFEN","תות שדה לפרי","0.700","2012-07-26T00:00:00",
"CYFLUMETOFEN","פרי הדר","0.100","2014-08-06T00:00:00",
"CYFLUMETOFEN","מלון","0.100","2012-02-15T00:00:00",
"CYFLUMETOFEN","מלפפון","0.100","2008-08-31T00:00:00",
"CYFLUMETOFEN","דלעת","0.020","2015-11-16T00:00:00",
"CYFLUMETOFEN","קישוא","0.100","2012-02-15T00:00:00",
"CYFLUMETOFEN","אבטיח","0.010","2010-06-21T00:00:00",
"CYFLUMETOFEN","כוסברה (גד השדה)",,"2022-06-14T00:00:00","5.000"
"CYFLUMETOFEN","חסה",,"2019-07-21T00:00:00","2.500"
"CYFLUMETOFEN","פלפל","0.100","2010-10-04T00:00:00",
"CYFLUMETOFEN","חציל","0.100","2012-02-15T00:00:00",
"CYFLUMETOFEN","עגבניה","0.100","2012-02-15T00:00:00",
"CYFLUMETOFEN","דלורית","0.020","2015-11-16T00:00:00",
"CYFLUMETOFEN","תפוח עץ","0.200","2008-08-31T00:00:00",
"CYFLUMETOFEN","פטרוסלינון (שורש ועלים)",,"2022-06-14T00:00:00","5.000"
"CYFLUTHRIN","פרי הדר",,"2025-12-18T00:00:00","0.300"
"CYFLUTHRIN","מלפפון","0.500","1996-01-01T00:00:00",
"CYFLUTHRIN","פלפל","0.200","1996-01-01T00:00:00",
"CYFLUTHRIN","עגבניה","0.500","1996-01-01T00:00:00",
"CYFLUTHRIN","בצל","0.500","2005-08-24T00:00:00",
"CYFLUTHRIN","כותנה","0.050","1996-01-01T00:00:00",
"CYFLUTHRIN","שקד","0.500","2005-08-24T00:00:00",
"CYFLUTHRIN","נקטרינה","0.500","2005-08-24T00:00:00",
"CYFLUTHRIN","אפרסק","0.500","2005-08-24T00:00:00",
"CYFLUTHRIN","זית אירופאי","0.500","2005-08-24T00:00:00",
"CYHEXATIN","תות שדה לפרי","0.500","1999-06-17T00:00:00","יתבטל"
"CYHEXATIN","פרי הדר","2.000","2000-06-19T00:00:00",
"CYHEXATIN","מלון","0.500","1999-01-01T00:00:00","יתבטל"
"CYHEXATIN","אבטיח","0.500","1999-01-01T00:00:00","יתבטל"
"CYHEXATIN","חציל","0.100","1996-01-01T00:00:00","יתבטל"
"CYHEXATIN","עגבניה","0.100","2005-08-25T00:00:00","יתבטל"
"CYHEXATIN","שעועית ירוקה","0.500","2005-08-25T00:00:00","יתבטל"
"CYHEXATIN","כותנה","0.050","1996-01-01T00:00:00","יתבטל"
"CYHEXATIN","אגוז אדמה","0.200","1999-01-01T00:00:00","יתבטל"
"CYHEXATIN","שקד","1.000","1996-01-01T00:00:00",
"CYHEXATIN","תפוח עץ","2.000","1996-01-01T00:00:00",
"CYHEXATIN","אגס","2.000","1996-01-01T00:00:00","יתבטל"
"CYHEXATIN","שזיף","2.000","2005-08-25T00:00:00","יתבטל"
"CYHEXATIN","נקטרינה","1.000","2004-07-13T00:00:00","יתבטל"
"CYHEXATIN","אפרסק","1.000","1996-01-01T00:00:00","יתבטל"
"CYHEXATIN","תאנה","1.000","2005-08-25T00:00:00",
"CYMOXANIL","תפוח אדמה","0.050","1996-01-01T00:00:00",
"CYMOXANIL","מלון","0.050","1996-01-01T00:00:00",
"CYMOXANIL","מלפפון","0.050","1996-01-01T00:00:00",
"CYMOXANIL","דלעת","0.010","2015-11-15T00:00:00",
"CYMOXANIL","חסה","0.050","1996-01-01T00:00:00",
"CYMOXANIL","עגבניה","0.200","2013-06-12T00:00:00",
"CYMOXANIL","דלורית","0.010","2015-11-15T00:00:00",
"CYMOXANIL","בצל","0.050","1996-01-01T00:00:00",
"CYMOXANIL","שום","0.050","2013-01-14T00:00:00",
"CYPERMETHRIN","ענבים","1.000","2005-08-25T00:00:00",
"CYPERMETHRIN","תפוח אדמה","0.050","1996-01-01T00:00:00",
"CYPERMETHRIN","כרפס/סלרי (שורש ועלים)","0.200","1996-01-01T00:00:00",
"CYPERMETHRIN","כרוב","1.000","1996-01-01T00:00:00",
"CYPERMETHRIN","כרובית","1.000","1996-01-01T00:00:00",
"CYPERMETHRIN","מלון","0.200","1996-01-01T00:00:00",
"CYPERMETHRIN","מלפפון","0.200","1996-01-01T00:00:00",
"CYPERMETHRIN","קישוא","0.200","1996-01-01T00:00:00",
"CYPERMETHRIN","פלפל","0.500","1996-01-01T00:00:00",
"CYPERMETHRIN","חציל","0.200","1996-01-01T00:00:00",
"CYPERMETHRIN","עגבניה","0.500","1996-01-01T00:00:00",
"CYPERMETHRIN","אפון","0.300","2014-08-04T00:00:00",
"CYPERMETHRIN","סלק אדום (שורש ועלים)","0.500","2005-08-25T00:00:00",
"CYPERMETHRIN","גזר","0.050","1996-01-01T00:00:00",
"CYPERMETHRIN","בצל","0.100","1996-01-01T00:00:00",
"CYPERMETHRIN","חלב","0.010","2013-01-14T00:00:00",
"CYPERMETHRIN","בשר","0.050","2013-01-23T00:00:00",
"CYPERMETHRIN","בשר, חלקי פנים","0.050","2005-08-25T00:00:00",
"CYPERMETHRIN","כותנה","0.200","1996-01-01T00:00:00",
"CYPERMETHRIN","שקד","0.500","1996-01-01T00:00:00",
"CYPERMETHRIN","שום","0.100","1998-11-01T00:00:00",
"CYPERMETHRIN","תפוח עץ","2.000","1996-01-01T00:00:00",
"CYPERMETHRIN","משמש","2.000","1996-01-01T00:00:00",
"CYPERMETHRIN","נקטרינה","2.000","2004-07-13T00:00:00",
"CYPERMETHRIN","אפרסק","2.000","1996-01-01T00:00:00",
"CYPERMETHRIN","שעורה תרבותית","0.050","2013-01-14T00:00:00",
"CYPERMETHRIN","חיטה","0.050","2009-02-05T00:00:00",
"CYPROCONAZOLE","ענבים",,"2019-07-23T00:00:00","0.200"
"CYPROCONAZOLE","מלפפון","0.300","2016-08-04T00:00:00",
"CYPROCONAZOLE","חימצה (חומוס)","0.050","2006-04-03T00:00:00",
"CYPROCONAZOLE","פלפל","0.050","1999-01-01T00:00:00","יתבטל"
"CYPROCONAZOLE","חציל","0.050","1996-01-01T00:00:00",
"CYPROCONAZOLE","עגבניה","0.050","1996-01-01T00:00:00",
"CYPROCONAZOLE","פפריקה","0.050","2005-08-25T00:00:00","יתבטל"
"CYPROCONAZOLE","אגוז אדמה","0.050","1996-01-01T00:00:00",
"CYPROCONAZOLE","חמנית מצויה","0.050","1996-01-01T00:00:00",
"CYPROCONAZOLE","שקד","0.050","1999-01-01T00:00:00",
"CYPROCONAZOLE","שום","0.050","1996-01-01T00:00:00",
"CYPROCONAZOLE","אורגנו","1.000","2005-08-25T00:00:00",
"CYPROCONAZOLE","מנגו","0.050","1996-01-01T00:00:00",
"CYPROCONAZOLE","תפוח עץ","0.050","1996-01-01T00:00:00",
"CYPROCONAZOLE","אגס",,"2019-06-19T00:00:00","0.050"
"CYPROCONAZOLE","שזיף","0.050","1996-01-01T00:00:00",
"CYPROCONAZOLE","דובדבן",,"2023-03-15T00:00:00","0.200"
"CYPROCONAZOLE","נקטרינה","0.050","1999-01-01T00:00:00",
"CYPROCONAZOLE","אפרסק","0.050","1996-01-01T00:00:00",
"CYPROCONAZOLE","שעורה תרבותית",,"2025-04-06T00:00:00","0.010"
"CYPROCONAZOLE","תירס","0.020","2015-11-17T00:00:00",
"CYPROCONAZOLE","שבולת שועל","0.050","2013-01-14T00:00:00",
"CYPROCONAZOLE","חיטה","0.050","1996-01-01T00:00:00",
"CYPROCONAZOLE","טרגון","1.000","2005-08-25T00:00:00",
"CYPROCONAZOLE","אזוב מצוי (ראה גם זעתר)","1.000","2013-01-14T00:00:00",
"CYPROCONAZOLE","זעתר (אזוב מצוי)","1.000","2013-01-14T00:00:00",
"CYPRODINIL","קורנית","1.000","2011-12-19T00:00:00",
"CYPRODINIL","ענבים","2.000","2000-01-01T00:00:00",
"CYPRODINIL","תות שדה לפרי","1.000","1999-03-16T00:00:00",
"CYPRODINIL","מלפפון","0.300","2014-03-09T00:00:00",
"CYPRODINIL","קישוא","0.300","2014-03-09T00:00:00",
"CYPRODINIL","כוסברה (גד השדה)","1.000","2011-12-19T00:00:00",
"CYPRODINIL","חסה","1.000","2013-09-17T00:00:00",
"CYPRODINIL","פלפל","0.800","2011-11-16T00:00:00",
"CYPRODINIL","חציל","0.500","2005-08-25T00:00:00",
"CYPRODINIL","עגבניה","0.500","1999-01-01T00:00:00",
"CYPRODINIL","גזר","0.200","2011-11-16T00:00:00",
"CYPRODINIL","אבוקדו",,"2021-02-28T00:00:00","0.020"
"CYPRODINIL","תפוח עץ","0.020","2016-08-04T00:00:00","0.350"
"CYPRODINIL","שזיף","0.200","2010-06-21T00:00:00",
"CYPRODINIL","משמש","0.200","2010-06-24T00:00:00",
"CYPRODINIL","דובדבן","0.200","2011-11-16T00:00:00",
"CYPRODINIL","נקטרינה","0.200","2007-06-12T00:00:00",
"CYPRODINIL","אפרסק","0.200","2007-07-11T00:00:00",
"CYPRODINIL","ריחן מצוי / בזיל","1.000","2005-08-25T00:00:00",
"CYPRODINIL","עירית בצלית","1.000","2011-12-19T00:00:00",
"CYPRODINIL","שמיר (שבת)","1.000","2011-12-19T00:00:00",
"CYPRODINIL","שומר","1.000","2005-08-25T00:00:00",
"CYPRODINIL","מנטה","1.000","2005-08-25T00:00:00",
"CYPRODINIL","פטרוסלינון (שורש ועלים)","1.000","2011-12-19T00:00:00",
"CYPRODINIL","רוזמרין","1.000","2011-12-19T00:00:00",
"CYPRODINIL","טרגון","1.000","2011-12-19T00:00:00",
"CYPRODINIL","רוקט (בן חרדל)",,"2019-04-11T00:00:00","1.000"
"CYPRODINIL","רוקולה","1.000","2011-12-19T00:00:00",
"CYPRODINIL","בצל ירוק","1.000","2011-12-19T00:00:00",
"CYPROSULFAMIDE","חימצה (חומוס)",,"2019-06-18T00:00:00","0.010"
"CYPROSULFAMIDE","תירס","0.010","2015-11-15T00:00:00",
"CYROMAZINE","אספסת","5.000","1996-01-01T00:00:00",
"CYROMAZINE","תפוח אדמה","0.050","1999-01-01T00:00:00",
"CYROMAZINE","כרפס/סלרי (שורש ועלים)","5.000","1996-01-01T00:00:00",
"CYROMAZINE","מלון","0.200","1996-01-01T00:00:00",
"CYROMAZINE","מלפפון","0.200","2013-01-14T00:00:00",
"CYROMAZINE","דלעת","0.020","2015-11-15T00:00:00",
"CYROMAZINE","אבטיח","0.200","1996-01-01T00:00:00",
"CYROMAZINE","חציל","0.500","1996-01-01T00:00:00",
"CYROMAZINE","עגבניה","0.500","1996-01-01T00:00:00",
"CYROMAZINE","שעועית ירוקה","1.000","1996-01-01T00:00:00",
"CYROMAZINE","דלורית","0.020","2015-11-15T00:00:00",
"CYROMAZINE","גזר","0.200","1996-01-01T00:00:00",
"CYROMAZINE","חלב","0.010","1996-01-01T00:00:00",
"CYROMAZINE","בשר","0.050","2013-01-23T00:00:00",
"CYROMAZINE","בשר, חלקי פנים","0.300","2013-01-23T00:00:00",
"CYROMAZINE","ביצים","0.100","2013-01-23T00:00:00",
"CYROMAZINE","ריחן מצוי / בזיל","0.200","2005-08-25T00:00:00",
"D.D.T.","גזר","0.200","2005-05-24T00:00:00",
"D.D.T.","חלב","0.020","1999-01-01T00:00:00",
"D.D.T.","בשר","5.000","1999-01-01T00:00:00",
"D.D.T.","בשר, חלקי פנים","0.300","2013-01-23T00:00:00",
"D.D.T.","ביצים","0.100","1999-01-01T00:00:00",
"D.D.T.","דגניים","0.100","1996-01-01T00:00:00",
"DELTAMETHRIN","ענבים","0.200","2013-01-15T00:00:00",
"DELTAMETHRIN","תפוח אדמה","0.040","2009-02-05T00:00:00",
"DELTAMETHRIN","קינרס (ארטישוק)","0.050","1996-01-01T00:00:00",
"DELTAMETHRIN","כרפס/סלרי (שורש ועלים)","0.500","1996-01-01T00:00:00",
"DELTAMETHRIN","כרוב","0.200","1999-01-01T00:00:00",
"DELTAMETHRIN","ברוקולי",,"2022-02-15T00:00:00","0.100"
"DELTAMETHRIN","כרובית","0.200","1999-01-01T00:00:00",
"DELTAMETHRIN","מלון","0.200","1996-01-01T00:00:00",
"DELTAMETHRIN","מלפפון","0.200","1996-01-01T00:00:00",
"DELTAMETHRIN","קישוא","0.200","1996-01-01T00:00:00",
"DELTAMETHRIN","אבטיח","0.200","1996-01-01T00:00:00",
"DELTAMETHRIN","חסה","0.200","1999-01-01T00:00:00",
"DELTAMETHRIN","פלפל","0.200","1996-01-01T00:00:00",
"DELTAMETHRIN","חציל","0.200","1996-01-01T00:00:00",
"DELTAMETHRIN","עגבניה","0.200","1996-01-01T00:00:00",
"DELTAMETHRIN","שעועית ירוקה","0.200","2013-01-29T00:00:00",
"DELTAMETHRIN","סלק אדום (שורש ועלים)","0.200","1999-01-01T00:00:00",
"DELTAMETHRIN","גזר","0.040","2009-02-05T00:00:00",
"DELTAMETHRIN","בצל","0.040","2009-02-05T00:00:00",
"DELTAMETHRIN","חלב","0.050","2013-01-23T00:00:00",
"DELTAMETHRIN","בשר","0.500","1999-01-01T00:00:00",
"DELTAMETHRIN","בשר, חלקי פנים","0.030","2013-01-23T00:00:00",
"DELTAMETHRIN","ביצים","0.020","2013-01-23T00:00:00",
"DELTAMETHRIN","בשר עוף","0.100","2013-01-23T00:00:00",
"DELTAMETHRIN","כותנה","0.100","1996-01-01T00:00:00",
"DELTAMETHRIN","שקד","0.050","2010-01-04T00:00:00",
"DELTAMETHRIN","שום","0.040","2009-02-05T00:00:00",
"DELTAMETHRIN","רימון","0.050","2013-01-15T00:00:00",
"DELTAMETHRIN","תפוח עץ","0.050","1996-01-01T00:00:00",
"DELTAMETHRIN","אגס","0.030","2013-01-15T00:00:00",
"DELTAMETHRIN","שזיף","0.050","2009-09-10T00:00:00",
"DELTAMETHRIN","נקטרינה","0.050","2009-09-10T00:00:00",
"DELTAMETHRIN","אפרסק","0.050","2005-08-28T00:00:00",
"DELTAMETHRIN","תאנה","0.150","2016-12-11T00:00:00",
"DELTAMETHRIN","תירס",,"2024-01-14T00:00:00","0.010"
"DELTAMETHRIN","חיטה","1.000","2005-08-28T00:00:00",
"DELTAMETHRIN","בשר עוף, חלקי פנים","0.020","2005-08-28T00:00:00",
"DIAFENTHIURON","תפוח אדמה","0.050","1996-01-01T00:00:00",
"DIAFENTHIURON","כרוב","0.050","1996-01-01T00:00:00",
"DIAFENTHIURON","כרובית","0.050","1996-01-01T00:00:00",
"DIAFENTHIURON","מלפפון","0.050","1996-01-01T00:00:00","יתבטל"
"DIAFENTHIURON","דלעת","0.200","2015-11-15T00:00:00","יתבטל"
"DIAFENTHIURON","קישוא","0.050","1996-01-01T00:00:00",
"DIAFENTHIURON","אבטיח","0.050","1996-01-01T00:00:00",
"DIAFENTHIURON","פלפל","0.050","1996-01-01T00:00:00","יתבטל"
"DIAFENTHIURON","חציל","0.050","1996-01-01T00:00:00",
"DIAFENTHIURON","עגבניה","0.050","1996-01-01T00:00:00","יתבטל"
"DIAFENTHIURON","דלורית","0.200","2015-11-15T00:00:00",
"DIAFENTHIURON","גזר","0.010","2010-07-15T00:00:00",
"DIAFENTHIURON","כותנה","0.050","2005-08-28T00:00:00",
"DICAMBA","חיטה","0.010","2013-01-15T00:00:00",
"DICHLORPROP-P","פרי הדר","0.010","2013-01-15T00:00:00",
"DICLOFOP METHYL","חימצה (חומוס)","0.200","1999-01-01T00:00:00","יתבטל"
"DICLOFOP METHYL","בצל","0.200","1999-01-01T00:00:00","יתבטל"
"DICLOFOP METHYL","חיטה","0.200","1999-01-01T00:00:00","יתבטל"
"DIDECYL DIMETHYL AMMONIUM CHLORIDE","פרי הדר","5.000","2010-02-18T00:00:00",
"DIDECYL DIMETHYL AMMONIUM CHLORIDE","ליצי","0.500","2010-06-21T00:00:00",
"DIDECYL DIMETHYL AMMONIUM CHLORIDE","מנגו","2.000","2009-11-09T00:00:00",
"DIETHOFENCARB","מלפפון","0.100","1996-01-01T00:00:00","יתבטל"
"DIETHOFENCARB","חציל","0.100","2005-09-01T00:00:00","יתבטל"
"DIETHOFENCARB","עגבניה","0.100","1996-01-01T00:00:00","יתבטל"
"DIFENOCONAZOLE","קורנית","0.400","2009-10-13T00:00:00",
"DIFENOCONAZOLE","ענבים","0.100","1996-01-01T00:00:00","0.500"
"DIFENOCONAZOLE","תפוח אדמה","0.100","1996-01-01T00:00:00",
"DIFENOCONAZOLE","כרפס/סלרי (שורש ועלים)","0.400","2012-07-02T00:00:00",
"DIFENOCONAZOLE","ברוקולי","0.500","2011-05-17T00:00:00",
"DIFENOCONAZOLE","מלון",,"2024-02-28T00:00:00","0.150"
"DIFENOCONAZOLE","מלפפון",,"2024-02-28T00:00:00","0.150"
"DIFENOCONAZOLE","קישוא",,"2017-08-29T00:00:00","0.010"
"DIFENOCONAZOLE","אבטיח","0.100","1999-01-01T00:00:00",
"DIFENOCONAZOLE","חימצה (חומוס)","0.100","1999-01-01T00:00:00",
"DIFENOCONAZOLE","כוסברה (גד השדה)","0.400","2011-11-06T00:00:00",
"DIFENOCONAZOLE","פלפל",,"2024-02-28T00:00:00","0.400"
"DIFENOCONAZOLE","חציל",,"2024-02-28T00:00:00","0.300"
"DIFENOCONAZOLE","עגבניה","0.300","2011-05-17T00:00:00",
"DIFENOCONAZOLE","אפון",,"2020-07-29T00:00:00","1.000"
"DIFENOCONAZOLE","סלק אדום (שורש ועלים)","0.100","1999-01-01T00:00:00",
"DIFENOCONAZOLE","גזר","0.200","2011-05-17T00:00:00",
"DIFENOCONAZOLE","בצל","0.100","2005-09-01T00:00:00",
"DIFENOCONAZOLE","כותנה","0.100","1996-01-01T00:00:00",
"DIFENOCONAZOLE","שקד","0.100","2005-09-01T00:00:00",
"DIFENOCONAZOLE","שום","0.100","1996-01-01T00:00:00",
"DIFENOCONAZOLE","אורגנו","0.400","2005-09-01T00:00:00",
"DIFENOCONAZOLE","אפרסמון","0.050","2009-04-05T00:00:00",
"DIFENOCONAZOLE","רימון","0.100","2012-07-26T00:00:00",
"DIFENOCONAZOLE","תפוח עץ","0.200","2011-05-17T00:00:00",
"DIFENOCONAZOLE","שסק","0.100","1996-01-01T00:00:00",
"DIFENOCONAZOLE","שזיף","0.050","2007-05-06T00:00:00",
"DIFENOCONAZOLE","משמש","0.300","2009-04-05T00:00:00",
"DIFENOCONAZOLE","נקטרינה","0.500","2011-05-17T00:00:00",
"DIFENOCONAZOLE","אפרסק","0.500","2011-05-17T00:00:00",
"DIFENOCONAZOLE","זית אירופאי","0.100","1996-01-01T00:00:00",
"DIFENOCONAZOLE","חיטה","0.100","2005-09-01T00:00:00",
"DIFENOCONAZOLE","ריחן מצוי / בזיל","0.400","2009-10-13T00:00:00",
"DIFENOCONAZOLE","עירית בצלית","0.600","2005-09-01T00:00:00",
"DIFENOCONAZOLE","שמיר (שבת)","0.400","2011-11-06T00:00:00",
"DIFENOCONAZOLE","מנטה","0.400","2011-11-06T00:00:00",
"DIFENOCONAZOLE","פטרוסלינון (שורש ועלים)","0.400","2009-10-13T00:00:00",
"DIFENOCONAZOLE","רוזמרין","0.400","2009-10-13T00:00:00",
"DIFENOCONAZOLE","מרווה","0.400","2009-10-13T00:00:00",
"DIFENOCONAZOLE","טרגון","0.400","2009-10-13T00:00:00",
"DIFENOCONAZOLE","רוקט (בן חרדל)",,"2019-04-11T00:00:00","0.400"
"DIFENOCONAZOLE","רוקולה","0.400","2009-10-13T00:00:00",
"DIFENOCONAZOLE","בצל ירוק","0.600","2012-07-02T00:00:00",
"DIFLUBENZURON","תפוח עץ","1.000","1996-01-01T00:00:00",
"DIFLUFENICAN","ענבים","0.020","2009-02-05T00:00:00",
"DIFLUFENICAN","פרי הדר","0.020","2009-02-05T00:00:00",
"DIFLUFENICAN","כרפס/סלרי (שורש ועלים)","0.020","2009-02-05T00:00:00",
"DIFLUFENICAN","בצל","0.020","2009-02-05T00:00:00",
"DIFLUFENICAN","שקד","0.020","2009-02-05T00:00:00",
"DIFLUFENICAN","שום","0.020","2009-02-05T00:00:00",
"DIFLUFENICAN","אבוקדו","0.020","2013-01-15T00:00:00",
"DIFLUFENICAN","בננה","0.020","2013-01-15T00:00:00",
"DIFLUFENICAN","קיווי","0.020","2013-01-15T00:00:00",
"DIFLUFENICAN","מנגו","0.020","2013-01-15T00:00:00",
"DIFLUFENICAN","אפרסמון","0.020","2009-02-05T00:00:00",
"DIFLUFENICAN","רימון","0.020","2010-06-21T00:00:00",
"DIFLUFENICAN","תפוח עץ","0.020","2009-02-05T00:00:00",
"DIFLUFENICAN","אגס","0.020","2013-01-15T00:00:00",
"DIFLUFENICAN","שזיף","0.020","2009-02-05T00:00:00",
"DIFLUFENICAN","משמש","0.020","2013-01-15T00:00:00",
"DIFLUFENICAN","דובדבן","0.020","2013-01-15T00:00:00",
"DIFLUFENICAN","נקטרינה","0.020","2009-02-05T00:00:00",
"DIFLUFENICAN","אפרסק","0.020","2009-02-05T00:00:00",
"DIFLUFENICAN","תמר","0.020","2013-01-15T00:00:00",
"DIFLUFENICAN","זית אירופאי","0.020","2009-02-05T00:00:00",
"DIFLUFENICAN","תירס","0.020","2013-01-15T00:00:00",
"DIFLUFENICAN","חיטה","0.020","2009-02-05T00:00:00",
"DIMETHENAMID","תפוח אדמה",,"2022-02-15T00:00:00","0.020"
"DIMETHENAMID","שעועית ירוקה",,"2025-04-06T00:00:00","0.010"
"DIMETHENAMID","בטטה",,"2024-08-19T00:00:00","0.020"
"DIMETHENAMID","בצל",,"2025-07-15T00:00:00","0.010"
"DIMETHENAMID","אגוז אדמה","0.010","1999-01-01T00:00:00",
"DIMETHENAMID","תירס",,"2022-12-26T00:00:00","0.020"
"DIMETHOATE","שקד","0.500","2005-09-01T00:00:00",
"DIMETHOATE","אפרסמון","1.000","2013-06-30T00:00:00",
"DIMETHOATE","תפוח עץ","1.000","1996-01-01T00:00:00",
"DIMETHOATE","אגס","1.000","1996-01-01T00:00:00","יתבטל"
"DIMETHOATE","שזיף","0.500","1996-01-01T00:00:00",
"DIMETHOATE","משמש","1.000","2013-06-30T00:00:00","יתבטל"
"DIMETHOATE","נקטרינה","0.100","2012-08-26T00:00:00","1.000"
"DIMETHOATE","אפרסק","1.000","2013-06-30T00:00:00",
"DIMETHOATE","זית אירופאי","1.000","1996-01-01T00:00:00",
"DIMETHOATE","חבוש","0.500","2013-06-30T00:00:00","יתבטל"
"DIMETHOMORPH","קורנית","10.000","2012-11-21T00:00:00",
"DIMETHOMORPH","ענבים","0.500","2014-02-16T00:00:00",
"DIMETHOMORPH","מליסה","10.000","2012-11-21T00:00:00",
"DIMETHOMORPH","תפוח אדמה","0.100","1999-01-01T00:00:00",
"DIMETHOMORPH","צנונית",,"2020-01-08T00:00:00","0.050"
"DIMETHOMORPH","כרפס/סלרי (שורש ועלים)","10.000","2012-11-21T00:00:00",
"DIMETHOMORPH","כרוביים","0.200","2017-12-28T00:00:00",
"DIMETHOMORPH","כרוב","0.200","2011-11-16T00:00:00",
"DIMETHOMORPH","ברוקולי",,"2021-08-23T00:00:00","0.200"
"DIMETHOMORPH","כרובית","0.200","2011-11-16T00:00:00",
"DIMETHOMORPH","מלון","1.000","2011-07-25T00:00:00",
"DIMETHOMORPH","מלפפון","0.100","1999-01-01T00:00:00",
"DIMETHOMORPH","דלעת","0.100","2013-01-15T00:00:00",
"DIMETHOMORPH","קישוא","0.100","2010-06-21T00:00:00",
"DIMETHOMORPH","סלק עלים","3.000","2014-03-19T00:00:00",
"DIMETHOMORPH","כוסברה (גד השדה)","10.000","2012-11-21T00:00:00",
"DIMETHOMORPH","חסה","3.000","2011-11-16T00:00:00",
"DIMETHOMORPH","תרד","3.000","2014-03-19T00:00:00",
"DIMETHOMORPH","עגבניה","0.500","2010-07-15T00:00:00",
"DIMETHOMORPH","בצל","0.700","2011-11-16T00:00:00",
"DIMETHOMORPH","ריחן מצוי / בזיל","10.000","2012-11-21T00:00:00",
"DIMETHOMORPH","שמיר (שבת)","10.000","2012-11-21T00:00:00",
"DIMETHOMORPH","מיורם","10.000","2012-11-21T00:00:00",
"DIMETHOMORPH","מנטה","10.000","2012-11-21T00:00:00",
"DIMETHOMORPH","פטרוסלינון (שורש ועלים)","10.000","2012-11-21T00:00:00",
"DIMETHOMORPH","רוזמרין","10.000","2012-11-21T00:00:00",
"DIMETHOMORPH","מרווה","10.000","2012-11-18T00:00:00",
"DIMETHOMORPH","טרגון","10.000","2012-11-21T00:00:00",
"DIMETHOMORPH","רוקט (בן חרדל)","3.000","2014-03-19T00:00:00",
"DIMETHOMORPH","רוקולה","3.000","2011-11-16T00:00:00",
"DIMETHOMORPH","מיזונה (כרוב רפה)","3.000","2014-03-19T00:00:00",
"DIMETHOMORPH","בצל ירוק","10.000","2012-11-21T00:00:00",
"DIMETHOMORPH","עלי טטסוי","3.000","2014-03-19T00:00:00",
"DIMETHYL DISULFIDE","מלון","0.010","2010-07-11T00:00:00",
"DIMETHYL DISULFIDE","מלפפון","0.010","2010-07-11T00:00:00",
"DIMETHYL DISULFIDE","פלפל","0.010","2010-07-11T00:00:00",
"DIMETHYL DISULFIDE","חציל","0.010","2010-07-11T00:00:00",
"DIMETHYL DISULFIDE","עגבניה","0.010","2010-07-11T00:00:00",
"DIMETHYL DISULFIDE","ריחן מצוי / בזיל","0.010","2010-07-11T00:00:00",
"DIMETHYL DISULFIDE","עירית בצלית","0.010","2010-07-11T00:00:00",
"DINICONAZOLE-M","שקד","0.050","1996-01-01T00:00:00","יתבטל"
"DINICONAZOLE-M","מנגו","0.050","1996-01-01T00:00:00","יתבטל"
"DINICONAZOLE-M","תפוח עץ","0.050","1996-01-01T00:00:00","יתבטל"
"DINICONAZOLE-M","אגס","0.050","1996-01-01T00:00:00","יתבטל"
"DINICONAZOLE-M","שזיף","0.050","1996-01-01T00:00:00","יתבטל"
"DINICONAZOLE-M","משמש","0.050","1996-01-01T00:00:00","יתבטל"
"DINICONAZOLE-M","נקטרינה","0.050","2004-07-13T00:00:00","יתבטל"
"DINICONAZOLE-M","אפרסק","0.050","1996-01-01T00:00:00","יתבטל"
"DINOCAP","ענבים","0.050","1999-01-01T00:00:00","יתבטל"
"DINOCAP","מלון","0.050","1999-01-01T00:00:00","יתבטל"
"DINOCAP","מלפפון","0.050","1999-01-01T00:00:00","יתבטל"
"DINOCAP","קישוא","0.050","1999-01-01T00:00:00","יתבטל"
"DINOCAP","אבטיח","0.050","1999-01-01T00:00:00","יתבטל"
"DINOCAP","פלפל","0.050","2005-09-07T00:00:00","יתבטל"
"DINOCAP","חציל","0.050","2005-09-07T00:00:00","יתבטל"
"DINOCAP","עגבניה","0.050","2003-03-23T00:00:00","יתבטל"
"DINOCAP","מנגו","0.050","1999-01-01T00:00:00","יתבטל"
"DINOCAP","תפוח עץ","0.050","1999-01-01T00:00:00","יתבטל"
"DINOCAP","אגס","0.050","2013-01-15T00:00:00","יתבטל"
"DINOCAP","שזיף","0.050","2006-01-11T00:00:00","יתבטל"
"DINOCAP","משמש","0.050","2013-01-15T00:00:00","יתבטל"
"DINOCAP","נקטרינה","0.050","2004-07-13T00:00:00","יתבטל"
"DINOCAP","אפרסק","0.050","2001-07-15T00:00:00","יתבטל"
"DINOTEFURAN","קורנית","3.000","2011-12-19T00:00:00",
"DINOTEFURAN","ענבים","0.100","2008-03-25T00:00:00","0.500"
"DINOTEFURAN","תות שדה לפרי","0.200","2006-10-29T00:00:00",
"DINOTEFURAN","כרפס/סלרי (שורש ועלים)",,"2021-06-08T00:00:00","0.900"
"DINOTEFURAN","כרוב","0.050","2011-09-25T00:00:00",
"DINOTEFURAN","ברוקולי","0.050","2011-07-25T00:00:00",
"DINOTEFURAN","כרובית","0.050","2011-09-25T00:00:00",
"DINOTEFURAN","מלון","0.020","2005-10-31T00:00:00",
"DINOTEFURAN","מלפפון","0.100","2006-04-03T00:00:00",
"DINOTEFURAN","קישוא","0.100","2005-12-12T00:00:00",
"DINOTEFURAN","אבטיח","0.010","2008-03-25T00:00:00",
"DINOTEFURAN","כוסברה (גד השדה)","3.000","2011-12-19T00:00:00",
"DINOTEFURAN","חסה","0.050","2011-09-25T00:00:00",
"DINOTEFURAN","פלפל","0.050","2007-04-22T00:00:00",
"DINOTEFURAN","חציל","0.020","2003-11-03T00:00:00",
"DINOTEFURAN","עגבניה","0.050","2007-04-22T00:00:00",
"DINOTEFURAN","גזר","0.150","2010-08-04T00:00:00",
"DINOTEFURAN","כותנה","0.050","2003-05-04T00:00:00",
"DINOTEFURAN","שקד","0.500","2011-11-16T00:00:00",
"DINOTEFURAN","שזיף","0.050","2013-01-15T00:00:00",
"DINOTEFURAN","משמש","0.050","2007-04-22T00:00:00","0.300"
"DINOTEFURAN","דובדבן","0.050","2013-01-15T00:00:00",
"DINOTEFURAN","נקטרינה","0.050","2007-04-22T00:00:00","0.300"
"DINOTEFURAN","אפרסק","0.050","2007-04-22T00:00:00","0.300"
"DINOTEFURAN","ריחן מצוי / בזיל","3.000","2011-12-19T00:00:00",
"DINOTEFURAN","עירית בצלית","3.000","2011-12-19T00:00:00",
"DINOTEFURAN","שמיר (שבת)","3.000","2011-12-19T00:00:00",
"DINOTEFURAN","מנטה","3.000","2011-12-19T00:00:00",
"DINOTEFURAN","פטרוסלינון (שורש ועלים)","3.000","2011-12-19T00:00:00",
"DINOTEFURAN","רוזמרין","3.000","2011-12-19T00:00:00",
"DINOTEFURAN","מרווה","3.000","2011-12-19T00:00:00",
"DINOTEFURAN","טרגון","3.000","2011-12-19T00:00:00",
"DINOTEFURAN","רוקט (בן חרדל)",,"2019-04-19T00:00:00","3.000"
"DINOTEFURAN","רוקולה","3.000","2011-12-19T00:00:00",
"DIPHENYLAMINE","תפוח עץ","5.000","1996-01-01T00:00:00",
"DIQUAT","אספסת","0.100","1999-01-01T00:00:00",
"DIQUAT","פירות","0.050","1999-01-02T00:00:00",
"DIQUAT","תפוח אדמה","0.050","2005-09-07T00:00:00",
"DIQUAT","כותנה","0.020","1999-01-02T00:00:00",
"DIQUAT","חמנית מצויה","0.500","1999-01-02T00:00:00",
"DIQUAT","דגניים","0.100","1999-01-01T00:00:00",
"DITHIANON","ענבים",,"2018-07-03T00:00:00","2.500"
"DITHIANON","בצל",,"2022-01-13T00:00:00","0.050"
"DITHIANON","שקד","0.050","2015-12-01T00:00:00",
"DITHIANON","שום",,"2022-01-13T00:00:00","0.050"
"DITHIANON","תפוח עץ","1.000","2015-12-01T00:00:00",
"DITHIANON","אגס","2.000","2015-12-01T00:00:00",
"DITHIANON","משמש","1.000","2015-12-01T00:00:00",
"DITHIANON","נקטרינה",,"2022-01-13T00:00:00","0.100"
"DITHIANON","אפרסק","1.000","2015-12-01T00:00:00",
"DITHIOCARBAMATES","קורנית","5.000","2013-01-15T00:00:00",
"DITHIOCARBAMATES","ענבים","5.000","1996-01-01T00:00:00",
"DITHIOCARBAMATES","תות שדה לפרי","3.000","1996-01-01T00:00:00",
"DITHIOCARBAMATES","פרי הדר","1.000","1996-01-01T00:00:00",
"DITHIOCARBAMATES","מליסה","5.000","2013-01-15T00:00:00",
"DITHIOCARBAMATES","תפוח אדמה","0.200","1996-01-01T00:00:00",
"DITHIOCARBAMATES","צנונית","0.500","1996-01-01T00:00:00",
"DITHIOCARBAMATES","כרפס/סלרי (שורש ועלים)","5.000","1996-01-01T00:00:00",
"DITHIOCARBAMATES","כרוביים","5.000","2005-09-07T00:00:00",
"DITHIOCARBAMATES","כרוב","5.000","1996-01-01T00:00:00",
"DITHIOCARBAMATES","כרובית","5.000","1996-01-01T00:00:00",
"DITHIOCARBAMATES","מלון","0.500","1996-01-01T00:00:00",
"DITHIOCARBAMATES","מלפפון","1.000","2005-12-07T00:00:00",
"DITHIOCARBAMATES","קישוא","1.000","2013-01-15T00:00:00",
"DITHIOCARBAMATES","חימצה (חומוס)","0.500","1996-01-01T00:00:00",
"DITHIOCARBAMATES","סלק עלים","5.000","2014-03-19T00:00:00",
"DITHIOCARBAMATES","כוסברה (גד השדה)","5.000","2013-01-15T00:00:00",
"DITHIOCARBAMATES","כרוב סיני","5.000","1996-01-01T00:00:00",
"DITHIOCARBAMATES","חסה","5.000","1996-01-01T00:00:00",
"DITHIOCARBAMATES","תרד","5.000","2014-03-19T00:00:00",
"DITHIOCARBAMATES","פלפל","1.000","1996-01-01T00:00:00",
"DITHIOCARBAMATES","חציל","3.000","1996-01-01T00:00:00",
"DITHIOCARBAMATES","עגבניה","5.000","1996-01-01T00:00:00",
"DITHIOCARBAMATES","אפון","0.500","2005-09-07T00:00:00",
"DITHIOCARBAMATES","פול","0.500","1996-01-01T00:00:00",
"DITHIOCARBAMATES","שעועית ירוקה","0.500","1996-01-01T00:00:00",
"DITHIOCARBAMATES","סלק אדום (שורש ועלים)","0.500","2005-09-07T00:00:00",
"DITHIOCARBAMATES","גזר","0.500","1996-01-01T00:00:00",
"DITHIOCARBAMATES","בצל","0.500","1996-01-01T00:00:00",
"DITHIOCARBAMATES","בשר עוף","0.050","2013-01-15T00:00:00",
"DITHIOCARBAMATES","כותנה","2.000","1996-01-01T00:00:00",
"DITHIOCARBAMATES","אגוז אדמה","0.100","1996-01-01T00:00:00",
"DITHIOCARBAMATES","שקד","0.100","1996-01-01T00:00:00",
"DITHIOCARBAMATES","שום","0.500","1996-01-01T00:00:00",
"DITHIOCARBAMATES","לוף (כרתי/כרש/כרשה)","0.500","1996-01-01T00:00:00",
"DITHIOCARBAMATES","בננה","2.000","2013-01-15T00:00:00",
"DITHIOCARBAMATES","רימון","0.050","2009-05-05T00:00:00",
"DITHIOCARBAMATES","תפוח עץ","3.000","1996-01-01T00:00:00",
"DITHIOCARBAMATES","חבוש","3.000","1996-01-01T00:00:00",
"DITHIOCARBAMATES","שזיף","3.000","2005-09-07T00:00:00",
"DITHIOCARBAMATES","משמש","3.000","1996-01-01T00:00:00",
"DITHIOCARBAMATES","נקטרינה","3.000","1996-01-01T00:00:00",
"DITHIOCARBAMATES","אפרסק","3.000","1996-01-01T00:00:00",
"DITHIOCARBAMATES","זית אירופאי","3.000","2005-09-07T00:00:00",
"DITHIOCARBAMATES","שעורה תרבותית","1.000","2013-01-15T00:00:00",
"DITHIOCARBAMATES","תירס","2.000","2005-09-07T00:00:00",
"DITHIOCARBAMATES","חיטה","1.000","1996-01-01T00:00:00",
"DITHIOCARBAMATES","ריחן מצוי / בזיל","5.000","2013-01-15T00:00:00",
"DITHIOCARBAMATES","עירית בצלית","1.000","2005-09-07T00:00:00",
"DITHIOCARBAMATES","שמיר (שבת)","5.000","2013-01-15T00:00:00",
"DITHIOCARBAMATES","מיורם","5.000","2013-01-15T00:00:00",
"DITHIOCARBAMATES","מנטה","5.000","2013-01-15T00:00:00",
"DITHIOCARBAMATES","פטרוסלינון (שורש ועלים)","5.000","2013-01-15T00:00:00",
"DITHIOCARBAMATES","רוזמרין","5.000","2013-01-15T00:00:00",
"DITHIOCARBAMATES","מרווה","5.000","2013-01-15T00:00:00",
"DITHIOCARBAMATES","טרגון","5.000","2013-01-15T00:00:00",
"DITHIOCARBAMATES","רוקט (בן חרדל)","5.000","2014-03-19T00:00:00",
"DITHIOCARBAMATES","רוקולה","5.000","2013-01-15T00:00:00",
"DITHIOCARBAMATES","בשר עוף, חלקי פנים","0.050","2013-01-15T00:00:00",
"DITHIOCARBAMATES","מיזונה (כרוב רפה)","5.000","2014-03-19T00:00:00",
"DITHIOCARBAMATES","בצל ירוק","5.000","2013-01-15T00:00:00",
"DITHIOCARBAMATES","עלי טטסוי","5.000","2014-03-19T00:00:00",
"DIURON","ענבים","0.100","2013-01-15T00:00:00",
"DIURON","פרי הדר","0.100","2013-01-15T00:00:00",
"DIURON","קינרס (ארטישוק)","0.100","2013-01-15T00:00:00",
"DIURON","כותנה","0.100","2013-01-15T00:00:00",
"DIURON","שקד","0.100","2013-01-15T00:00:00",
"DIURON","פקאן תרבותי","0.100","2013-01-15T00:00:00",
"DIURON","אבוקדו","0.100","2013-01-15T00:00:00",
"DIURON","פיג'ואה","0.100","2013-01-15T00:00:00",
"DIURON","קיווי","0.100","2013-01-15T00:00:00",
"DIURON","מנגו","0.100","2013-01-15T00:00:00",
"DIURON","אפרסמון","0.100","2013-01-15T00:00:00",
"DIURON","רימון","0.100","2013-01-15T00:00:00",
"DIURON","תפוח עץ","0.100","2013-01-15T00:00:00",
"DIURON","שסק","0.100","2013-01-15T00:00:00",
"DIURON","אגס","0.100","2013-01-15T00:00:00",
"DIURON","שזיף","0.100","2013-01-15T00:00:00",
"DIURON","דובדבן","0.100","2013-01-15T00:00:00",
"DIURON","נקטרינה","0.100","2013-01-15T00:00:00",
"DIURON","אפרסק","0.100","2013-01-15T00:00:00",
"DIURON","תמר","0.100","2013-01-15T00:00:00",
"DIURON","זית אירופאי","0.100","2013-01-15T00:00:00",
"DIURON","גויאבה","0.100","2013-01-15T00:00:00",
"DIURON","אנונה","0.100","2013-01-15T00:00:00",
"DODINE","תפוח עץ","0.300","2016-05-29T00:00:00",
"DODINE","דובדבן",,"2023-03-15T00:00:00","0.600"
"DODINE","זית אירופאי",,"2021-10-21T00:00:00","3.500"
"EMAMECTIN BENZOATE","קורנית","0.100","2010-01-18T00:00:00",
"EMAMECTIN BENZOATE","ענבים","0.300","2013-05-19T00:00:00",
"EMAMECTIN BENZOATE","תות שדה לפרי","0.010","2011-07-25T00:00:00",
"EMAMECTIN BENZOATE","תפוח אדמה","0.010","2000-10-15T00:00:00",
"EMAMECTIN BENZOATE","כרפס/סלרי (שורש ועלים)","0.010","1999-01-01T00:00:00",
"EMAMECTIN BENZOATE","כרוב","0.010","1999-01-01T00:00:00",
"EMAMECTIN BENZOATE","ברוקולי","0.010","2012-08-26T00:00:00",
"EMAMECTIN BENZOATE","כרובית","0.010","1999-01-01T00:00:00",
"EMAMECTIN BENZOATE","קולרבי","0.010","2015-11-12T00:00:00",
"EMAMECTIN BENZOATE","סלק עלים","0.100","2014-03-19T00:00:00",
"EMAMECTIN BENZOATE","כוסברה (גד השדה)","0.100","2010-01-18T00:00:00",
"EMAMECTIN BENZOATE","חסה","0.100","1999-01-01T00:00:00",
"EMAMECTIN BENZOATE","תרד","0.100","2014-03-19T00:00:00",
"EMAMECTIN BENZOATE","פלפל","0.010","2005-09-07T00:00:00",
"EMAMECTIN BENZOATE","חציל","0.010","2013-05-19T00:00:00",
"EMAMECTIN BENZOATE","תירס מתוק","0.010","1999-01-01T00:00:00",
"EMAMECTIN BENZOATE","עגבניה","0.010","1999-01-01T00:00:00",
"EMAMECTIN BENZOATE","שעועית ירוקה",,"2011-07-24T00:00:00","0.010"
"EMAMECTIN BENZOATE","בטטה","0.010","2012-08-26T00:00:00",
"EMAMECTIN BENZOATE","גזר","0.010","2012-08-26T00:00:00",
"EMAMECTIN BENZOATE","כותנה","0.010","2005-09-07T00:00:00",
"EMAMECTIN BENZOATE","שקד","0.010","2016-07-28T00:00:00",
"EMAMECTIN BENZOATE","רימון","0.010","2013-05-19T00:00:00",
"EMAMECTIN BENZOATE","תפוח עץ","0.020","2012-08-26T00:00:00",
"EMAMECTIN BENZOATE","אגס","0.020","2012-08-26T00:00:00",
"EMAMECTIN BENZOATE","חבוש","0.200","2016-05-11T00:00:00",
"EMAMECTIN BENZOATE","שזיף","0.010","2016-07-28T00:00:00",
"EMAMECTIN BENZOATE","משמש","0.010","2007-05-06T00:00:00",
"EMAMECTIN BENZOATE","נקטרינה","0.010","2005-09-07T00:00:00",
"EMAMECTIN BENZOATE","אפרסק","0.010","2016-07-28T00:00:00",
"EMAMECTIN BENZOATE","ריחן מצוי / בזיל","0.100","2005-10-30T00:00:00",
"EMAMECTIN BENZOATE","עירית בצלית","0.100","2005-10-30T00:00:00",
"EMAMECTIN BENZOATE","שמיר (שבת)","0.100","2010-01-18T00:00:00",
"EMAMECTIN BENZOATE","מנטה","0.100","2005-10-30T00:00:00",
"EMAMECTIN BENZOATE","פטרוסלינון (שורש ועלים)","0.100","2010-01-18T00:00:00",
"EMAMECTIN BENZOATE","רוזמרין","0.100","2010-01-18T00:00:00",
"EMAMECTIN BENZOATE","מרווה","0.100","2010-01-18T00:00:00",
"EMAMECTIN BENZOATE","טרגון","0.100","2010-01-18T00:00:00",
"EMAMECTIN BENZOATE","רוקט (בן חרדל)","0.100","2014-03-19T00:00:00",
"EMAMECTIN BENZOATE","רוקולה","0.100","2005-10-30T00:00:00",
"EMAMECTIN BENZOATE","מיזונה (כרוב רפה)","0.100","2014-03-19T00:00:00",
"EMAMECTIN BENZOATE","בצל ירוק","0.100","2012-07-02T00:00:00",
"EMAMECTIN BENZOATE","עלי טטסוי","0.100","2014-03-19T00:00:00",
"ENDRIN","ירקות","0.050","1998-11-01T00:00:00",
"ENDRIN","בשר עוף","0.100","1996-01-01T00:00:00",
"ESFENVALERATE","סלק מספוא","0.050","1996-01-01T00:00:00",
"ESFENVALERATE","ענבים","0.500","1996-01-01T00:00:00",
"ESFENVALERATE","תפוח אדמה","0.050","1996-01-01T00:00:00",
"ESFENVALERATE","קינרס (ארטישוק)","0.200","1996-01-01T00:00:00",
"ESFENVALERATE","כרוב","3.000","1996-01-01T00:00:00",
"ESFENVALERATE","כרובית","2.000","1996-01-01T00:00:00",
"ESFENVALERATE","מלון","0.200","1996-01-01T00:00:00",
"ESFENVALERATE","מלפפון","0.200","1996-01-01T00:00:00",
"ESFENVALERATE","דלעת","0.500","2015-11-16T00:00:00",
"ESFENVALERATE","פלפל","0.500","1996-01-01T00:00:00",
"ESFENVALERATE","חציל","0.500","1996-01-01T00:00:00",
"ESFENVALERATE","עגבניה","1.000","1996-01-01T00:00:00",
"ESFENVALERATE","שעועית ירוקה","0.100","1996-01-01T00:00:00",
"ESFENVALERATE","דלורית","0.500","2015-11-16T00:00:00",
"ESFENVALERATE","סלק אדום (שורש ועלים)","0.050","1996-01-01T00:00:00",
"ESFENVALERATE","גזר","0.050","1996-01-01T00:00:00",
"ESFENVALERATE","בצל","0.050","1996-01-01T00:00:00",
"ESFENVALERATE","כותנה","0.200","1996-01-01T00:00:00",
"ESFENVALERATE","שום","0.050","1996-01-01T00:00:00",
"ESFENVALERATE","תפוח עץ",,"2024-09-09T00:00:00","0.200"
"ESFENVALERATE","נקטרינה",,"2024-09-09T00:00:00","0.200"
"ESFENVALERATE","אפרסק","5.000","1996-01-01T00:00:00","0.200"
"ETHALFLURALIN","מלון","0.020","2013-01-15T00:00:00",
"ETHALFLURALIN","מלפפון","0.020","2013-01-15T00:00:00",
"ETHALFLURALIN","קישוא","0.020","2013-01-15T00:00:00",
"ETHALFLURALIN","אבטיח","0.020","2013-01-15T00:00:00",
"ETHALFLURALIN","אגוז אדמה","0.020","2013-01-15T00:00:00",
"ETHEPHON","ענבים","2.000","1996-01-01T00:00:00",
"ETHEPHON","כותנה","0.100","1996-01-01T00:00:00",
"ETHEPHON","תפוח עץ","5.000","1996-01-01T00:00:00",
"ETHEPHON","אגס","5.000","2005-09-07T00:00:00",
"ETHEPHON","שזיף","0.500","1996-01-01T00:00:00",
"ETHEPHON","קומקואט (תפוזון)","2.000","2013-01-15T00:00:00",
"ETHEPHON","זית אירופאי","0.100","1996-01-01T00:00:00",
"ETHOXYQUIN","אגס","3.000","1996-01-01T00:00:00",
"ETOFENPROX","ענבים","2.000","1996-01-01T00:00:00",
"ETOFENPROX","תות שדה לפרי","2.000","1996-01-01T00:00:00",
"ETOFENPROX","פרי הדר","0.200","1996-01-01T00:00:00",
"ETOFENPROX","מלפפון","2.000","1996-01-01T00:00:00",
"ETOFENPROX","חציל","2.000","1996-01-01T00:00:00",
"ETOFENPROX","שקד","2.000","1996-01-01T00:00:00",
"ETOFENPROX","תפוח עץ","1.000","1996-01-01T00:00:00",
"ETOFENPROX","אגס","1.000","1996-01-01T00:00:00",
"ETOFENPROX","שזיף","1.000","1996-01-01T00:00:00",
"ETOFENPROX","נקטרינה","1.000","2004-07-13T00:00:00",
"ETOFENPROX","אפרסק","1.000","1996-01-01T00:00:00",
"ETOFENPROX","זית אירופאי","1.000","2005-09-14T00:00:00",
"ETOXAZOLE","קורנית","2.000","2013-09-15T00:00:00",
"ETOXAZOLE","פרי הדר","0.050","2000-01-01T00:00:00",
"ETOXAZOLE","מליסה","2.000","2013-09-15T00:00:00",
"ETOXAZOLE","כרפס/סלרי (שורש ועלים)","0.200","2013-09-15T00:00:00",
"ETOXAZOLE","מלון","0.020","2001-07-15T00:00:00",
"ETOXAZOLE","מלפפון","0.020","2001-07-15T00:00:00",
"ETOXAZOLE","דלעת","0.020","2015-11-16T00:00:00",
"ETOXAZOLE","אבטיח","0.020","2001-07-15T00:00:00",
"ETOXAZOLE","כוסברה (גד השדה)","0.200","2013-09-15T00:00:00",
"ETOXAZOLE","פלפל","0.050","2001-05-24T00:00:00",
"ETOXAZOLE","חציל","0.050","2001-05-24T00:00:00",
"ETOXAZOLE","עגבניה","0.020","2001-07-15T00:00:00",
"ETOXAZOLE","דלורית","0.020","2015-11-16T00:00:00",
"ETOXAZOLE","תפוח עץ","0.020","2000-01-01T00:00:00",
"ETOXAZOLE","ריחן מצוי / בזיל","2.000","2013-09-15T00:00:00",
"ETOXAZOLE","עירית בצלית","0.200","2013-09-15T00:00:00",
"ETOXAZOLE","שמיר (שבת)","0.200","2013-09-15T00:00:00",
"ETOXAZOLE","מיורם","2.000","2013-09-15T00:00:00",
"ETOXAZOLE","מנטה","2.000","2013-09-15T00:00:00",
"ETOXAZOLE","פטרוסלינון (שורש ועלים)","0.200","2013-09-15T00:00:00",
"ETOXAZOLE","רוזמרין","2.000","2013-09-15T00:00:00",
"ETOXAZOLE","מרווה","2.000","2013-09-15T00:00:00",
"ETOXAZOLE","טרגון","2.000","2013-09-15T00:00:00",
"ETOXAZOLE","רוקט (בן חרדל)",,"2019-04-11T00:00:00","0.200"
"ETOXAZOLE","רוקולה","0.200","2013-09-15T00:00:00",
"ETOXAZOLE","בצל ירוק","0.200","2013-09-15T00:00:00",
"FAMOXADONE","פרי הדר","0.050","2005-09-14T00:00:00",
"FAMOXADONE","תפוח אדמה","0.050","2006-04-02T00:00:00","0.010"
"FAMOXADONE","מלפפון",,"2023-06-04T00:00:00","0.100"
"FAMOXADONE","קישוא",,"2023-07-12T00:00:00","0.050"
"FAMOXADONE","חימצה (חומוס)","0.050","2005-09-14T00:00:00",
"FAMOXADONE","עגבניה","0.050","2005-09-14T00:00:00","1.000"
"FAMOXADONE","בצל",,"2023-06-04T00:00:00","0.010"
"FAMOXADONE","כותנה","0.050","2005-09-14T00:00:00",
"FENAMIDONE","ענבים","0.500","2006-07-09T00:00:00",
"FENAMIDONE","תפוח אדמה","0.050","2005-09-15T00:00:00",
"FENAMIDONE","מלון","5.000","2015-11-12T00:00:00",
"FENAMIDONE","מלפפון","0.050","2005-09-15T00:00:00",
"FENAMIDONE","דלעת","0.100","2015-11-15T00:00:00",
"FENAMIDONE","דלורית","0.100","2015-11-15T00:00:00",
"FENAMIDONE","בצל","0.050","2005-09-15T00:00:00",
"FENAMIDONE","ריחן מצוי / בזיל",,"2017-04-05T00:00:00","5.000"
"FENAMIPHOS","ענבים","0.020","1996-01-01T00:00:00",
"FENAMIPHOS","גזר","0.100","2013-06-30T00:00:00",
"FENAMIPHOS","בצל","0.050","1996-01-01T00:00:00",
"FENAMIPHOS","שום","0.050","1996-01-01T00:00:00",
"FENAMIPHOS","שזיף","0.050","1996-01-01T00:00:00",
"FENARIMOL","ענבים","0.300","1998-11-01T00:00:00","יתבטל"
"FENARIMOL","מלון","0.050","1998-11-01T00:00:00","יתבטל"
"FENARIMOL","מלפפון","0.050","1998-11-01T00:00:00","יתבטל"
"FENARIMOL","קישוא","0.500","1998-11-01T00:00:00","יתבטל"
"FENARIMOL","אבטיח","0.050","1998-11-01T00:00:00","יתבטל"
"FENARIMOL","פלפל","0.500","1998-11-01T00:00:00","יתבטל"
"FENARIMOL","חציל","0.500","1998-11-01T00:00:00","יתבטל"
"FENARIMOL","עגבניה","0.500","1998-11-01T00:00:00","יתבטל"
"FENARIMOL","מנגו","0.300","1998-11-01T00:00:00","יתבטל"
"FENARIMOL","נקטרינה","0.500","2004-07-13T00:00:00","יתבטל"
"FENARIMOL","אפרסק","0.500","1998-11-01T00:00:00","יתבטל"
"FENAZAQUIN","פרי הדר","0.100","1999-01-01T00:00:00",
"FENAZAQUIN","מלפפון","0.100","1996-01-01T00:00:00",
"FENAZAQUIN","אבטיח","0.100","1996-01-01T00:00:00",
"FENAZAQUIN","חציל","0.100","1996-01-01T00:00:00",
"FENAZAQUIN","עגבניה","0.100","1996-01-01T00:00:00",
"FENAZAQUIN","תפוח עץ","0.100","1996-01-01T00:00:00",
"FENAZAQUIN","אגס","0.100","2005-09-15T00:00:00",
"FENAZAQUIN","אפרסק","0.100","2005-09-15T00:00:00",
"FENBUCONAZOLE","ענבים","1.000","1998-11-01T00:00:00",
"FENBUCONAZOLE","תות שדה לפרי","0.200","1999-01-01T00:00:00","יתבטל"
"FENBUCONAZOLE","מלון","0.200","1999-01-01T00:00:00","יתבטל"
"FENBUCONAZOLE","מלפפון","0.200","1998-11-01T00:00:00","יתבטל"
"FENBUCONAZOLE","קישוא","0.200","1999-01-01T00:00:00","יתבטל"
"FENBUCONAZOLE","אבטיח","0.200","1999-01-01T00:00:00","יתבטל"
"FENBUCONAZOLE","פלפל","0.200","1996-01-01T00:00:00","יתבטל"
"FENBUCONAZOLE","חציל","0.500","2006-01-11T00:00:00",
"FENBUCONAZOLE","עגבניה","0.200","1996-01-01T00:00:00","יתבטל"
"FENBUCONAZOLE","אגוז אדמה","0.200","1999-01-01T00:00:00",
"FENBUCONAZOLE","שקד","0.200","1996-01-01T00:00:00",
"FENBUCONAZOLE","מנגו","0.500","1999-01-01T00:00:00",
"FENBUCONAZOLE","תפוח עץ","0.100","1998-11-01T00:00:00",
"FENBUCONAZOLE","שסק","0.500","1999-01-01T00:00:00",
"FENBUCONAZOLE","אגס","0.100","1998-11-01T00:00:00",
"FENBUCONAZOLE","שזיף","0.500","1998-11-01T00:00:00",
"FENBUCONAZOLE","משמש","0.500","1998-11-01T00:00:00",
"FENBUCONAZOLE","נקטרינה","0.500","1998-11-01T00:00:00",
"FENBUCONAZOLE","אפרסק","0.500","1998-11-01T00:00:00",
"FENBUCONAZOLE","חיטה","0.100","1998-11-01T00:00:00",
"FENBUTATIN OXIDE","פרי הדר","5.000","1999-01-01T00:00:00","יתבטל"
"FENBUTATIN OXIDE","מלון","0.500","1999-01-01T00:00:00","יתבטל"
"FENBUTATIN OXIDE","מלפפון","0.500","1999-01-01T00:00:00","יתבטל"
"FENBUTATIN OXIDE","אבטיח","0.500","1999-01-01T00:00:00","יתבטל"
"FENBUTATIN OXIDE","חציל","0.500","1999-01-01T00:00:00","יתבטל"
"FENBUTATIN OXIDE","שקד","0.500","2013-01-15T00:00:00","יתבטל"
"FENBUTATIN OXIDE","אפרסמון","3.000","2005-09-15T00:00:00","יתבטל"
"FENBUTATIN OXIDE","תפוח עץ","5.000","2013-01-15T00:00:00","יתבטל"
"FENBUTATIN OXIDE","שזיף","10.000","2013-01-15T00:00:00","יתבטל"
"FENBUTATIN OXIDE","נקטרינה","7.000","2013-01-15T00:00:00","יתבטל"
"FENBUTATIN OXIDE","אפרסק","7.000","2013-01-15T00:00:00","יתבטל"
"FENBUTATIN OXIDE","תמר","0.500","2005-09-15T00:00:00","יתבטל"
"FENHEXAMID","ענבים","4.000","2012-11-13T00:00:00",
"FENHEXAMID","תות שדה לפרי","4.000","2001-03-26T00:00:00",
"FENHEXAMID","מלפפון","0.500","2000-01-01T00:00:00",
"FENHEXAMID","פלפל","0.500","2006-04-05T00:00:00",
"FENHEXAMID","חציל","0.500","2001-01-15T00:00:00",
"FENHEXAMID","עגבניה","0.500","2001-03-21T00:00:00",
"FENHEXAMID","בצל","0.050","2009-06-23T00:00:00",
"FENHEXAMID","שקד","0.020","2001-03-26T00:00:00",
"FENHEXAMID","אורגנו","0.500","2005-09-15T00:00:00",
"FENHEXAMID","ריחן מצוי / בזיל","0.500","2005-09-15T00:00:00",
"FENHEXAMID","אזוב מצוי (ראה גם זעתר)","0.500","2005-09-15T00:00:00",
"FENOXAPROP-P-ETHYL","חיטה","0.020","2013-01-16T00:00:00","יתבטל"
"FENOXYCARB","ענבים","2.500","2013-05-19T00:00:00",
"FENOXYCARB","גזר",,"2020-07-28T00:00:00","0.200"
"FENOXYCARB","רימון",,"2024-01-29T00:00:00","0.500"
"FENOXYCARB","תפוח עץ","0.050","1996-01-01T00:00:00","0.250"
"FENOXYCARB","אגס","0.050","1996-01-01T00:00:00",
"FENPYRAZAMINE","תות שדה לפרי",,"2019-06-16T00:00:00","1.000"
"FENPYRAZAMINE","פלפל",,"2021-11-23T00:00:00","0.800"
"FENPYRAZAMINE","חציל",,"2021-11-23T00:00:00","0.700"
"FENPYRAZAMINE","עגבניה",,"2021-11-23T00:00:00","1.800"
"FENPYROXIMATE","ענבים","0.050","1996-01-01T00:00:00",
"FENPYROXIMATE","תות שדה לפרי","0.050","1996-01-01T00:00:00",
"FENPYROXIMATE","פרי הדר","0.050","1999-01-01T00:00:00",
"FENPYROXIMATE","מלפפון","0.050","1996-01-01T00:00:00",
"FENPYROXIMATE","אבטיח","0.050","1996-01-01T00:00:00",
"FENPYROXIMATE","פלפל","0.050","1996-01-01T00:00:00",
"FENPYROXIMATE","חציל","0.050","1996-01-01T00:00:00",
"FENPYROXIMATE","עגבניה","0.050","1996-01-01T00:00:00",
"FENPYROXIMATE","שעועית ירוקה","0.050","1996-01-01T00:00:00",
"FENPYROXIMATE","תפוח עץ","0.100","1996-01-01T00:00:00",
"FENPYROXIMATE","אגס","0.100","1996-01-01T00:00:00",
"FENPYROXIMATE","נקטרינה","0.100","1996-01-01T00:00:00",
"FENPYROXIMATE","אפרסק","0.100","1996-01-01T00:00:00",
"FLAZASULFURON","ענבים",,"2024-05-13T00:00:00","0.010"
"FLAZASULFURON","פרי הדר",,"2024-05-13T00:00:00","0.010"
"FLONICAMID","ענבים","0.500","2012-01-10T00:00:00",
"FLONICAMID","תות שדה לפרי","0.200","2012-07-26T00:00:00",
"FLONICAMID","פרי הדר","0.100","2015-11-17T00:00:00",
"FLONICAMID","תפוח אדמה","0.200","2012-07-26T00:00:00",
"FLONICAMID","קינרס (ארטישוק)","0.100","2014-08-04T00:00:00",
"FLONICAMID","מלון","0.050","2012-11-18T00:00:00",
"FLONICAMID","מלפפון","0.050","2012-11-18T00:00:00",
"FLONICAMID","דלעת","0.050","2012-11-18T00:00:00",
"FLONICAMID","קישוא","0.050","2012-11-18T00:00:00",
"FLONICAMID","אבטיח","0.050","2012-11-18T00:00:00",
"FLONICAMID","פלפל","0.200","2011-07-25T00:00:00",
"FLONICAMID","דלורית","0.050","2012-11-18T00:00:00",
"FLONICAMID","כותנה",,"2018-02-18T00:00:00","0.020"
"FLONICAMID","שקד","0.050","2013-09-23T00:00:00",
"FLONICAMID","פקאן תרבותי","0.050","2014-02-16T00:00:00",
"FLONICAMID","אפרסמון","0.200","2011-07-25T00:00:00",
"FLONICAMID","רימון","0.300","2011-07-25T00:00:00",
"FLONICAMID","תפוח עץ","0.200","2012-01-10T00:00:00",
"FLONICAMID","אגס","0.200","2012-02-23T00:00:00",
"FLONICAMID","נקטרינה","0.600","2012-01-10T00:00:00",
"FLONICAMID","אפרסק","0.600","2012-01-10T00:00:00",
"FLONICAMID","תירס","0.050","2015-11-15T00:00:00",
"FLORASULAM","שעורה תרבותית","0.010","2015-11-12T00:00:00",
"FLORASULAM","שבולת שועל","0.010","2005-09-18T00:00:00",
"FLORASULAM","חיטה","0.010","1999-01-01T00:00:00",
"FLUAZIFOP-P-BUTYL","אספסת","0.100","2006-10-18T00:00:00",
"FLUAZIFOP-P-BUTYL","תלתן","0.100","2006-10-18T00:00:00",
"FLUAZIFOP-P-BUTYL","בקיה","0.100","2006-10-18T00:00:00",
"FLUAZIFOP-P-BUTYL","סלק מספוא","0.100","2006-10-18T00:00:00",
"FLUAZIFOP-P-BUTYL","ענבים","0.100","2006-10-18T00:00:00",
"FLUAZIFOP-P-BUTYL","תפוח אדמה","0.100","2006-10-18T00:00:00",
"FLUAZIFOP-P-BUTYL","כרפס/סלרי (שורש ועלים)","0.100","2006-10-18T00:00:00",
"FLUAZIFOP-P-BUTYL","כרוב","0.100","2013-01-16T00:00:00",
"FLUAZIFOP-P-BUTYL","כרובית","0.100","2013-01-16T00:00:00",
"FLUAZIFOP-P-BUTYL","מלון","0.100","2006-10-18T00:00:00",
"FLUAZIFOP-P-BUTYL","מלפפון","0.100","2006-10-18T00:00:00",
"FLUAZIFOP-P-BUTYL","קישוא","0.100","2006-10-18T00:00:00",
"FLUAZIFOP-P-BUTYL","אבטיח","0.100","2013-01-16T00:00:00",
"FLUAZIFOP-P-BUTYL","חימצה (חומוס)","0.100","2006-10-18T00:00:00",
"FLUAZIFOP-P-BUTYL","חסה","0.100","2006-10-18T00:00:00",
"FLUAZIFOP-P-BUTYL","פלפל","0.100","2006-10-18T00:00:00",
"FLUAZIFOP-P-BUTYL","עגבניה","0.100","2006-10-18T00:00:00",
"FLUAZIFOP-P-BUTYL","אפון","0.100","2006-10-18T00:00:00",
"FLUAZIFOP-P-BUTYL","סלק אדום (שורש ועלים)","0.100","2006-10-18T00:00:00",
"FLUAZIFOP-P-BUTYL","גזר","0.100","2006-10-18T00:00:00",
"FLUAZIFOP-P-BUTYL","בצל","0.100","2006-10-18T00:00:00",
"FLUAZIFOP-P-BUTYL","כותנה","0.100","2006-10-18T00:00:00",
"FLUAZIFOP-P-BUTYL","אגוז אדמה","0.100","2006-10-18T00:00:00",
"FLUAZIFOP-P-BUTYL","חמנית מצויה","0.100","2006-10-18T00:00:00",
"FLUAZIFOP-P-BUTYL","שום","0.100","2006-10-18T00:00:00",
"FLUAZIFOP-P-BUTYL","תפוח עץ","0.100","2006-10-18T00:00:00",
"FLUAZIFOP-P-BUTYL","אגס","0.100","2006-10-18T00:00:00",
"FLUAZINAM","ענבים","0.200","2014-02-16T00:00:00",
"FLUAZINAM","תפוח אדמה","0.050","1999-01-01T00:00:00",
"FLUAZINAM","מלון","0.050","1999-01-01T00:00:00",
"FLUAZINAM","מלפפון",,"2017-07-24T00:00:00","0.050"
"FLUAZINAM","קישוא",,"2020-02-26T00:00:00","0.050"
"FLUAZINAM","חסה","0.900","2016-05-23T00:00:00",
"FLUAZINAM","עגבניה","0.010","2017-12-28T00:00:00",
"FLUAZINAM","אגוז אדמה","0.050","1999-01-01T00:00:00",
"FLUBENDIAMIDE","ענבים","1.000","2011-11-14T00:00:00",
"FLUBENDIAMIDE","תות שדה לפרי","0.010","2015-11-12T00:00:00","0.100"
"FLUBENDIAMIDE","תפוח אדמה","0.020","2014-08-06T00:00:00",
"FLUBENDIAMIDE","צנונית","0.050","2014-02-16T00:00:00",
"FLUBENDIAMIDE","כרוב","0.400","2014-02-16T00:00:00",
"FLUBENDIAMIDE","ברוקולי","0.400","2014-02-16T00:00:00",
"FLUBENDIAMIDE","כרובית","0.400","2014-02-16T00:00:00",
"FLUBENDIAMIDE","מלפפון","0.010","2013-05-13T00:00:00",
"FLUBENDIAMIDE","קישוא","0.010","2013-09-16T00:00:00",
"FLUBENDIAMIDE","חימצה (חומוס)","0.150","2014-08-06T00:00:00",
"FLUBENDIAMIDE","חסה","0.400","2014-02-16T00:00:00",
"FLUBENDIAMIDE","פלפל","0.100","2013-05-13T00:00:00",
"FLUBENDIAMIDE","עגבניה","0.300","2011-11-14T00:00:00",
"FLUBENDIAMIDE","שעועית ירוקה","0.010","2014-08-04T00:00:00",
"FLUBENDIAMIDE","גזר","0.020","2014-02-16T00:00:00",
"FLUBENDIAMIDE","אגוז אדמה","0.020","2014-02-16T00:00:00",
"FLUBENDIAMIDE","רימון","0.070","2015-11-12T00:00:00",
"FLUBENDIAMIDE","תפוח עץ","0.030","2011-07-25T00:00:00",
"FLUBENDIAMIDE","אגס","0.200","2014-02-16T00:00:00",
"FLUBENDIAMIDE","זית אירופאי","0.020","2014-02-16T00:00:00",
"FLUBENDIAMIDE","תירס","0.020","2012-12-02T00:00:00",
"FLUBENDIAMIDE","מנטה","1.000","2013-05-13T00:00:00",
"FLUDIOXONIL","קורנית","1.000","2011-12-19T00:00:00",
"FLUDIOXONIL","ענבים","1.000","2005-09-19T00:00:00",
"FLUDIOXONIL","תות שדה לפרי","0.500","1999-01-02T00:00:00",
"FLUDIOXONIL","פרי הדר","1.000","2009-06-01T00:00:00",
"FLUDIOXONIL","תפוח אדמה","0.010","2000-01-01T00:00:00",
"FLUDIOXONIL","מלפפון","0.200","2014-03-09T00:00:00",
"FLUDIOXONIL","קישוא","0.200","2014-03-09T00:00:00",
"FLUDIOXONIL","כוסברה (גד השדה)","1.000","2011-12-19T00:00:00",
"FLUDIOXONIL","חסה","1.000","2013-09-17T00:00:00",
"FLUDIOXONIL","פלפל","0.500","2011-11-16T00:00:00",
"FLUDIOXONIL","חציל","0.300","2005-09-19T00:00:00",
"FLUDIOXONIL","עגבניה","0.300","1999-01-02T00:00:00",
"FLUDIOXONIL","בטטה",,"2024-02-28T00:00:00","3.000"
"FLUDIOXONIL","גזר","0.300","2011-11-16T00:00:00","3.000"
"FLUDIOXONIL","אבוקדו",,"2021-02-28T00:00:00","0.500"
"FLUDIOXONIL","קיווי","12.000","2008-03-25T00:00:00",
"FLUDIOXONIL","מנגו",,"2018-06-18T00:00:00","2.000"
"FLUDIOXONIL","רימון","1.000","2010-01-04T00:00:00",
"FLUDIOXONIL","תפוח עץ","1.000","2009-06-01T00:00:00",
"FLUDIOXONIL","אגס","1.000","2008-03-25T00:00:00",
"FLUDIOXONIL","שזיף","0.200","2010-06-21T00:00:00",
"FLUDIOXONIL","משמש","0.200","2010-06-24T00:00:00",
"FLUDIOXONIL","דובדבן","0.200","2011-11-16T00:00:00",
"FLUDIOXONIL","נקטרינה","0.200","2007-06-12T00:00:00",
"FLUDIOXONIL","אפרסק","0.200","2007-07-11T00:00:00",
"FLUDIOXONIL","חיטה","0.010","2014-08-04T00:00:00",
"FLUDIOXONIL","ריחן מצוי / בזיל","1.000","2005-09-19T00:00:00",
"FLUDIOXONIL","עירית בצלית","1.000","2011-12-19T00:00:00",
"FLUDIOXONIL","שמיר (שבת)","1.000","2011-12-19T00:00:00",
"FLUDIOXONIL","שומר","1.000","2005-09-19T00:00:00",
"FLUDIOXONIL","מנטה","1.000","2005-09-19T00:00:00",
"FLUDIOXONIL","פטרוסלינון (שורש ועלים)","1.000","2011-12-19T00:00:00",
"FLUDIOXONIL","רוזמרין","1.000","2011-12-19T00:00:00",
"FLUDIOXONIL","טרגון","1.000","2011-12-19T00:00:00",
"FLUDIOXONIL","רוקולה","1.000","2011-12-19T00:00:00",
"FLUDIOXONIL","בצל ירוק","1.000","2011-12-19T00:00:00",
"FLUENSULFONE","תות שדה לפרי",,"2023-11-14T00:00:00","0.090"
"FLUENSULFONE","מלון","0.200","2013-09-16T00:00:00",
"FLUENSULFONE","מלפפון","0.200","2013-09-16T00:00:00","0.150"
"FLUENSULFONE","קישוא","0.200","2015-11-12T00:00:00","0.150"
"FLUENSULFONE","חסה","0.050","2011-11-14T00:00:00","0.800"
"FLUENSULFONE","פלפל","0.200","2013-09-16T00:00:00","0.300"
"FLUENSULFONE","חציל","0.050","2011-11-14T00:00:00","0.300"
"FLUENSULFONE","עגבניה","0.050","2011-11-14T00:00:00","0.300"
"FLUENSULFONE","גזר","0.700","2015-11-12T00:00:00",
"FLUFENACET","תירס מספוא","0.020","2013-01-16T00:00:00","יתבטל"
"FLUFENACET","ענבים","0.020","2013-01-16T00:00:00","יתבטל"
"FLUFENACET","פרי הדר","0.020","2013-01-16T00:00:00","יתבטל"
"FLUFENACET","תפוח אדמה","0.020","2013-01-16T00:00:00","יתבטל"
"FLUFENACET","חימצה (חומוס)","0.020","2013-01-16T00:00:00","יתבטל"
"FLUFENACET","תירס מתוק","0.020","2013-01-16T00:00:00","יתבטל"
"FLUFENACET","חמנית מצויה","0.020","2013-01-16T00:00:00","יתבטל"
"FLUFENACET","שקד","0.020","2013-01-16T00:00:00","יתבטל"
"FLUFENACET","אבוקדו","0.020","2013-01-16T00:00:00","יתבטל"
"FLUFENACET","בננה","0.020","2013-01-16T00:00:00","יתבטל"
"FLUFENACET","אפרסמון","0.020","2013-01-16T00:00:00","יתבטל"
"FLUFENACET","רימון","0.020","2013-01-16T00:00:00","יתבטל"
"FLUFENACET","שזיף","0.020","2013-01-16T00:00:00","יתבטל"
"FLUFENACET","משמש","0.020","2013-01-16T00:00:00","יתבטל"
"FLUFENACET","נקטרינה","0.020","2013-01-16T00:00:00","יתבטל"
"FLUFENACET","אפרסק","0.020","2013-01-16T00:00:00","יתבטל"
"FLUFENACET","תירס","0.010","2017-12-28T00:00:00","יתבטל"
"FLUFENOXURON","ענבים","2.000","1997-12-18T00:00:00","יתבטל"
"FLUFENOXURON","רימון","0.200","2005-09-20T00:00:00","יתבטל"
"FLUFENOXURON","תפוח עץ","0.200","2001-05-24T00:00:00","יתבטל"
"FLUFENOXURON","אגס","0.200","2001-05-24T00:00:00","יתבטל"
"FLUMETSULAM","תלתן","0.010","2013-01-16T00:00:00",
"FLUMETSULAM","בקיה","0.010","2013-01-16T00:00:00",
"FLUMETSULAM","חימצה (חומוס)","0.010","2013-01-16T00:00:00",
"FLUMETSULAM","שבולת שועל","0.010","2005-09-20T00:00:00",
"FLUMETSULAM","חיטה","0.010","1999-01-01T00:00:00",
"FLUMETSULAM","שומר","0.010","2011-11-16T00:00:00",
"FLUMIOXAZIN","ענבים","0.010","1999-01-01T00:00:00",
"FLUMIOXAZIN","פרי הדר","0.010","1999-01-01T00:00:00",
"FLUMIOXAZIN","פקאן תרבותי","0.010","1999-01-01T00:00:00",
"FLUMIOXAZIN","אבוקדו","0.010","1999-01-01T00:00:00",
"FLUMIOXAZIN","קיווי","0.010","1999-01-01T00:00:00",
"FLUMIOXAZIN","מנגו","0.010","1999-01-01T00:00:00",
"FLUMIOXAZIN","אפרסמון","0.010","1999-01-01T00:00:00",
"FLUMIOXAZIN","תפוח עץ","0.010","1999-01-01T00:00:00",
"FLUMIOXAZIN","אגס","0.010","1999-01-01T00:00:00",
"FLUMIOXAZIN","שזיף","0.010","1999-01-01T00:00:00",
"FLUMIOXAZIN","נקטרינה","0.010","2004-07-13T00:00:00",
"FLUMIOXAZIN","אפרסק","0.010","1999-01-01T00:00:00",
"FLUMIOXAZIN","גויאבה","0.010","1999-01-01T00:00:00",
"FLUMIOXAZIN","אנונה","0.010","1999-01-01T00:00:00",
"FLUOMETURON","כותנה","0.100","1999-01-01T00:00:00",
"FLUOPICOLIDE","תפוח אדמה","0.050","2012-02-15T00:00:00",
"FLUOPICOLIDE","מלון","0.100","2013-12-23T00:00:00",
"FLUOPICOLIDE","מלפפון","0.100","2012-08-13T00:00:00",
"FLUOPICOLIDE","דלעת","0.050","2015-11-12T00:00:00",
"FLUOPICOLIDE","עגבניה","0.100","2012-02-15T00:00:00",
"FLUOPICOLIDE","דלורית","0.050","2015-11-12T00:00:00",
"FLUOPYRAM","ענבים","0.400","2015-11-12T00:00:00",
"FLUOPYRAM","תות שדה לפרי","0.400","2016-05-23T00:00:00",
"FLUOPYRAM","מלון","0.050","2015-11-12T00:00:00",
"FLUOPYRAM","מלפפון","0.200","2016-06-05T00:00:00","0.300"
"FLUOPYRAM","קישוא","0.050","2015-11-12T00:00:00",
"FLUOPYRAM","אבטיח","0.050","2015-11-12T00:00:00",
"FLUOPYRAM","פלפל",,"2021-04-26T00:00:00","0.700"
"FLUOPYRAM","חציל",,"2021-11-23T00:00:00","0.100"
"FLUOPYRAM","עגבניה","0.350","2016-06-05T00:00:00",
"FLUOPYRAM","בטטה",,"2025-06-26T00:00:00","0.150"
"FLUOPYRAM","גזר","0.050","2016-05-16T00:00:00","0.400"
"FLUOPYRAM","שקד","0.050","2015-11-12T00:00:00",
"FLUOPYRAM","תפוח עץ","0.200","2015-11-12T00:00:00",
"FLUOPYRAM","אגס","0.200","2015-11-12T00:00:00",
"FLUOPYRAM","שזיף",,"2020-02-26T00:00:00","0.050"
"FLUOPYRAM","משמש","0.700","2015-11-12T00:00:00",
"FLUOPYRAM","דובדבן",,"2021-04-26T00:00:00","1.000"
"FLUOPYRAM","נקטרינה","0.700","2015-11-12T00:00:00",
"FLUOPYRAM","אפרסק","0.700","2015-11-12T00:00:00",
"FLUOPYRAM","חבוש","0.200","2015-11-12T00:00:00",
"FLUOXASTROBIN","פלפל","0.010","2021-04-26T00:00:00",
"FLUPYRADIFURONE","ענבי שועל","3.000","2025-07-24T00:00:00","יתבטל"
"FLUPYRADIFURONE","ענבים",,"2025-07-24T00:00:00","3.000"
"FLUPYRADIFURONE","כרוב",,"2021-01-20T00:00:00","0.050"
"FLUPYRADIFURONE","ברוקולי",,"2022-10-06T00:00:00","0.010"
"FLUPYRADIFURONE","כרובית",,"2022-10-06T00:00:00","0.010"
"FLUPYRADIFURONE","מלון",,"2021-01-20T00:00:00","0.100"
"FLUPYRADIFURONE","מלפפון",,"2021-01-20T00:00:00","0.300"
"FLUPYRADIFURONE","קישוא",,"2021-01-20T00:00:00","0.300"
"FLUPYRADIFURONE","אבטיח",,"2021-01-20T00:00:00","0.050"
"FLUPYRADIFURONE","חסה",,"2022-10-06T00:00:00","2.500"
"FLUPYRADIFURONE","פלפל",,"2021-01-20T00:00:00","0.300"
"FLUPYRADIFURONE","חציל",,"2021-01-20T00:00:00","0.300"
"FLUPYRADIFURONE","עגבניה",,"2021-01-20T00:00:00","0.300"
"FLUPYRADIFURONE","שעועית ירוקה",,"2024-10-29T00:00:00","0.200"
"FLUPYRADIFURONE","שקד",,"2022-12-26T00:00:00","0.300"
"FLUPYRADIFURONE","תפוח עץ",,"2022-10-06T00:00:00","0.300"
"FLUPYRADIFURONE","אגס",,"2024-01-29T00:00:00","0.150"
"FLUPYRADIFURONE","שזיף",,"2022-10-06T00:00:00","0.150"
"FLUROCHLORIDONE","חימצה (חומוס)","0.010","2013-01-16T00:00:00",
"FLUROCHLORIDONE","כוסברה (גד השדה)","0.010","2013-01-16T00:00:00",
"FLUROCHLORIDONE","בטטה","0.010","2009-12-03T00:00:00",
"FLUROCHLORIDONE","גזר","0.010","2007-08-30T00:00:00",
"FLUROCHLORIDONE","כותנה","0.010","2013-01-16T00:00:00",
"FLUROCHLORIDONE","אגוז אדמה","0.010","2011-01-09T00:00:00",
"FLUROCHLORIDONE","חמנית מצויה","0.010","2013-01-16T00:00:00",
"FLUROCHLORIDONE","שמיר (שבת)","0.010","2013-01-16T00:00:00",
"FLUROCHLORIDONE","פטרוסלינון (שורש ועלים)","0.010","2013-01-16T00:00:00",
"FLUROXYPYR","פרי הדר","0.010","1999-01-01T00:00:00",
"FLUROXYPYR","חוחובה","0.010","2013-01-16T00:00:00",
"FLUROXYPYR","פקאן תרבותי","0.010","1999-01-01T00:00:00",
"FLUROXYPYR","פיג'ואה","0.010","1999-01-01T00:00:00",
"FLUROXYPYR","מנגו","0.010","1999-01-01T00:00:00",
"FLUROXYPYR","אפרסמון","0.010","2005-09-20T00:00:00",
"FLUROXYPYR","רימון","0.010","2013-01-16T00:00:00",
"FLUROXYPYR","תפוח עץ","0.010","1999-01-01T00:00:00",
"FLUROXYPYR","אגס","0.010","1999-01-01T00:00:00",
"FLUROXYPYR","שזיף","0.010","1999-01-01T00:00:00",
"FLUROXYPYR","משמש","0.010","1999-01-01T00:00:00",
"FLUROXYPYR","נקטרינה","0.010","2004-07-13T00:00:00",
"FLUROXYPYR","אפרסק","0.010","1999-01-01T00:00:00",
"FLUROXYPYR","תמר","0.010","1999-01-01T00:00:00",
"FLUROXYPYR","זית אירופאי","0.010","2005-09-20T00:00:00",
"FLUROXYPYR","תירס","0.010","2017-12-28T00:00:00",
"FLUROXYPYR","חיטה",,"2017-07-24T00:00:00","0.010"
"FLUROXYPYR","אנונה","0.010","1999-01-01T00:00:00",
"FLURPRIMIDOL","אבוקדו","0.050","2006-11-06T00:00:00",
"FLUSULFAMIDE","תפוח אדמה",,"2018-01-09T00:00:00","0.020"
"FLUTOLANIL","תפוח אדמה","0.100","2005-12-07T00:00:00",
"FLUTRIAFOL","פרי הדר","0.200","1998-05-15T00:00:00",
"FLUTRIAFOL","תפוח אדמה","0.200","1999-01-01T00:00:00",
"FLUTRIAFOL","פלפל","0.200","2010-06-21T00:00:00",
"FLUTRIAFOL","חציל","0.020","2010-06-21T00:00:00",
"FLUTRIAFOL","גזר","0.200","1999-01-01T00:00:00",
"FLUTRIAFOL","מנגו","0.030","2015-11-15T00:00:00",
"FLUTRIAFOL","אפרסק","0.050","2015-11-12T00:00:00",
"FLUXAPYROXAD","ענבים",,"2022-05-12T00:00:00","0.400"
"FLUXAPYROXAD","תפוח אדמה",,"2025-06-25T00:00:00","0.010"
"FLUXAPYROXAD","מלפפון",,"2024-01-29T00:00:00","0.200"
"FLUXAPYROXAD","גזר",,"2023-12-11T00:00:00","0.080"
"FLUXAPYROXAD","מנגו",,"2022-12-04T00:00:00","0.010"
"FLUXAPYROXAD","תפוח עץ",,"2022-12-04T00:00:00","0.300"
"FLUXAPYROXAD","משמש",,"2022-12-04T00:00:00","0.300"
"FLUXAPYROXAD","נקטרינה",,"2022-05-12T00:00:00","0.300"
"FLUXAPYROXAD","אפרסק",,"2022-05-12T00:00:00","0.300"
"FOLPET","ענבים","7.000","2011-07-25T00:00:00",
"FOLPET","תפוח אדמה","0.020","1996-01-01T00:00:00",
"FOLPET","מלפפון","0.500","1996-01-01T00:00:00",
"FOLPET","עגבניה","0.500","1999-01-01T00:00:00",
"FOLPET","גזר","0.020","1996-01-01T00:00:00",
"FOLPET","בצל","1.000","2013-01-17T00:00:00",
"FOLPET","שקד","0.500","1999-01-01T00:00:00",
"FOLPET","תפוח עץ","10.000","1996-01-01T00:00:00",
"FOLPET","אגס","10.000","1996-01-01T00:00:00",
"FOLPET","נקטרינה","5.000","2005-09-20T00:00:00",
"FOLPET","אפרסק","5.000","2005-09-20T00:00:00",
"FOMESAFEN","חימצה (חומוס)","0.010","2013-01-17T00:00:00",
"FOMESAFEN","אפון","0.010","2000-01-01T00:00:00",
"FOMESAFEN","שעועית ירוקה","0.010","2000-01-01T00:00:00",
"FORAMSULFURON","תירס","0.050","2017-12-28T00:00:00",
"FORCHLORFENURON","ענבים","0.010","2000-10-15T00:00:00",
"FORCHLORFENURON","קיווי","0.010","2000-10-15T00:00:00",
"FORCHLORFENURON","אגס","0.010","2000-10-15T00:00:00",
"FORMETANATE HCL","כרוב","0.050","2013-01-16T00:00:00",
"FORMETANATE HCL","ברוקולי","0.050","2013-01-16T00:00:00",
"FORMETANATE HCL","כרובית","0.050","2012-05-06T00:00:00",
"FORMETANATE HCL","קולרבי","0.050","2013-01-16T00:00:00",
"FORMETANATE HCL","מלפפון","0.200","2012-08-26T00:00:00",
"FORMETANATE HCL","פלפל","0.500","2012-05-06T00:00:00",
"FORMETANATE HCL","חציל","0.500","2012-05-06T00:00:00",
"FORMETANATE HCL","עגבניה","0.500","2012-05-06T00:00:00",
"FORMETANATE HCL","בצל","0.300","2012-01-08T00:00:00",
"FORMETANATE HCL","שום","0.300","2012-01-08T00:00:00",
"FORMETANATE HCL","משמש","0.010","2012-08-26T00:00:00",
"FORMETANATE HCL","נקטרינה","0.010","2011-07-25T00:00:00",
"FORMETANATE HCL","אפרסק","0.010","2011-07-25T00:00:00",
"FOSETYL AL","ענבים","5.000","1996-01-01T00:00:00",
"FOSETYL AL","פרי הדר","5.000","1996-01-01T00:00:00",
"FOSETYL AL","מלון","1.000","1996-01-01T00:00:00",
"FOSETYL AL","מלפפון","2.000","1996-01-01T00:00:00",
"FOSETYL AL","דלעת","0.500","2015-11-15T00:00:00",
"FOSETYL AL","קישוא",,"2017-03-13T00:00:00","2.000"
"FOSETYL AL","חסה","1.000","1996-01-01T00:00:00",
"FOSETYL AL","דלורית","0.500","2015-11-15T00:00:00",
"FOSETYL AL","בצל","0.500","2015-11-12T00:00:00",
"GLUFOSINATE AMMONIUM","ירקות","0.010","2013-01-17T00:00:00",
"GLUFOSINATE AMMONIUM","פירות","0.010","2013-01-17T00:00:00",
"GLUFOSINATE AMMONIUM","ענבים","0.010","2013-01-17T00:00:00",
"GLUFOSINATE AMMONIUM","פרי הדר","0.010","2013-01-17T00:00:00",
"GLUFOSINATE AMMONIUM","תפוח אדמה","0.010","2013-01-17T00:00:00",
"GLUFOSINATE AMMONIUM","כותנה","0.010","2013-01-17T00:00:00",
"GLUFOSINATE AMMONIUM","אבוקדו","0.010","2013-01-17T00:00:00",
"GLUFOSINATE AMMONIUM","מנגו","0.010","2013-01-17T00:00:00",
"GLUFOSINATE AMMONIUM","אפרסמון","0.010","2013-01-17T00:00:00",
"GLUFOSINATE AMMONIUM","תפוח עץ","0.010","2013-01-17T00:00:00",
"GLUFOSINATE AMMONIUM","שסק","0.010","2013-01-17T00:00:00",
"GLUFOSINATE AMMONIUM","שזיף","0.010","2013-01-17T00:00:00",
"GLUFOSINATE AMMONIUM","נקטרינה","0.010","2013-01-17T00:00:00",
"GLUFOSINATE AMMONIUM","אפרסק","0.010","2013-01-17T00:00:00",
"GLUFOSINATE AMMONIUM","תמר","0.010","2013-01-17T00:00:00",
"GLUFOSINATE AMMONIUM","זית אירופאי","0.010","2013-01-17T00:00:00",
"GLYPHOSATE","בקיה","0.100","1999-01-01T00:00:00",
"GLYPHOSATE","ירקות","0.100","2005-09-20T00:00:00",
"GLYPHOSATE","פירות","0.200","2005-09-20T00:00:00",
"GLYPHOSATE","ענבים","0.200","1999-01-01T00:00:00",
"GLYPHOSATE","פרי הדר","0.200","1999-01-01T00:00:00",
"GLYPHOSATE","מלון","0.500","1999-01-01T00:00:00",
"GLYPHOSATE","אבטיח","0.500","1999-01-01T00:00:00",
"GLYPHOSATE","חימצה (חומוס)","0.100","2013-01-17T00:00:00",
"GLYPHOSATE","בצל","0.100","2013-01-17T00:00:00",
"GLYPHOSATE","כותנה","0.500","1999-01-01T00:00:00",
"GLYPHOSATE","אגוז אדמה","0.100","1999-01-01T00:00:00",
"GLYPHOSATE","חמנית מצויה","0.200","1999-01-01T00:00:00",
"GLYPHOSATE","שקד","1.000","1999-01-01T00:00:00",
"GLYPHOSATE","פקאן תרבותי","0.200","1999-01-01T00:00:00",
"GLYPHOSATE","אבוקדו","0.200","1999-01-01T00:00:00",
"GLYPHOSATE","בננה","0.200","1999-01-01T00:00:00",
"GLYPHOSATE","זית אירופאי","0.200","1999-01-01T00:00:00",
"GLYPHOSATE","דגניים","0.100","1999-01-01T00:00:00",
"GLYPHOSATE","שעורה תרבותית","0.100","2013-01-17T00:00:00",
"GLYPHOSATE","תירס","0.100","1999-01-01T00:00:00",
"GLYPHOSATE","שבולת שועל","0.100","2013-01-17T00:00:00",
"GLYPHOSATE","דורה-סורגום","0.100","2013-01-17T00:00:00",
"GLYPHOSATE","חיטה","5.000","1999-01-01T00:00:00",
"GUAZATINE","פרי הדר","5.000","1996-01-01T00:00:00","יתבטל"
"HALAUXIFEN METHYL","שעורה תרבותית","0.010","2015-11-12T00:00:00",
"HALAUXIFEN METHYL","שבולת שועל","0.010","2015-11-12T00:00:00",
"HALAUXIFEN METHYL","חיטה","0.010","2015-11-12T00:00:00",
"HALOXYFOP R METHYL","תלתן","0.020","2013-01-17T00:00:00",
"HALOXYFOP R METHYL","בקיה","0.020","2013-01-17T00:00:00",
"HALOXYFOP R METHYL","ענבים","0.020","2013-01-17T00:00:00",
"HALOXYFOP R METHYL","כרפס/סלרי (שורש ועלים)","0.020","2013-01-17T00:00:00",
"HALOXYFOP R METHYL","כרוב","0.020","2013-01-17T00:00:00",
"HALOXYFOP R METHYL","ברוקולי","0.020","2013-01-17T00:00:00",
"HALOXYFOP R METHYL","כרובית","0.020","2013-01-17T00:00:00",
"HALOXYFOP R METHYL","אבטיח","0.020","2013-01-17T00:00:00",
"HALOXYFOP R METHYL","חימצה (חומוס)","0.020","2013-01-17T00:00:00",
"HALOXYFOP R METHYL","חסה","0.020","2013-01-17T00:00:00",
"HALOXYFOP R METHYL","פלפל","0.020","2013-01-17T00:00:00",
"HALOXYFOP R METHYL","עגבניה","0.020","2013-01-17T00:00:00",
"HALOXYFOP R METHYL","אפון","0.020","2013-01-17T00:00:00",
"HALOXYFOP R METHYL","סלק אדום (שורש ועלים)","0.020","2013-01-17T00:00:00",
"HALOXYFOP R METHYL","בצל","0.020","2013-01-17T00:00:00",
"HALOXYFOP R METHYL","כותנה","0.020","2013-01-17T00:00:00",
"HALOXYFOP R METHYL","אגוז אדמה","0.020","2013-01-17T00:00:00",
"HALOXYFOP R METHYL","חריע","0.020","2013-01-17T00:00:00",
"HALOXYFOP R METHYL","חמנית מצויה","0.020","2013-01-17T00:00:00",
"HALOXYFOP R METHYL","שום","0.020","2013-01-17T00:00:00",
"HEPTACHLOR","חלב","0.006","1999-01-01T00:00:00",
"HEPTACHLOR","בשר","0.200","1999-01-01T00:00:00",
"HEPTACHLOR","ביצים","0.050","1999-01-01T00:00:00",
"HEPTACHLOR","בשר עוף","0.200","1999-01-01T00:00:00",
"HEPTACHLOR","כותנה","0.020","1996-01-01T00:00:00",
"HEPTACHLOR","דגניים","0.020","1996-01-01T00:00:00",
"HYMEXAZOL","מלפפון","0.050","2013-01-17T00:00:00",
"HYMEXAZOL","עגבניה","0.050","2013-01-17T00:00:00",
"IMAZALIL","פרי הדר","5.000","1996-01-01T00:00:00",
"IMAZALIL","תפוח אדמה","5.000","2005-09-21T00:00:00",
"IMAZALIL","מלון","2.000","1996-01-01T00:00:00",
"IMAZALIL","בננה","2.000","1999-01-01T00:00:00",
"IMAZALIL","אפרסמון","0.010","2013-01-17T00:00:00",
"IMAZALIL","תפוח עץ","0.010","2013-01-17T00:00:00",
"IMAZALIL","שזיף","0.010","2013-01-17T00:00:00",
"IMAZALIL","משמש","0.010","2013-01-17T00:00:00",
"IMAZALIL","אפרסק","0.010","2013-01-17T00:00:00",
"IMAZALIL","חיטה","0.010","2013-01-17T00:00:00",
"IMAZAMOX","אספסת","0.010","2013-01-17T00:00:00",
"IMAZAMOX","תלתן","0.010","2013-01-17T00:00:00",
"IMAZAMOX","בקיה","0.010","2013-01-17T00:00:00",
"IMAZAMOX","אפון","0.010","2013-01-17T00:00:00",
"IMAZAMOX","שעועית ירוקה","0.010","2013-01-17T00:00:00",
"IMAZAMOX","אגוז אדמה","0.010","2013-01-17T00:00:00",
"IMAZAPIC","עגבניה","0.100","2016-05-29T00:00:00",
"IMAZAPIC","אגוז אדמה","0.010","2013-01-17T00:00:00",
"IMAZAPYR","תמר","0.010","1999-01-01T00:00:00",
"IMAZETHAPYR","אפון","0.010","1999-01-01T00:00:00",
"IMIDACLOPRID","קורנית","2.000","2011-12-19T00:00:00",
"IMIDACLOPRID","ענבים","0.100","1998-05-01T00:00:00",
"IMIDACLOPRID","תות שדה לפרי","0.100","2000-07-10T00:00:00",
"IMIDACLOPRID","פרי הדר","0.500","1996-01-01T00:00:00",
"IMIDACLOPRID","תפוח אדמה","0.500","2005-09-21T00:00:00",
"IMIDACLOPRID","כרוב","0.500","2014-03-02T00:00:00",
"IMIDACLOPRID","ברוקולי","0.500","2014-03-02T00:00:00",
"IMIDACLOPRID","כרובית","0.500","2014-03-02T00:00:00",
"IMIDACLOPRID","קולרבי","0.500","2014-03-02T00:00:00",
"IMIDACLOPRID","מלון","0.100","1996-01-01T00:00:00",
"IMIDACLOPRID","מלפפון","1.000","2012-12-02T00:00:00",
"IMIDACLOPRID","קישוא","1.000","2012-12-02T00:00:00",
"IMIDACLOPRID","אבטיח","0.100","1996-01-01T00:00:00",
"IMIDACLOPRID","חימצה (חומוס)","0.300","2013-01-17T00:00:00",
"IMIDACLOPRID","סלק עלים","2.000","2014-03-19T00:00:00",
"IMIDACLOPRID","כוסברה (גד השדה)","2.000","2011-12-19T00:00:00",
"IMIDACLOPRID","כרוב סיני","0.500","2005-09-21T00:00:00",
"IMIDACLOPRID","תרד","2.000","2014-03-19T00:00:00",
"IMIDACLOPRID","פלפל","0.300","2001-03-21T00:00:00",
"IMIDACLOPRID","חציל","0.300","2014-02-16T00:00:00",
"IMIDACLOPRID","עגבניה","3.000","2001-10-21T00:00:00",
"IMIDACLOPRID","גזר","0.050","2011-05-17T00:00:00",
"IMIDACLOPRID","בצל","0.300","1999-01-01T00:00:00",
"IMIDACLOPRID","כותנה","0.100","1999-01-01T00:00:00",
"IMIDACLOPRID","שקד","0.300","1996-01-01T00:00:00",
"IMIDACLOPRID","פקאן תרבותי","0.300","2005-09-21T00:00:00",
"IMIDACLOPRID","אורגנו","2.000","2011-12-19T00:00:00",
"IMIDACLOPRID","בננה","0.050","2015-11-12T00:00:00",
"IMIDACLOPRID","מנגו","0.200","2010-04-18T00:00:00",
"IMIDACLOPRID","אפרסמון","0.050","2011-03-01T00:00:00",
"IMIDACLOPRID","רימון","1.000","2013-01-17T00:00:00",
"IMIDACLOPRID","תפוח עץ","0.300","1996-01-01T00:00:00",
"IMIDACLOPRID","אגס","0.300","1999-01-01T00:00:00",
"IMIDACLOPRID","שזיף","0.300","2014-03-02T00:00:00",
"IMIDACLOPRID","משמש","0.500","2013-01-17T00:00:00",
"IMIDACLOPRID","נקטרינה","0.300","2004-07-13T00:00:00",
"IMIDACLOPRID","אפרסק","0.300","1996-01-01T00:00:00",
"IMIDACLOPRID","תמר","0.050","2005-02-01T00:00:00",
"IMIDACLOPRID","זית אירופאי","1.000","2010-07-18T00:00:00",
"IMIDACLOPRID","תירס","0.010","2005-12-11T00:00:00",
"IMIDACLOPRID","חיטה","0.300","2013-01-17T00:00:00",
"IMIDACLOPRID","ריחן מצוי / בזיל","2.000","2011-12-19T00:00:00",
"IMIDACLOPRID","עירית בצלית","0.300","2012-07-02T00:00:00",
"IMIDACLOPRID","שמיר (שבת)","2.000","2011-12-19T00:00:00",
"IMIDACLOPRID","מיורם","2.000","2011-12-19T00:00:00",
"IMIDACLOPRID","מנטה","2.000","2011-12-19T00:00:00",
"IMIDACLOPRID","פטרוסלינון (שורש ועלים)","2.000","2011-12-19T00:00:00",
"IMIDACLOPRID","רוזמרין","2.000","2011-12-19T00:00:00",
"IMIDACLOPRID","מרווה","2.000","2011-12-19T00:00:00",
"IMIDACLOPRID","טרגון","2.000","2011-12-19T00:00:00",
"IMIDACLOPRID","רוקט (בן חרדל)",,"2019-04-18T00:00:00","2.500"
"IMIDACLOPRID","רוקולה","2.500","2006-03-21T00:00:00",
"IMIDACLOPRID","מיזונה (כרוב רפה)","2.000","2014-03-19T00:00:00",
"IMIDACLOPRID","בצל ירוק","2.000","2011-12-19T00:00:00",
"IMIDACLOPRID","חומעת הגינה","2.000","2011-12-19T00:00:00",
"IMIDACLOPRID","עלי טטסוי","2.000","2014-03-19T00:00:00",
"IN ACCREDITATION=","שונות","0.000","2005-01-23T00:00:00",
"INDOXACARB","קורנית","2.000","2012-11-27T00:00:00",
"INDOXACARB","ענבים","1.000","2005-09-22T00:00:00",
"INDOXACARB","תות שדה לפרי","0.200","2006-04-02T00:00:00",
"INDOXACARB","מליסה","2.000","2012-11-27T00:00:00",
"INDOXACARB","תפוח אדמה","0.020","2005-09-22T00:00:00",
"INDOXACARB","כרפס/סלרי (שורש ועלים)","2.000","2012-11-27T00:00:00",
"INDOXACARB","כרוב","0.020","2001-05-24T00:00:00",
"INDOXACARB","כרובית","0.020","2001-05-24T00:00:00",
"INDOXACARB","מלון","0.020","2012-08-26T00:00:00",
"INDOXACARB","אבטיח","0.020","2001-05-24T00:00:00",
"INDOXACARB","חימצה (חומוס)","0.020","2010-06-21T00:00:00",
"INDOXACARB","כוסברה (גד השדה)","2.000","2012-11-27T00:00:00",
"INDOXACARB","חסה","0.020","2005-09-22T00:00:00",
"INDOXACARB","פלפל","0.020","2001-05-24T00:00:00",
"INDOXACARB","עגבניה","0.200","2011-07-25T00:00:00",
"INDOXACARB","אפון","0.020","2008-03-05T00:00:00",
"INDOXACARB","שעועית ירוקה","0.020","2009-05-27T00:00:00",
"INDOXACARB","גזר","0.050","2012-08-26T00:00:00",
"INDOXACARB","כותנה","0.020","2001-05-24T00:00:00",
"INDOXACARB","אגוז אדמה","0.020","2005-09-22T00:00:00",
"INDOXACARB","אורגנו","2.000","2012-11-27T00:00:00",
"INDOXACARB","רימון","0.100","2012-08-26T00:00:00",
"INDOXACARB","תירס","0.020","2001-05-24T00:00:00",
"INDOXACARB","ריחן מצוי / בזיל","2.000","2012-11-27T00:00:00",
"INDOXACARB","עירית בצלית","2.000","2012-11-27T00:00:00",
"INDOXACARB","שמיר (שבת)","2.000","2012-11-27T00:00:00",
"INDOXACARB","מיורם","2.000","2012-11-27T00:00:00",
"INDOXACARB","מנטה","2.000","2012-11-27T00:00:00",
"INDOXACARB","פטרוסלינון (שורש ועלים)","2.000","2012-11-27T00:00:00",
"INDOXACARB","רוזמרין","2.000","2012-11-27T00:00:00",
"INDOXACARB","מרווה","2.000","2012-11-27T00:00:00",
"INDOXACARB","טרגון","2.000","2012-11-27T00:00:00",
"INDOXACARB","רוקט (בן חרדל)",,"2019-04-11T00:00:00","2.000"
"INDOXACARB","רוקולה","2.000","2012-11-27T00:00:00",
"INDOXACARB","בצל ירוק","2.000","2012-11-27T00:00:00",
"INDOXACARB","אפונת שלג","0.020","2010-07-15T00:00:00",
"IODOSULFURON METHYL SODIUM","חיטה","0.050","2005-09-22T00:00:00",
"IPRODIONE","ענבים","10.000","1996-01-01T00:00:00","יתבטל"
"IPRODIONE","תות שדה לפרי","10.000","1996-01-01T00:00:00","יתבטל"
"IPRODIONE","פרי הדר","1.000","1996-01-01T00:00:00","יתבטל"
"IPRODIONE","תפוח אדמה","0.100","1996-01-01T00:00:00","יתבטל"
"IPRODIONE","כרפס/סלרי (שורש ועלים)","5.000","1996-01-01T00:00:00","יתבטל"
"IPRODIONE","ברוקולי","5.000","2000-01-01T00:00:00","יתבטל"
"IPRODIONE","כרובית","5.000","1996-01-01T00:00:00","יתבטל"
"IPRODIONE","מלון","2.000","1999-01-01T00:00:00","יתבטל"
"IPRODIONE","מלפפון","2.000","1998-11-01T00:00:00","יתבטל"
"IPRODIONE","קישוא","5.000","1996-01-01T00:00:00","יתבטל"
"IPRODIONE","כרוב סיני","5.000","1996-01-01T00:00:00","יתבטל"
"IPRODIONE","חסה","10.000","1996-01-01T00:00:00","יתבטל"
"IPRODIONE","פלפל","5.000","2005-05-26T00:00:00","יתבטל"
"IPRODIONE","חציל","5.000","1996-01-01T00:00:00","יתבטל"
"IPRODIONE","עגבניה","5.000","1996-01-01T00:00:00","יתבטל"
"IPRODIONE","בטטה","0.100","1999-01-01T00:00:00","יתבטל"
"IPRODIONE","גזר","10.000","1998-11-01T00:00:00","יתבטל"
"IPRODIONE","בצל","0.200","1998-11-01T00:00:00","יתבטל"
"IPRODIONE","מנגו","5.000","1996-01-01T00:00:00","יתבטל"
"IPRODIONE","תפוח עץ","10.000","1996-01-01T00:00:00","יתבטל"
"IPRODIONE","אגס","10.000","1996-01-01T00:00:00","יתבטל"
"IPRODIONE","שזיף","1.000","2011-04-14T00:00:00","יתבטל"
"IPRODIONE","משמש","1.000","2009-07-01T00:00:00","יתבטל"
"IPRODIONE","נקטרינה","1.000","2008-01-13T00:00:00","יתבטל"
"IPRODIONE","תירס","5.000","2017-12-28T00:00:00","יתבטל"
"IPROVALICARB","ענבים","0.050","2001-10-21T00:00:00","יתבטל"
"IPROVALICARB","תפוח אדמה","0.050","2001-10-21T00:00:00","יתבטל"
"IPROVALICARB","מלון","0.050","2001-10-21T00:00:00","יתבטל"
"IPROVALICARB","מלפפון","0.050","2001-10-21T00:00:00","יתבטל"
"IPROVALICARB","עגבניה","0.050","2001-10-21T00:00:00","יתבטל"
"IPROVALICARB","בצל","0.050","2001-10-21T00:00:00","יתבטל"
"IPROVALICARB","עירית בצלית","1.500","2005-09-26T00:00:00","יתבטל"
"IPROVALICARB","פטרוסלינון (שורש ועלים)","2.000","2005-10-30T00:00:00","יתבטל"
"ISOFETAMID","ענבים",,"2024-01-29T00:00:00","3.000"
"ISOFETAMID","תות שדה לפרי",,"2023-02-12T00:00:00","2.000"
"ISOFETAMID","תפוח אדמה",,"2025-07-08T00:00:00","0.010"
"ISOFETAMID","מלפפון",,"2023-02-12T00:00:00","0.800"
"ISOFETAMID","קישוא",,"2023-02-12T00:00:00","0.500"
"ISOFETAMID","כוסברה (גד השדה)",,"2023-02-12T00:00:00","3.500"
"ISOFETAMID","פלפל",,"2023-02-12T00:00:00","0.800"
"ISOFETAMID","חציל",,"2023-02-12T00:00:00","0.700"
"ISOFETAMID","עגבניה",,"2023-02-12T00:00:00","1.000"
"ISOFETAMID","ריחן מצוי / בזיל",,"2023-02-12T00:00:00","20.000"
"ISOFETAMID","שמיר (שבת)",,"2023-02-12T00:00:00","13.000"
"ISOFETAMID","פטרוסלינון (שורש ועלים)",,"2023-02-12T00:00:00","11.000"
"ISOXABEN","פרי הדר","0.010","1999-01-01T00:00:00","יתבטל"
"ISOXADIFEN ETHYL","תירס","0.050","2017-12-28T00:00:00",
"ISOXAFLUTOLE","חימצה (חומוס)","0.010","2013-01-17T00:00:00",
"ISOXAFLUTOLE","תירס","0.010","2017-12-28T00:00:00",
"ISOXAFLUTOLE","חיטה","0.010","2013-01-17T00:00:00",
"KRESOXIM METHYL","ענבים","0.500","1998-11-01T00:00:00",
"KRESOXIM METHYL","תות שדה לפרי","0.100","2008-03-24T00:00:00",
"KRESOXIM METHYL","מלון","0.100","2005-09-26T00:00:00",
"KRESOXIM METHYL","מלפפון","0.100","1998-05-15T00:00:00",
"KRESOXIM METHYL","דלעת","0.100","2011-12-12T00:00:00",
"KRESOXIM METHYL","קישוא","0.100","1999-01-01T00:00:00",
"KRESOXIM METHYL","אבטיח","0.100","1998-05-15T00:00:00",
"KRESOXIM METHYL","גזר","0.020","2008-11-24T00:00:00",
"KRESOXIM METHYL","מנגו","0.500","1999-01-01T00:00:00",
"KRESOXIM METHYL","אפרסמון","0.050","2010-06-21T00:00:00",
"KRESOXIM METHYL","תפוח עץ","0.010","1998-11-01T00:00:00",
"KRESOXIM METHYL","שזיף","0.100","2008-03-25T00:00:00",
"KRESOXIM METHYL","משמש","0.100","2008-06-10T00:00:00",
"KRESOXIM METHYL","נקטרינה","0.100","2000-01-01T00:00:00",
"KRESOXIM METHYL","אפרסק","0.100","2000-01-01T00:00:00",
"LAMBDA CYHALOTHRIN","ענבים","0.200","2005-08-24T00:00:00",
"LAMBDA CYHALOTHRIN","תפוח אדמה","0.020","2005-08-24T00:00:00",
"LAMBDA CYHALOTHRIN","צנונית","0.050","2014-08-04T00:00:00",
"LAMBDA CYHALOTHRIN","כרוב","0.020","2014-03-02T00:00:00",
"LAMBDA CYHALOTHRIN","ברוקולי","0.020","2014-03-02T00:00:00",
"LAMBDA CYHALOTHRIN","כרובית","0.020","2014-03-02T00:00:00","0.070"
"LAMBDA CYHALOTHRIN","קולרבי","0.020","2014-03-02T00:00:00",
"LAMBDA CYHALOTHRIN","מלון","0.020","2014-03-02T00:00:00",
"LAMBDA CYHALOTHRIN","מלפפון","0.020","2014-02-16T00:00:00",
"LAMBDA CYHALOTHRIN","קישוא","0.020","2014-03-02T00:00:00",
"LAMBDA CYHALOTHRIN","חימצה (חומוס)","0.050","2015-11-15T00:00:00",
"LAMBDA CYHALOTHRIN","חסה","0.200","2011-11-16T00:00:00",
"LAMBDA CYHALOTHRIN","פלפל","0.200","2005-08-24T00:00:00",
"LAMBDA CYHALOTHRIN","חציל","0.200","2005-08-24T00:00:00",
"LAMBDA CYHALOTHRIN","עגבניה","0.100","2005-08-24T00:00:00",
"LAMBDA CYHALOTHRIN","פפריקה","0.020","2015-11-17T00:00:00",
"LAMBDA CYHALOTHRIN","שעועית ירוקה",,"2019-06-16T00:00:00","0.050"
"LAMBDA CYHALOTHRIN","בטטה","0.050","2012-05-06T00:00:00",
"LAMBDA CYHALOTHRIN","גזר","0.050","2012-05-06T00:00:00",
"LAMBDA CYHALOTHRIN","בצל","0.050","2012-11-18T00:00:00",
"LAMBDA CYHALOTHRIN","כותנה","0.050","2004-06-13T00:00:00",
"LAMBDA CYHALOTHRIN","אגוז אדמה","0.050","2011-11-14T00:00:00",
"LAMBDA CYHALOTHRIN","חמנית מצויה","0.010","2015-11-17T00:00:00",
"LAMBDA CYHALOTHRIN","שקד","0.050","2015-11-15T00:00:00",
"LAMBDA CYHALOTHRIN","רימון","0.100","2014-02-16T00:00:00",
"LAMBDA CYHALOTHRIN","שזיף","0.020","2014-03-02T00:00:00",
"LAMBDA CYHALOTHRIN","משמש","0.050","2012-12-12T00:00:00",
"LAMBDA CYHALOTHRIN","נקטרינה","0.020","2014-02-16T00:00:00",
"LAMBDA CYHALOTHRIN","אפרסק","0.020","2014-03-02T00:00:00",
"LAMBDA CYHALOTHRIN","תמר","0.010","2015-11-17T00:00:00",
"LAMBDA CYHALOTHRIN","תאנה","0.020","2008-07-30T00:00:00",
"LAMBDA CYHALOTHRIN","זית אירופאי","0.500","2004-06-08T00:00:00",
"LAMBDA CYHALOTHRIN","תירס","0.050","2011-07-25T00:00:00",
"LINDANE","חלב","0.010","1999-01-01T00:00:00",
"LINDANE","בשר","0.100","2005-09-26T00:00:00",
"LINDANE","בשר, חלקי פנים","0.010","2005-09-26T00:00:00",
"LINDANE","ביצים","0.010","2005-09-26T00:00:00",
"LINDANE","בשר עוף","0.050","2005-09-26T00:00:00",
"LINDANE","בשר עוף, חלקי פנים","0.010","2005-09-26T00:00:00",
"LINURON","ענבים","0.050","2013-01-20T00:00:00",
"LINURON","תפוח אדמה","0.050","2013-01-20T00:00:00",
"LINURON","כרפס/סלרי (שורש ועלים)","0.050","2013-01-20T00:00:00",
"LINURON","גזר","0.050","2013-01-20T00:00:00",
"LINURON","כותנה","0.050","2013-01-20T00:00:00",
"LINURON","שקד","0.050","2013-01-20T00:00:00",
"LINURON","אגס","0.050","2013-01-20T00:00:00",
"LINURON","שזיף","0.050","2013-01-20T00:00:00",
"LINURON","משמש","0.050","2013-01-20T00:00:00",
"LINURON","אפרסק","0.050","2013-01-20T00:00:00",
"LINURON","פטרוסלינון (שורש ועלים)","0.050","2013-01-20T00:00:00",
"LUFENURON","קורנית","0.050","2010-10-04T00:00:00",
"LUFENURON","ענבים","3.000","2013-05-19T00:00:00",
"LUFENURON","תות שדה לפרי","0.200","2011-07-25T00:00:00",
"LUFENURON","תפוח אדמה","0.050","1999-01-01T00:00:00",
"LUFENURON","קינרס (ארטישוק)","0.050","1996-01-01T00:00:00",
"LUFENURON","כרפס/סלרי (שורש ועלים)","0.050","2013-06-19T00:00:00",
"LUFENURON","כרוב","0.100","2011-07-25T00:00:00",
"LUFENURON","ברוקולי","0.100","2011-07-25T00:00:00",
"LUFENURON","כרובית","0.100","2011-07-25T00:00:00",
"LUFENURON","קולרבי","0.100","2015-11-15T00:00:00",
"LUFENURON","סלק עלים","0.050","2014-03-19T00:00:00",
"LUFENURON","כוסברה (גד השדה)","0.050","2013-01-20T00:00:00",
"LUFENURON","כרוב סיני","0.050","2005-10-31T00:00:00",
"LUFENURON","חסה","0.100","2012-11-13T00:00:00",
"LUFENURON","תרד","0.050","2014-03-19T00:00:00",
"LUFENURON","פלפל","0.200","2011-07-25T00:00:00",
"LUFENURON","חציל","0.200","2013-05-19T00:00:00",
"LUFENURON","עגבניה","0.200","2011-07-25T00:00:00",
"LUFENURON","שעועית ירוקה","0.100","2011-07-25T00:00:00",
"LUFENURON","בטטה","0.050","2011-07-25T00:00:00",
"LUFENURON","סלק אדום (שורש ועלים)","0.050","1996-01-01T00:00:00",
"LUFENURON","גזר","0.050","2005-10-31T00:00:00",
"LUFENURON","כותנה","0.050","1999-01-01T00:00:00",
"LUFENURON","רימון","0.500","2013-05-19T00:00:00",
"LUFENURON","תפוח עץ","0.050","1999-01-01T00:00:00",
"LUFENURON","אגס","0.050","2012-08-26T00:00:00",
"LUFENURON","חבוש","0.050","2016-05-11T00:00:00",
"LUFENURON","משמש","0.150","2012-08-26T00:00:00",
"LUFENURON","נקטרינה",,"2020-01-30T00:00:00","0.050"
"LUFENURON","אפרסק","0.150","2013-11-25T00:00:00",
"LUFENURON","תירס","0.100","2013-05-19T00:00:00",
"LUFENURON","ריחן מצוי / בזיל","0.050","1999-01-01T00:00:00",
"LUFENURON","עירית בצלית","0.050","2005-10-30T00:00:00",
"LUFENURON","שמיר (שבת)","0.050","2005-10-30T00:00:00",
"LUFENURON","מנטה","0.050","2005-10-30T00:00:00",
"LUFENURON","פטרוסלינון (שורש ועלים)","0.050","2013-01-20T00:00:00",
"LUFENURON","רוזמרין","0.050","2005-10-30T00:00:00",
"LUFENURON","מרווה","0.050","2010-10-04T00:00:00",
"LUFENURON","טרגון","0.050","2005-10-30T00:00:00",
"LUFENURON","רוקט (בן חרדל)","0.050","2014-03-19T00:00:00",
"LUFENURON","רוקולה","0.050","2010-10-04T00:00:00",
"LUFENURON","מיזונה (כרוב רפה)","0.050","2014-03-19T00:00:00",
"LUFENURON","בצל ירוק","0.050","2010-01-13T00:00:00",
"LUFENURON","עלי טטסוי","0.050","2014-03-19T00:00:00",
"MALATHION","פרי הדר","2.000","2005-05-24T00:00:00",
"MALATHION","צנונית","0.500","1996-01-01T00:00:00",
"MALATHION","קינרס (ארטישוק)","5.000","1996-01-01T00:00:00",
"MALATHION","כרפס/סלרי (שורש ועלים)","1.000","1996-01-01T00:00:00",
"MALATHION","כרוביים","1.000","1999-01-01T00:00:00",
"MALATHION","כרוב","1.000","1996-01-01T00:00:00",
"MALATHION","מלון","3.000","1996-01-01T00:00:00",
"MALATHION","מלפפון","3.000","1996-01-01T00:00:00",
"MALATHION","קישוא","3.000","1996-01-01T00:00:00",
"MALATHION","אבטיח","3.000","1996-01-01T00:00:00",
"MALATHION","חסה","1.000","1996-01-01T00:00:00",
"MALATHION","פלפל","0.500","1996-01-01T00:00:00",
"MALATHION","חציל","0.500","1996-01-01T00:00:00",
"MALATHION","עגבניה","3.000","1996-01-01T00:00:00",
"MALATHION","אפון","0.500","1996-01-01T00:00:00",
"MALATHION","שעועית ירוקה","2.000","1996-01-01T00:00:00",
"MALATHION","צנון","0.500","1996-01-01T00:00:00",
"MALATHION","סלק אדום (שורש ועלים)","0.500","1996-01-01T00:00:00",
"MALATHION","בצל","0.500","1996-01-01T00:00:00",
"MALATHION","שום","0.500","1996-01-01T00:00:00",
"MALATHION","מנגו","2.000","2005-10-31T00:00:00",
"MALATHION","אפרסמון","2.000","2005-10-31T00:00:00",
"MALATHION","תפוח עץ","2.000","1996-01-01T00:00:00",
"MALATHION","אגס","2.000","1996-01-01T00:00:00",
"MALATHION","חבוש","2.000","1996-01-01T00:00:00",
"MALATHION","שזיף","2.000","2018-07-31T00:00:00","יתבטל"
"MALATHION","דובדבן","2.000","2005-10-31T00:00:00",
"MALATHION","נקטרינה","2.000","2004-07-13T00:00:00",
"MALATHION","תאנה","2.000","2005-10-31T00:00:00",
"MALATHION","זית אירופאי","2.000","1996-01-01T00:00:00",
"MALATHION","גויאבה","2.000","2005-10-31T00:00:00",
"MALATHION","תירס","0.010","2005-12-11T00:00:00",
"MALEIC HYDRAZIDE","תפוח אדמה","50.000","2010-10-04T00:00:00",
"MALEIC HYDRAZIDE","עגבניה","0.500","2014-02-16T00:00:00","יתבטל"
"MALEIC HYDRAZIDE","בצל","15.000","1996-01-01T00:00:00",
"MANDIPROPAMID","ענבים",,"2025-11-04T00:00:00","2.000"
"MANDIPROPAMID","תפוח אדמה","0.050","2009-10-13T00:00:00",
"MANDIPROPAMID","מלון","0.050","2009-10-13T00:00:00",
"MANDIPROPAMID","מלפפון",,"2025-11-04T00:00:00","0.200"
"MANDIPROPAMID","קישוא","0.050","2010-07-15T00:00:00",
"MANDIPROPAMID","עגבניה","0.300","2014-03-02T00:00:00",
"MANDIPROPAMID","ריחן מצוי / בזיל","10.000","2015-11-12T00:00:00",
"MANDIPROPAMID","מנטה","10.000","2015-11-12T00:00:00",
"MANDIPROPAMID","פטרוסלינון (שורש ועלים)","2.000","2015-11-12T00:00:00",
"MANDIPROPAMID","רוזמרין","10.000","2015-11-12T00:00:00",
"MANDIPROPAMID","מרווה","10.000","2015-11-12T00:00:00",
"MANDIPROPAMID","רוקולה","5.000","2015-11-12T00:00:00",
"MCPA","וידן","0.500","2013-01-20T00:00:00",
"MCPA","דגניים","0.500","2005-10-03T00:00:00",
"MCPA","תירס","0.500","2005-10-31T00:00:00",
"MECOPROP-P","שבולת שועל","0.010","2005-10-31T00:00:00",
"MECOPROP-P","חיטה","0.010","2000-04-29T00:00:00",
"MEFENPYR DIETHYL","חיטה","0.050","2005-11-02T00:00:00",
"MEPANIPYRIM","תות שדה לפרי","0.200","1997-03-06T00:00:00",
"MEPANIPYRIM","מלפפון","0.100","1997-03-06T00:00:00",
"MEPANIPYRIM","פלפל","0.100","1999-01-01T00:00:00",
"MEPANIPYRIM","עגבניה","0.100","1997-03-06T00:00:00",
"MEPTYLDINOCAP","ענבים","0.100","2010-06-21T00:00:00",
"MEPTYLDINOCAP","מלון","0.200","2010-06-21T00:00:00",
"MEPTYLDINOCAP","קישוא","0.200","2012-05-24T00:00:00",
"MEPTYLDINOCAP","אבטיח","0.200","2012-05-24T00:00:00",
"MEPTYLDINOCAP","גזר","0.100","2010-07-15T00:00:00",
"MEPTYLDINOCAP","מנגו","0.050","2013-11-25T00:00:00",
"MEPTYLDINOCAP","תפוח עץ","0.050","2010-06-21T00:00:00",
"MEPTYLDINOCAP","אגס","0.050","2013-01-20T00:00:00",
"MEPTYLDINOCAP","משמש","0.200","2009-04-16T00:00:00",
"MEPTYLDINOCAP","נקטרינה","0.200","2009-04-05T00:00:00",
"MEPTYLDINOCAP","אפרסק","0.200","2009-04-05T00:00:00",
"MESOSULFURON-METHYL","חיטה","0.050","2013-01-20T00:00:00",
"MESOTRIONE","תירס מספוא",,"2024-10-29T00:00:00","0.010"
"MESOTRIONE","תירס מתוק",,"2024-10-29T00:00:00","0.010"
"MESOTRIONE","תירס",,"2024-10-29T00:00:00","0.010"
"METAFLUMIZONE","ענבים",,"2023-08-28T00:00:00","0.300"
"METAFLUMIZONE","תפוח אדמה","0.010","2016-06-07T00:00:00",
"METAFLUMIZONE","כרוב","0.020","2019-06-16T00:00:00","0.700"
"METAFLUMIZONE","חימצה (חומוס)",,"2019-07-23T00:00:00","0.020"
"METAFLUMIZONE","עגבניה","0.300","2016-06-07T00:00:00",
"METAFLUMIZONE","שעועית ירוקה",,"2019-06-16T00:00:00","1.000"
"METAFLUMIZONE","כותנה",,"2017-07-24T00:00:00","0.020"
"METAFLUMIZONE","שקד",,"2023-08-28T00:00:00","0.040"
"METAFLUMIZONE","תפוח עץ",,"2023-08-28T00:00:00","0.500"
"METAFLUMIZONE","אפרסק",,"2023-08-28T00:00:00","0.100"
"METAFLUMIZONE","תירס","0.010","2016-06-07T00:00:00",
"METALAXYL","ענבים","1.000","1996-01-01T00:00:00",
"METALAXYL","תות שדה לפרי","0.500","2005-10-31T00:00:00",
"METALAXYL","פרי הדר","5.000","1996-01-01T00:00:00",
"METALAXYL","מליסה","0.500","2013-01-20T00:00:00",
"METALAXYL","תפוח אדמה","0.050","1996-01-01T00:00:00",
"METALAXYL","צנונית","0.020","2013-01-20T00:00:00",
"METALAXYL","כרוביים","0.500","1996-01-01T00:00:00",
"METALAXYL","כרוב","0.500","2021-08-17T00:00:00",
"METALAXYL","מלון","0.200","2005-10-31T00:00:00",
"METALAXYL","מלפפון","0.500","1996-01-01T00:00:00",
"METALAXYL","קישוא",,"2017-08-17T00:00:00","0.500"
"METALAXYL","חימצה (חומוס)","0.050","2009-10-13T00:00:00",
"METALAXYL","סלק עלים","0.500","2014-03-19T00:00:00",
"METALAXYL","כוסברה (גד השדה)","0.500","2013-01-20T00:00:00",
"METALAXYL","כרוב סיני","0.500","1996-01-01T00:00:00",
"METALAXYL","חסה","2.000","1996-01-01T00:00:00",
"METALAXYL","תרד","0.500","2014-03-19T00:00:00",
"METALAXYL","פלפל","0.010","2013-01-20T00:00:00",
"METALAXYL","עגבניה","0.500","1996-01-01T00:00:00",
"METALAXYL","אפון","0.050","2009-10-13T00:00:00",
"METALAXYL","גזר","0.050","1996-01-01T00:00:00",
"METALAXYL","בצל","2.000","1996-01-01T00:00:00",
"METALAXYL","כותנה","0.050","2013-01-20T00:00:00",
"METALAXYL","ריחן מצוי / בזיל","0.500","2013-01-20T00:00:00",
"METALAXYL","עירית בצלית","0.500","2013-01-20T00:00:00",
"METALAXYL","שמיר (שבת)","0.500","2013-01-20T00:00:00",
"METALAXYL","מנטה","0.500","2013-01-20T00:00:00",
"METALAXYL","פטרוסלינון (שורש ועלים)","0.500","2013-01-20T00:00:00",
"METALAXYL","רוזמרין","0.500","2013-01-20T00:00:00",
"METALAXYL","מרווה","0.500","2013-01-20T00:00:00",
"METALAXYL","רוקט (בן חרדל)","0.500","2014-03-19T00:00:00",
"METALAXYL","רוקולה","0.500","2013-01-20T00:00:00",
"METALAXYL","מיזונה (כרוב רפה)","0.500","2014-03-19T00:00:00",
"METALAXYL","בצל ירוק","0.500","2013-01-20T00:00:00",
"METALAXYL","עלי טטסוי","0.500","2014-03-19T00:00:00",
"METAM SODIUM","תות שדה לפרי",,"2018-08-05T00:00:00","0.050"
"METAM SODIUM","פרי הדר","0.050","1999-01-01T00:00:00",
"METAM SODIUM","תפוח אדמה","0.050","1999-01-01T00:00:00",
"METAM SODIUM","מלון","0.050","1996-01-01T00:00:00",
"METAM SODIUM","מלפפון","0.050","1996-01-01T00:00:00",
"METAM SODIUM","אבטיח","0.050","1996-01-01T00:00:00",
"METAM SODIUM","חסה","0.050","1996-01-01T00:00:00",
"METAM SODIUM","פלפל","0.050","1996-01-01T00:00:00",
"METAM SODIUM","חציל","0.050","1996-01-01T00:00:00",
"METAM SODIUM","עגבניה","0.050","1996-01-01T00:00:00",
"METAM SODIUM","בצל","0.050","1996-01-01T00:00:00",
"METAM SODIUM","אגוז אדמה","0.050","1996-01-01T00:00:00",
"METAM SODIUM","אבוקדו","0.050","1996-01-01T00:00:00",
"METAM SODIUM","פירות גרעיניים","0.050","2013-01-20T00:00:00",
"METAM SODIUM","פירות גלעיניים","0.050","2013-01-20T00:00:00",
"METAMITRON","סלק מספוא","0.010","1999-01-01T00:00:00",
"METAMITRON","פרי הדר",,"2025-06-26T00:00:00","0.010"
"METAMITRON","סלק אדום (שורש ועלים)","0.010","1999-01-02T00:00:00",
"METAMITRON","תפוח עץ","0.020","2014-08-04T00:00:00",
"METAZACHLOR","חימצה (חומוס)","0.050","2013-01-20T00:00:00",
"METHIOCARB","אספסת","0.050","1999-01-01T00:00:00","יתבטל"
"METHIOCARB","תלתן","0.050","1999-01-01T00:00:00","יתבטל"
"METHIOCARB","בקיה","0.050","1999-01-01T00:00:00","יתבטל"
"METHIOCARB","סלק מספוא","0.050","1996-01-01T00:00:00","יתבטל"
"METHIOCARB","קורנית","1.000","2011-12-19T00:00:00","יתבטל"
"METHIOCARB","ענבים","0.050","1996-01-01T00:00:00","יתבטל"
"METHIOCARB","פרי הדר","0.050","1996-01-01T00:00:00","יתבטל"
"METHIOCARB","תפוח אדמה","0.050","1996-01-01T00:00:00","יתבטל"
"METHIOCARB","קינרס (ארטישוק)","0.050","1996-01-01T00:00:00","יתבטל"
"METHIOCARB","כרפס/סלרי (שורש ועלים)","1.000","2013-01-20T00:00:00","יתבטל"
"METHIOCARB","חימצה (חומוס)","0.050","1996-01-01T00:00:00","יתבטל"
"METHIOCARB","סלק עלים","1.000","2014-03-19T00:00:00","יתבטל"
"METHIOCARB","כוסברה (גד השדה)","1.000","2011-12-19T00:00:00","יתבטל"
"METHIOCARB","תרד","1.000","2014-03-19T00:00:00","יתבטל"
"METHIOCARB","פלפל","0.050","1996-01-01T00:00:00","יתבטל"
"METHIOCARB","אפון","0.050","1996-01-01T00:00:00","יתבטל"
"METHIOCARB","צנון","0.050","1996-01-01T00:00:00","יתבטל"
"METHIOCARB","סלק אדום (שורש ועלים)","0.050","1996-01-01T00:00:00","יתבטל"
"METHIOCARB","בצל","0.050","2005-11-02T00:00:00","יתבטל"
"METHIOCARB","שקד","0.050","1999-01-01T00:00:00","יתבטל"
"METHIOCARB","אורגנו","1.000","2011-12-19T00:00:00","יתבטל"
"METHIOCARB","מנגו","0.050","1996-01-01T00:00:00","יתבטל"
"METHIOCARB","תפוח עץ","0.050","1999-01-01T00:00:00","יתבטל"
"METHIOCARB","אגס","0.050","1999-01-01T00:00:00","יתבטל"
"METHIOCARB","חבוש","0.050","1999-01-01T00:00:00","יתבטל"
"METHIOCARB","שזיף","0.050","1999-01-01T00:00:00","יתבטל"
"METHIOCARB","משמש","0.050","1999-01-01T00:00:00","יתבטל"
"METHIOCARB","נקטרינה","0.050","1999-01-01T00:00:00","יתבטל"
"METHIOCARB","אפרסק","0.050","1996-01-01T00:00:00","יתבטל"
"METHIOCARB","ריחן מצוי / בזיל","1.000","2011-12-19T00:00:00","יתבטל"
"METHIOCARB","עירית בצלית","1.000","2011-12-19T00:00:00","יתבטל"
"METHIOCARB","שמיר (שבת)","1.000","2011-12-19T00:00:00","יתבטל"
"METHIOCARB","מיורם","1.000","2011-12-19T00:00:00","יתבטל"
"METHIOCARB","מנטה","1.000","2011-12-19T00:00:00","יתבטל"
"METHIOCARB","פטרוסלינון (שורש ועלים)","1.000","2011-12-19T00:00:00","יתבטל"
"METHIOCARB","רוזמרין","1.000","2011-12-19T00:00:00","יתבטל"
"METHIOCARB","מרווה","1.000","2011-12-19T00:00:00","יתבטל"
"METHIOCARB","טרגון","1.000","2011-12-19T00:00:00","יתבטל"
"METHIOCARB","רוקט (בן חרדל)","1.000","2019-04-11T00:00:00","יתבטל"
"METHIOCARB","רוקולה","1.000","2011-12-19T00:00:00","יתבטל"
"METHIOCARB","מיזונה (כרוב רפה)","1.000","2014-03-19T00:00:00","יתבטל"
"METHIOCARB","עשב לימון","1.000","2011-12-19T00:00:00","יתבטל"
"METHIOCARB","בצל ירוק","1.000","2011-12-19T00:00:00","יתבטל"
"METHIOCARB","חומעת הגינה","1.000","2011-12-19T00:00:00","יתבטל"
"METHIOCARB","עלי טטסוי","1.000","2014-03-19T00:00:00","יתבטל"
"METHOMYL","אספסת","10.000","1996-01-01T00:00:00",
"METHOMYL","סלק מספוא","0.100","1996-01-01T00:00:00",
"METHOMYL","קורנית","0.600","2013-01-20T00:00:00",
"METHOMYL","וידן","10.000","2013-01-20T00:00:00",
"METHOMYL","עשב רודס","10.000","2013-01-20T00:00:00",
"METHOMYL","תפוח אדמה","0.100","1996-01-01T00:00:00",
"METHOMYL","צנונית","0.100","1996-01-01T00:00:00",
"METHOMYL","סלק סוכר","0.100","1996-01-01T00:00:00",
"METHOMYL","קינרס (ארטישוק)","2.000","1996-01-01T00:00:00",
"METHOMYL","כרפס/סלרי (שורש ועלים)","2.000","1996-01-01T00:00:00",
"METHOMYL","כרוב","5.000","1996-01-01T00:00:00",
"METHOMYL","כרובית","2.000","1996-01-01T00:00:00",
"METHOMYL","מלון","0.200","1996-01-01T00:00:00",
"METHOMYL","מלפפון","0.200","1996-01-01T00:00:00",
"METHOMYL","קישוא","0.200","2007-10-09T00:00:00",
"METHOMYL","אבטיח","0.200","1996-01-01T00:00:00",
"METHOMYL","כוסברה (גד השדה)","0.600","2013-01-20T00:00:00",
"METHOMYL","פלפל","1.000","1996-01-01T00:00:00",
"METHOMYL","חציל","0.200","1996-01-01T00:00:00",
"METHOMYL","עגבניה","1.000","1996-01-01T00:00:00",
"METHOMYL","צנון","0.100","1996-01-01T00:00:00",
"METHOMYL","סלק אדום (שורש ועלים)","0.100","1996-01-01T00:00:00",
"METHOMYL","גזר","0.100","1996-01-01T00:00:00",
"METHOMYL","חלב","0.020","1996-01-01T00:00:00",
"METHOMYL","בשר","0.020","1996-01-01T00:00:00",
"METHOMYL","בשר, חלקי פנים","0.020","2005-11-02T00:00:00",
"METHOMYL","ביצים","0.020","2005-11-02T00:00:00",
"METHOMYL","בשר עוף","0.020","2005-11-02T00:00:00",
"METHOMYL","כותנה","0.500","1996-01-01T00:00:00",
"METHOMYL","אורגנו","0.600","2013-01-20T00:00:00",
"METHOMYL","אבוקדו","0.020","2012-10-16T00:00:00",
"METHOMYL","תירס","0.020","2017-12-28T00:00:00",
"METHOMYL","ריחן מצוי / בזיל","0.600","2013-01-20T00:00:00",
"METHOMYL","עירית בצלית","0.600","2013-01-20T00:00:00",
"METHOMYL","שמיר (שבת)","0.600","2013-01-20T00:00:00",
"METHOMYL","שומר","0.600","2013-01-20T00:00:00",
"METHOMYL","מיורם","0.600","2013-01-20T00:00:00",
"METHOMYL","מנטה","0.600","2013-01-20T00:00:00",
"METHOMYL","פטרוסלינון (שורש ועלים)","0.600","2013-01-20T00:00:00",
"METHOMYL","רוזמרין","0.600","2013-01-20T00:00:00",
"METHOMYL","מרווה","0.600","2013-01-20T00:00:00",
"METHOMYL","טרגון","0.600","2013-01-20T00:00:00",
"METHOMYL","רוקט (בן חרדל)",,"2019-04-11T00:00:00","0.100"
"METHOMYL","רוקולה","0.100","2009-01-14T00:00:00",
"METHOMYL","בשר עוף, חלקי פנים","0.020","2005-11-02T00:00:00",
"METHOMYL","עשב לימון","0.600","2013-01-20T00:00:00",
"METHOXYFENOZIDE","אספסת","1.000","2001-03-21T00:00:00",
"METHOXYFENOZIDE","ענבים","2.000","2000-06-19T00:00:00",
"METHOXYFENOZIDE","תות שדה לפרי","0.500","2006-11-23T00:00:00",
"METHOXYFENOZIDE","פרי הדר",,"2018-05-02T00:00:00","0.020"
"METHOXYFENOZIDE","תפוח אדמה","0.050","2005-11-03T00:00:00",
"METHOXYFENOZIDE","קינרס (ארטישוק)","0.050","2005-11-03T00:00:00",
"METHOXYFENOZIDE","כרפס/סלרי (שורש ועלים)","0.050","2001-01-15T00:00:00",
"METHOXYFENOZIDE","כרוביים","0.050","2006-01-04T00:00:00","יתבטל"
"METHOXYFENOZIDE","כרוב",,"2016-08-09T00:00:00","0.050"
"METHOXYFENOZIDE","ברוקולי",,"2016-08-09T00:00:00","0.050"
"METHOXYFENOZIDE","כרובית",,"2005-11-03T00:00:00","0.050"
"METHOXYFENOZIDE","קולרבי",,"2018-02-18T00:00:00","0.050"
"METHOXYFENOZIDE","חסה","0.050","2005-11-03T00:00:00",
"METHOXYFENOZIDE","פלפל","0.500","2001-01-15T00:00:00",
"METHOXYFENOZIDE","עגבניה","0.500","2005-11-03T00:00:00",
"METHOXYFENOZIDE","שעועית ירוקה","1.000","2001-01-15T00:00:00",
"METHOXYFENOZIDE","חלב","0.010","2013-01-23T00:00:00",
"METHOXYFENOZIDE","בשר","0.050","2013-01-23T00:00:00",
"METHOXYFENOZIDE","כותנה","0.500","2006-08-02T00:00:00",
"METHOXYFENOZIDE","שקד",,"2025-12-23T00:00:00","0.100"
"METHOXYFENOZIDE","רימון","0.300","2007-02-28T00:00:00",
"METHOXYFENOZIDE","תפוח עץ","0.500","2016-09-19T00:00:00",
"METHOXYFENOZIDE","אגס","0.050","2006-04-03T00:00:00","0.500"
"METHOXYFENOZIDE","שזיף",,"2024-05-13T00:00:00","0.250"
"METHOXYFENOZIDE","משמש",,"2024-05-13T00:00:00","0.250"
"METHOXYFENOZIDE","נקטרינה",,"2024-05-13T00:00:00","0.250"
"METHOXYFENOZIDE","אפרסק",,"2021-06-08T00:00:00","0.250"
"METHOXYFENOZIDE","זית אירופאי","0.050","2005-11-03T00:00:00",
"METHOXYFENOZIDE","תירס","0.050","2001-01-15T00:00:00",
"METHOXYFENOZIDE","ריחן מצוי / בזיל","0.100","2005-10-30T00:00:00",
"METOBROMURON","תפוח אדמה",,"2024-12-29T00:00:00","0.030"
"METOLACHLOR","תירס מספוא","0.100","1999-01-01T00:00:00",
"METOLACHLOR","תפוח אדמה","0.100","1999-01-01T00:00:00",
"METOLACHLOR","אבטיח","0.020","2009-10-13T00:00:00",
"METOLACHLOR","חימצה (חומוס)","0.100","1999-01-01T00:00:00",
"METOLACHLOR","תירס מתוק","0.100","1999-01-01T00:00:00",
"METOLACHLOR","פפריקה","0.100","1999-01-01T00:00:00",
"METOLACHLOR","שעועית ירוקה","0.100","1999-01-01T00:00:00",
"METOLACHLOR","חלב","0.020","1999-01-01T00:00:00",
"METOLACHLOR","בשר","0.020","1999-01-01T00:00:00",
"METOLACHLOR","בשר, חלקי פנים","0.020","1999-01-02T00:00:00",
"METOLACHLOR","ביצים","0.020","1999-01-01T00:00:00",
"METOLACHLOR","אגוז אדמה","0.500","1999-01-01T00:00:00",
"METOLACHLOR","חמנית מצויה","0.100","1999-01-01T00:00:00",
"METOLACHLOR","תפוח עץ","0.120","2017-12-28T00:00:00","יתבטל"
"METOMINOSTROBIN","ענבים","0.200","2003-11-05T00:00:00",
"METOMINOSTROBIN","תות שדה לפרי","0.100","2006-12-05T00:00:00",
"METOMINOSTROBIN","פלפל","0.200","2003-11-05T00:00:00",
"METOMINOSTROBIN","חציל","0.200","2010-01-03T00:00:00",
"METOMINOSTROBIN","עגבניה","0.200","2004-06-22T00:00:00",
"METOMINOSTROBIN","פפריקה","0.200","2013-01-20T00:00:00",
"METOMINOSTROBIN","גזר","0.050","2008-03-25T00:00:00",
"METOMINOSTROBIN","בצל","0.050","2008-06-02T00:00:00",
"METOMINOSTROBIN","שום","0.050","2006-12-05T00:00:00",
"METOMINOSTROBIN","תפוח עץ","0.200","2003-11-05T00:00:00",
"METOMINOSTROBIN","שזיף","0.100","2006-05-14T00:00:00",
"METOMINOSTROBIN","נקטרינה","0.100","2003-11-05T00:00:00",
"METOMINOSTROBIN","אפרסק","0.100","2003-03-23T00:00:00",
"METRAFENONE","ענבים","5.000","2013-03-13T00:00:00",
"METRAFENONE","תות שדה לפרי","0.500","2013-03-13T00:00:00",
"METRAFENONE","מלון","0.300","2013-03-13T00:00:00",
"METRAFENONE","מלפפון","0.300","2015-11-12T00:00:00",
"METRAFENONE","דלעת","0.300","2013-03-13T00:00:00",
"METRAFENONE","קישוא","0.300","2013-03-13T00:00:00",
"METRAFENONE","אבטיח","0.050","2013-03-13T00:00:00",
"METRAFENONE","פלפל",,"2019-07-23T00:00:00","0.150"
"METRAFENONE","חציל",,"2022-02-15T00:00:00","0.150"
"METRAFENONE","עגבניה",,"2019-06-16T00:00:00","0.200"
"METRAFENONE","דלורית","0.300","2013-03-13T00:00:00",
"METRAFENONE","מנגו","0.010","2013-03-13T00:00:00",
"METRAFENONE","תפוח עץ",,"2018-02-13T00:00:00","0.100"
"METRIBUZIN","תפוח אדמה","0.010","2013-01-20T00:00:00",
"METRIBUZIN","עגבניה","0.010","2013-01-20T00:00:00",
"METRIBUZIN","גזר","0.010","2013-01-20T00:00:00",
"METRIBUZIN","חיטה","0.010","2013-01-20T00:00:00",
"MILBEMECTIN","פרי הדר","0.050","2010-08-02T00:00:00",
"MILBEMECTIN","מלון","0.010","2010-07-20T00:00:00",
"MILBEMECTIN","מלפפון","0.010","2010-06-21T00:00:00",
"MILBEMECTIN","אבטיח","0.010","2010-06-21T00:00:00",
"MILBEMECTIN","פלפל","0.050","2009-01-14T00:00:00",
"MILBEMECTIN","חציל","0.050","2009-01-14T00:00:00",
"MILBEMECTIN","עגבניה","0.050","2009-01-14T00:00:00",
"MILBEMECTIN","תפוח עץ","0.050","2009-01-14T00:00:00",
"MILBEMECTIN","אגס","0.050","2009-02-05T00:00:00",
"MSMA","פירות","0.010","1999-01-01T00:00:00",
"MSMA","פרי הדר","0.010","2005-11-03T00:00:00",
"MSMA","כותנה","0.010","1999-01-01T00:00:00",
"MYCLOBUTANIL","ענבים","1.000","1996-01-01T00:00:00",
"MYCLOBUTANIL","פרי הדר","3.000","2009-06-23T00:00:00",
"MYCLOBUTANIL","מלון","0.300","1996-01-01T00:00:00",
"MYCLOBUTANIL","מלפפון","0.300","1996-01-01T00:00:00","יתבטל"
"MYCLOBUTANIL","קישוא","0.300","1996-01-01T00:00:00",
"MYCLOBUTANIL","אבטיח","0.300","1996-01-01T00:00:00",
"MYCLOBUTANIL","פלפל","0.500","1996-01-01T00:00:00","יתבטל"
"MYCLOBUTANIL","חציל","0.300","1996-01-01T00:00:00",
"MYCLOBUTANIL","עגבניה","0.300","1996-01-01T00:00:00",
"MYCLOBUTANIL","פפריקה","0.100","2009-11-09T00:00:00",
"MYCLOBUTANIL","שעועית ירוקה","0.020","2016-08-04T00:00:00",
"MYCLOBUTANIL","שקד","0.200","1996-01-01T00:00:00",
"MYCLOBUTANIL","שום","0.300","1996-01-01T00:00:00",
"MYCLOBUTANIL","מנגו","0.500","1996-01-01T00:00:00",
"MYCLOBUTANIL","תפוח עץ","0.500","1996-01-01T00:00:00",
"MYCLOBUTANIL","אגס","0.500","1996-01-01T00:00:00",
"MYCLOBUTANIL","שזיף","0.200","1996-01-01T00:00:00",
"MYCLOBUTANIL","משמש","0.200","1996-01-01T00:00:00",
"MYCLOBUTANIL","נקטרינה","0.500","1996-01-01T00:00:00",
"MYCLOBUTANIL","אפרסק","0.500","1996-01-01T00:00:00",
"MYCLOBUTANIL","תאנה","0.010","2005-05-26T00:00:00",
"NOVALURON","אספסת","2.000","2001-05-24T00:00:00",
"NOVALURON","תות שדה לפרי","0.100","2006-01-17T00:00:00",
"NOVALURON","תפוח אדמה","0.020","2001-03-21T00:00:00",
"NOVALURON","קינרס (ארטישוק)","0.020","2001-07-15T00:00:00",
"NOVALURON","כרפס/סלרי (שורש ועלים)","1.000","2006-10-31T00:00:00",
"NOVALURON","כרוביים","0.020","2001-03-21T00:00:00",
"NOVALURON","כרוב","0.020","2021-08-17T00:00:00",
"NOVALURON","ברוקולי","0.020","2021-08-17T00:00:00",
"NOVALURON","כרובית","0.020","2021-08-17T00:00:00",
"NOVALURON","חסה","0.500","2014-08-06T00:00:00",
"NOVALURON","חציל","0.050","2005-12-07T00:00:00",
"NOVALURON","עגבניה","0.200","2006-10-05T00:00:00",
"NOVALURON","שעועית ירוקה","0.020","2001-05-24T00:00:00",
"NOVALURON","גזר","0.020","2003-05-04T00:00:00",
"NOVALURON","כותנה","0.020","2001-03-21T00:00:00",
"NOVALURON","אגוז אדמה","0.020","2006-10-05T00:00:00",
"NOVALURON","שקד",,"2017-01-30T00:00:00","0.040"
"NOVALURON","תפוח עץ","0.100","2012-12-02T00:00:00",
"NOVALURON","אגס","0.100","2012-12-02T00:00:00",
"NOVALURON","שזיף","0.050","2015-11-12T00:00:00",
"NOVALURON","משמש","0.050","2015-11-12T00:00:00",
"NOVALURON","נקטרינה","0.050","2015-11-12T00:00:00",
"NOVALURON","אפרסק","0.050","2015-11-12T00:00:00",
"NOVALURON","זית אירופאי","0.500","2006-10-31T00:00:00",
"NOVALURON","תירס","0.020","2001-03-21T00:00:00",
"NOVALURON","פטרוסלינון (שורש ועלים)","2.000","2008-12-03T00:00:00",
"ORTHO PHENYLPHENOL","פרי הדר","10.000","1996-01-01T00:00:00",
"OXADIARGYL","אבטיח","0.010","1999-01-01T00:00:00",
"OXADIARGYL","עגבניה","0.010","1999-01-01T00:00:00",
"OXADIARGYL","שום","0.010","1999-01-01T00:00:00",
"OXADIAZON","פירות","0.020","2013-01-20T00:00:00",
"OXADIAZON","ענבים","0.020","2013-01-20T00:00:00",
"OXADIAZON","תות שדה לפרי","0.020","2013-01-20T00:00:00",
"OXADIAZON","פרי הדר","0.020","2013-01-20T00:00:00",
"OXADIAZON","כרפס/סלרי (שורש ועלים)","0.020","2013-01-20T00:00:00",
"OXADIAZON","כרוביים","0.020","2013-01-20T00:00:00",
"OXADIAZON","כרוב","0.020","2013-01-20T00:00:00",
"OXADIAZON","כרובית","0.020","2013-01-20T00:00:00",
"OXADIAZON","ירקות עלים","0.020","2013-01-20T00:00:00",
"OXADIAZON","פלפל","0.020","2013-01-20T00:00:00",
"OXADIAZON","חציל","0.020","2013-01-20T00:00:00",
"OXADIAZON","עגבניה","0.020","2013-01-20T00:00:00",
"OXADIAZON","ירקות שורש","0.020","2013-01-20T00:00:00",
"OXADIAZON","בטטה","0.020","2013-01-20T00:00:00",
"OXADIAZON","בצל","0.020","2013-01-20T00:00:00",
"OXADIAZON","שום","0.020","2013-01-20T00:00:00",
"OXADIAZON","אבוקדו","0.020","2013-01-20T00:00:00",
"OXADIAZON","בננה","0.020","2013-01-20T00:00:00",
"OXADIAZON","זית אירופאי","0.020","2013-01-20T00:00:00",
"OXADIAZON","צמחי תבלין","0.020","2013-01-20T00:00:00",
"OXAMYL","מלפפון","0.010","2017-12-28T00:00:00",
"OXAMYL","פלפל","0.010","2017-12-28T00:00:00",
"OXAMYL","חציל","2.000","2017-12-28T00:00:00","0.010"
"OXAMYL","עגבניה","0.010","2017-12-28T00:00:00",
"OXAMYL","גזר","0.010","2005-12-12T00:00:00",
"OXAMYL","בצל","0.005","2015-11-15T00:00:00",
"OXAMYL","שום","0.005","2015-11-15T00:00:00",
"OXAMYL","בננה","0.050","2005-11-09T00:00:00",
"OXATHIAPIPROLIN","ענבים","0.150","2022-08-21T00:00:00","0.700"
"OXATHIAPIPROLIN","תפוח אדמה",,"2019-06-17T00:00:00","0.010"
"OXATHIAPIPROLIN","כרוב",,"2023-07-12T00:00:00","0.070"
"OXATHIAPIPROLIN","כרובית",,"2023-06-04T00:00:00","0.020"
"OXATHIAPIPROLIN","מלון",,"2024-09-09T00:00:00","0.200"
"OXATHIAPIPROLIN","מלפפון",,"2023-06-04T00:00:00","0.050"
"OXATHIAPIPROLIN","קישוא","0.020","2023-07-12T00:00:00","0.200"
"OXATHIAPIPROLIN","חימצה (חומוס)",,"2024-09-09T00:00:00","0.250"
"OXATHIAPIPROLIN","חסה",,"2023-07-12T00:00:00","0.700"
"OXATHIAPIPROLIN","עגבניה",,"2020-06-23T00:00:00","0.100"
"OXATHIAPIPROLIN","בצל",,"2023-06-04T00:00:00","0.010"
"OXOLINIC ACID","תפוח עץ","0.010","1999-01-01T00:00:00",
"OXOLINIC ACID","שסק","0.010","1999-01-01T00:00:00",
"OXOLINIC ACID","אגס","0.010","1999-01-01T00:00:00",
"OXOLINIC ACID","חבוש","0.010","1999-01-01T00:00:00",
"OXYFLUORFEN","ירקות","0.020","2013-01-21T00:00:00",
"OXYFLUORFEN","פירות","0.020","2013-01-21T00:00:00",
"OXYFLUORFEN","ענבים","0.020","2013-01-21T00:00:00",
"OXYFLUORFEN","תות שדה לפרי","0.020","2013-01-21T00:00:00",
"OXYFLUORFEN","פרי הדר","0.020","2013-01-21T00:00:00",
"OXYFLUORFEN","תפוח אדמה",,"2018-03-14T00:00:00","0.010"
"OXYFLUORFEN","קינרס (ארטישוק)","0.020","2013-01-21T00:00:00",
"OXYFLUORFEN","כרפס/סלרי (שורש ועלים)","0.020","2013-01-21T00:00:00",
"OXYFLUORFEN","כרוב","0.020","2013-01-21T00:00:00",
"OXYFLUORFEN","כרובית","0.020","2013-01-21T00:00:00",
"OXYFLUORFEN","אבטיח","0.020","2013-01-21T00:00:00",
"OXYFLUORFEN","חציל","0.020","2013-01-21T00:00:00",
"OXYFLUORFEN","עגבניה","0.020","2013-01-21T00:00:00",
"OXYFLUORFEN","ירקות שורש","0.020","2013-01-21T00:00:00",
"OXYFLUORFEN","בטטה",,"2018-03-14T00:00:00","0.010"
"OXYFLUORFEN","בצל","0.020","2013-01-21T00:00:00",
"OXYFLUORFEN","כותנה","0.020","2013-01-21T00:00:00",
"OXYFLUORFEN","חמנית מצויה","0.020","2013-01-21T00:00:00",
"OXYFLUORFEN","שקד","0.020","2013-01-21T00:00:00",
"OXYFLUORFEN","פקאן תרבותי","0.020","2013-01-21T00:00:00",
"OXYFLUORFEN","שום","0.020","2013-01-21T00:00:00",
"OXYFLUORFEN","אבוקדו","0.020","2013-01-21T00:00:00",
"OXYFLUORFEN","בננה","0.020","2013-01-21T00:00:00",
"OXYFLUORFEN","רימון","0.020","2013-01-21T00:00:00",
"OXYFLUORFEN","זית אירופאי","0.020","2013-01-21T00:00:00",
"PACLOBUTRAZOLE","אבוקדו","0.050","1996-01-01T00:00:00",
"PARAQUAT","ירקות","0.020","2013-01-21T00:00:00","יתבטל"
"PARAQUAT","פירות","0.020","2013-01-21T00:00:00","יתבטל"
"PARAQUAT","פרי הדר","0.020","2013-01-21T00:00:00","יתבטל"
"PARAQUAT","תפוח אדמה","0.020","2013-01-21T00:00:00","יתבטל"
"PARAQUAT","קטניות","0.020","2013-01-21T00:00:00","יתבטל"
"PARAQUAT","כותנה","0.020","2013-01-21T00:00:00","יתבטל"
"PARAQUAT","חמנית מצויה","0.020","2013-01-21T00:00:00","יתבטל"
"PARAQUAT","דגניים","0.020","2013-01-21T00:00:00","יתבטל"
"PARAQUAT","תירס","0.020","2013-01-21T00:00:00","יתבטל"
"PCNB (QUINTOZENE)","סלק מספוא","0.200","1996-01-01T00:00:00",
"PCNB (QUINTOZENE)","תפוח אדמה","0.200","1996-01-01T00:00:00",
"PCNB (QUINTOZENE)","שעועית ירוקה","0.010","1996-01-01T00:00:00",
"PCNB (QUINTOZENE)","כותנה","0.030","1996-01-01T00:00:00",
"PCNB (QUINTOZENE)","אגוז אדמה","0.500","2013-01-21T00:00:00",
"PENCONAZOLE","ענבים","0.200","1996-01-01T00:00:00",
"PENCONAZOLE","תות שדה לפרי","0.100","1999-01-01T00:00:00",
"PENCONAZOLE","מלון","0.100","1999-01-01T00:00:00",
"PENCONAZOLE","מלפפון","0.100","1999-01-01T00:00:00",
"PENCONAZOLE","קישוא","0.100","1999-01-01T00:00:00",
"PENCONAZOLE","אבטיח","0.100","2013-01-21T00:00:00",
"PENCONAZOLE","פלפל","0.200","1999-01-01T00:00:00",
"PENCONAZOLE","חציל","0.200","1999-01-01T00:00:00",
"PENCONAZOLE","עגבניה","0.200","1999-01-01T00:00:00",
"PENCONAZOLE","פפריקה","0.200","2005-11-10T00:00:00",
"PENCONAZOLE","גזר","0.050","2005-11-10T00:00:00",
"PENCONAZOLE","מנגו","0.100","1999-01-01T00:00:00",
"PENCONAZOLE","תפוח עץ","0.200","1999-01-01T00:00:00",
"PENCONAZOLE","אגס","0.200","2013-01-21T00:00:00",
"PENCONAZOLE","נקטרינה","0.100","2005-11-10T00:00:00",
"PENCONAZOLE","אפרסק","0.100","2005-11-10T00:00:00",
"PENCONAZOLE","מנטה","0.500","2005-10-30T00:00:00",
"PENCYCURON","תפוח אדמה","0.050","2005-12-07T00:00:00",
"PENDIMETHALIN","תפוח אדמה","0.100","1999-01-01T00:00:00",
"PENDIMETHALIN","כוסברה (גד השדה)","0.200","2009-06-02T00:00:00",
"PENDIMETHALIN","חסה",,"2019-06-17T00:00:00","0.200"
"PENDIMETHALIN","שעועית ירוקה","0.100","1999-01-01T00:00:00",
"PENDIMETHALIN","גזר","0.100","1999-01-01T00:00:00",
"PENDIMETHALIN","בצל","0.100","1999-01-01T00:00:00",
"PENDIMETHALIN","כותנה","0.100","1999-01-01T00:00:00",
"PENDIMETHALIN","חמנית מצויה","0.100","1999-01-01T00:00:00",
"PENDIMETHALIN","שום","0.100","1999-01-01T00:00:00",
"PENDIMETHALIN","שמיר (שבת)","0.200","2009-06-02T00:00:00",
"PENDIMETHALIN","פטרוסלינון (שורש ועלים)","0.200","2017-12-28T00:00:00",
"PENFLUFEN","תפוח אדמה",,"2020-06-23T00:00:00","0.020"
"PENTHIOPYRAD","ענבים",,"2018-07-05T00:00:00","0.150"
"PENTHIOPYRAD","תות שדה לפרי",,"2020-06-23T00:00:00","1.500"
"PENTHIOPYRAD","מלון",,"2019-07-23T00:00:00","0.050"
"PENTHIOPYRAD","מלפפון",,"2019-07-23T00:00:00","0.150"
"PENTHIOPYRAD","אבטיח",,"2018-07-05T00:00:00","0.010"
"PENTHIOPYRAD","פלפל",,"2019-07-23T00:00:00","0.200"
"PENTHIOPYRAD","חציל",,"2024-10-29T00:00:00","0.200"
"PENTHIOPYRAD","עגבניה",,"2020-06-23T00:00:00","0.150"
"PENTHIOPYRAD","תפוח עץ",,"2018-07-05T00:00:00","0.150"
"PENTHIOPYRAD","דובדבן",,"2023-03-15T00:00:00","1.500"
"PERMETHRIN","בשר, שומן","3.000","2005-11-10T00:00:00",
"PERMETHRIN","חלב","0.100","2005-11-10T00:00:00",
"PERMETHRIN","בשר","1.000","2005-11-10T00:00:00",
"PERMETHRIN","בשר, חלקי פנים","0.100","2005-11-10T00:00:00",
"PERMETHRIN","ביצים","0.100","2005-11-10T00:00:00",
"PERMETHRIN","בשר עוף","0.100","2005-11-10T00:00:00",
"PERMETHRIN","בשר עוף, חלקי פנים","0.100","2005-11-10T00:00:00",
"PHOSMET","שקד","0.050","2012-12-02T00:00:00",
"PHOSMET","תפוח עץ","0.500","2005-05-26T00:00:00",
"PHOSMET","אגס","0.500","2006-11-23T00:00:00",
"PHOSMET","שזיף","0.500","2005-05-26T00:00:00",
"PHOSMET","משמש","0.500","2009-05-31T00:00:00",
"PHOSMET","נקטרינה","0.500","2005-05-26T00:00:00",
"PHOSMET","אפרסק","0.500","2005-05-26T00:00:00",
"PICOXYSTROBIN","ענבים",,"2019-07-23T00:00:00","0.150"
"PICOXYSTROBIN","שקד","0.010","2016-12-20T00:00:00",
"PICOXYSTROBIN","תפוח עץ","0.050","2016-05-16T00:00:00",
"PICOXYSTROBIN","אגס",,"2019-06-19T00:00:00","0.050"
"PICOXYSTROBIN","שזיף","0.100","2016-08-04T00:00:00",
"PICOXYSTROBIN","דובדבן",,"2023-03-15T00:00:00","0.200"
"PICOXYSTROBIN","נקטרינה","0.100","2016-08-04T00:00:00",
"PICOXYSTROBIN","אפרסק","0.100","2016-08-04T00:00:00",
"PINOXADEN","שעורה תרבותית","0.010","2013-05-19T00:00:00",
"PINOXADEN","חיטה","0.010","2009-01-14T00:00:00",
"PIPERONYL BUTOXIDE","חלב","0.250","2016-08-04T00:00:00",
"PIPERONYL BUTOXIDE","בשר","0.100","2017-12-28T00:00:00",
"PIPERONYL BUTOXIDE","בקר","0.100","2017-12-28T00:00:00",
"PIPERONYL BUTOXIDE","כבשים","0.100","2017-12-28T00:00:00",
"PIRIMICARB","תירס מספוא","0.050","1996-01-01T00:00:00",
"PIRIMICARB","קורנית","1.000","2011-12-19T00:00:00",
"PIRIMICARB","קינרס (ארטישוק)","1.000","1996-01-01T00:00:00",
"PIRIMICARB","כרפס/סלרי (שורש ועלים)","1.000","2013-01-21T00:00:00",
"PIRIMICARB","כרוב","1.000","1996-01-01T00:00:00",
"PIRIMICARB","מלון","1.000","1996-01-01T00:00:00",
"PIRIMICARB","מלפפון","1.000","1996-01-01T00:00:00",
"PIRIMICARB","כוסברה (גד השדה)","1.000","2011-12-19T00:00:00",
"PIRIMICARB","חסה","1.000","1996-01-01T00:00:00",
"PIRIMICARB","תירס מתוק","0.050","1996-01-01T00:00:00",
"PIRIMICARB","עגבניה","1.000","1996-01-01T00:00:00",
"PIRIMICARB","שעועית ירוקה","0.200","2012-05-06T00:00:00",
"PIRIMICARB","כותנה","0.050","1996-01-01T00:00:00",
"PIRIMICARB","אורגנו","1.000","2011-12-19T00:00:00",
"PIRIMICARB","שמיר (שבת)","1.000","2011-12-19T00:00:00",
"PIRIMICARB","מיורם","1.000","2011-12-19T00:00:00",
"PIRIMICARB","מנטה","1.000","2011-12-19T00:00:00",
"PIRIMICARB","פטרוסלינון (שורש ועלים)","1.000","2011-12-19T00:00:00",
"PIRIMICARB","רוזמרין","1.000","2011-12-19T00:00:00",
"PIRIMICARB","מרווה","1.000","2011-12-19T00:00:00",
"PIRIMICARB","טרגון","1.000","2011-12-19T00:00:00",
"PIRIMICARB","רוקט (בן חרדל)","1.000","2020-11-11T00:00:00",
"PIRIMICARB","רוקולה","1.000","2011-12-19T00:00:00",
"PIRIMICARB","עשב לימון","1.000","2011-12-19T00:00:00",
"PIRIMIPHOS-METHYL","חלב","0.010","2013-01-23T00:00:00",
"PIRIMIPHOS-METHYL","בשר","0.010","2013-01-23T00:00:00",
"PIRIMIPHOS-METHYL","ביצים","0.010","2013-01-23T00:00:00",
"PIRIMIPHOS-METHYL","דגניים","5.000","2013-06-30T00:00:00",
"PROCHLORAZ","תות שדה לפרי","0.500","1999-01-01T00:00:00",
"PROCHLORAZ","מלון","0.050","2010-06-21T00:00:00",
"PROCHLORAZ","מלפפון","0.020","2005-12-07T00:00:00",
"PROCHLORAZ","חציל","5.000","1996-01-01T00:00:00",
"PROCHLORAZ","עגבניה","5.000","2013-01-21T00:00:00",
"PROCHLORAZ","שקד","1.000","1996-01-01T00:00:00",
"PROCHLORAZ","אבוקדו","5.000","1996-01-01T00:00:00",
"PROCHLORAZ","מנגו","2.000","1996-01-01T00:00:00",
"PROCHLORAZ","רימון","2.000","2010-01-04T00:00:00",
"PROCHLORAZ","שזיף","0.050","1996-01-01T00:00:00",
"PROCHLORAZ","משמש","1.000","1996-01-01T00:00:00",
"PROHEXADIONE CALCIUM","תפוח עץ","0.050","2008-03-25T00:00:00",
"PROHEXADIONE CALCIUM","אגס","0.050","2013-01-21T00:00:00",
"PROHEXADIONE CALCIUM","שזיף","0.050","2015-11-12T00:00:00",
"PROMETRYNE","כרפס/סלרי (שורש ועלים)","0.200","1999-01-01T00:00:00",
"PROMETRYNE","אבטיח","0.020","2009-10-13T00:00:00",
"PROMETRYNE","שמיר (שבת)","0.200","2005-11-21T00:00:00",
"PROMETRYNE","פטרוסלינון (שורש ועלים)","0.200","2005-11-21T00:00:00",
"PROPAMOCARB HCL","תות שדה לפרי","2.000","2013-01-21T00:00:00",
"PROPAMOCARB HCL","תפוח אדמה","0.200","2008-03-16T00:00:00",
"PROPAMOCARB HCL","כרוביים","0.200","2008-03-16T00:00:00",
"PROPAMOCARB HCL","כרוב","0.200","2021-08-01T00:00:00",
"PROPAMOCARB HCL","ברוקולי","0.200","2021-08-01T00:00:00",
"PROPAMOCARB HCL","כרובית","0.200","2021-08-01T00:00:00",
"PROPAMOCARB HCL","קולרבי",,"2021-08-01T00:00:00","0.200"
"PROPAMOCARB HCL","מלון","2.000","2008-03-16T00:00:00",
"PROPAMOCARB HCL","מלפפון","2.000","2008-03-16T00:00:00",
"PROPAMOCARB HCL","דלעת","0.100","2015-11-12T00:00:00","0.500"
"PROPAMOCARB HCL","קישוא",,"2017-03-13T00:00:00","2.000"
"PROPAMOCARB HCL","חסה","10.000","2008-03-16T00:00:00",
"PROPAMOCARB HCL","עגבניה","0.200","2012-02-15T00:00:00",
"PROPAMOCARB HCL","דלורית","0.100","2015-11-12T00:00:00","0.500"
"PROPAMOCARB HCL","בצל","0.200","2013-01-21T00:00:00",
"PROPAQUIZAFOP","אספסת","0.010","1999-01-01T00:00:00",
"PROPAQUIZAFOP","תלתן","0.010","1999-01-01T00:00:00",
"PROPAQUIZAFOP","בקיה","0.010","1999-01-01T00:00:00",
"PROPAQUIZAFOP","פירות","0.010","1999-01-01T00:00:00",
"PROPAQUIZAFOP","ענבים","0.010","1999-01-01T00:00:00",
"PROPAQUIZAFOP","תפוח אדמה","0.010","1999-01-01T00:00:00",
"PROPAQUIZAFOP","אבטיח","0.010","1999-01-01T00:00:00",
"PROPAQUIZAFOP","חימצה (חומוס)","0.010","1999-01-01T00:00:00",
"PROPAQUIZAFOP","עגבניה","0.010","1999-01-01T00:00:00",
"PROPAQUIZAFOP","אפון","0.010","1999-01-01T00:00:00",
"PROPAQUIZAFOP","גזר","0.010","1999-01-01T00:00:00",
"PROPAQUIZAFOP","בצל","0.010","1999-01-01T00:00:00",
"PROPAQUIZAFOP","כותנה","0.010","1999-01-01T00:00:00",
"PROPAQUIZAFOP","אגוז אדמה","0.010","1999-01-01T00:00:00",
"PROPAQUIZAFOP","חמנית מצויה","0.010","1999-01-01T00:00:00",
"PROPAQUIZAFOP","שום","0.010","1999-01-01T00:00:00",
"PROPARGITE","דלועיים","0.500","2005-11-22T00:00:00","יתבטל"
"PROPARGITE","מלון","0.500","1996-01-01T00:00:00","יתבטל"
"PROPARGITE","מלפפון","0.500","1996-01-01T00:00:00","יתבטל"
"PROPARGITE","קישוא","0.500","1996-01-01T00:00:00","יתבטל"
"PROPARGITE","אבטיח","0.500","1996-01-01T00:00:00","יתבטל"
"PROPARGITE","פלפל","1.000","1996-01-01T00:00:00","יתבטל"
"PROPARGITE","חציל","0.500","1996-01-01T00:00:00","יתבטל"
"PROPARGITE","עגבניה","2.000","1996-01-01T00:00:00","יתבטל"
"PROPARGITE","שעועית ירוקה","2.000","1996-01-01T00:00:00","יתבטל"
"PROPARGITE","כותנה","0.100","1996-01-01T00:00:00","יתבטל"
"PROPARGITE","אגוז אדמה","0.100","1996-01-01T00:00:00","יתבטל"
"PROPARGITE","תפוח עץ","5.000","1996-01-01T00:00:00","יתבטל"
"PROPARGITE","שזיף","7.000","2005-11-22T00:00:00","יתבטל"
"PROPARGITE","נקטרינה","7.000","2005-11-22T00:00:00","יתבטל"
"PROPOXYCARBAZONE-SODIUM","חיטה","0.050","2005-11-21T00:00:00",
"PROPYZAMIDE","אספסת","0.020","2013-01-21T00:00:00",
"PROPYZAMIDE","תלתן","0.020","2013-01-21T00:00:00",
"PROPYZAMIDE","בקיה","0.020","2013-01-21T00:00:00",
"PROPYZAMIDE","ענבים","0.020","2013-01-21T00:00:00",
"PROPYZAMIDE","פרי הדר","0.020","2013-01-21T00:00:00",
"PROPYZAMIDE","קינרס (ארטישוק)","0.020","2013-01-21T00:00:00",
"PROPYZAMIDE","חימצה (חומוס)","0.020","2013-01-21T00:00:00",
"PROPYZAMIDE","חסה","0.020","2013-01-21T00:00:00",
"PROPYZAMIDE","קטניות","0.020","2013-01-21T00:00:00",
"PROPYZAMIDE","אפון","0.020","2013-01-21T00:00:00",
"PROPYZAMIDE","חריע","0.020","2013-01-21T00:00:00",
"PROPYZAMIDE","אבוקדו","0.020","2013-01-21T00:00:00",
"PROPYZAMIDE","מנגו","0.020","2013-01-21T00:00:00",
"PROPYZAMIDE","אפרסמון","0.020","2013-01-21T00:00:00",
"PROPYZAMIDE","תפוח עץ","0.020","2013-01-21T00:00:00",
"PROPYZAMIDE","אגס","0.020","2013-01-21T00:00:00",
"PROPYZAMIDE","שזיף","0.020","2013-01-21T00:00:00",
"PROPYZAMIDE","נקטרינה","0.020","2013-01-21T00:00:00",
"PROPYZAMIDE","אפרסק","0.020","2013-01-21T00:00:00",
"PROPYZAMIDE","זית אירופאי","0.020","2013-01-21T00:00:00",
"PROQUINAZID","ענבים","0.050","2007-05-06T00:00:00","0.500"
"PROQUINAZID","מלון","0.050","2011-05-17T00:00:00",
"PROQUINAZID","מלפפון",,"2024-01-29T00:00:00","0.050"
"PROQUINAZID","קישוא",,"2024-01-29T00:00:00","0.050"
"PROQUINAZID","אבטיח","0.050","2013-01-21T00:00:00",
"PROQUINAZID","פלפל",,"2024-01-29T00:00:00","0.100"
"PROQUINAZID","חציל",,"2024-01-29T00:00:00","0.050"
"PROQUINAZID","עגבניה",,"2024-01-29T00:00:00","0.100"
"PROQUINAZID","תפוח עץ","0.050","2011-05-17T00:00:00",
"PROQUINAZID","נקטרינה","0.050","2011-05-17T00:00:00",
"PROQUINAZID","אפרסק","0.050","2011-05-17T00:00:00",
"PROTHIOCONAZOLE","אגוז אדמה",,"2017-01-30T00:00:00","0.020"
"PYMETROZINE","קורנית","1.000","2010-12-15T00:00:00",
"PYMETROZINE","תות שדה לפרי","0.500","2006-11-23T00:00:00",
"PYMETROZINE","פרי הדר","0.100","2005-12-30T00:00:00",
"PYMETROZINE","תפוח אדמה","0.050","2008-06-19T00:00:00",
"PYMETROZINE","כרפס/סלרי (שורש ועלים)","1.000","2012-07-02T00:00:00",
"PYMETROZINE","כרוביים","0.100","2006-11-23T00:00:00",
"PYMETROZINE","כרוב","0.100","2021-08-17T00:00:00",
"PYMETROZINE","ברוקולי","0.100","2021-08-17T00:00:00",
"PYMETROZINE","קולרבי","0.100","2021-08-17T00:00:00",
"PYMETROZINE","מלון","0.020","2008-07-30T00:00:00",
"PYMETROZINE","אבטיח","0.050","2008-12-03T00:00:00",
"PYMETROZINE","סלק עלים","1.000","2014-03-19T00:00:00",
"PYMETROZINE","כוסברה (גד השדה)","1.000","2010-12-31T00:00:00",
"PYMETROZINE","כרוב סיני","0.100","2021-08-17T00:00:00",
"PYMETROZINE","תרד","1.000","2014-03-19T00:00:00",
"PYMETROZINE","פלפל","0.100","2006-11-23T00:00:00",
"PYMETROZINE","אורגנו","1.000","2010-12-15T00:00:00",
"PYMETROZINE","ריחן מצוי / בזיל","1.000","2010-12-15T00:00:00",
"PYMETROZINE","שמיר (שבת)","1.000","2010-12-15T00:00:00",
"PYMETROZINE","מיורם","1.000","2010-12-15T00:00:00",
"PYMETROZINE","מנטה","1.000","2010-12-15T00:00:00",
"PYMETROZINE","פטרוסלינון (שורש ועלים)","1.000","2010-12-15T00:00:00",
"PYMETROZINE","רוזמרין","1.000","2010-12-15T00:00:00",
"PYMETROZINE","מרווה","1.000","2010-12-15T00:00:00",
"PYMETROZINE","טרגון","1.000","2010-12-15T00:00:00",
"PYMETROZINE","רוקט (בן חרדל)","1.000","2020-11-10T00:00:00",
"PYMETROZINE","רוקולה","1.000","2010-12-15T00:00:00",
"PYMETROZINE","מיזונה (כרוב רפה)","1.000","2014-03-19T00:00:00",
"PYMETROZINE","עלי טטסוי","0.100","2014-03-19T00:00:00",
"PYRACLOSTROBIN","קורנית","2.000","2013-06-11T00:00:00",
"PYRACLOSTROBIN","ענבים","2.000","2013-03-13T00:00:00",
"PYRACLOSTROBIN","תות שדה לפרי","0.200","2006-08-02T00:00:00",
"PYRACLOSTROBIN","פרי הדר","0.030","2003-11-05T00:00:00",
"PYRACLOSTROBIN","מליסה","2.000","2013-06-11T00:00:00",
"PYRACLOSTROBIN","תפוח אדמה","0.030","2003-11-05T00:00:00",
"PYRACLOSTROBIN","צנונית",,"2020-01-08T00:00:00","0.050"
"PYRACLOSTROBIN","כרפס/סלרי (שורש ועלים)","0.200","2006-08-23T00:00:00",
"PYRACLOSTROBIN","כרוב","0.050","2013-03-13T00:00:00",
"PYRACLOSTROBIN","ברוקולי",,"2021-08-23T00:00:00","0.150"
"PYRACLOSTROBIN","כרובית","0.050","2021-08-17T00:00:00",
"PYRACLOSTROBIN","מלון","2.000","2013-03-13T00:00:00",
"PYRACLOSTROBIN","מלפפון","2.000","2010-06-21T00:00:00",
"PYRACLOSTROBIN","דלעת","0.100","2010-06-21T00:00:00",
"PYRACLOSTROBIN","קישוא","2.000","2010-06-21T00:00:00",
"PYRACLOSTROBIN","אבטיח","0.050","2013-03-13T00:00:00",
"PYRACLOSTROBIN","חימצה (חומוס)","0.050","2010-10-04T00:00:00",
"PYRACLOSTROBIN","כוסברה (גד השדה)","2.000","2009-06-02T00:00:00",
"PYRACLOSTROBIN","חסה","1.000","2013-03-13T00:00:00",
"PYRACLOSTROBIN","פלפל","0.400","2009-04-05T00:00:00",
"PYRACLOSTROBIN","חציל","0.030","2003-11-04T00:00:00",
"PYRACLOSTROBIN","עגבניה","0.050","2003-11-05T00:00:00",
"PYRACLOSTROBIN","אפון","0.020","2010-06-21T00:00:00",
"PYRACLOSTROBIN","דלורית","0.100","2010-06-21T00:00:00",
"PYRACLOSTROBIN","בטטה","0.500","2008-06-10T00:00:00",
"PYRACLOSTROBIN","גזר","0.100","2009-04-05T00:00:00",
"PYRACLOSTROBIN","בצל","0.300","2009-04-05T00:00:00",
"PYRACLOSTROBIN","כותנה","0.200","2003-11-05T00:00:00",
"PYRACLOSTROBIN","אגוז אדמה","0.050","2011-01-11T00:00:00",
"PYRACLOSTROBIN","שקד","1.500","2012-08-26T00:00:00",
"PYRACLOSTROBIN","שום","0.300","2009-04-05T00:00:00",
"PYRACLOSTROBIN","אפרסמון","0.020","2010-06-21T00:00:00",
"PYRACLOSTROBIN","תפוח עץ","0.500","2008-12-03T00:00:00",
"PYRACLOSTROBIN","אגס",,"2019-07-08T00:00:00","0.500"
"PYRACLOSTROBIN","נקטרינה","0.200","2011-01-11T00:00:00",
"PYRACLOSTROBIN","אפרסק","0.200","2011-01-11T00:00:00",
"PYRACLOSTROBIN","ריחן מצוי / בזיל","2.000","2006-10-23T00:00:00",
"PYRACLOSTROBIN","עירית בצלית","0.200","2006-10-23T00:00:00",
"PYRACLOSTROBIN","שמיר (שבת)","2.000","2009-06-02T00:00:00",
"PYRACLOSTROBIN","מיורם","2.000","2013-06-11T00:00:00",
"PYRACLOSTROBIN","מנטה","2.000","2013-06-11T00:00:00",
"PYRACLOSTROBIN","פטרוסלינון (שורש ועלים)","2.000","2006-08-23T00:00:00",
"PYRACLOSTROBIN","רוזמרין","2.000","2013-06-11T00:00:00",
"PYRACLOSTROBIN","מרווה","2.000","2013-06-11T00:00:00",
"PYRACLOSTROBIN","טרגון","2.000","2013-06-11T00:00:00",
"PYRACLOSTROBIN","רוקולה","2.000","2011-11-16T00:00:00",
"PYRACLOSTROBIN","בצל ירוק",,"2023-02-01T00:00:00","0.050"
"PYRAFLUFEN-ETHYL","בקיה","0.050","2006-01-10T00:00:00",
"PYRAFLUFEN-ETHYL","בצל","0.020","2010-02-18T00:00:00",
"PYRAFLUFEN-ETHYL","אגוז אדמה","0.010","2011-11-14T00:00:00",
"PYRAFLUFEN-ETHYL","תפוח עץ","0.020","2009-02-05T00:00:00",
"PYRAFLUFEN-ETHYL","אגס","0.020","2013-01-21T00:00:00",
"PYRAFLUFEN-ETHYL","נקטרינה","0.020","2009-02-05T00:00:00",
"PYRAFLUFEN-ETHYL","אפרסק","0.020","2009-02-05T00:00:00",
"PYRAFLUFEN-ETHYL","תמר","0.020","2013-01-21T00:00:00",
"PYRAFLUFEN-ETHYL","חיטה","0.100","2005-11-22T00:00:00",
"PYRIDABEN","פרי הדר",,"2021-10-11T00:00:00","0.200"
"PYRIDABEN","מלפפון","0.050","2010-11-29T00:00:00",
"PYRIDABEN","פלפל","0.050","2010-10-25T00:00:00",
"PYRIDABEN","חציל","0.050","1997-01-12T00:00:00",
"PYRIDABEN","עגבניה","0.050","2010-11-29T00:00:00","0.200"
"PYRIDABEN","תפוח עץ","0.100","1997-01-12T00:00:00",
"PYRIDALYL","תות שדה לפרי","1.000","2014-08-04T00:00:00",
"PYRIDALYL","תפוח אדמה","0.010","2010-10-04T00:00:00",
"PYRIDALYL","כרוביים","0.050","2006-11-26T00:00:00",
"PYRIDALYL","כרוב","0.050","2021-08-17T00:00:00",
"PYRIDALYL","ברוקולי","0.050","2021-08-17T00:00:00",
"PYRIDALYL","כרובית","0.050","2021-08-17T00:00:00",
"PYRIDALYL","מלפפון","0.100","2018-02-18T00:00:00","0.200"
"PYRIDALYL","חימצה (חומוס)","1.000","2013-11-25T00:00:00",
"PYRIDALYL","כוסברה (גד השדה)","1.000","2011-07-07T00:00:00",
"PYRIDALYL","חסה","0.020","2009-02-05T00:00:00",
"PYRIDALYL","פלפל",,"2008-06-10T00:00:00","0.200"
"PYRIDALYL","עגבניה","0.200","2007-08-30T00:00:00",
"PYRIDALYL","פפריקה","0.200","2009-03-31T00:00:00",
"PYRIDALYL","בטטה","0.050","2011-05-17T00:00:00",
"PYRIDALYL","גזר","0.500","2012-07-26T00:00:00",
"PYRIDALYL","כותנה","0.050","2014-03-02T00:00:00",
"PYRIDALYL","אגוז אדמה","0.010","2009-03-31T00:00:00",
"PYRIDALYL","תירס","0.050","2011-05-17T00:00:00",
"PYRIDALYL","שמיר (שבת)","1.000","2011-07-07T00:00:00",
"PYRIDALYL","פטרוסלינון (שורש ועלים)","1.000","2011-05-17T00:00:00",
"PYRIDATE","חימצה (חומוס)","0.050","1999-01-01T00:00:00","יתבטל"
"PYRIDATE","אגוז אדמה","0.050","1999-01-01T00:00:00","יתבטל"
"PYRIDATE","תירס","0.050","1999-01-01T00:00:00","יתבטל"
"PYRIMETHANIL","קורנית","3.000","2011-12-19T00:00:00",
"PYRIMETHANIL","ענבים","2.000","2001-01-15T00:00:00",
"PYRIMETHANIL","תות שדה לפרי","1.000","2001-03-21T00:00:00",
"PYRIMETHANIL","פרי הדר","5.000","2010-07-15T00:00:00",
"PYRIMETHANIL","מלפפון","1.000","2005-07-04T00:00:00",
"PYRIMETHANIL","קישוא",,"2024-01-29T00:00:00","0.050"
"PYRIMETHANIL","כוסברה (גד השדה)","3.000","2011-12-19T00:00:00",
"PYRIMETHANIL","פלפל",,"2016-03-09T00:00:00","0.700"
"PYRIMETHANIL","חציל",,"2020-07-03T00:00:00","1.000"
"PYRIMETHANIL","עגבניה","1.000","2012-02-09T00:00:00",
"PYRIMETHANIL","בצל","0.100","2009-04-05T00:00:00",
"PYRIMETHANIL","אורגנו","3.000","2011-12-19T00:00:00",
"PYRIMETHANIL","תפוח עץ",,"2022-04-28T00:00:00","0.300"
"PYRIMETHANIL","אגס",,"2021-05-11T00:00:00","8.500"
"PYRIMETHANIL","ריחן מצוי / בזיל","3.000","2011-12-19T00:00:00",
"PYRIMETHANIL","שמיר (שבת)","3.000","2011-12-19T00:00:00",
"PYRIMETHANIL","מיורם","3.000","2011-12-19T00:00:00",
"PYRIMETHANIL","מנטה","3.000","2011-12-19T00:00:00",
"PYRIMETHANIL","פטרוסלינון (שורש ועלים)","3.000","2011-12-19T00:00:00",
"PYRIMETHANIL","רוזמרין","3.000","2011-12-19T00:00:00",
"PYRIMETHANIL","מרווה","3.000","2011-12-19T00:00:00",
"PYRIMETHANIL","טרגון","3.000","2011-12-19T00:00:00",
"PYRIMIDIFEN","אבטיח","0.020","2009-02-05T00:00:00",
"PYRIMIDIFEN","פלפל","0.020","2009-02-05T00:00:00",
"PYRIMIDIFEN","חציל","0.020","2009-02-05T00:00:00",
"PYRIMIDIFEN","עגבניה","0.020","2009-02-05T00:00:00",
"PYRIMIDIFEN","תפוח עץ","0.100","2000-05-15T00:00:00",
"PYRIOFENONE","ענבים",,"2019-06-16T00:00:00","0.500"
"PYRIOFENONE","תות שדה לפרי",,"2022-07-06T00:00:00","0.150"
"PYRIOFENONE","מלון",,"2019-07-23T00:00:00","0.050"
"PYRIOFENONE","מלפפון","0.050","2019-06-13T00:00:00","0.100"
"PYRIOFENONE","דלעת",,"2020-01-30T00:00:00","0.100"
"PYRIOFENONE","קישוא","0.010","2018-09-04T00:00:00","0.100"
"PYRIOFENONE","אבטיח",,"2018-09-04T00:00:00","0.010"
"PYRIOFENONE","פלפל",,"2022-06-14T00:00:00","0.300"
"PYRIOFENONE","חציל",,"2022-06-14T00:00:00","0.100"
"PYRIOFENONE","עגבניה",,"2022-06-14T00:00:00","0.800"
"PYRIOFENONE","גזר",,"2022-07-06T00:00:00","0.080"
"PYRIOFENONE","מנגו",,"2022-07-06T00:00:00","0.020"
"PYRIOFENONE","נקטרינה",,"2022-07-06T00:00:00","0.150"
"PYRIOFENONE","אפרסק",,"2022-07-06T00:00:00","0.300"
"PYRIPROXYFEN","פרי הדר","0.500","2001-07-15T00:00:00",
"PYRIPROXYFEN","כרוב","0.020","2009-02-05T00:00:00",
"PYRIPROXYFEN","מלון","0.020","2009-02-05T00:00:00",
"PYRIPROXYFEN","חציל","0.020","2009-02-05T00:00:00",
"PYRIPROXYFEN","עגבניה",,"2025-07-15T00:00:00","0.700"
"PYRIPROXYFEN","כותנה","0.020","2009-02-05T00:00:00",
"PYRIPROXYFEN","מנגו",,"2024-02-28T00:00:00","0.020"
"PYRIPROXYFEN","אפרסמון","0.020","2009-02-05T00:00:00",
"PYRIPROXYFEN","תפוח עץ","0.020","2009-02-05T00:00:00",
"PYRIPROXYFEN","אגס","0.020","2009-02-05T00:00:00",
"PYRIPROXYFEN","שזיף","0.020","2009-02-05T00:00:00",
"PYRIPROXYFEN","נקטרינה","0.020","2009-02-05T00:00:00",
"PYRIPROXYFEN","אפרסק","0.020","2009-02-05T00:00:00",
"PYRIPROXYFEN","זית אירופאי","0.020","2009-02-05T00:00:00",
"PYRITHIOBAC SODIUM","כותנה","0.050","2005-11-22T00:00:00",
"PYROXASULFONE","חימצה (חומוס)",,"2019-06-13T00:00:00","0.010"
"PYROXASULFONE","אגוז אדמה",,"2023-02-01T00:00:00","0.010"
"PYROXASULFONE","חיטה",,"2019-06-13T00:00:00","0.010"
"QUINOXYFEN","ענבים","0.500","1997-02-25T00:00:00",
"QUINOXYFEN","אבטיח","0.030","1997-02-25T00:00:00",
"QUINOXYFEN","פלפל","0.030","1997-02-25T00:00:00",
"QUINOXYFEN","עגבניה","0.030","1999-01-01T00:00:00",
"QUINOXYFEN","פפריקה","0.030","2005-11-23T00:00:00",
"QUINOXYFEN","תפוח עץ",,"2018-06-13T00:00:00","0.030"
"QUINOXYFEN","נקטרינה","0.030","2005-11-23T00:00:00",
"QUINOXYFEN","אפרסק","0.030","2005-11-23T00:00:00",
"QUIZALOFOP-P-ETHYL","אספסת","0.100","2006-03-21T00:00:00",
"QUIZALOFOP-P-ETHYL","בקיה","0.100","2006-03-21T00:00:00",
"QUIZALOFOP-P-ETHYL","פרי הדר","0.100","2006-03-21T00:00:00",
"QUIZALOFOP-P-ETHYL","כרפס/סלרי (שורש ועלים)","0.100","2006-03-21T00:00:00",
"QUIZALOFOP-P-ETHYL","כרוביים","0.100","2013-01-21T00:00:00",
"QUIZALOFOP-P-ETHYL","כרוב","0.100","2006-03-21T00:00:00",
"QUIZALOFOP-P-ETHYL","כרובית","0.100","2006-03-21T00:00:00",
"QUIZALOFOP-P-ETHYL","אבטיח","0.100","2006-03-21T00:00:00",
"QUIZALOFOP-P-ETHYL","חימצה (חומוס)","0.100","2006-03-21T00:00:00",
"QUIZALOFOP-P-ETHYL","חסה","0.100","2006-03-21T00:00:00",
"QUIZALOFOP-P-ETHYL","פלפל","0.100","2006-03-21T00:00:00",
"QUIZALOFOP-P-ETHYL","עגבניה","0.100","2006-03-21T00:00:00",
"QUIZALOFOP-P-ETHYL","פפריקה","0.100","2006-03-21T00:00:00",
"QUIZALOFOP-P-ETHYL","אפון","0.100","2006-03-21T00:00:00",
"QUIZALOFOP-P-ETHYL","גזר","0.100","2006-03-21T00:00:00",
"QUIZALOFOP-P-ETHYL","בצל","0.100","2006-03-21T00:00:00",
"QUIZALOFOP-P-ETHYL","כותנה","0.100","2006-03-21T00:00:00",
"QUIZALOFOP-P-ETHYL","אגוז אדמה","0.100","2006-03-21T00:00:00",
"QUIZALOFOP-P-ETHYL","שום","0.100","2006-03-21T00:00:00",
"QUIZALOFOP-P-ETHYL","תפוח עץ","0.100","2006-03-21T00:00:00",
"QUIZALOFOP-P-ETHYL","אגס","0.100","2006-03-21T00:00:00",
"QUIZALOFOP-P-TEFURYL","בקיה","0.100","2005-11-23T00:00:00",
"QUIZALOFOP-P-TEFURYL","כרוביים","0.100","2005-11-23T00:00:00",
"QUIZALOFOP-P-TEFURYL","כרוב","0.100","2021-08-17T00:00:00",
"QUIZALOFOP-P-TEFURYL","ברוקולי","0.100","2021-08-17T00:00:00",
"QUIZALOFOP-P-TEFURYL","כרובית","0.100","2021-08-17T00:00:00",
"QUIZALOFOP-P-TEFURYL","אבטיח","0.100","2005-11-23T00:00:00",
"QUIZALOFOP-P-TEFURYL","אפון","0.100","2005-11-23T00:00:00",
"QUIZALOFOP-P-TEFURYL","בצל","0.100","2005-11-23T00:00:00",
"QUIZALOFOP-P-TEFURYL","כותנה","0.100","2005-11-23T00:00:00",
"QUIZALOFOP-P-TEFURYL","אגוז אדמה","0.100","2005-11-23T00:00:00",
"QUIZALOFOP-P-TEFURYL","חמנית מצויה","0.100","2005-11-23T00:00:00",
"RIMSULFURON","עגבניה","0.100","1999-01-01T00:00:00",
"RIMSULFURON","תירס","0.100","2017-12-28T00:00:00",
"SAFLUFENACIL","תירס",,"2022-12-26T00:00:00","0.020"
"SPINETORAM","קורנית","0.050","2011-01-11T00:00:00",
"SPINETORAM","ענבים","0.100","2008-08-31T00:00:00",
"SPINETORAM","פרי הדר","0.020","2014-01-30T00:00:00",
"SPINETORAM","לובאג'","0.050","2011-01-11T00:00:00",
"SPINETORAM","תפוח אדמה","0.010","2009-10-13T00:00:00",
"SPINETORAM","צנונית","0.050","2010-01-13T00:00:00",
"SPINETORAM","כרפס/סלרי (שורש ועלים)","0.100","2010-01-04T00:00:00",
"SPINETORAM","כרוב","0.100","2008-11-24T00:00:00",
"SPINETORAM","ברוקולי","0.100","2016-07-07T00:00:00",
"SPINETORAM","כרובית","0.100","2009-06-23T00:00:00",
"SPINETORAM","קולרבי","0.100","2009-06-23T00:00:00",
"SPINETORAM","מלון","0.050","2010-10-04T00:00:00",
"SPINETORAM","מלפפון","0.050","2013-11-25T00:00:00",
"SPINETORAM","אבטיח","0.050","2010-10-04T00:00:00",
"SPINETORAM","חימצה (חומוס)","0.010","2009-01-14T00:00:00",
"SPINETORAM","סלק עלים","0.050","2011-01-11T00:00:00",
"SPINETORAM","כוסברה (גד השדה)","0.050","2010-02-18T00:00:00",
"SPINETORAM","חסה","0.100","2008-11-24T00:00:00",
"SPINETORAM","תרד","0.050","2014-03-19T00:00:00",
"SPINETORAM","פלפל","0.050","2012-07-26T00:00:00",
"SPINETORAM","עגבניה","0.010","2009-11-09T00:00:00",
"SPINETORAM","אפון","0.010","2010-11-28T00:00:00",
"SPINETORAM","שעועית ירוקה","0.010","2010-10-04T00:00:00",
"SPINETORAM","צנון","0.050","2010-01-13T00:00:00",
"SPINETORAM","לפת","0.050","2010-01-13T00:00:00",
"SPINETORAM","סלק אדום (שורש ועלים)","0.050","2010-01-13T00:00:00",
"SPINETORAM","גזר","0.050","2010-01-04T00:00:00",
"SPINETORAM","בצל","0.050","2012-02-15T00:00:00",
"SPINETORAM","כותנה","0.010","2009-01-14T00:00:00",
"SPINETORAM","לוף (כרתי/כרש/כרשה)","0.050","2009-06-23T00:00:00",
"SPINETORAM","אבוקדו","0.020","2014-01-30T00:00:00",
"SPINETORAM","אפרסמון","0.050","2010-10-04T00:00:00",
"SPINETORAM","רימון","0.050","2011-05-17T00:00:00",
"SPINETORAM","תפוח עץ","0.100","2009-06-23T00:00:00",
"SPINETORAM","אגס","0.100","2008-08-31T00:00:00",
"SPINETORAM","שזיף","0.050","2010-01-04T00:00:00",
"SPINETORAM","משמש","0.050","2010-01-04T00:00:00",
"SPINETORAM","דובדבן",,"2021-06-08T00:00:00","0.050"
"SPINETORAM","נקטרינה","0.050","2010-01-04T00:00:00",
"SPINETORAM","אפרסק","0.050","2010-01-04T00:00:00",
"SPINETORAM","תאנה","0.010","2015-06-23T00:00:00",
"SPINETORAM","זית אירופאי","0.010","2012-01-10T00:00:00",
"SPINETORAM","תירס","0.010","2008-11-24T00:00:00",
"SPINETORAM","ריחן מצוי / בזיל","0.050","2010-02-18T00:00:00",
"SPINETORAM","עירית בצלית","0.050","2008-08-31T00:00:00",
"SPINETORAM","שמיר (שבת)","0.050","2010-02-18T00:00:00",
"SPINETORAM","מנטה","0.050","2011-01-11T00:00:00",
"SPINETORAM","פטרוסלינון (שורש ועלים)","0.050","2010-02-18T00:00:00",
"SPINETORAM","רוזמרין","0.050","2011-01-11T00:00:00",
"SPINETORAM","מרווה","0.050","2011-01-11T00:00:00",
"SPINETORAM","טרגון","0.050","2011-01-11T00:00:00",
"SPINETORAM","רוקולה","0.050","2010-02-18T00:00:00",
"SPINETORAM","סייגית (צ'רביל)","0.050","2011-01-11T00:00:00",
"SPINETORAM","בצל ירוק","0.050","2009-06-23T00:00:00",
"SPINETORAM","עלי בוק צ'וי","0.050","2014-03-19T00:00:00",
"SPINOSAD","קורנית","2.000","2012-04-18T00:00:00",
"SPINOSAD","ענבים","0.200","1999-01-01T00:00:00",
"SPINOSAD","תות שדה לפרי","0.500","1999-01-01T00:00:00",
"SPINOSAD","פרי הדר","0.050","2005-11-23T00:00:00",
"SPINOSAD","תפוח אדמה","0.050","2000-06-19T00:00:00",
"SPINOSAD","כרוביים","0.500","2000-01-01T00:00:00",
"SPINOSAD","כרוב",,"2025-11-03T00:00:00","0.500"
"SPINOSAD","ברוקולי",,"2025-11-03T00:00:00","0.500"
"SPINOSAD","כרובית","0.500","2021-08-17T00:00:00",
"SPINOSAD","מלון","0.500","1999-01-01T00:00:00",
"SPINOSAD","מלפפון","0.500","1999-01-01T00:00:00",
"SPINOSAD","כוסברה (גד השדה)","2.000","2012-04-18T00:00:00",
"SPINOSAD","חסה","0.500","2004-07-13T00:00:00",
"SPINOSAD","פלפל","0.500","1999-01-01T00:00:00",
"SPINOSAD","חציל","0.050","2005-11-23T00:00:00",
"SPINOSAD","עגבניה","0.050","2000-06-19T00:00:00",
"SPINOSAD","שעועית ירוקה","0.100","2001-03-21T00:00:00",
"SPINOSAD","בצל","0.050","2001-03-21T00:00:00",
"SPINOSAD","אבוקדו","0.050","1999-01-01T00:00:00",
"SPINOSAD","ליצי","0.050","2013-01-21T00:00:00",
"SPINOSAD","מנגו","0.050","2005-11-23T00:00:00",
"SPINOSAD","פסיפלורה (שעונית)","0.050","2013-01-21T00:00:00",
"SPINOSAD","אפרסמון","0.010","2011-01-11T00:00:00",
"SPINOSAD","רימון","0.020","2009-02-15T00:00:00",
"SPINOSAD","תפוח עץ","0.050","1999-01-01T00:00:00",
"SPINOSAD","אגס","0.050","1999-01-01T00:00:00",
"SPINOSAD","שזיף","0.050","1999-01-01T00:00:00",
"SPINOSAD","משמש","0.050","2013-01-21T00:00:00",
"SPINOSAD","דובדבן","0.050","2013-01-21T00:00:00",
"SPINOSAD","נקטרינה","0.050","1999-01-01T00:00:00",
"SPINOSAD","אפרסק","0.050","2004-07-13T00:00:00",
"SPINOSAD","תמר","0.050","2005-11-23T00:00:00",
"SPINOSAD","זית אירופאי","0.050","2005-10-31T00:00:00",
"SPINOSAD","תירס","0.050","1999-01-01T00:00:00",
"SPINOSAD","ריחן מצוי / בזיל","2.000","2012-04-18T00:00:00",
"SPINOSAD","עירית בצלית","2.000","2012-04-18T00:00:00",
"SPINOSAD","שמיר (שבת)","2.000","2012-04-18T00:00:00",
"SPINOSAD","שומר","2.000","2012-04-18T00:00:00",
"SPINOSAD","פטרוסלינון (שורש ועלים)","2.000","2012-04-18T00:00:00",
"SPINOSAD","רוזמרין","2.000","2012-04-18T00:00:00",
"SPINOSAD","מרווה","2.000","2012-04-18T00:00:00",
"SPINOSAD","טרגון","2.000","2012-04-18T00:00:00",
"SPINOSAD","רוקט (בן חרדל)",,"2012-04-18T00:00:00","2.000"
"SPINOSAD","רוקולה","2.000","2012-04-18T00:00:00",
"SPINOSAD","בצל ירוק","2.000","2012-04-18T00:00:00",
"SPIRODICLOFEN","פרי הדר","0.050","2004-06-08T00:00:00",
"SPIRODICLOFEN","מלפפון","0.020","2013-01-23T00:00:00",
"SPIRODICLOFEN","שקד","0.300","2009-04-05T00:00:00",
"SPIRODICLOFEN","אבוקדו","0.500","2005-07-07T00:00:00",
"SPIRODICLOFEN","רימון","0.050","2013-01-23T00:00:00",
"SPIRODICLOFEN","תפוח עץ","0.050","2004-06-08T00:00:00",
"SPIRODICLOFEN","אגס","0.050","2010-06-21T00:00:00",
"SPIRODICLOFEN","שזיף","0.050","2012-02-15T00:00:00",
"SPIRODICLOFEN","משמש","0.050","2012-02-15T00:00:00",
"SPIRODICLOFEN","דובדבן","0.050","2013-01-23T00:00:00",
"SPIRODICLOFEN","נקטרינה","0.050","2012-02-15T00:00:00",
"SPIRODICLOFEN","אפרסק","0.050","2012-02-15T00:00:00",
"SPIROMESIFEN","מלון","0.050","2004-06-08T00:00:00",
"SPIROMESIFEN","מלפפון","0.020","2012-09-27T00:00:00",
"SPIROMESIFEN","דלעת","0.050","2015-11-12T00:00:00",
"SPIROMESIFEN","קישוא","0.020","2005-12-07T00:00:00",
"SPIROMESIFEN","אבטיח","0.050","2006-04-04T00:00:00",
"SPIROMESIFEN","פלפל","1.000","2006-04-27T00:00:00",
"SPIROMESIFEN","חציל","1.000","2005-12-07T00:00:00",
"SPIROMESIFEN","עגבניה","1.000","2005-12-07T00:00:00",
"SPIROMESIFEN","דלורית","0.050","2015-11-12T00:00:00",
"SPIROMESIFEN","כותנה","0.020","2005-12-07T00:00:00",
"SPIROTETRAMAT","קורנית","1.000","2013-04-14T00:00:00",
"SPIROTETRAMAT","ענבים","0.500","2011-11-16T00:00:00",
"SPIROTETRAMAT","פרי הדר","0.500","2010-01-03T00:00:00","0.150"
"SPIROTETRAMAT","כרפס/סלרי (שורש ועלים)","1.000","2013-04-14T00:00:00",
"SPIROTETRAMAT","כרוב","0.100","2012-12-23T00:00:00",
"SPIROTETRAMAT","ברוקולי","0.100","2012-12-23T00:00:00",
"SPIROTETRAMAT","כרוב ניצנים","0.100","2012-12-23T00:00:00",
"SPIROTETRAMAT","כרובית","0.100","2012-12-23T00:00:00",
"SPIROTETRAMAT","קולרבי","0.050","2016-09-29T00:00:00",
"SPIROTETRAMAT","מלון","0.100","2012-11-13T00:00:00",
"SPIROTETRAMAT","דלעת","0.100","2015-11-12T00:00:00",
"SPIROTETRAMAT","קישוא","0.100","2012-11-13T00:00:00",
"SPIROTETRAMAT","אבטיח","0.050","2012-11-13T00:00:00",
"SPIROTETRAMAT","כוסברה (גד השדה)","1.000","2013-04-14T00:00:00",
"SPIROTETRAMAT","חסה","0.200","2014-08-06T00:00:00",
"SPIROTETRAMAT","פלפל","0.050","2012-11-13T00:00:00",
"SPIROTETRAMAT","חציל","0.050","2012-11-13T00:00:00",
"SPIROTETRAMAT","עגבניה","0.050","2013-03-13T00:00:00",
"SPIROTETRAMAT","שעועית ירוקה","0.050","2016-09-29T00:00:00",
"SPIROTETRAMAT","דלורית","0.100","2012-11-13T00:00:00",
"SPIROTETRAMAT","גזר",,"2017-01-30T00:00:00","0.010"
"SPIROTETRAMAT","בצל","0.100","2010-11-28T00:00:00",
"SPIROTETRAMAT","אבוקדו","0.300","2015-11-12T00:00:00",
"SPIROTETRAMAT","רימון","0.100","2015-11-12T00:00:00","0.150"
"SPIROTETRAMAT","תפוח עץ","0.200","2013-03-13T00:00:00",
"SPIROTETRAMAT","אגס","0.200","2013-03-23T00:00:00",
"SPIROTETRAMAT","ריחן מצוי / בזיל","1.000","2013-04-14T00:00:00",
"SPIROTETRAMAT","עירית בצלית","1.000","2013-04-14T00:00:00",
"SPIROTETRAMAT","שמיר (שבת)","1.000","2013-04-14T00:00:00",
"SPIROTETRAMAT","מנטה","1.000","2013-04-14T00:00:00",
"SPIROTETRAMAT","פטרוסלינון (שורש ועלים)","1.000","2013-04-14T00:00:00",
"SPIROTETRAMAT","רוזמרין","1.000","2013-04-14T00:00:00",
"SPIROTETRAMAT","מרווה","1.000","2013-04-14T00:00:00",
"SPIROTETRAMAT","טרגון","1.000","2013-04-14T00:00:00",
"SPIROTETRAMAT","רוקט (בן חרדל)","1.000","2013-04-14T00:00:00",
"SPIROTETRAMAT","רוקולה","1.000","2013-04-14T00:00:00",
"SPIROTETRAMAT","חבוש","0.200","2013-03-13T00:00:00",
"SPIROTETRAMAT","בצל ירוק","1.000","2013-04-14T00:00:00",
"SPIROXAMINE","ענבים","0.050","2005-11-23T00:00:00",
"SULFENTRAZONE","חימצה (חומוס)","0.010","1999-01-01T00:00:00",
"SULFOSULFURON","עגבניה","0.050","2005-12-04T00:00:00",
"SULFOSULFURON","חיטה","0.050","2005-12-04T00:00:00",
"SULFOXAFLOR","ענבים",,"2018-02-14T00:00:00","0.500"
"SULFOXAFLOR","תות שדה לפרי",,"2022-06-14T00:00:00","0.300"
"SULFOXAFLOR","פרי הדר","0.500","2013-11-20T00:00:00",
"SULFOXAFLOR","כרוב","0.010","2014-08-04T00:00:00",
"SULFOXAFLOR","ברוקולי","0.010","2014-08-04T00:00:00",
"SULFOXAFLOR","כרובית","0.010","2014-08-04T00:00:00",
"SULFOXAFLOR","מלפפון",,"2018-09-04T00:00:00","0.150"
"SULFOXAFLOR","דלעת",,"2020-07-28T00:00:00","0.060"
"SULFOXAFLOR","פלפל","0.100","2015-11-12T00:00:00",
"SULFOXAFLOR","עגבניה","0.100","2015-11-12T00:00:00",
"SULFOXAFLOR","כותנה",,"2018-02-14T00:00:00","0.010"
"SULFOXAFLOR","מנגו","0.020","2013-11-25T00:00:00",
"SULFOXAFLOR","רימון","0.020","2013-11-25T00:00:00",
"SULFOXAFLOR","תפוח עץ","0.500","2013-11-25T00:00:00",
"SULFOXAFLOR","נקטרינה","0.020","2013-11-25T00:00:00",
"SULFOXAFLOR","אפרסק","0.020","2013-11-25T00:00:00","0.100"
"TAU-FLUVALINATE","ענבים","1.000","2012-02-15T00:00:00",
"TAU-FLUVALINATE","פרי הדר","0.500","2005-09-20T00:00:00",
"TAU-FLUVALINATE","מלפפון",,"2024-09-09T00:00:00","0.020"
"TAU-FLUVALINATE","גזר","0.050","2013-05-13T00:00:00",
"TAU-FLUVALINATE","אגוז אדמה","0.100","2005-09-20T00:00:00",
"TAU-FLUVALINATE","שקד","0.100","2005-09-20T00:00:00",
"TAU-FLUVALINATE","פקאן תרבותי","0.100","2005-09-20T00:00:00",
"TAU-FLUVALINATE","רימון","0.100","2012-01-10T00:00:00",
"TAU-FLUVALINATE","תפוח עץ","0.020","2015-11-12T00:00:00","0.200"
"TAU-FLUVALINATE","שזיף","0.500","2005-09-20T00:00:00",
"TAU-FLUVALINATE","משמש","0.500","2012-01-10T00:00:00",
"TAU-FLUVALINATE","נקטרינה","0.500","2012-01-10T00:00:00",
"TAU-FLUVALINATE","אפרסק","0.500","2005-09-20T00:00:00",
"TEBUCONAZOLE","תירס מספוא","0.200","1996-01-01T00:00:00",
"TEBUCONAZOLE","תלתן",,"2025-06-25T00:00:00","2.000"
"TEBUCONAZOLE","ענבים","2.000","1998-11-01T00:00:00",
"TEBUCONAZOLE","תות שדה לפרי","0.100","2017-12-28T00:00:00",
"TEBUCONAZOLE","תפוח אדמה","0.200","1998-11-01T00:00:00",
"TEBUCONAZOLE","כרפס/סלרי (שורש ועלים)","0.200","1998-11-01T00:00:00",
"TEBUCONAZOLE","כרוביים","0.200","1999-01-01T00:00:00",
"TEBUCONAZOLE","כרוב","0.200","2021-08-17T00:00:00",
"TEBUCONAZOLE","ברוקולי","0.200","2021-08-17T00:00:00",
"TEBUCONAZOLE","כרובית","0.200","2021-08-17T00:00:00",
"TEBUCONAZOLE","מלון","0.020","2015-11-12T00:00:00",
"TEBUCONAZOLE","מלפפון","0.020","2015-11-12T00:00:00","0.200"
"TEBUCONAZOLE","קישוא","0.020","2015-11-12T00:00:00",
"TEBUCONAZOLE","אבטיח","0.100","2012-11-13T00:00:00",
"TEBUCONAZOLE","חימצה (חומוס)","0.200","1996-01-01T00:00:00",
"TEBUCONAZOLE","חסה",,"2019-07-09T00:00:00","0.500"
"TEBUCONAZOLE","פלפל","0.500","2021-04-26T00:00:00",
"TEBUCONAZOLE","חציל","0.200","2017-12-28T00:00:00",
"TEBUCONAZOLE","תירס מתוק","0.200","1999-01-01T00:00:00",
"TEBUCONAZOLE","עגבניה","0.200","2005-11-23T00:00:00","0.500"
"TEBUCONAZOLE","שעועית ירוקה","0.010","2016-05-23T00:00:00",
"TEBUCONAZOLE","גזר","0.200","1998-11-01T00:00:00",
"TEBUCONAZOLE","בצל","0.200","1998-11-01T00:00:00",
"TEBUCONAZOLE","חלב","0.010","1999-01-01T00:00:00",
"TEBUCONAZOLE","בשר","0.050","1999-01-01T00:00:00",
"TEBUCONAZOLE","בשר, חלקי פנים","0.050","1999-01-01T00:00:00",
"TEBUCONAZOLE","ביצים","0.010","2013-01-23T00:00:00",
"TEBUCONAZOLE","בשר עוף","0.050","1999-01-01T00:00:00",
"TEBUCONAZOLE","כותנה","0.200","1996-01-01T00:00:00",
"TEBUCONAZOLE","אגוז אדמה","0.200","1998-11-01T00:00:00",
"TEBUCONAZOLE","חמנית מצויה","0.200","1996-01-01T00:00:00",
"TEBUCONAZOLE","שקד","0.200","1998-11-01T00:00:00",
"TEBUCONAZOLE","שום","0.200","1998-11-01T00:00:00",
"TEBUCONAZOLE","מנגו","0.020","2015-11-12T00:00:00",
"TEBUCONAZOLE","רימון","0.050","2012-12-02T00:00:00",
"TEBUCONAZOLE","תפוח עץ","0.400","2013-05-13T00:00:00",
"TEBUCONAZOLE","אגס","0.400","2013-05-13T00:00:00",
"TEBUCONAZOLE","שזיף","0.200","1998-11-01T00:00:00",
"TEBUCONAZOLE","משמש","0.300","2012-01-10T00:00:00",
"TEBUCONAZOLE","דובדבן",,"2023-03-15T00:00:00","0.300"
"TEBUCONAZOLE","נקטרינה","0.300","2008-12-03T00:00:00",
"TEBUCONAZOLE","אפרסק","0.300","2008-12-03T00:00:00",
"TEBUCONAZOLE","תמר","0.020","2015-11-12T00:00:00",
"TEBUCONAZOLE","שעורה תרבותית",,"2025-06-25T00:00:00","0.020"
"TEBUCONAZOLE","חיטה","0.200","1996-01-01T00:00:00",
"TEBUCONAZOLE","בשר עוף, חלקי פנים","0.050","2005-11-23T00:00:00",
"TEBUCONAZOLE","חבוש","0.400","2015-11-12T00:00:00",
"TEBUFENPYRAD","תות שדה לפרי","0.050","1999-01-01T00:00:00",
"TEBUFENPYRAD","פרי הדר","0.050","2005-12-04T00:00:00",
"TEBUFENPYRAD","מלפפון","0.050","1999-01-01T00:00:00",
"TEBUFENPYRAD","אבטיח","0.050","1999-01-01T00:00:00",
"TEBUFENPYRAD","פלפל","0.100","2009-04-05T00:00:00",
"TEBUFENPYRAD","חציל","0.050","1999-01-01T00:00:00",
"TEBUFENPYRAD","עגבניה","0.050","1999-01-01T00:00:00",
"TEBUFENPYRAD","תפוח עץ","0.050","1999-01-01T00:00:00",
"TEBUFENPYRAD","אגס","0.050","1999-01-01T00:00:00",
"TEFLUBENZURON","אספסת","0.200","1999-01-01T00:00:00",
"TEFLUBENZURON","ענבים","1.000","1996-01-01T00:00:00",
"TEFLUBENZURON","פרי הדר","1.000","1999-01-01T00:00:00",
"TEFLUBENZURON","תפוח אדמה","0.100","1996-01-01T00:00:00",
"TEFLUBENZURON","קינרס (ארטישוק)","0.200","1999-01-01T00:00:00",
"TEFLUBENZURON","כרפס/סלרי (שורש ועלים)","0.500","1996-01-01T00:00:00",
"TEFLUBENZURON","כרוביים","0.500","1996-01-01T00:00:00",
"TEFLUBENZURON","כרוב","0.500","2021-08-17T00:00:00",
"TEFLUBENZURON","כרובית","0.500","2021-08-17T00:00:00",
"TEFLUBENZURON","מלון","0.200","1999-01-01T00:00:00",
"TEFLUBENZURON","אבטיח","0.200","1999-01-01T00:00:00",
"TEFLUBENZURON","פלפל","0.500","1996-01-01T00:00:00",
"TEFLUBENZURON","חציל","0.500","2013-05-19T00:00:00",
"TEFLUBENZURON","עגבניה","0.500","1996-01-01T00:00:00",
"TEFLUBENZURON","שעועית ירוקה","0.200","1996-01-01T00:00:00",
"TEFLUBENZURON","בטטה","0.100","1996-01-01T00:00:00",
"TEFLUBENZURON","סלק אדום (שורש ועלים)","0.200","1996-01-01T00:00:00",
"TEFLUBENZURON","כותנה","0.200","1996-01-01T00:00:00",
"TEFLUBENZURON","תפוח עץ","0.200","1996-01-01T00:00:00",
"TEFLUBENZURON","אגס","1.000","1998-11-01T00:00:00",
"TEFLUBENZURON","שזיף","0.200","1996-01-01T00:00:00",
"TEFLUBENZURON","תמר","2.000","1996-01-01T00:00:00",
"TEFLUBENZURON","זית אירופאי","0.100","1996-01-01T00:00:00",
"TEFLUBENZURON","תירס","0.200","2017-12-28T00:00:00",
"TEFLUBENZURON","ריחן מצוי / בזיל","3.000","2005-10-30T00:00:00",
"TERBACIL","מנטה","0.020","2013-01-23T00:00:00",
"TERBUTHYLAZINE","תירס מספוא",,"2024-10-29T00:00:00","0.010"
"TERBUTHYLAZINE","תירס מתוק",,"2024-10-29T00:00:00","0.010"
"TERBUTHYLAZINE","תירס",,"2024-10-29T00:00:00","0.010"
"TERBUTRYN","חימצה (חומוס)","0.020","2013-01-23T00:00:00",
"TERBUTRYN","אפון","0.020","2013-01-23T00:00:00",
"TERBUTRYN","אגוז אדמה","0.020","2013-01-23T00:00:00",
"TERBUTRYN","חמנית מצויה","0.020","2013-01-23T00:00:00",
"TETRACONAZOLE","ענבים","0.500","2016-07-11T00:00:00",
"TETRACONAZOLE","תות שדה לפרי","0.200","2000-01-01T00:00:00",
"TETRACONAZOLE","כרפס/סלרי (שורש ועלים)","0.050","1999-01-01T00:00:00",
"TETRACONAZOLE","מלון","0.050","1999-01-01T00:00:00",
"TETRACONAZOLE","מלפפון","0.100","1999-01-01T00:00:00",
"TETRACONAZOLE","קישוא","0.100","1999-01-01T00:00:00",
"TETRACONAZOLE","אבטיח","0.050","1999-01-01T00:00:00",
"TETRACONAZOLE","כוסברה (גד השדה)","0.020","2005-10-30T00:00:00",
"TETRACONAZOLE","עגבניה","0.050","2005-12-05T00:00:00",
"TETRACONAZOLE","גזר","0.050","2005-12-05T00:00:00",
"TETRACONAZOLE","אגוז אדמה","0.050","1999-01-01T00:00:00",
"TETRACONAZOLE","מנגו","0.050","1999-01-01T00:00:00",
"TETRACONAZOLE","תפוח עץ","0.050","1999-01-01T00:00:00",
"TETRACONAZOLE","שזיף","0.050","1999-01-01T00:00:00",
"TETRACONAZOLE","דובדבן",,"2023-03-15T00:00:00","0.300"
"TETRACONAZOLE","נקטרינה","0.050","1999-01-01T00:00:00",
"TETRACONAZOLE","אפרסק","0.050","1999-01-01T00:00:00",
"TETRADIFON","סלק מספוא","1.000","1999-01-01T00:00:00","יתבטל"
"TETRADIFON","פרי הדר","2.000","1996-01-01T00:00:00","יתבטל"
"TETRADIFON","מלון","1.000","2005-12-05T00:00:00","יתבטל"
"TETRADIFON","מלפפון","1.000","1996-01-01T00:00:00","יתבטל"
"TETRADIFON","קישוא","1.000","2005-12-05T00:00:00","יתבטל"
"TETRADIFON","אבטיח","1.000","2005-12-05T00:00:00","יתבטל"
"TETRADIFON","פלפל","1.000","1999-01-01T00:00:00","יתבטל"
"TETRADIFON","חציל","1.000","1996-01-01T00:00:00","יתבטל"
"TETRADIFON","עגבניה","1.000","1996-01-01T00:00:00","יתבטל"
"TETRADIFON","שעועית ירוקה","1.000","1999-01-01T00:00:00","יתבטל"
"TETRADIFON","כותנה","1.000","1999-01-01T00:00:00","יתבטל"
"TETRADIFON","אגוז אדמה","1.000","1999-01-01T00:00:00","יתבטל"
"TETRADIFON","תפוח עץ","5.000","1996-01-01T00:00:00","יתבטל"
"TETRADIFON","שזיף","1.000","1999-01-01T00:00:00","יתבטל"
"TETRADIFON","נקטרינה","1.000","2004-07-13T00:00:00","יתבטל"
"TETRADIFON","אפרסק","1.000","1999-01-01T00:00:00","יתבטל"
"TETRADIFON","תמר","0.500","2005-12-05T00:00:00","יתבטל"
"TETRADIFON","תירס","1.000","1999-01-01T00:00:00","יתבטל"
"THIABENDAZOLE","פרי הדר","5.000","2005-05-24T00:00:00",
"THIABENDAZOLE","תפוח אדמה","5.000","1996-01-01T00:00:00",
"THIABENDAZOLE","גזר","1.000","2010-01-04T00:00:00",
"THIABENDAZOLE","פקאן תרבותי","0.200","1996-01-01T00:00:00",
"THIABENDAZOLE","תפוח עץ","3.000","2016-06-27T00:00:00",
"THIABENDAZOLE","אגס","3.000","2016-06-27T00:00:00",
"THIABENDAZOLE","זית אירופאי","10.000","1996-01-01T00:00:00",
"THIACLOPRID","קורנית","1.000","2009-09-10T00:00:00",
"THIACLOPRID","ענבים","0.020","2001-07-15T00:00:00","0.500"
"THIACLOPRID","תות שדה לפרי","1.000","2009-06-02T00:00:00",
"THIACLOPRID","לובאג'","1.000","2009-09-10T00:00:00",
"THIACLOPRID","תפוח אדמה","0.020","2001-07-15T00:00:00",
"THIACLOPRID","כרפס/סלרי (שורש ועלים)","0.500","2013-01-23T00:00:00",
"THIACLOPRID","כרוביים","0.020","2001-07-15T00:00:00",
"THIACLOPRID","כרוב","0.020","2021-08-17T00:00:00",
"THIACLOPRID","ברוקולי","0.020","2012-10-15T00:00:00",
"THIACLOPRID","כרובית","0.020","2021-08-17T00:00:00",
"THIACLOPRID","מלון","0.020","2001-07-15T00:00:00",
"THIACLOPRID","קישוא","0.020","2001-07-15T00:00:00",
"THIACLOPRID","אבטיח","0.050","2016-09-04T00:00:00",
"THIACLOPRID","סלק עלים","0.100","2009-09-10T00:00:00",
"THIACLOPRID","כוסברה (גד השדה)","0.500","2009-09-10T00:00:00",
"THIACLOPRID","עגבניה","0.050","2003-07-29T00:00:00",
"THIACLOPRID","כותנה","0.020","2001-07-15T00:00:00",
"THIACLOPRID","שקד","1.000","2010-02-18T00:00:00",
"THIACLOPRID","אורגנו","1.000","2012-09-27T00:00:00",
"THIACLOPRID","אפרסמון","0.050","2004-06-08T00:00:00",
"THIACLOPRID","רימון","0.020","2005-12-05T00:00:00",
"THIACLOPRID","תפוח עץ","0.100","2005-01-17T00:00:00",
"THIACLOPRID","אגס","0.100","2005-12-05T00:00:00",
"THIACLOPRID","שזיף","0.300","2009-11-05T00:00:00",
"THIACLOPRID","נקטרינה","0.300","2009-04-05T00:00:00",
"THIACLOPRID","אפרסק","0.300","2012-02-22T00:00:00",
"THIACLOPRID","זית אירופאי","0.200","2009-06-02T00:00:00",
"THIACLOPRID","תירס","0.100","2005-12-05T00:00:00",
"THIACLOPRID","ריחן מצוי / בזיל","1.000","2009-09-10T00:00:00",
"THIACLOPRID","עירית בצלית","1.000","2010-10-04T00:00:00",
"THIACLOPRID","שמיר (שבת)","0.500","2009-09-10T00:00:00",
"THIACLOPRID","מיורם","1.000","2012-09-27T00:00:00",
"THIACLOPRID","מנטה","1.000","2009-09-10T00:00:00",
"THIACLOPRID","פטרוסלינון (שורש ועלים)","0.500","2009-09-10T00:00:00",
"THIACLOPRID","רוזמרין","1.000","2009-09-10T00:00:00",
"THIACLOPRID","מרווה","1.000","2005-10-30T00:00:00",
"THIACLOPRID","טרגון","1.000","2009-09-10T00:00:00",
"THIACLOPRID","רוקולה","0.100","2009-09-10T00:00:00",
"THIACLOPRID","סייגית (צ'רביל)","0.500","2009-09-10T00:00:00",
"THIACLOPRID","בצל ירוק","1.000","2012-07-02T00:00:00",
"THIACLOPRID","חומעת הגינה","0.100","2012-09-27T00:00:00",
"THIAMETHOXAM","ענבים","0.300","2003-11-05T00:00:00",
"THIAMETHOXAM","תות שדה לפרי","0.050","2006-02-08T00:00:00",
"THIAMETHOXAM","פרי הדר","0.050","2007-05-06T00:00:00",
"THIAMETHOXAM","תפוח אדמה","0.020","2001-07-15T00:00:00",
"THIAMETHOXAM","כרוביים","0.020","2005-12-05T00:00:00",
"THIAMETHOXAM","כרוב","0.020","2001-07-15T00:00:00",
"THIAMETHOXAM","ברוקולי","0.020","2005-12-05T00:00:00",
"THIAMETHOXAM","כרובית","0.020","2001-07-15T00:00:00",
"THIAMETHOXAM","קולרבי","0.020","2021-08-17T00:00:00",
"THIAMETHOXAM","מלון","0.100","2001-07-15T00:00:00",
"THIAMETHOXAM","מלפפון","0.100","2004-06-08T00:00:00",
"THIAMETHOXAM","קישוא","0.100","2004-06-08T00:00:00",
"THIAMETHOXAM","אבטיח","0.050","2004-06-08T00:00:00",
"THIAMETHOXAM","חסה","0.020","2005-05-26T00:00:00",
"THIAMETHOXAM","פלפל","0.020","2001-07-15T00:00:00",
"THIAMETHOXAM","חציל","0.050","2004-06-08T00:00:00",
"THIAMETHOXAM","עגבניה","0.020","2001-07-15T00:00:00",
"THIAMETHOXAM","שעועית ירוקה","0.020","2001-07-15T00:00:00",
"THIAMETHOXAM","בטטה","0.020","2015-08-04T00:00:00",
"THIAMETHOXAM","גזר","0.010","2012-05-03T00:00:00",
"THIAMETHOXAM","אגוז אדמה","0.050","2015-11-12T00:00:00",
"THIAMETHOXAM","שקד","0.020","2001-07-15T00:00:00",
"THIAMETHOXAM","בננה","0.050","2006-11-23T00:00:00",
"THIAMETHOXAM","מנגו","0.010","2008-12-03T00:00:00",
"THIAMETHOXAM","אפרסמון","0.050","2006-02-08T00:00:00",
"THIAMETHOXAM","רימון","0.300","2014-08-07T00:00:00",
"THIAMETHOXAM","תפוח עץ","0.020","2001-07-15T00:00:00",
"THIAMETHOXAM","אגס","0.020","2001-07-15T00:00:00",
"THIAMETHOXAM","שזיף","0.020","2005-12-05T00:00:00",
"THIAMETHOXAM","משמש","0.050","2009-07-02T00:00:00",
"THIAMETHOXAM","נקטרינה","0.050","2004-06-08T00:00:00",
"THIAMETHOXAM","אפרסק","0.050","2004-06-08T00:00:00",
"THIAMETHOXAM","תמר",,"2022-03-23T00:00:00","0.010"
"THIAMETHOXAM","חיטה","0.010","2014-08-04T00:00:00",
"THIAMETHOXAM","מרווה","3.000","2005-10-30T00:00:00",
"THIDIAZURON","כותנה","0.010","2005-12-05T00:00:00",
"THIOCYCLAM HYDROGEN OXALATE","תפוח אדמה","0.050","2005-07-10T00:00:00",
"THIOCYCLAM HYDROGEN OXALATE","כרפס/סלרי (שורש ועלים)","0.050","2005-07-10T00:00:00",
"THIOCYCLAM HYDROGEN OXALATE","כרוב","0.050","2005-07-10T00:00:00",
"THIOCYCLAM HYDROGEN OXALATE","כרובית","0.050","2005-07-10T00:00:00",
"THIOCYCLAM HYDROGEN OXALATE","מלון","0.050","2005-07-10T00:00:00",
"THIOCYCLAM HYDROGEN OXALATE","מלפפון","0.050","2005-07-10T00:00:00",
"THIOCYCLAM HYDROGEN OXALATE","קישוא","0.050","2005-07-10T00:00:00",
"THIOCYCLAM HYDROGEN OXALATE","אבטיח","0.050","2005-07-10T00:00:00",
"THIOCYCLAM HYDROGEN OXALATE","פלפל","0.050","2005-07-10T00:00:00",
"THIOCYCLAM HYDROGEN OXALATE","עגבניה","0.050","2005-07-10T00:00:00",
"THIOCYCLAM HYDROGEN OXALATE","שעועית ירוקה","0.050","2005-07-10T00:00:00",
"THIOCYCLAM HYDROGEN OXALATE","ריחן מצוי / בזיל","0.050","2005-07-10T00:00:00",
"THIOCYCLAM HYDROGEN OXALATE","מנטה","0.050","2005-07-10T00:00:00",
"THIOCYCLAM HYDROGEN OXALATE","מרווה","0.050","2005-07-10T00:00:00",
"THIOCYCLAM HYDROGEN OXALATE","אפונת שלג","0.050","2010-07-15T00:00:00",
"TOLCLOFOS METHYL","כרפס/סלרי (שורש ועלים)","2.000","1999-01-01T00:00:00",
"TOLFENPYRAD","ענבים",,"2017-06-06T00:00:00","0.300"
"TOLFENPYRAD","כרפס/סלרי (שורש ועלים)",,"2023-04-30T00:00:00","3.500"
"TOLFENPYRAD","כרוב",,"2018-02-13T00:00:00","0.050"
"TOLFENPYRAD","מלפפון","0.020","2018-02-14T00:00:00","0.150"
"TOLFENPYRAD","חסה",,"2019-06-18T00:00:00","0.300"
"TOLFENPYRAD","פלפל",,"2019-06-19T00:00:00","0.700"
"TOLFENPYRAD","חציל",,"2021-11-23T00:00:00","0.700"
"TOLFENPYRAD","בצל",,"2020-01-30T00:00:00","0.200"
"TOLFENPYRAD","שקד",,"2021-10-21T00:00:00","0.050"
"TOLFENPYRAD","מנגו",,"2020-09-15T00:00:00","0.150"
"TOLFENPYRAD","אגס",,"2021-10-21T00:00:00","1.000"
"TOLFENPYRAD","שזיף",,"2020-02-25T00:00:00","0.200"
"TOLFENPYRAD","נקטרינה",,"2018-08-13T00:00:00","0.200"
"TOLFENPYRAD","אפרסק",,"2018-02-13T00:00:00","0.200"
"TOLFENPYRAD","פטרוסלינון (שורש ועלים)",,"2023-04-30T00:00:00","3.000"
"TOLFENPYRAD","בצל ירוק",,"2023-04-30T00:00:00","3.200"
"TRIADIMEFON","חלב","0.010","2013-01-23T00:00:00",
"TRIADIMEFON","בשר","0.020","2013-01-23T00:00:00",
"TRIADIMEFON","בשר, חלקי פנים","0.010","2013-01-23T00:00:00",
"TRIADIMEFON","ביצים","0.010","2013-01-23T00:00:00",
"TRIADIMEFON","בשר עוף","0.010","2013-01-23T00:00:00",
"TRIADIMEFON","בשר עוף, חלקי פנים","0.010","2013-01-23T00:00:00",
"TRIADIMENOL","אספסת","2.000","2004-07-13T00:00:00",
"TRIADIMENOL","תלתן","2.000","2004-07-13T00:00:00",
"TRIADIMENOL","בקיה","2.000","2004-07-13T00:00:00",
"TRIADIMENOL","ענבים","2.000","2004-07-13T00:00:00",
"TRIADIMENOL","מלון","0.100","2004-07-13T00:00:00",
"TRIADIMENOL","מלפפון","0.100","2004-07-13T00:00:00",
"TRIADIMENOL","דלעת","0.100","2004-07-13T00:00:00",
"TRIADIMENOL","קישוא","0.100","2004-07-13T00:00:00",
"TRIADIMENOL","אבטיח","0.100","2004-07-13T00:00:00",
"TRIADIMENOL","פלפל","0.100","2004-07-13T00:00:00",
"TRIADIMENOL","חציל","0.100","2004-07-13T00:00:00",
"TRIADIMENOL","עגבניה","0.500","2004-07-13T00:00:00",
"TRIADIMENOL","דלורית","0.100","2007-08-30T00:00:00",
"TRIADIMENOL","גזר","0.100","2004-07-13T00:00:00",
"TRIADIMENOL","חלב","0.010","2005-12-06T00:00:00",
"TRIADIMENOL","ביצים","0.010","2013-01-23T00:00:00",
"TRIADIMENOL","בשר עוף","0.010","2013-01-23T00:00:00",
"TRIADIMENOL","חמנית מצויה","0.100","2008-12-03T00:00:00",
"TRIADIMENOL","מנגו","0.500","2004-07-13T00:00:00",
"TRIADIMENOL","תפוח עץ","0.500","2004-07-13T00:00:00",
"TRIADIMENOL","נקטרינה","0.500","2004-07-13T00:00:00",
"TRIADIMENOL","אפרסק","0.500","2004-07-13T00:00:00",
"TRIADIMENOL","חיטה","0.100","2004-07-13T00:00:00",
"TRIADIMENOL","ריחן מצוי / בזיל","3.000","2005-10-30T00:00:00",
"TRIADIMENOL","שמיר (שבת)","2.000","2007-06-12T00:00:00",
"TRIADIMENOL","פטרוסלינון (שורש ועלים)","0.500","2006-04-04T00:00:00",
"TRIASULFURON","חיטה","0.020","1999-01-01T00:00:00",
"TRIBENURON METHYL","שעורה תרבותית","0.020","2013-01-23T00:00:00",
"TRIBENURON METHYL","שבולת שועל","0.020","2013-01-23T00:00:00",
"TRIBENURON METHYL","חיטה","0.020","2013-01-23T00:00:00",
"TRICLOPYR (3,5,6-TPA)","פרי הדר","0.010","2005-07-20T00:00:00",
"TRICLOPYR (3,5,6-TPA)","תפוח עץ","0.010","2013-01-09T00:00:00",
"TRICLOPYR (3,5,6-TPA)","משמש","0.010","2005-07-20T00:00:00",
"TRIFLOXYSTROBIN","ענבים","1.000","2000-10-15T00:00:00",
"TRIFLOXYSTROBIN","תות שדה לפרי","0.200","2000-10-15T00:00:00",
"TRIFLOXYSTROBIN","תפוח אדמה","0.200","2013-01-23T00:00:00",
"TRIFLOXYSTROBIN","מלון","0.100","2012-11-13T00:00:00",
"TRIFLOXYSTROBIN","מלפפון",,"2019-07-23T00:00:00","0.010"
"TRIFLOXYSTROBIN","קישוא",,"2019-07-23T00:00:00","0.010"
"TRIFLOXYSTROBIN","אבטיח","0.100","2012-11-13T00:00:00",
"TRIFLOXYSTROBIN","כוסברה (גד השדה)","2.000","2013-01-23T00:00:00",
"TRIFLOXYSTROBIN","פלפל","0.200","2005-12-06T00:00:00",
"TRIFLOXYSTROBIN","חציל","0.200","2005-12-06T00:00:00",
"TRIFLOXYSTROBIN","עגבניה","0.200","2000-10-15T00:00:00",
"TRIFLOXYSTROBIN","פפריקה","0.200","2005-12-06T00:00:00",
"TRIFLOXYSTROBIN","גזר","0.100","2005-12-06T00:00:00",
"TRIFLOXYSTROBIN","בצל","0.020","2007-06-12T00:00:00",
"TRIFLOXYSTROBIN","אגוז אדמה",,"2017-03-13T00:00:00","0.010"
"TRIFLOXYSTROBIN","חמנית מצויה","0.050","2011-05-15T00:00:00",
"TRIFLOXYSTROBIN","שקד","0.200","2012-01-10T00:00:00",
"TRIFLOXYSTROBIN","שום","0.100","2005-12-06T00:00:00",
"TRIFLOXYSTROBIN","מנגו","0.500","2005-12-06T00:00:00",
"TRIFLOXYSTROBIN","תפוח עץ","0.500","2005-12-06T00:00:00",
"TRIFLOXYSTROBIN","אגס","0.500","2005-12-06T00:00:00",
"TRIFLOXYSTROBIN","שזיף","0.500","2005-12-06T00:00:00",
"TRIFLOXYSTROBIN","משמש","0.500","2012-01-10T00:00:00",
"TRIFLOXYSTROBIN","דובדבן","1.500","2021-04-26T00:00:00",
"TRIFLOXYSTROBIN","נקטרינה","0.500","2005-12-06T00:00:00",
"TRIFLOXYSTROBIN","אפרסק","0.500","2005-12-06T00:00:00",
"TRIFLOXYSTROBIN","זית אירופאי","0.500","2013-01-23T00:00:00",
"TRIFLOXYSTROBIN","ריחן מצוי / בזיל","2.000","2009-09-10T00:00:00",
"TRIFLOXYSTROBIN","שמיר (שבת)","2.000","2013-01-23T00:00:00",
"TRIFLOXYSTROBIN","מנטה","2.000","2005-10-30T00:00:00",
"TRIFLOXYSTROBIN","פטרוסלינון (שורש ועלים)","2.000","2013-01-23T00:00:00",
"TRIFLOXYSTROBIN","מרווה","2.000","2009-09-10T00:00:00",
"TRIFLOXYSTROBIN","צבר","1.000","2007-08-30T00:00:00",
"TRIFLOXYSTROBIN","סייגית (צ'רביל)","2.000","2013-01-23T00:00:00",
"TRIFLOXYSULFURON","כותנה","0.010","2013-01-23T00:00:00",
"TRIFLUMURON","קישוא","0.050","1996-01-01T00:00:00",
"TRIFLUMURON","פלפל","0.050","1996-01-01T00:00:00",
"TRIFLUMURON","תפוח עץ","0.500","1996-01-01T00:00:00",
"TRIFLUMURON","אגס","0.500","1996-01-01T00:00:00",
"TRIFLUMURON","תמר","2.000","1996-01-01T00:00:00",
"TRIFLUMURON","תירס","0.200","1999-01-01T00:00:00",
"TRIFORINE","מלון","0.500","1996-01-01T00:00:00","יתבטל"
"TRIFORINE","מלפפון","0.500","1996-01-01T00:00:00","יתבטל"
"TRIFORINE","קישוא","0.500","1996-01-01T00:00:00","יתבטל"
"TRIFORINE","פלפל","0.500","1996-01-01T00:00:00","יתבטל"
"TRIFORINE","חציל","0.500","1996-01-01T00:00:00","יתבטל"
"TRIFORINE","עגבניה","0.500","1996-01-01T00:00:00","יתבטל"
"TRIFORINE","שקד","1.000","1996-01-01T00:00:00","יתבטל"
"TRIFORINE","מנגו","2.000","1996-01-01T00:00:00","יתבטל"
"TRIFORINE","אגס","2.000","1996-01-01T00:00:00","יתבטל"
"TRIFORINE","משמש","2.000","1996-01-01T00:00:00","יתבטל"
"UNICONAZOLE","אבוקדו","0.050","1996-01-01T00:00:00",
"UNICONAZOLE","שזיף","0.050","1996-01-01T00:00:00",
"UNICONAZOLE","תמר","0.050","2012-12-02T00:00:00",
"UNICONAZOLE","זית אירופאי","0.050","1999-01-01T00:00:00",
"VALIFENALATE","תפוח אדמה","0.010","2016-12-11T00:00:00",
"VALIFENALATE","מלפפון","0.050","2016-12-11T00:00:00",
"ZOXAMIDE","ענבים",,"2022-08-21T00:00:00","2.000"
"ZOXAMIDE","תפוח אדמה","0.020","2000-01-01T00:00:00",
"ZOXAMIDE","עגבניה","0.600","2011-11-16T00:00:00",
"ZOXAMIDE","בצל",,"2024-12-29T00:00:00","0.010"