חומר פעיל,גידול,MRL,תאריך עדכון,המתנה לאישור תקנות,מזהה גידול ממופה,שם גידול ממופה,הסבר מיפוי גידול,מזהה חומר הדברה ממופה,שם חומר הדברה ממופה,הסבר מיפוי חומר הדברה
1-MCP,תפוח עץ,0.01,2016-09-29T00:00:00,,140,תפוח עץ,התאמה מדויקת,3,1-MCP,התאמה מדויקת
1-MCP,אגס,0.01,2016-09-29T00:00:00,,4,אגס,התאמה מדויקת,3,1-MCP,התאמה מדויקת
"1,3 DICHLOROPROPENE",תפוח אדמה,0.01,2013-01-15T00:00:00,,139,תפוח אדמה,התאמה מדויקת,1,"1,3 DICHLOROPROPENE",התאמה מדויקת
"1,3 DICHLOROPROPENE",מלפפון,0.01,2013-01-15T00:00:00,,72,מלפפון,התאמה מדויקת,1,"1,3 DICHLOROPROPENE",התאמה מדויקת
"1,3 DICHLOROPROPENE",אבטיח,0.01,2013-01-15T00:00:00,,2,אבטיח,התאמה מדויקת,1,"1,3 DICHLOROPROPENE",התאמה מדויקת
"1,3 DICHLOROPROPENE",פלפל,0.01,2013-01-15T00:00:00,,99,פלפל,התאמה מדויקת,1,"1,3 DICHLOROPROPENE",התאמה מדויקת
"1,3 DICHLOROPROPENE",עגבניה,0.01,2013-01-15T00:00:00,,84,עגבניה,התאמה מדויקת,1,"1,3 DICHLOROPROPENE",התאמה מדויקת
"1,3 DICHLOROPROPENE",בטטה,0.01,2013-01-15T00:00:00,,14,בטטה,התאמה מדויקת,1,"1,3 DICHLOROPROPENE",התאמה מדויקת
"1,3 DICHLOROPROPENE",גזר,0.01,2013-01-15T00:00:00,,28,גזר,התאמה מדויקת,1,"1,3 DICHLOROPROPENE",התאמה מדויקת
"1,4-DIMETHYLNAPHTALENE",תפוח אדמה,1.5,2022-10-25T00:00:00,15.000,139,תפוח אדמה,התאמה מדויקת,2,"1,4-DIMETHYLNAPHTALENE",התאמה מדויקת
"2,4-D",אספסת,0.1,1999-01-01T00:00:00,,8,אספסת,התאמה מדויקת,4,"2,4-D",התאמה מדויקת
"2,4-D",פרי הדר,1.0,2005-07-17T00:00:00,,103,פרי הדר,התאמה מדויקת,4,"2,4-D",התאמה מדויקת
"2,4-D",חלב,0.01,2005-07-17T00:00:00,,44,חלב,התאמה מדויקת,4,"2,4-D",התאמה מדויקת
"2,4-D",בשר,0.05,2013-01-10T00:00:00,,22,בשר,התאמה מדויקת,4,"2,4-D",התאמה מדויקת
"2,4-D","בשר, חלקי פנים",0.05,2013-01-10T00:00:00,,25,"בשר, חלקי פנים",התאמה מדויקת,4,"2,4-D",התאמה מדויקת
"2,4-D",ביצים,0.01,2005-07-17T00:00:00,,15,ביצים,התאמה מדויקת,4,"2,4-D",התאמה מדויקת
"2,4-D",בשר עוף,0.05,1998-11-01T00:00:00,,23,בשר עוף,התאמה מדויקת,4,"2,4-D",התאמה מדויקת
"2,4-D",שקד,0.2,2005-07-17T00:00:00,,131,שקד,התאמה מדויקת,4,"2,4-D",התאמה מדויקת
"2,4-D",אבוקדו,0.05,2005-07-17T00:00:00,,1,אבוקדו,התאמה מדויקת,4,"2,4-D",התאמה מדויקת
"2,4-D",מנגו,0.05,2005-07-20T00:00:00,,73,מנגו,התאמה מדויקת,4,"2,4-D",התאמה מדויקת
"2,4-D",אפרסמון,0.05,2005-07-17T00:00:00,,12,אפרסמון,התאמה מדויקת,4,"2,4-D",התאמה מדויקת
"2,4-D",רימון,0.05,2010-06-21T00:00:00,,121,רימון,התאמה מדויקת,4,"2,4-D",התאמה מדויקת
"2,4-D",תפוח עץ,0.01,2005-07-17T00:00:00,,140,תפוח עץ,התאמה מדויקת,4,"2,4-D",התאמה מדויקת
"2,4-D",שסק,0.05,2005-07-17T00:00:00,,128,שסק,התאמה מדויקת,4,"2,4-D",התאמה מדויקת
"2,4-D",אגס,0.01,2005-07-17T00:00:00,,4,אגס,התאמה מדויקת,4,"2,4-D",התאמה מדויקת
"2,4-D",שזיף,0.05,2005-07-20T00:00:00,,126,שזיף,התאמה מדויקת,4,"2,4-D",התאמה מדויקת
"2,4-D",משמש,0.05,2005-07-17T00:00:00,,76,משמש,התאמה מדויקת,4,"2,4-D",התאמה מדויקת
"2,4-D",נקטרינה,0.05,2005-07-17T00:00:00,,77,נקטרינה,התאמה מדויקת,4,"2,4-D",התאמה מדויקת
"2,4-D",אפרסק,0.05,2005-07-17T00:00:00,,13,אפרסק,התאמה מדויקת,4,"2,4-D",התאמה מדויקת
"2,4-D",זית אירופאי,0.5,1998-11-01T00:00:00,,37,זית אירופאי,התאמה מדויקת,4,"2,4-D",התאמה מדויקת
"2,4-D",גויאבה,0.05,2005-07-17T00:00:00,,27,גויאבה,התאמה מדויקת,4,"2,4-D",התאמה מדויקת
"2,4-D",שעורה תרבותית,0.01,2005-07-17T00:00:00,,130,שעורה תרבותית,התאמה מדויקת,4,"2,4-D",התאמה מדויקת
"2,4-D",שבולת שועל,0.01,2005-07-20T00:00:00,,122,שבולת שועל,התאמה מדויקת,4,"2,4-D",התאמה מדויקת
"2,4-D",דורה-סורגום,0.01,2005-07-17T00:00:00,,32,דורה-סורגום,התאמה מדויקת,4,"2,4-D",התאמה מדויקת
"2,4-D",חיטה,0.5,1998-11-01T00:00:00,,42,חיטה,התאמה מדויקת,4,"2,4-D",התאמה מדויקת
"2,4-D",אנונה,0.05,2005-07-17T00:00:00,,7,אנונה,התאמה מדויקת,4,"2,4-D",התאמה מדויקת
"2,4-D","בשר עוף, חלקי פנים",0.05,2005-12-08T00:00:00,,24,"בשר עוף, חלקי פנים",התאמה מדויקת,4,"2,4-D",התאמה מדויקת
ABAMECTIN,קורנית,0.05,2013-01-09T00:00:00,,110,קורנית,התאמה מדויקת,5,ABAMECTIN,התאמה מדויקת
ABAMECTIN,ענבים,0.02,1999-01-01T00:00:00,0.050,89,ענבים,התאמה מדויקת,5,ABAMECTIN,התאמה מדויקת
ABAMECTIN,תות שדה לפרי,0.02,2005-07-20T00:00:00,,133,תות שדה לפרי,התאמה מדויקת,5,ABAMECTIN,התאמה מדויקת
ABAMECTIN,פרי הדר,0.01,1996-01-01T00:00:00,,103,פרי הדר,התאמה מדויקת,5,ABAMECTIN,התאמה מדויקת
ABAMECTIN,לובאג',,2023-02-20T00:00:00,0.050,64,לובאג',התאמה מדויקת,5,ABAMECTIN,התאמה מדויקת
ABAMECTIN,לואיזה (ליפיה לימונית),,2023-02-20T00:00:00,0.050,63,לואיזה (ליפיה לימונית),התאמה מדויקת,5,ABAMECTIN,התאמה מדויקת
ABAMECTIN,מליסה,,2023-02-20T00:00:00,0.050,71,מליסה,התאמה מדויקת,5,ABAMECTIN,התאמה מדויקת
ABAMECTIN,אסתר,,2023-02-20T00:00:00,0.050,9,אסתר,התאמה מדויקת,5,ABAMECTIN,התאמה מדויקת
ABAMECTIN,תפוח אדמה,0.01,1999-01-01T00:00:00,,139,תפוח אדמה,התאמה מדויקת,5,ABAMECTIN,התאמה מדויקת
ABAMECTIN,כרפס/סלרי (שורש ועלים),0.01,1996-01-01T00:00:00,,62,כרפס/סלרי (שורש ועלים),התאמה מדויקת,5,ABAMECTIN,התאמה מדויקת
ABAMECTIN,כרוב,,2022-08-21T00:00:00,0.050,57,כרוב,התאמה מדויקת,5,ABAMECTIN,התאמה מדויקת
ABAMECTIN,כרובית,,2025-07-08T00:00:00,0.500,61,כרובית,התאמה מדויקת,5,ABAMECTIN,התאמה מדויקת
ABAMECTIN,מלון,0.01,1996-01-01T00:00:00,,70,מלון,התאמה מדויקת,5,ABAMECTIN,התאמה מדויקת
ABAMECTIN,מלפפון,0.01,1996-01-01T00:00:00,,72,מלפפון,התאמה מדויקת,5,ABAMECTIN,התאמה מדויקת
ABAMECTIN,דלעת,0.01,2015-11-15T00:00:00,,35,דלעת,התאמה מדויקת,5,ABAMECTIN,התאמה מדויקת
ABAMECTIN,אבטיח,0.01,1996-01-01T00:00:00,,2,אבטיח,התאמה מדויקת,5,ABAMECTIN,התאמה מדויקת
ABAMECTIN,חימצה (חומוס),0.02,2013-01-09T00:00:00,,43,חימצה (חומוס),התאמה מדויקת,5,ABAMECTIN,התאמה מדויקת
ABAMECTIN,סלק עלים,,2023-02-20T00:00:00,0.050,83,סלק עלים,התאמה מדויקת,5,ABAMECTIN,התאמה מדויקת
ABAMECTIN,כוסברה (גד השדה),,2023-02-20T00:00:00,0.050,55,כוסברה (גד השדה),התאמה מדויקת,5,ABAMECTIN,התאמה מדויקת
ABAMECTIN,פלפל,0.02,1996-01-01T00:00:00,0.050,99,פלפל,התאמה מדויקת,5,ABAMECTIN,התאמה מדויקת
ABAMECTIN,חציל,0.01,1996-01-01T00:00:00,,47,חציל,התאמה מדויקת,5,ABAMECTIN,התאמה מדויקת
ABAMECTIN,עגבניה,0.02,2005-07-20T00:00:00,,84,עגבניה,התאמה מדויקת,5,ABAMECTIN,התאמה מדויקת
ABAMECTIN,פפריקה,0.02,2013-01-09T00:00:00,,101,פפריקה,התאמה מדויקת,5,ABAMECTIN,התאמה מדויקת
ABAMECTIN,דלורית,0.01,2015-11-15T00:00:00,,34,דלורית,התאמה מדויקת,5,ABAMECTIN,התאמה מדויקת
ABAMECTIN,גזר,0.01,2015-08-13T00:00:00,,28,גזר,התאמה מדויקת,5,ABAMECTIN,התאמה מדויקת
ABAMECTIN,בצל,0.01,2005-07-20T00:00:00,,17,בצל,התאמה מדויקת,5,ABAMECTIN,התאמה מדויקת
ABAMECTIN,כותנה,0.01,2005-07-20T00:00:00,,56,כותנה,התאמה מדויקת,5,ABAMECTIN,התאמה מדויקת
ABAMECTIN,אגוז אדמה,0.01,1996-01-01T00:00:00,,3,אגוז אדמה,התאמה מדויקת,5,ABAMECTIN,התאמה מדויקת
ABAMECTIN,אורגנו,,2023-02-20T00:00:00,0.050,5,אורגנו,התאמה מדויקת,5,ABAMECTIN,התאמה מדויקת
ABAMECTIN,אבוקדו,0.02,2005-07-20T00:00:00,,1,אבוקדו,התאמה מדויקת,5,ABAMECTIN,התאמה מדויקת
ABAMECTIN,תפוח עץ,0.02,1999-01-01T00:00:00,0.050,140,תפוח עץ,התאמה מדויקת,5,ABAMECTIN,התאמה מדויקת
ABAMECTIN,אגס,0.02,2005-07-20T00:00:00,,4,אגס,התאמה מדויקת,5,ABAMECTIN,התאמה מדויקת
ABAMECTIN,שזיף,0.01,2010-05-24T00:00:00,,126,שזיף,התאמה מדויקת,5,ABAMECTIN,התאמה מדויקת
ABAMECTIN,נקטרינה,0.02,1999-01-01T00:00:00,,77,נקטרינה,התאמה מדויקת,5,ABAMECTIN,התאמה מדויקת
ABAMECTIN,אפרסק,0.02,1996-01-01T00:00:00,,13,אפרסק,התאמה מדויקת,5,ABAMECTIN,התאמה מדויקת
ABAMECTIN,תמר,0.01,2010-01-03T00:00:00,,138,תמר,התאמה מדויקת,5,ABAMECTIN,התאמה מדויקת
ABAMECTIN,זית אירופאי,0.01,2010-05-24T00:00:00,,37,זית אירופאי,התאמה מדויקת,5,ABAMECTIN,התאמה מדויקת
ABAMECTIN,ריחן מצוי / בזיל,0.05,2013-01-09T00:00:00,,120,ריחן מצוי / בזיל,התאמה מדויקת,5,ABAMECTIN,התאמה מדויקת
ABAMECTIN,עירית בצלית,0.05,2013-01-09T00:00:00,,85,עירית בצלית,התאמה מדויקת,5,ABAMECTIN,התאמה מדויקת
ABAMECTIN,שמיר (שבת),,2023-02-20T00:00:00,0.050,127,שמיר (שבת),התאמה מדויקת,5,ABAMECTIN,התאמה מדויקת
ABAMECTIN,מיורם,,2023-02-20T00:00:00,0.050,68,מיורם,התאמה מדויקת,5,ABAMECTIN,התאמה מדויקת
ABAMECTIN,מנטה,0.05,2013-01-09T00:00:00,,74,מנטה,התאמה מדויקת,5,ABAMECTIN,התאמה מדויקת
ABAMECTIN,פטרוסלינון (שורש ועלים),0.05,2013-01-09T00:00:00,,93,פטרוסלינון (שורש ועלים),התאמה מדויקת,5,ABAMECTIN,התאמה מדויקת
ABAMECTIN,רוזמרין,0.05,2013-01-09T00:00:00,,117,רוזמרין,התאמה מדויקת,5,ABAMECTIN,התאמה מדויקת
ABAMECTIN,מרווה,,2023-02-20T00:00:00,0.050,75,מרווה,התאמה מדויקת,5,ABAMECTIN,התאמה מדויקת
ABAMECTIN,טרגון,0.05,2013-01-09T00:00:00,,50,טרגון,התאמה מדויקת,5,ABAMECTIN,התאמה מדויקת
ABAMECTIN,רוקט (בן חרדל),,2023-02-20T00:00:00,0.050,119,רוקט (בן חרדל),התאמה מדויקת,5,ABAMECTIN,התאמה מדויקת
ABAMECTIN,רוקולה,,2023-02-20T00:00:00,0.050,118,רוקולה,התאמה מדויקת,5,ABAMECTIN,התאמה מדויקת
ABAMECTIN,סייגית (צ'רביל),,2023-02-20T00:00:00,0.050,79,סייגית (צ'רביל),התאמה מדויקת,5,ABAMECTIN,התאמה מדויקת
ABAMECTIN,זעתר (אזוב מצוי),0.05,2013-01-09T00:00:00,,38,זעתר (אזוב מצוי),התאמה מדויקת,5,ABAMECTIN,התאמה מדויקת
ABAMECTIN,בצל ירוק,,2023-02-20T00:00:00,0.050,18,בצל ירוק,התאמה מדויקת,5,ABAMECTIN,התאמה מדויקת
ABAMECTIN,חומעת הגינה,,2023-02-20T00:00:00,0.050,41,חומעת הגינה,התאמה מדויקת,5,ABAMECTIN,התאמה מדויקת
ABAMECTIN,סטיביה,,2023-02-20T00:00:00,0.050,78,סטיביה,התאמה מדויקת,5,ABAMECTIN,התאמה מדויקת
ACEQUINOCYL,קורנית,0.7,2013-09-15T00:00:00,,110,קורנית,התאמה מדויקת,6,ACEQUINOCYL,התאמה מדויקת
ACEQUINOCYL,תות שדה לפרי,0.02,2006-07-20T00:00:00,,133,תות שדה לפרי,התאמה מדויקת,6,ACEQUINOCYL,התאמה מדויקת
ACEQUINOCYL,כרפס/סלרי (שורש ועלים),,2024-02-28T00:00:00,0.700,62,כרפס/סלרי (שורש ועלים),התאמה מדויקת,6,ACEQUINOCYL,התאמה מדויקת
ACEQUINOCYL,מלון,0.05,2007-05-06T00:00:00,,70,מלון,התאמה מדויקת,6,ACEQUINOCYL,התאמה מדויקת
ACEQUINOCYL,מלפפון,0.05,2007-01-01T00:00:00,,72,מלפפון,התאמה מדויקת,6,ACEQUINOCYL,התאמה מדויקת
ACEQUINOCYL,אבטיח,0.05,2010-06-21T00:00:00,,2,אבטיח,התאמה מדויקת,6,ACEQUINOCYL,התאמה מדויקת
ACEQUINOCYL,כוסברה (גד השדה),0.7,2013-09-15T00:00:00,,55,כוסברה (גד השדה),התאמה מדויקת,6,ACEQUINOCYL,התאמה מדויקת
ACEQUINOCYL,חסה,,2024-02-28T00:00:00,1.000,46,חסה,התאמה מדויקת,6,ACEQUINOCYL,התאמה מדויקת
ACEQUINOCYL,פלפל,0.7,2011-10-04T00:00:00,,99,פלפל,התאמה מדויקת,6,ACEQUINOCYL,התאמה מדויקת
ACEQUINOCYL,חציל,0.7,2010-02-18T00:00:00,,47,חציל,התאמה מדויקת,6,ACEQUINOCYL,התאמה מדויקת
ACEQUINOCYL,עגבניה,0.7,2007-01-01T00:00:00,,84,עגבניה,התאמה מדויקת,6,ACEQUINOCYL,התאמה מדויקת
ACEQUINOCYL,תפוח עץ,0.02,2006-07-20T00:00:00,,140,תפוח עץ,התאמה מדויקת,6,ACEQUINOCYL,התאמה מדויקת
ACEQUINOCYL,ריחן מצוי / בזיל,0.7,2013-09-15T00:00:00,,120,ריחן מצוי / בזיל,התאמה מדויקת,6,ACEQUINOCYL,התאמה מדויקת
ACEQUINOCYL,עירית בצלית,0.7,2013-09-15T00:00:00,,85,עירית בצלית,התאמה מדויקת,6,ACEQUINOCYL,התאמה מדויקת
ACEQUINOCYL,שמיר (שבת),0.7,2013-09-15T00:00:00,,127,שמיר (שבת),התאמה מדויקת,6,ACEQUINOCYL,התאמה מדויקת
ACEQUINOCYL,מנטה,0.7,2013-09-15T00:00:00,,74,מנטה,התאמה מדויקת,6,ACEQUINOCYL,התאמה מדויקת
ACEQUINOCYL,פטרוסלינון (שורש ועלים),0.7,2013-09-15T00:00:00,,93,פטרוסלינון (שורש ועלים),התאמה מדויקת,6,ACEQUINOCYL,התאמה מדויקת
ACEQUINOCYL,רוזמרין,0.7,2013-09-15T00:00:00,,117,רוזמרין,התאמה מדויקת,6,ACEQUINOCYL,התאמה מדויקת
ACEQUINOCYL,מרווה,0.7,2013-09-15T00:00:00,,75,מרווה,התאמה מדויקת,6,ACEQUINOCYL,התאמה מדויקת
ACEQUINOCYL,טרגון,0.7,2013-09-15T00:00:00,,50,טרגון,התאמה מדויקת,6,ACEQUINOCYL,התאמה מדויקת
ACEQUINOCYL,רוקט (בן חרדל),,2019-04-11T00:00:00,0.700,119,רוקט (בן חרדל),התאמה מדויקת,6,ACEQUINOCYL,התאמה מדויקת
ACEQUINOCYL,רוקולה,0.7,2013-09-15T00:00:00,,118,רוקולה,התאמה מדויקת,6,ACEQUINOCYL,התאמה מדויקת
ACEQUINOCYL,בצל ירוק,0.7,2013-09-15T00:00:00,,18,בצל ירוק,התאמה מדויקת,6,ACEQUINOCYL,התאמה מדויקת
ACETAMIPRID,קורנית,3.0,2011-12-19T00:00:00,,110,קורנית,התאמה מדויקת,7,ACETAMIPRID,התאמה מדויקת
ACETAMIPRID,ענבים,0.05,1999-05-15T00:00:00,,89,ענבים,התאמה מדויקת,7,ACETAMIPRID,התאמה מדויקת
ACETAMIPRID,פרי הדר,0.05,2003-11-05T00:00:00,0.250,103,פרי הדר,התאמה מדויקת,7,ACETAMIPRID,התאמה מדויקת
ACETAMIPRID,כרפס/סלרי (שורש ועלים),3.0,2011-12-19T00:00:00,,62,כרפס/סלרי (שורש ועלים),התאמה מדויקת,7,ACETAMIPRID,התאמה מדויקת
ACETAMIPRID,כרוביים,0.05,2013-05-13T00:00:00,יתבטל,60,כרוביים,התאמה מדויקת,7,ACETAMIPRID,התאמה מדויקת
ACETAMIPRID,כרוב,0.05,2013-05-13T00:00:00,,57,כרוב,התאמה מדויקת,7,ACETAMIPRID,התאמה מדויקת
ACETAMIPRID,ברוקולי,0.05,2013-05-13T00:00:00,,21,ברוקולי,התאמה מדויקת,7,ACETAMIPRID,התאמה מדויקת
ACETAMIPRID,כרובית,0.05,2013-05-13T00:00:00,,61,כרובית,התאמה מדויקת,7,ACETAMIPRID,התאמה מדויקת
ACETAMIPRID,מלון,0.05,2001-05-24T00:00:00,,70,מלון,התאמה מדויקת,7,ACETAMIPRID,התאמה מדויקת
ACETAMIPRID,מלפפון,0.05,2001-07-15T00:00:00,,72,מלפפון,התאמה מדויקת,7,ACETAMIPRID,התאמה מדויקת
ACETAMIPRID,דלעת,0.02,2015-11-16T00:00:00,,35,דלעת,התאמה מדויקת,7,ACETAMIPRID,התאמה מדויקת
ACETAMIPRID,קישוא,0.05,2001-05-24T00:00:00,,115,קישוא,התאמה מדויקת,7,ACETAMIPRID,התאמה מדויקת
ACETAMIPRID,אבטיח,0.05,2001-05-24T00:00:00,,2,אבטיח,התאמה מדויקת,7,ACETAMIPRID,התאמה מדויקת
ACETAMIPRID,כוסברה (גד השדה),3.0,2011-12-19T00:00:00,,55,כוסברה (גד השדה),התאמה מדויקת,7,ACETAMIPRID,התאמה מדויקת
ACETAMIPRID,כרוב סיני,,2019-06-03T00:00:00,0.050,59,כרוב סיני,התאמה מדויקת,7,ACETAMIPRID,התאמה מדויקת
ACETAMIPRID,קייל,,2019-06-03T00:00:00,0.050,113,קייל,התאמה מדויקת,7,ACETAMIPRID,התאמה מדויקת
ACETAMIPRID,חסה,0.05,2015-11-12T00:00:00,,46,חסה,התאמה מדויקת,7,ACETAMIPRID,התאמה מדויקת
ACETAMIPRID,פלפל,0.05,2001-07-15T00:00:00,,99,פלפל,התאמה מדויקת,7,ACETAMIPRID,התאמה מדויקת
ACETAMIPRID,חציל,0.05,2001-07-15T00:00:00,,47,חציל,התאמה מדויקת,7,ACETAMIPRID,התאמה מדויקת
ACETAMIPRID,עגבניה,0.2,2001-05-24T00:00:00,0.300,84,עגבניה,התאמה מדויקת,7,ACETAMIPRID,התאמה מדויקת
ACETAMIPRID,דלורית,0.02,2015-11-16T00:00:00,,34,דלורית,התאמה מדויקת,7,ACETAMIPRID,התאמה מדויקת
ACETAMIPRID,סלק אדום (שורש ועלים),,2023-09-27T00:00:00,0.030,80,סלק אדום (שורש ועלים),התאמה מדויקת,7,ACETAMIPRID,התאמה מדויקת
ACETAMIPRID,גזר,0.05,2013-09-16T00:00:00,,28,גזר,התאמה מדויקת,7,ACETAMIPRID,התאמה מדויקת
ACETAMIPRID,כותנה,0.05,1999-01-01T00:00:00,,56,כותנה,התאמה מדויקת,7,ACETAMIPRID,התאמה מדויקת
ACETAMIPRID,שקד,0.1,2014-08-04T00:00:00,,131,שקד,התאמה מדויקת,7,ACETAMIPRID,התאמה מדויקת
ACETAMIPRID,מנגו,,2024-02-28T00:00:00,0.150,73,מנגו,התאמה מדויקת,7,ACETAMIPRID,התאמה מדויקת
ACETAMIPRID,אפרסמון,0.1,2005-09-19T00:00:00,,12,אפרסמון,התאמה מדויקת,7,ACETAMIPRID,התאמה מדויקת
ACETAMIPRID,רימון,0.1,2010-06-21T00:00:00,,121,רימון,התאמה מדויקת,7,ACETAMIPRID,התאמה מדויקת
ACETAMIPRID,תפוח עץ,0.05,2001-07-15T00:00:00,,140,תפוח עץ,התאמה מדויקת,7,ACETAMIPRID,התאמה מדויקת
ACETAMIPRID,אגס,0.05,1999-01-01T00:00:00,,4,אגס,התאמה מדויקת,7,ACETAMIPRID,התאמה מדויקת
ACETAMIPRID,שזיף,0.05,2010-08-03T00:00:00,,126,שזיף,התאמה מדויקת,7,ACETAMIPRID,התאמה מדויקת
ACETAMIPRID,משמש,0.05,2010-08-03T00:00:00,,76,משמש,התאמה מדויקת,7,ACETAMIPRID,התאמה מדויקת
ACETAMIPRID,נקטרינה,0.05,2001-07-15T00:00:00,,77,נקטרינה,התאמה מדויקת,7,ACETAMIPRID,התאמה מדויקת
ACETAMIPRID,אפרסק,0.05,2001-07-15T00:00:00,,13,אפרסק,התאמה מדויקת,7,ACETAMIPRID,התאמה מדויקת
ACETAMIPRID,זית אירופאי,0.05,2009-01-14T00:00:00,,37,זית אירופאי,התאמה מדויקת,7,ACETAMIPRID,התאמה מדויקת
ACETAMIPRID,תירס,0.05,2013-09-16T00:00:00,,134,תירס,התאמה מדויקת,7,ACETAMIPRID,התאמה מדויקת
ACETAMIPRID,ריחן מצוי / בזיל,3.0,2011-12-19T00:00:00,,120,ריחן מצוי / בזיל,התאמה מדויקת,7,ACETAMIPRID,התאמה מדויקת
ACETAMIPRID,שמיר (שבת),3.0,2011-12-19T00:00:00,,127,שמיר (שבת),התאמה מדויקת,7,ACETAMIPRID,התאמה מדויקת
ACETAMIPRID,מיורם,3.0,2012-06-13T00:00:00,,68,מיורם,התאמה מדויקת,7,ACETAMIPRID,התאמה מדויקת
ACETAMIPRID,מנטה,3.0,2011-12-19T00:00:00,,74,מנטה,התאמה מדויקת,7,ACETAMIPRID,התאמה מדויקת
ACETAMIPRID,פטרוסלינון (שורש ועלים),3.0,2011-12-19T00:00:00,,93,פטרוסלינון (שורש ועלים),התאמה מדויקת,7,ACETAMIPRID,התאמה מדויקת
ACETAMIPRID,רוזמרין,3.0,2011-12-19T00:00:00,,117,רוזמרין,התאמה מדויקת,7,ACETAMIPRID,התאמה מדויקת
ACETAMIPRID,מרווה,3.0,2011-12-19T00:00:00,,75,מרווה,התאמה מדויקת,7,ACETAMIPRID,התאמה מדויקת
ACETAMIPRID,טרגון,3.0,2011-12-19T00:00:00,,50,טרגון,התאמה מדויקת,7,ACETAMIPRID,התאמה מדויקת
ACETAMIPRID,רוקט (בן חרדל),,2019-04-11T00:00:00,3.000,119,רוקט (בן חרדל),התאמה מדויקת,7,ACETAMIPRID,התאמה מדויקת
ACETAMIPRID,רוקולה,3.0,2011-12-19T00:00:00,,118,רוקולה,התאמה מדויקת,7,ACETAMIPRID,התאמה מדויקת
ACETAMIPRID,עשב לימון,3.0,2011-12-19T00:00:00,,90,עשב לימון,התאמה מדויקת,7,ACETAMIPRID,התאמה מדויקת
ACETAMIPRID,בצל ירוק,3.0,2011-12-19T00:00:00,,18,בצל ירוק,התאמה מדויקת,7,ACETAMIPRID,התאמה מדויקת
ACIBENZOLAR-S-METHYL,פלפל,,2023-11-14T00:00:00,0.070,99,פלפל,התאמה מדויקת,8,ACIBENZOLAR-S-METHYL,התאמה מדויקת
ACIBENZOLAR-S-METHYL,חציל,,2022-12-26T00:00:00,0.050,47,חציל,התאמה מדויקת,8,ACIBENZOLAR-S-METHYL,התאמה מדויקת
ACIBENZOLAR-S-METHYL,עגבניה,,2022-08-21T00:00:00,0.050,84,עגבניה,התאמה מדויקת,8,ACIBENZOLAR-S-METHYL,התאמה מדויקת
ACLONIFEN,כרפס/סלרי (שורש ועלים),,2024-05-13T00:00:00,0.010,62,כרפס/סלרי (שורש ועלים),התאמה מדויקת,9,ACLONIFEN,התאמה מדויקת
ACLONIFEN,חימצה (חומוס),0.02,2013-01-09T00:00:00,,43,חימצה (חומוס),התאמה מדויקת,9,ACLONIFEN,התאמה מדויקת
ACLONIFEN,כוסברה (גד השדה),0.02,2013-01-09T00:00:00,,55,כוסברה (גד השדה),התאמה מדויקת,9,ACLONIFEN,התאמה מדויקת
ACLONIFEN,עגבניה,0.02,2013-01-09T00:00:00,,84,עגבניה,התאמה מדויקת,9,ACLONIFEN,התאמה מדויקת
ACLONIFEN,בטטה,0.02,2013-01-09T00:00:00,,14,בטטה,התאמה מדויקת,9,ACLONIFEN,התאמה מדויקת
ACLONIFEN,בצל,0.01,2014-08-04T00:00:00,,17,בצל,התאמה מדויקת,9,ACLONIFEN,התאמה מדויקת
ACLONIFEN,חמנית מצויה,,2024-05-13T00:00:00,0.010,45,חמנית מצויה,התאמה מדויקת,9,ACLONIFEN,התאמה מדויקת
ACLONIFEN,שמיר (שבת),0.02,2013-01-09T00:00:00,,127,שמיר (שבת),התאמה מדויקת,9,ACLONIFEN,התאמה מדויקת
ACLONIFEN,פטרוסלינון (שורש ועלים),0.02,2013-01-09T00:00:00,,93,פטרוסלינון (שורש ועלים),התאמה מדויקת,9,ACLONIFEN,התאמה מדויקת
ACRINATHRIN,ענבים,0.3,2009-11-09T00:00:00,,89,ענבים,התאמה מדויקת,10,ACRINATHRIN,התאמה מדויקת
ACRINATHRIN,תות שדה לפרי,0.2,1997-12-18T00:00:00,,133,תות שדה לפרי,התאמה מדויקת,10,ACRINATHRIN,התאמה מדויקת
ACRINATHRIN,מלפפון,0.2,1997-12-18T00:00:00,,72,מלפפון,התאמה מדויקת,10,ACRINATHRIN,התאמה מדויקת
ACRINATHRIN,פלפל,0.1,1998-07-16T00:00:00,,99,פלפל,התאמה מדויקת,10,ACRINATHRIN,התאמה מדויקת
ACRINATHRIN,חציל,0.2,1997-12-18T00:00:00,,47,חציל,התאמה מדויקת,10,ACRINATHRIN,התאמה מדויקת
ACRINATHRIN,גזר,0.02,2015-11-17T00:00:00,,28,גזר,התאמה מדויקת,10,ACRINATHRIN,התאמה מדויקת
ACRINATHRIN,שקד,0.2,2005-07-21T00:00:00,,131,שקד,התאמה מדויקת,10,ACRINATHRIN,התאמה מדויקת
ACRINATHRIN,אפרסמון,0.1,2011-02-02T00:00:00,,12,אפרסמון,התאמה מדויקת,10,ACRINATHRIN,התאמה מדויקת
ACRINATHRIN,רימון,0.05,2011-01-09T00:00:00,,121,רימון,התאמה מדויקת,10,ACRINATHRIN,התאמה מדויקת
ACRINATHRIN,אגס,0.2,2005-07-21T00:00:00,,4,אגס,התאמה מדויקת,10,ACRINATHRIN,התאמה מדויקת
ACRINATHRIN,שזיף,0.2,2005-07-21T00:00:00,,126,שזיף,התאמה מדויקת,10,ACRINATHRIN,התאמה מדויקת
ACRINATHRIN,משמש,0.2,2005-07-21T00:00:00,,76,משמש,התאמה מדויקת,10,ACRINATHRIN,התאמה מדויקת
ACRINATHRIN,דובדבן,0.2,2010-06-21T00:00:00,,31,דובדבן,התאמה מדויקת,10,ACRINATHRIN,התאמה מדויקת
ACRINATHRIN,נקטרינה,0.2,2005-07-21T00:00:00,,77,נקטרינה,התאמה מדויקת,10,ACRINATHRIN,התאמה מדויקת
ACRINATHRIN,אפרסק,0.2,2005-07-21T00:00:00,,13,אפרסק,התאמה מדויקת,10,ACRINATHRIN,התאמה מדויקת
ACRINATHRIN,זית אירופאי,0.2,2011-11-16T00:00:00,,37,זית אירופאי,התאמה מדויקת,10,ACRINATHRIN,התאמה מדויקת
AFIDOPYROPEN,ענבים,,2023-02-12T00:00:00,0.400,89,ענבים,התאמה מדויקת,11,AFIDOPYROPEN,התאמה מדויקת
AFIDOPYROPEN,כרוב,,2022-12-04T00:00:00,0.080,57,כרוב,התאמה מדויקת,11,AFIDOPYROPEN,התאמה מדויקת
AFIDOPYROPEN,ברוקולי,,2024-08-19T00:00:00,0.020,21,ברוקולי,התאמה מדויקת,11,AFIDOPYROPEN,התאמה מדויקת
AFIDOPYROPEN,כרובית,,2024-08-19T00:00:00,0.020,61,כרובית,התאמה מדויקת,11,AFIDOPYROPEN,התאמה מדויקת
AFIDOPYROPEN,קולרבי,,2024-08-19T00:00:00,0.030,108,קולרבי,התאמה מדויקת,11,AFIDOPYROPEN,התאמה מדויקת
AFIDOPYROPEN,מלון,,2024-08-19T00:00:00,0.020,70,מלון,התאמה מדויקת,11,AFIDOPYROPEN,התאמה מדויקת
AFIDOPYROPEN,מלפפון,,2022-12-04T00:00:00,0.080,72,מלפפון,התאמה מדויקת,11,AFIDOPYROPEN,התאמה מדויקת
AFIDOPYROPEN,קישוא,,2024-08-19T00:00:00,0.050,115,קישוא,התאמה מדויקת,11,AFIDOPYROPEN,התאמה מדויקת
AFIDOPYROPEN,אבטיח,,2025-07-07T00:00:00,0.010,2,אבטיח,התאמה מדויקת,11,AFIDOPYROPEN,התאמה מדויקת
AFIDOPYROPEN,פלפל,,2023-02-12T00:00:00,0.050,99,פלפל,התאמה מדויקת,11,AFIDOPYROPEN,התאמה מדויקת
AFIDOPYROPEN,חציל,,2024-08-19T00:00:00,0.020,47,חציל,התאמה מדויקת,11,AFIDOPYROPEN,התאמה מדויקת
AFIDOPYROPEN,עגבניה,,2022-12-04T00:00:00,0.100,84,עגבניה,התאמה מדויקת,11,AFIDOPYROPEN,התאמה מדויקת
AFIDOPYROPEN,שקד,,2023-02-12T00:00:00,0.050,131,שקד,התאמה מדויקת,11,AFIDOPYROPEN,התאמה מדויקת
AFIDOPYROPEN,רימון,,2024-08-19T00:00:00,0.020,121,רימון,התאמה מדויקת,11,AFIDOPYROPEN,התאמה מדויקת
AFIDOPYROPEN,נקטרינה,,2023-02-12T00:00:00,0.050,77,נקטרינה,התאמה מדויקת,11,AFIDOPYROPEN,התאמה מדויקת
AFIDOPYROPEN,אפרסק,,2022-12-04T00:00:00,0.200,13,אפרסק,התאמה מדויקת,11,AFIDOPYROPEN,התאמה מדויקת
ALACHLOR,כותנה,0.02,2013-01-09T00:00:00,יתבטל,56,כותנה,התאמה מדויקת,12,ALACHLOR,התאמה מדויקת
ALACHLOR,אגוז אדמה,0.02,2013-01-09T00:00:00,יתבטל,3,אגוז אדמה,התאמה מדויקת,12,ALACHLOR,התאמה מדויקת
ALACHLOR,חמנית מצויה,0.02,2013-01-09T00:00:00,יתבטל,45,חמנית מצויה,התאמה מדויקת,12,ALACHLOR,התאמה מדויקת
ALACHLOR,תירס,0.02,2013-01-09T00:00:00,יתבטל,134,תירס,התאמה מדויקת,12,ALACHLOR,התאמה מדויקת
ALDRIN,גזר,0.1,1996-01-01T00:00:00,,28,גזר,התאמה מדויקת,13,ALDRIN,התאמה מדויקת
ALDRIN,חלב,0.006,1999-01-01T00:00:00,,44,חלב,התאמה מדויקת,13,ALDRIN,התאמה מדויקת
ALDRIN,בשר,0.2,1996-01-01T00:00:00,,22,בשר,התאמה מדויקת,13,ALDRIN,התאמה מדויקת
ALDRIN,ביצים,0.1,1999-01-01T00:00:00,,15,ביצים,התאמה מדויקת,13,ALDRIN,התאמה מדויקת
ALDRIN,בשר עוף,0.2,1999-01-01T00:00:00,,23,בשר עוף,התאמה מדויקת,13,ALDRIN,התאמה מדויקת
ALDRIN,דגניים,0.02,1996-01-01T00:00:00,,30,דגניים,התאמה מדויקת,13,ALDRIN,התאמה מדויקת
AMETOCTRADIN,ענבים,0.5,2015-11-16T00:00:00,,89,ענבים,התאמה מדויקת,14,AMETOCTRADIN,התאמה מדויקת
AMETOCTRADIN,תפוח אדמה,0.02,2016-07-11T00:00:00,,139,תפוח אדמה,התאמה מדויקת,14,AMETOCTRADIN,התאמה מדויקת
AMETOCTRADIN,מלון,,2019-06-16T00:00:00,0.050,70,מלון,התאמה מדויקת,14,AMETOCTRADIN,התאמה מדויקת
AMETOCTRADIN,מלפפון,0.02,2016-07-11T00:00:00,,72,מלפפון,התאמה מדויקת,14,AMETOCTRADIN,התאמה מדויקת
AMETOCTRADIN,קישוא,0.05,2015-11-16T00:00:00,,115,קישוא,התאמה מדויקת,14,AMETOCTRADIN,התאמה מדויקת
AMETOCTRADIN,עגבניה,0.02,2016-07-11T00:00:00,,84,עגבניה,התאמה מדויקת,14,AMETOCTRADIN,התאמה מדויקת
AMETOCTRADIN,בצל,0.1,2016-07-11T00:00:00,,17,בצל,התאמה מדויקת,14,AMETOCTRADIN,התאמה מדויקת
AMINOTRIAZOLE,ענבים,0.02,2013-01-09T00:00:00,יתבטל,89,ענבים,התאמה מדויקת,15,AMINOTRIAZOLE,התאמה מדויקת
AMINOTRIAZOLE,פרי הדר,0.02,2013-01-09T00:00:00,יתבטל,103,פרי הדר,התאמה מדויקת,15,AMINOTRIAZOLE,התאמה מדויקת
AMINOTRIAZOLE,חימצה (חומוס),0.02,2013-01-09T00:00:00,יתבטל,43,חימצה (חומוס),התאמה מדויקת,15,AMINOTRIAZOLE,התאמה מדויקת
AMINOTRIAZOLE,עגבניה,0.02,2013-01-09T00:00:00,יתבטל,84,עגבניה,התאמה מדויקת,15,AMINOTRIAZOLE,התאמה מדויקת
AMINOTRIAZOLE,כותנה,0.02,2013-01-09T00:00:00,יתבטל,56,כותנה,התאמה מדויקת,15,AMINOTRIAZOLE,התאמה מדויקת
AMINOTRIAZOLE,חמנית מצויה,0.02,2013-01-09T00:00:00,יתבטל,45,חמנית מצויה,התאמה מדויקת,15,AMINOTRIAZOLE,התאמה מדויקת
AMINOTRIAZOLE,שקד,0.02,2013-01-09T00:00:00,יתבטל,131,שקד,התאמה מדויקת,15,AMINOTRIAZOLE,התאמה מדויקת
AMINOTRIAZOLE,פקאן תרבותי,0.02,2013-01-09T00:00:00,יתבטל,102,פקאן תרבותי,התאמה מדויקת,15,AMINOTRIAZOLE,התאמה מדויקת
AMINOTRIAZOLE,אבוקדו,0.02,2013-01-09T00:00:00,יתבטל,1,אבוקדו,התאמה מדויקת,15,AMINOTRIAZOLE,התאמה מדויקת
AMINOTRIAZOLE,פיג'ואה,0.02,2013-01-09T00:00:00,יתבטל,94,פיג'ואה,התאמה מדויקת,15,AMINOTRIAZOLE,התאמה מדויקת
AMINOTRIAZOLE,קיווי,0.02,2013-01-09T00:00:00,יתבטל,112,קיווי,התאמה מדויקת,15,AMINOTRIAZOLE,התאמה מדויקת
AMINOTRIAZOLE,מנגו,0.02,2013-01-09T00:00:00,יתבטל,73,מנגו,התאמה מדויקת,15,AMINOTRIAZOLE,התאמה מדויקת
AMINOTRIAZOLE,אפרסמון,0.02,2013-01-09T00:00:00,יתבטל,12,אפרסמון,התאמה מדויקת,15,AMINOTRIAZOLE,התאמה מדויקת
AMINOTRIAZOLE,תפוח עץ,0.02,2013-01-09T00:00:00,יתבטל,140,תפוח עץ,התאמה מדויקת,15,AMINOTRIAZOLE,התאמה מדויקת
AMINOTRIAZOLE,אגס,0.02,2013-01-09T00:00:00,יתבטל,4,אגס,התאמה מדויקת,15,AMINOTRIAZOLE,התאמה מדויקת
AMINOTRIAZOLE,שזיף,0.02,2013-01-09T00:00:00,יתבטל,126,שזיף,התאמה מדויקת,15,AMINOTRIAZOLE,התאמה מדויקת
AMINOTRIAZOLE,משמש,0.02,2013-01-09T00:00:00,יתבטל,76,משמש,התאמה מדויקת,15,AMINOTRIAZOLE,התאמה מדויקת
AMINOTRIAZOLE,אפרסק,0.02,2013-01-09T00:00:00,יתבטל,13,אפרסק,התאמה מדויקת,15,AMINOTRIAZOLE,התאמה מדויקת
AMINOTRIAZOLE,חרוב מצוי,0.02,2013-01-09T00:00:00,יתבטל,48,חרוב מצוי,התאמה מדויקת,15,AMINOTRIAZOLE,התאמה מדויקת
AMINOTRIAZOLE,זית אירופאי,0.02,2013-01-09T00:00:00,יתבטל,37,זית אירופאי,התאמה מדויקת,15,AMINOTRIAZOLE,התאמה מדויקת
AMINOTRIAZOLE,גויאבה,0.02,2013-01-09T00:00:00,יתבטל,27,גויאבה,התאמה מדויקת,15,AMINOTRIAZOLE,התאמה מדויקת
AMINOTRIAZOLE,תירס,0.02,2013-01-09T00:00:00,יתבטל,134,תירס,התאמה מדויקת,15,AMINOTRIAZOLE,התאמה מדויקת
AMINOTRIAZOLE,דורה-סורגום,0.02,2013-01-09T00:00:00,יתבטל,32,דורה-סורגום,התאמה מדויקת,15,AMINOTRIAZOLE,התאמה מדויקת
AMINOTRIAZOLE,אנונה,0.02,2013-01-09T00:00:00,יתבטל,7,אנונה,התאמה מדויקת,15,AMINOTRIAZOLE,התאמה מדויקת
AMITRAZ,"בשר, חלקי פנים",0.2,2005-07-21T00:00:00,,25,"בשר, חלקי פנים",התאמה מדויקת,16,AMITRAZ,התאמה מדויקת
AMITRAZ,כותנה,0.5,1996-01-01T00:00:00,יתבטל,56,כותנה,התאמה מדויקת,16,AMITRAZ,התאמה מדויקת
AMITRAZ,אגוז אדמה,0.5,2005-07-21T00:00:00,יתבטל,3,אגוז אדמה,התאמה מדויקת,16,AMITRAZ,התאמה מדויקת
AMITRAZ,אפרסמון,0.5,1999-01-01T00:00:00,יתבטל,12,אפרסמון,התאמה מדויקת,16,AMITRAZ,התאמה מדויקת
AMITRAZ,תפוח עץ,0.5,1996-01-01T00:00:00,יתבטל,140,תפוח עץ,התאמה מדויקת,16,AMITRAZ,התאמה מדויקת
AMITRAZ,אגס,0.5,1996-01-01T00:00:00,יתבטל,4,אגס,התאמה מדויקת,16,AMITRAZ,התאמה מדויקת
AMITRAZ,שזיף,0.5,1996-01-01T00:00:00,יתבטל,126,שזיף,התאמה מדויקת,16,AMITRAZ,התאמה מדויקת
AMITRAZ,אפרסק,0.5,1996-01-01T00:00:00,יתבטל,13,אפרסק,התאמה מדויקת,16,AMITRAZ,התאמה מדויקת
AMITRAZ,זית אירופאי,0.5,2005-07-21T00:00:00,יתבטל,37,זית אירופאי,התאמה מדויקת,16,AMITRAZ,התאמה מדויקת
AMITRAZ,דבש,0.2,2017-12-28T00:00:00,,29,דבש,התאמה מדויקת,16,AMITRAZ,התאמה מדויקת
ATRAZINE,חלב,0.02,1999-01-01T00:00:00,,44,חלב,התאמה מדויקת,17,ATRAZINE,התאמה מדויקת
ATRAZINE,בשר,0.02,1999-01-01T00:00:00,,22,בשר,התאמה מדויקת,17,ATRAZINE,התאמה מדויקת
ATRAZINE,ביצים,0.02,1999-01-01T00:00:00,,15,ביצים,התאמה מדויקת,17,ATRAZINE,התאמה מדויקת
ATRAZINE,בשר עוף,0.02,2005-07-21T00:00:00,,23,בשר עוף,התאמה מדויקת,17,ATRAZINE,התאמה מדויקת
ATRAZINE,תירס,0.01,2005-12-11T00:00:00,,134,תירס,התאמה מדויקת,17,ATRAZINE,התאמה מדויקת
ATRAZINE,דורה-סורגום,0.2,2013-01-09T00:00:00,,32,דורה-סורגום,התאמה מדויקת,17,ATRAZINE,התאמה מדויקת
AZOCYCLOTIN,תות שדה לפרי,0.5,1996-01-01T00:00:00,יתבטל,133,תות שדה לפרי,התאמה מדויקת,18,AZOCYCLOTIN,התאמה מדויקת
AZOCYCLOTIN,חציל,0.1,1996-01-01T00:00:00,יתבטל,47,חציל,התאמה מדויקת,18,AZOCYCLOTIN,התאמה מדויקת
AZOCYCLOTIN,עגבניה,0.1,1996-01-01T00:00:00,יתבטל,84,עגבניה,התאמה מדויקת,18,AZOCYCLOTIN,התאמה מדויקת
AZOCYCLOTIN,כותנה,0.1,1996-01-01T00:00:00,יתבטל,56,כותנה,התאמה מדויקת,18,AZOCYCLOTIN,התאמה מדויקת
AZOCYCLOTIN,אגוז אדמה,1.0,1996-01-01T00:00:00,יתבטל,3,אגוז אדמה,התאמה מדויקת,18,AZOCYCLOTIN,התאמה מדויקת
AZOCYCLOTIN,תפוח עץ,1.0,1996-01-01T00:00:00,יתבטל,140,תפוח עץ,התאמה מדויקת,18,AZOCYCLOTIN,התאמה מדויקת
AZOCYCLOTIN,אגס,2.0,1996-01-01T00:00:00,יתבטל,4,אגס,התאמה מדויקת,18,AZOCYCLOTIN,התאמה מדויקת
AZOXYSTROBIN,תלתן,,2025-06-25T00:00:00,0.300,137,תלתן,התאמה מדויקת,19,AZOXYSTROBIN,התאמה מדויקת
AZOXYSTROBIN,קורנית,0.6,2009-10-13T00:00:00,,110,קורנית,התאמה מדויקת,19,AZOXYSTROBIN,התאמה מדויקת
AZOXYSTROBIN,ענבים,0.6,2005-05-26T00:00:00,,89,ענבים,התאמה מדויקת,19,AZOXYSTROBIN,התאמה מדויקת
AZOXYSTROBIN,פרי הדר,0.3,2000-01-01T00:00:00,,103,פרי הדר,התאמה מדויקת,19,AZOXYSTROBIN,התאמה מדויקת
AZOXYSTROBIN,תפוח אדמה,0.05,2000-01-01T00:00:00,,139,תפוח אדמה,התאמה מדויקת,19,AZOXYSTROBIN,התאמה מדויקת
AZOXYSTROBIN,כרפס/סלרי (שורש ועלים),0.5,2007-08-30T00:00:00,,62,כרפס/סלרי (שורש ועלים),התאמה מדויקת,19,AZOXYSTROBIN,התאמה מדויקת
AZOXYSTROBIN,כרוב,,2021-08-23T00:00:00,0.100,57,כרוב,התאמה מדויקת,19,AZOXYSTROBIN,התאמה מדויקת
AZOXYSTROBIN,ברוקולי,,2021-08-23T00:00:00,0.200,21,ברוקולי,התאמה מדויקת,19,AZOXYSTROBIN,התאמה מדויקת
AZOXYSTROBIN,כרובית,,2021-08-23T00:00:00,0.100,61,כרובית,התאמה מדויקת,19,AZOXYSTROBIN,התאמה מדויקת
AZOXYSTROBIN,מלון,0.02,2008-07-27T00:00:00,,70,מלון,התאמה מדויקת,19,AZOXYSTROBIN,התאמה מדויקת
AZOXYSTROBIN,מלפפון,0.5,2016-07-11T00:00:00,,72,מלפפון,התאמה מדויקת,19,AZOXYSTROBIN,התאמה מדויקת
AZOXYSTROBIN,קישוא,0.05,2016-09-06T00:00:00,,115,קישוא,התאמה מדויקת,19,AZOXYSTROBIN,התאמה מדויקת
AZOXYSTROBIN,אבטיח,0.01,2008-08-26T00:00:00,,2,אבטיח,התאמה מדויקת,19,AZOXYSTROBIN,התאמה מדויקת
AZOXYSTROBIN,חימצה (חומוס),0.05,2005-08-17T00:00:00,,43,חימצה (חומוס),התאמה מדויקת,19,AZOXYSTROBIN,התאמה מדויקת
AZOXYSTROBIN,כוסברה (גד השדה),0.6,2009-10-13T00:00:00,,55,כוסברה (גד השדה),התאמה מדויקת,19,AZOXYSTROBIN,התאמה מדויקת
AZOXYSTROBIN,פלפל,0.5,2005-05-26T00:00:00,,99,פלפל,התאמה מדויקת,19,AZOXYSTROBIN,התאמה מדויקת
AZOXYSTROBIN,חציל,0.5,2005-05-26T00:00:00,,47,חציל,התאמה מדויקת,19,AZOXYSTROBIN,התאמה מדויקת
AZOXYSTROBIN,עגבניה,0.5,2016-06-08T00:00:00,,84,עגבניה,התאמה מדויקת,19,AZOXYSTROBIN,התאמה מדויקת
AZOXYSTROBIN,פפריקה,0.5,2013-01-09T00:00:00,,101,פפריקה,התאמה מדויקת,19,AZOXYSTROBIN,התאמה מדויקת
AZOXYSTROBIN,אפון,1.0,2008-08-20T00:00:00,,10,אפון,התאמה מדויקת,19,AZOXYSTROBIN,התאמה מדויקת
AZOXYSTROBIN,שעועית ירוקה,0.01,2016-05-23T00:00:00,,129,שעועית ירוקה,התאמה מדויקת,19,AZOXYSTROBIN,התאמה מדויקת
AZOXYSTROBIN,סלק אדום (שורש ועלים),,2022-12-04T00:00:00,0.020,80,סלק אדום (שורש ועלים),התאמה מדויקת,19,AZOXYSTROBIN,התאמה מדויקת
AZOXYSTROBIN,גזר,1.0,2004-06-08T00:00:00,,28,גזר,התאמה מדויקת,19,AZOXYSTROBIN,התאמה מדויקת
AZOXYSTROBIN,בצל,0.05,2005-08-17T00:00:00,,17,בצל,התאמה מדויקת,19,AZOXYSTROBIN,התאמה מדויקת
AZOXYSTROBIN,כותנה,0.02,2003-07-29T00:00:00,,56,כותנה,התאמה מדויקת,19,AZOXYSTROBIN,התאמה מדויקת
AZOXYSTROBIN,אגוז אדמה,0.01,2011-01-09T00:00:00,,3,אגוז אדמה,התאמה מדויקת,19,AZOXYSTROBIN,התאמה מדויקת
AZOXYSTROBIN,חמנית מצויה,0.05,2011-05-17T00:00:00,,45,חמנית מצויה,התאמה מדויקת,19,AZOXYSTROBIN,התאמה מדויקת
AZOXYSTROBIN,שקד,2.0,2005-12-07T00:00:00,,131,שקד,התאמה מדויקת,19,AZOXYSTROBIN,התאמה מדויקת
AZOXYSTROBIN,שום,0.05,2005-08-17T00:00:00,,123,שום,התאמה מדויקת,19,AZOXYSTROBIN,התאמה מדויקת
AZOXYSTROBIN,מנגו,0.05,2015-11-16T00:00:00,,73,מנגו,התאמה מדויקת,19,AZOXYSTROBIN,התאמה מדויקת
AZOXYSTROBIN,אפרסמון,0.1,2009-06-02T00:00:00,,12,אפרסמון,התאמה מדויקת,19,AZOXYSTROBIN,התאמה מדויקת
AZOXYSTROBIN,רימון,0.2,2012-12-02T00:00:00,,121,רימון,התאמה מדויקת,19,AZOXYSTROBIN,התאמה מדויקת
AZOXYSTROBIN,תפוח עץ,0.3,2013-05-13T00:00:00,,140,תפוח עץ,התאמה מדויקת,19,AZOXYSTROBIN,התאמה מדויקת
AZOXYSTROBIN,שזיף,0.05,2007-05-06T00:00:00,,126,שזיף,התאמה מדויקת,19,AZOXYSTROBIN,התאמה מדויקת
AZOXYSTROBIN,משמש,0.7,2009-04-05T00:00:00,,76,משמש,התאמה מדויקת,19,AZOXYSTROBIN,התאמה מדויקת
AZOXYSTROBIN,דובדבן,,2023-03-15T00:00:00,0.100,31,דובדבן,התאמה מדויקת,19,AZOXYSTROBIN,התאמה מדויקת
AZOXYSTROBIN,נקטרינה,0.1,2007-05-06T00:00:00,,77,נקטרינה,התאמה מדויקת,19,AZOXYSTROBIN,התאמה מדויקת
AZOXYSTROBIN,אפרסק,0.2,2008-08-27T00:00:00,,13,אפרסק,התאמה מדויקת,19,AZOXYSTROBIN,התאמה מדויקת
AZOXYSTROBIN,זית אירופאי,0.1,2010-11-25T00:00:00,,37,זית אירופאי,התאמה מדויקת,19,AZOXYSTROBIN,התאמה מדויקת
AZOXYSTROBIN,שעורה תרבותית,,2025-06-25T00:00:00,0.050,130,שעורה תרבותית,התאמה מדויקת,19,AZOXYSTROBIN,התאמה מדויקת
AZOXYSTROBIN,תירס,0.02,2015-11-17T00:00:00,,134,תירס,התאמה מדויקת,19,AZOXYSTROBIN,התאמה מדויקת
AZOXYSTROBIN,שבולת שועל,0.05,2013-01-09T00:00:00,,122,שבולת שועל,התאמה מדויקת,19,AZOXYSTROBIN,התאמה מדויקת
AZOXYSTROBIN,חיטה,0.05,2013-01-09T00:00:00,,42,חיטה,התאמה מדויקת,19,AZOXYSTROBIN,התאמה מדויקת
AZOXYSTROBIN,ריחן מצוי / בזיל,2.0,2012-11-27T00:00:00,,120,ריחן מצוי / בזיל,התאמה מדויקת,19,AZOXYSTROBIN,התאמה מדויקת
AZOXYSTROBIN,עירית בצלית,15.0,2012-01-10T00:00:00,,85,עירית בצלית,התאמה מדויקת,19,AZOXYSTROBIN,התאמה מדויקת
AZOXYSTROBIN,שמיר (שבת),2.5,2007-06-12T00:00:00,,127,שמיר (שבת),התאמה מדויקת,19,AZOXYSTROBIN,התאמה מדויקת
AZOXYSTROBIN,מנטה,2.0,2008-01-20T00:00:00,,74,מנטה,התאמה מדויקת,19,AZOXYSTROBIN,התאמה מדויקת
AZOXYSTROBIN,פטרוסלינון (שורש ועלים),0.1,2006-04-04T00:00:00,,93,פטרוסלינון (שורש ועלים),התאמה מדויקת,19,AZOXYSTROBIN,התאמה מדויקת
AZOXYSTROBIN,רוזמרין,0.6,2009-10-13T00:00:00,,117,רוזמרין,התאמה מדויקת,19,AZOXYSTROBIN,התאמה מדויקת
AZOXYSTROBIN,מרווה,2.0,2008-01-20T00:00:00,,75,מרווה,התאמה מדויקת,19,AZOXYSTROBIN,התאמה מדויקת
AZOXYSTROBIN,טרגון,0.6,2009-10-13T00:00:00,,50,טרגון,התאמה מדויקת,19,AZOXYSTROBIN,התאמה מדויקת
AZOXYSTROBIN,רוקט (בן חרדל),,2019-04-11T00:00:00,15.000,119,רוקט (בן חרדל),התאמה מדויקת,19,AZOXYSTROBIN,התאמה מדויקת
AZOXYSTROBIN,רוקולה,15.0,2012-01-10T00:00:00,,118,רוקולה,התאמה מדויקת,19,AZOXYSTROBIN,התאמה מדויקת
AZOXYSTROBIN,בצל ירוק,15.0,2012-01-10T00:00:00,,18,בצל ירוק,התאמה מדויקת,19,AZOXYSTROBIN,התאמה מדויקת
BENALAXYL,ענבים,0.3,2016-06-08T00:00:00,,89,ענבים,התאמה מדויקת,20,BENALAXYL,התאמה מדויקת
BENALAXYL,תפוח אדמה,0.02,1996-01-01T00:00:00,,139,תפוח אדמה,התאמה מדויקת,20,BENALAXYL,התאמה מדויקת
BENALAXYL,כרוביים,0.5,1996-01-01T00:00:00,,60,כרוביים,התאמה מדויקת,20,BENALAXYL,התאמה מדויקת
BENALAXYL,כרוב,0.5,2021-08-17T00:00:00,,57,כרוב,התאמה מדויקת,20,BENALAXYL,התאמה מדויקת
BENALAXYL,ברוקולי,0.5,2021-08-17T00:00:00,,21,ברוקולי,התאמה מדויקת,20,BENALAXYL,התאמה מדויקת
BENALAXYL,כרובית,0.5,2021-08-17T00:00:00,,61,כרובית,התאמה מדויקת,20,BENALAXYL,התאמה מדויקת
BENALAXYL,מלפפון,0.05,1996-01-01T00:00:00,,72,מלפפון,התאמה מדויקת,20,BENALAXYL,התאמה מדויקת
BENALAXYL,עגבניה,0.3,2015-11-17T00:00:00,,84,עגבניה,התאמה מדויקת,20,BENALAXYL,התאמה מדויקת
BENALAXYL,גזר,0.05,1996-01-01T00:00:00,,28,גזר,התאמה מדויקת,20,BENALAXYL,התאמה מדויקת
BENALAXYL,בצל,0.1,2013-09-23T00:00:00,,17,בצל,התאמה מדויקת,20,BENALAXYL,התאמה מדויקת
BENFLURALIN,מלון,0.02,2013-01-09T00:00:00,יתבטל,70,מלון,התאמה מדויקת,21,BENFLURALIN,התאמה מדויקת
BENFLURALIN,אבטיח,0.02,2013-01-09T00:00:00,יתבטל,2,אבטיח,התאמה מדויקת,21,BENFLURALIN,התאמה מדויקת
BENFLURALIN,חימצה (חומוס),0.02,2013-01-09T00:00:00,יתבטל,43,חימצה (חומוס),התאמה מדויקת,21,BENFLURALIN,התאמה מדויקת
BENFLURALIN,חסה,0.02,2013-01-09T00:00:00,יתבטל,46,חסה,התאמה מדויקת,21,BENFLURALIN,התאמה מדויקת
BENFLURALIN,אגוז אדמה,0.02,2013-01-09T00:00:00,יתבטל,3,אגוז אדמה,התאמה מדויקת,21,BENFLURALIN,התאמה מדויקת
BENTAZONE,תלתן,0.2,2005-08-17T00:00:00,,137,תלתן,התאמה מדויקת,22,BENTAZONE,התאמה מדויקת
BENTAZONE,בקיה,0.2,2005-08-17T00:00:00,,19,בקיה,התאמה מדויקת,22,BENTAZONE,התאמה מדויקת
BENTAZONE,אפון,0.2,1999-01-01T00:00:00,,10,אפון,התאמה מדויקת,22,BENTAZONE,התאמה מדויקת
BENTAZONE,שעועית ירוקה,0.2,1999-01-01T00:00:00,,129,שעועית ירוקה,התאמה מדויקת,22,BENTAZONE,התאמה מדויקת
BENTAZONE,בצל,0.1,1999-01-01T00:00:00,,17,בצל,התאמה מדויקת,22,BENTAZONE,התאמה מדויקת
BENTAZONE,אגוז אדמה,0.05,1999-01-01T00:00:00,,3,אגוז אדמה,התאמה מדויקת,22,BENTAZONE,התאמה מדויקת
BENTAZONE,חיטה,0.1,1999-01-01T00:00:00,,42,חיטה,התאמה מדויקת,22,BENTAZONE,התאמה מדויקת
BENTHIAVALICARB- ISOPROPYL,ענבים,0.2,2017-12-28T00:00:00,,89,ענבים,התאמה מדויקת,23,BENTHIAVALICARB- ISOPROPYL,התאמה מדויקת
BENTHIAVALICARB- ISOPROPYL,תפוח אדמה,0.02,2005-12-07T00:00:00,,139,תפוח אדמה,התאמה מדויקת,23,BENTHIAVALICARB- ISOPROPYL,התאמה מדויקת
BENTHIAVALICARB- ISOPROPYL,כרוב,,2023-07-12T00:00:00,0.070,57,כרוב,התאמה מדויקת,23,BENTHIAVALICARB- ISOPROPYL,התאמה מדויקת
BENTHIAVALICARB- ISOPROPYL,כרובית,,2023-06-04T00:00:00,0.020,61,כרובית,התאמה מדויקת,23,BENTHIAVALICARB- ISOPROPYL,התאמה מדויקת
BENTHIAVALICARB- ISOPROPYL,מלון,0.05,2014-02-16T00:00:00,,70,מלון,התאמה מדויקת,23,BENTHIAVALICARB- ISOPROPYL,התאמה מדויקת
BENTHIAVALICARB- ISOPROPYL,מלפפון,0.05,2005-12-07T00:00:00,0.150,72,מלפפון,התאמה מדויקת,23,BENTHIAVALICARB- ISOPROPYL,התאמה מדויקת
BENTHIAVALICARB- ISOPROPYL,קישוא,,2020-09-15T00:00:00,0.050,115,קישוא,התאמה מדויקת,23,BENTHIAVALICARB- ISOPROPYL,התאמה מדויקת
BENTHIAVALICARB- ISOPROPYL,חימצה (חומוס),,2024-09-09T00:00:00,0.050,43,חימצה (חומוס),התאמה מדויקת,23,BENTHIAVALICARB- ISOPROPYL,התאמה מדויקת
BENTHIAVALICARB- ISOPROPYL,חסה,,2023-07-12T00:00:00,1.400,46,חסה,התאמה מדויקת,23,BENTHIAVALICARB- ISOPROPYL,התאמה מדויקת
BENTHIAVALICARB- ISOPROPYL,עגבניה,,2006-07-20T00:00:00,0.050,84,עגבניה,התאמה מדויקת,23,BENTHIAVALICARB- ISOPROPYL,התאמה מדויקת
BENTHIAVALICARB- ISOPROPYL,בצל,,2023-06-04T00:00:00,0.010,17,בצל,התאמה מדויקת,23,BENTHIAVALICARB- ISOPROPYL,התאמה מדויקת
BIFENAZATE,קורנית,1.0,2010-05-12T00:00:00,,110,קורנית,התאמה מדויקת,24,BIFENAZATE,התאמה מדויקת
BIFENAZATE,תות שדה לפרי,1.0,2007-05-06T00:00:00,,133,תות שדה לפרי,התאמה מדויקת,24,BIFENAZATE,התאמה מדויקת
BIFENAZATE,כרפס/סלרי (שורש ועלים),1.0,2012-07-02T00:00:00,,62,כרפס/סלרי (שורש ועלים),התאמה מדויקת,24,BIFENAZATE,התאמה מדויקת
BIFENAZATE,מלון,0.02,2009-02-05T00:00:00,,70,מלון,התאמה מדויקת,24,BIFENAZATE,התאמה מדויקת
BIFENAZATE,מלפפון,0.05,2003-05-04T00:00:00,,72,מלפפון,התאמה מדויקת,24,BIFENAZATE,התאמה מדויקת
BIFENAZATE,אבטיח,0.05,2003-05-04T00:00:00,,2,אבטיח,התאמה מדויקת,24,BIFENAZATE,התאמה מדויקת
BIFENAZATE,כוסברה (גד השדה),1.0,2010-05-12T00:00:00,,55,כוסברה (גד השדה),התאמה מדויקת,24,BIFENAZATE,התאמה מדויקת
BIFENAZATE,פלפל,0.05,2003-05-04T00:00:00,,99,פלפל,התאמה מדויקת,24,BIFENAZATE,התאמה מדויקת
BIFENAZATE,חציל,0.05,2003-05-04T00:00:00,,47,חציל,התאמה מדויקת,24,BIFENAZATE,התאמה מדויקת
BIFENAZATE,עגבניה,0.05,2003-05-04T00:00:00,,84,עגבניה,התאמה מדויקת,24,BIFENAZATE,התאמה מדויקת
BIFENAZATE,חמנית מצויה,0.05,2005-08-17T00:00:00,,45,חמנית מצויה,התאמה מדויקת,24,BIFENAZATE,התאמה מדויקת
BIFENAZATE,אורגנו,,2019-02-19T00:00:00,1.000,5,אורגנו,התאמה מדויקת,24,BIFENAZATE,התאמה מדויקת
BIFENAZATE,תפוח עץ,0.05,2010-01-04T00:00:00,,140,תפוח עץ,התאמה מדויקת,24,BIFENAZATE,התאמה מדויקת
BIFENAZATE,אגס,0.05,2010-01-04T00:00:00,,4,אגס,התאמה מדויקת,24,BIFENAZATE,התאמה מדויקת
BIFENAZATE,שזיף,0.05,2011-05-17T00:00:00,,126,שזיף,התאמה מדויקת,24,BIFENAZATE,התאמה מדויקת
BIFENAZATE,נקטרינה,0.05,2011-06-05T00:00:00,,77,נקטרינה,התאמה מדויקת,24,BIFENAZATE,התאמה מדויקת
BIFENAZATE,אפרסק,,2018-05-07T00:00:00,0.050,13,אפרסק,התאמה מדויקת,24,BIFENAZATE,התאמה מדויקת
BIFENAZATE,ריחן מצוי / בזיל,1.0,2010-05-12T00:00:00,,120,ריחן מצוי / בזיל,התאמה מדויקת,24,BIFENAZATE,התאמה מדויקת
BIFENAZATE,עירית בצלית,1.0,2010-05-12T00:00:00,,85,עירית בצלית,התאמה מדויקת,24,BIFENAZATE,התאמה מדויקת
BIFENAZATE,שמיר (שבת),1.0,2010-05-12T00:00:00,,127,שמיר (שבת),התאמה מדויקת,24,BIFENAZATE,התאמה מדויקת
BIFENAZATE,מנטה,1.0,2010-05-12T00:00:00,,74,מנטה,התאמה מדויקת,24,BIFENAZATE,התאמה מדויקת
BIFENAZATE,פטרוסלינון (שורש ועלים),1.0,2010-05-12T00:00:00,,93,פטרוסלינון (שורש ועלים),התאמה מדויקת,24,BIFENAZATE,התאמה מדויקת
BIFENAZATE,רוזמרין,1.0,2010-05-12T00:00:00,,117,רוזמרין,התאמה מדויקת,24,BIFENAZATE,התאמה מדויקת
BIFENAZATE,מרווה,1.0,2010-05-12T00:00:00,,75,מרווה,התאמה מדויקת,24,BIFENAZATE,התאמה מדויקת
BIFENAZATE,טרגון,1.0,2010-05-12T00:00:00,,50,טרגון,התאמה מדויקת,24,BIFENAZATE,התאמה מדויקת
BIFENAZATE,רוקט (בן חרדל),,2019-04-11T00:00:00,1.000,119,רוקט (בן חרדל),התאמה מדויקת,24,BIFENAZATE,התאמה מדויקת
BIFENAZATE,רוקולה,1.0,2010-05-12T00:00:00,,118,רוקולה,התאמה מדויקת,24,BIFENAZATE,התאמה מדויקת
BIFENAZATE,זעתר (אזוב מצוי),,2019-02-19T00:00:00,1.000,38,זעתר (אזוב מצוי),התאמה מדויקת,24,BIFENAZATE,התאמה מדויקת
BIFENAZATE,בצל ירוק,1.0,2012-07-02T00:00:00,,18,בצל ירוק,התאמה מדויקת,24,BIFENAZATE,התאמה מדויקת
BIFENTHRIN,בקיה,0.01,2006-01-01T00:00:00,,19,בקיה,התאמה מדויקת,25,BIFENTHRIN,התאמה מדויקת
BIFENTHRIN,קורנית,1.0,2010-06-21T00:00:00,,110,קורנית,התאמה מדויקת,25,BIFENTHRIN,התאמה מדויקת
BIFENTHRIN,ענבים,2.0,2005-12-07T00:00:00,,89,ענבים,התאמה מדויקת,25,BIFENTHRIN,התאמה מדויקת
BIFENTHRIN,פרי הדר,0.05,2005-08-17T00:00:00,,103,פרי הדר,התאמה מדויקת,25,BIFENTHRIN,התאמה מדויקת
BIFENTHRIN,תפוח אדמה,0.05,1996-01-01T00:00:00,,139,תפוח אדמה,התאמה מדויקת,25,BIFENTHRIN,התאמה מדויקת
BIFENTHRIN,צנונית,0.02,2006-01-01T00:00:00,,107,צנונית,התאמה מדויקת,25,BIFENTHRIN,התאמה מדויקת
BIFENTHRIN,כרפס/סלרי (שורש ועלים),1.0,2012-07-02T00:00:00,,62,כרפס/סלרי (שורש ועלים),התאמה מדויקת,25,BIFENTHRIN,התאמה מדויקת
BIFENTHRIN,כרוביים,0.2,2005-08-17T00:00:00,,60,כרוביים,התאמה מדויקת,25,BIFENTHRIN,התאמה מדויקת
BIFENTHRIN,כרוב,0.2,2013-01-09T00:00:00,,57,כרוב,התאמה מדויקת,25,BIFENTHRIN,התאמה מדויקת
BIFENTHRIN,ברוקולי,0.2,2021-08-17T00:00:00,,21,ברוקולי,התאמה מדויקת,25,BIFENTHRIN,התאמה מדויקת
BIFENTHRIN,כרובית,0.2,2021-08-17T00:00:00,,61,כרובית,התאמה מדויקת,25,BIFENTHRIN,התאמה מדויקת
BIFENTHRIN,מלון,0.05,2000-01-01T00:00:00,,70,מלון,התאמה מדויקת,25,BIFENTHRIN,התאמה מדויקת
BIFENTHRIN,קישוא,0.02,2013-05-13T00:00:00,,115,קישוא,התאמה מדויקת,25,BIFENTHRIN,התאמה מדויקת
BIFENTHRIN,אבטיח,0.05,2015-11-12T00:00:00,,2,אבטיח,התאמה מדויקת,25,BIFENTHRIN,התאמה מדויקת
BIFENTHRIN,חימצה (חומוס),0.01,2010-06-21T00:00:00,,43,חימצה (חומוס),התאמה מדויקת,25,BIFENTHRIN,התאמה מדויקת
BIFENTHRIN,סלק עלים,1.0,2014-03-19T00:00:00,,83,סלק עלים,התאמה מדויקת,25,BIFENTHRIN,התאמה מדויקת
BIFENTHRIN,כוסברה (גד השדה),1.0,2009-10-13T00:00:00,,55,כוסברה (גד השדה),התאמה מדויקת,25,BIFENTHRIN,התאמה מדויקת
BIFENTHRIN,חסה,0.1,2015-11-12T00:00:00,,46,חסה,התאמה מדויקת,25,BIFENTHRIN,התאמה מדויקת
BIFENTHRIN,פלפל,0.2,2005-08-17T00:00:00,,99,פלפל,התאמה מדויקת,25,BIFENTHRIN,התאמה מדויקת
BIFENTHRIN,חציל,0.2,1996-01-01T00:00:00,,47,חציל,התאמה מדויקת,25,BIFENTHRIN,התאמה מדויקת
BIFENTHRIN,תירס מתוק,0.02,2008-12-03T00:00:00,,136,תירס מתוק,התאמה מדויקת,25,BIFENTHRIN,התאמה מדויקת
BIFENTHRIN,עגבניה,0.2,1996-01-01T00:00:00,,84,עגבניה,התאמה מדויקת,25,BIFENTHRIN,התאמה מדויקת
BIFENTHRIN,פפריקה,0.2,2005-08-17T00:00:00,,101,פפריקה,התאמה מדויקת,25,BIFENTHRIN,התאמה מדויקת
BIFENTHRIN,אפון,0.3,2017-12-28T00:00:00,,10,אפון,התאמה מדויקת,25,BIFENTHRIN,התאמה מדויקת
BIFENTHRIN,שעועית ירוקה,0.02,2014-08-06T00:00:00,,129,שעועית ירוקה,התאמה מדויקת,25,BIFENTHRIN,התאמה מדויקת
BIFENTHRIN,צנון,0.2,2013-01-09T00:00:00,0.020,106,צנון,התאמה מדויקת,25,BIFENTHRIN,התאמה מדויקת
BIFENTHRIN,בטטה,0.02,2006-04-04T00:00:00,,14,בטטה,התאמה מדויקת,25,BIFENTHRIN,התאמה מדויקת
BIFENTHRIN,גזר,0.05,2013-05-13T00:00:00,,28,גזר,התאמה מדויקת,25,BIFENTHRIN,התאמה מדויקת
BIFENTHRIN,כותנה,0.02,1996-01-01T00:00:00,,56,כותנה,התאמה מדויקת,25,BIFENTHRIN,התאמה מדויקת
BIFENTHRIN,אגוז אדמה,0.05,2005-08-17T00:00:00,,3,אגוז אדמה,התאמה מדויקת,25,BIFENTHRIN,התאמה מדויקת
BIFENTHRIN,שקד,0.2,2005-08-17T00:00:00,,131,שקד,התאמה מדויקת,25,BIFENTHRIN,התאמה מדויקת
BIFENTHRIN,פקאן תרבותי,0.2,1999-01-01T00:00:00,,102,פקאן תרבותי,התאמה מדויקת,25,BIFENTHRIN,התאמה מדויקת
BIFENTHRIN,בננה,0.1,2015-11-12T00:00:00,,16,בננה,התאמה מדויקת,25,BIFENTHRIN,התאמה מדויקת
BIFENTHRIN,אפרסמון,0.2,2002-04-14T00:00:00,,12,אפרסמון,התאמה מדויקת,25,BIFENTHRIN,התאמה מדויקת
BIFENTHRIN,רימון,0.1,2006-01-01T00:00:00,,121,רימון,התאמה מדויקת,25,BIFENTHRIN,התאמה מדויקת
BIFENTHRIN,תפוח עץ,0.02,2015-11-12T00:00:00,,140,תפוח עץ,התאמה מדויקת,25,BIFENTHRIN,התאמה מדויקת
BIFENTHRIN,אגס,0.5,2002-04-14T00:00:00,,4,אגס,התאמה מדויקת,25,BIFENTHRIN,התאמה מדויקת
BIFENTHRIN,שזיף,0.6,2017-07-24T00:00:00,,126,שזיף,התאמה מדויקת,25,BIFENTHRIN,התאמה מדויקת
BIFENTHRIN,משמש,0.6,2013-01-09T00:00:00,,76,משמש,התאמה מדויקת,25,BIFENTHRIN,התאמה מדויקת
BIFENTHRIN,נקטרינה,0.6,2009-10-13T00:00:00,,77,נקטרינה,התאמה מדויקת,25,BIFENTHRIN,התאמה מדויקת
BIFENTHRIN,אפרסק,0.6,2009-10-13T00:00:00,,13,אפרסק,התאמה מדויקת,25,BIFENTHRIN,התאמה מדויקת
BIFENTHRIN,זית אירופאי,0.5,2005-08-17T00:00:00,,37,זית אירופאי,התאמה מדויקת,25,BIFENTHRIN,התאמה מדויקת
BIFENTHRIN,שעורה תרבותית,0.01,2013-01-09T00:00:00,,130,שעורה תרבותית,התאמה מדויקת,25,BIFENTHRIN,התאמה מדויקת
BIFENTHRIN,חיטה,0.05,2008-03-25T00:00:00,,42,חיטה,התאמה מדויקת,25,BIFENTHRIN,התאמה מדויקת
BIFENTHRIN,ריחן מצוי / בזיל,1.0,2010-06-21T00:00:00,,120,ריחן מצוי / בזיל,התאמה מדויקת,25,BIFENTHRIN,התאמה מדויקת
BIFENTHRIN,עירית בצלית,1.0,2009-10-13T00:00:00,,85,עירית בצלית,התאמה מדויקת,25,BIFENTHRIN,התאמה מדויקת
BIFENTHRIN,שמיר (שבת),1.0,2009-10-13T00:00:00,,127,שמיר (שבת),התאמה מדויקת,25,BIFENTHRIN,התאמה מדויקת
BIFENTHRIN,מנטה,1.0,2010-06-21T00:00:00,,74,מנטה,התאמה מדויקת,25,BIFENTHRIN,התאמה מדויקת
BIFENTHRIN,פטרוסלינון (שורש ועלים),1.0,2009-10-13T00:00:00,,93,פטרוסלינון (שורש ועלים),התאמה מדויקת,25,BIFENTHRIN,התאמה מדויקת
BIFENTHRIN,רוזמרין,1.0,2010-06-21T00:00:00,,117,רוזמרין,התאמה מדויקת,25,BIFENTHRIN,התאמה מדויקת
BIFENTHRIN,מרווה,1.0,2010-06-21T00:00:00,,75,מרווה,התאמה מדויקת,25,BIFENTHRIN,התאמה מדויקת
BIFENTHRIN,טרגון,1.0,2010-06-21T00:00:00,,50,טרגון,התאמה מדויקת,25,BIFENTHRIN,התאמה מדויקת
BIFENTHRIN,רוקט (בן חרדל),,2019-04-11T00:00:00,1.000,119,רוקט (בן חרדל),התאמה מדויקת,25,BIFENTHRIN,התאמה מדויקת
BIFENTHRIN,רוקולה,1.0,2010-06-21T00:00:00,,118,רוקולה,התאמה מדויקת,25,BIFENTHRIN,התאמה מדויקת
BIFENTHRIN,בצל ירוק,1.0,2012-07-02T00:00:00,,18,בצל ירוק,התאמה מדויקת,25,BIFENTHRIN,התאמה מדויקת
BIFENTHRIN,עלי טטסוי,1.0,2014-03-19T00:00:00,,87,עלי טטסוי,התאמה מדויקת,25,BIFENTHRIN,התאמה מדויקת
BITERTANOL,תפוח עץ,2.0,1998-11-01T00:00:00,יתבטל,140,תפוח עץ,התאמה מדויקת,26,BITERTANOL,התאמה מדויקת
BITERTANOL,אגס,2.0,1998-11-01T00:00:00,יתבטל,4,אגס,התאמה מדויקת,26,BITERTANOL,התאמה מדויקת
BITERTANOL,שזיף,2.0,1996-01-01T00:00:00,יתבטל,126,שזיף,התאמה מדויקת,26,BITERTANOL,התאמה מדויקת
BOSCALID,קורנית,4.0,2013-06-11T00:00:00,,110,קורנית,התאמה מדויקת,27,BOSCALID,התאמה מדויקת
BOSCALID,ענבים,6.0,2013-03-13T00:00:00,,89,ענבים,התאמה מדויקת,27,BOSCALID,התאמה מדויקת
BOSCALID,תות שדה לפרי,2.0,2006-08-02T00:00:00,,133,תות שדה לפרי,התאמה מדויקת,27,BOSCALID,התאמה מדויקת
BOSCALID,פרי הדר,0.1,2007-05-06T00:00:00,,103,פרי הדר,התאמה מדויקת,27,BOSCALID,התאמה מדויקת
BOSCALID,מליסה,4.0,2013-06-11T00:00:00,,71,מליסה,התאמה מדויקת,27,BOSCALID,התאמה מדויקת
BOSCALID,תפוח אדמה,0.03,2003-11-05T00:00:00,0.050,139,תפוח אדמה,התאמה מדויקת,27,BOSCALID,התאמה מדויקת
BOSCALID,כרפס/סלרי (שורש ועלים),2.0,2006-08-23T00:00:00,,62,כרפס/סלרי (שורש ועלים),התאמה מדויקת,27,BOSCALID,התאמה מדויקת
BOSCALID,כרוב,,2021-08-23T00:00:00,0.200,57,כרוב,התאמה מדויקת,27,BOSCALID,התאמה מדויקת
BOSCALID,ברוקולי,,2021-08-23T00:00:00,0.500,21,ברוקולי,התאמה מדויקת,27,BOSCALID,התאמה מדויקת
BOSCALID,כרובית,,2021-08-30T00:00:00,0.200,61,כרובית,התאמה מדויקת,27,BOSCALID,התאמה מדויקת
BOSCALID,מלון,0.2,2013-03-13T00:00:00,,70,מלון,התאמה מדויקת,27,BOSCALID,התאמה מדויקת
BOSCALID,מלפפון,0.3,2011-01-11T00:00:00,,72,מלפפון,התאמה מדויקת,27,BOSCALID,התאמה מדויקת
BOSCALID,דלעת,0.2,2010-06-21T00:00:00,,35,דלעת,התאמה מדויקת,27,BOSCALID,התאמה מדויקת
BOSCALID,קישוא,0.2,2005-09-19T00:00:00,,115,קישוא,התאמה מדויקת,27,BOSCALID,התאמה מדויקת
BOSCALID,אבטיח,0.05,2013-03-13T00:00:00,,2,אבטיח,התאמה מדויקת,27,BOSCALID,התאמה מדויקת
BOSCALID,חימצה (חומוס),0.5,2010-10-04T00:00:00,,43,חימצה (חומוס),התאמה מדויקת,27,BOSCALID,התאמה מדויקת
BOSCALID,כוסברה (גד השדה),4.0,2009-06-02T00:00:00,,55,כוסברה (גד השדה),התאמה מדויקת,27,BOSCALID,התאמה מדויקת
BOSCALID,פלפל,0.3,2009-04-05T00:00:00,,99,פלפל,התאמה מדויקת,27,BOSCALID,התאמה מדויקת
BOSCALID,חציל,0.3,2015-11-12T00:00:00,,47,חציל,התאמה מדויקת,27,BOSCALID,התאמה מדויקת
BOSCALID,עגבניה,0.3,2015-11-12T00:00:00,,84,עגבניה,התאמה מדויקת,27,BOSCALID,התאמה מדויקת
BOSCALID,אפון,0.02,2010-06-21T00:00:00,,10,אפון,התאמה מדויקת,27,BOSCALID,התאמה מדויקת
BOSCALID,דלורית,0.2,2010-06-21T00:00:00,,34,דלורית,התאמה מדויקת,27,BOSCALID,התאמה מדויקת
BOSCALID,בטטה,1.0,2008-06-10T00:00:00,,14,בטטה,התאמה מדויקת,27,BOSCALID,התאמה מדויקת
BOSCALID,סלק אדום (שורש ועלים),,2022-12-04T00:00:00,0.400,80,סלק אדום (שורש ועלים),התאמה מדויקת,27,BOSCALID,התאמה מדויקת
BOSCALID,גזר,0.4,2009-04-05T00:00:00,,28,גזר,התאמה מדויקת,27,BOSCALID,התאמה מדויקת
BOSCALID,בצל,1.5,2009-04-05T00:00:00,,17,בצל,התאמה מדויקת,27,BOSCALID,התאמה מדויקת
BOSCALID,כותנה,0.2,2003-11-05T00:00:00,,56,כותנה,התאמה מדויקת,27,BOSCALID,התאמה מדויקת
BOSCALID,אגוז אדמה,0.05,2011-01-11T00:00:00,,3,אגוז אדמה,התאמה מדויקת,27,BOSCALID,התאמה מדויקת
BOSCALID,שקד,5.0,2012-08-26T00:00:00,,131,שקד,התאמה מדויקת,27,BOSCALID,התאמה מדויקת
BOSCALID,שום,1.5,2009-04-05T00:00:00,,123,שום,התאמה מדויקת,27,BOSCALID,התאמה מדויקת
BOSCALID,מנגו,0.02,2008-12-03T00:00:00,,73,מנגו,התאמה מדויקת,27,BOSCALID,התאמה מדויקת
BOSCALID,אפרסמון,0.05,2010-06-21T00:00:00,,12,אפרסמון,התאמה מדויקת,27,BOSCALID,התאמה מדויקת
BOSCALID,תפוח עץ,1.0,2008-12-03T00:00:00,,140,תפוח עץ,התאמה מדויקת,27,BOSCALID,התאמה מדויקת
BOSCALID,אגס,0.01,2017-08-30T00:00:00,1.000,4,אגס,התאמה מדויקת,27,BOSCALID,התאמה מדויקת
BOSCALID,משמש,1.0,2015-11-12T00:00:00,,76,משמש,התאמה מדויקת,27,BOSCALID,התאמה מדויקת
BOSCALID,נקטרינה,1.0,2011-01-11T00:00:00,,77,נקטרינה,התאמה מדויקת,27,BOSCALID,התאמה מדויקת
BOSCALID,אפרסק,3.0,2015-11-12T00:00:00,,13,אפרסק,התאמה מדויקת,27,BOSCALID,התאמה מדויקת
BOSCALID,ריחן מצוי / בזיל,4.0,2013-06-11T00:00:00,,120,ריחן מצוי / בזיל,התאמה מדויקת,27,BOSCALID,התאמה מדויקת
BOSCALID,עירית בצלית,4.0,2006-10-23T00:00:00,,85,עירית בצלית,התאמה מדויקת,27,BOSCALID,התאמה מדויקת
BOSCALID,שמיר (שבת),4.0,2009-06-02T00:00:00,,127,שמיר (שבת),התאמה מדויקת,27,BOSCALID,התאמה מדויקת
BOSCALID,מיורם,4.0,2013-06-11T00:00:00,,68,מיורם,התאמה מדויקת,27,BOSCALID,התאמה מדויקת
BOSCALID,מנטה,4.0,2013-06-11T00:00:00,,74,מנטה,התאמה מדויקת,27,BOSCALID,התאמה מדויקת
BOSCALID,פטרוסלינון (שורש ועלים),4.0,2006-08-23T00:00:00,,93,פטרוסלינון (שורש ועלים),התאמה מדויקת,27,BOSCALID,התאמה מדויקת
BOSCALID,רוזמרין,4.0,2013-06-11T00:00:00,,117,רוזמרין,התאמה מדויקת,27,BOSCALID,התאמה מדויקת
BOSCALID,מרווה,4.0,2013-06-11T00:00:00,,75,מרווה,התאמה מדויקת,27,BOSCALID,התאמה מדויקת
BOSCALID,טרגון,4.0,2013-06-11T00:00:00,,50,טרגון,התאמה מדויקת,27,BOSCALID,התאמה מדויקת
BOSCALID,רוקט (בן חרדל),,2019-04-11T00:00:00,4.000,119,רוקט (בן חרדל),התאמה מדויקת,27,BOSCALID,התאמה מדויקת
BOSCALID,רוקולה,4.0,2013-06-11T00:00:00,,118,רוקולה,התאמה מדויקת,27,BOSCALID,התאמה מדויקת
BOSCALID,בצל ירוק,,2023-02-01T00:00:00,0.300,18,בצל ירוק,התאמה מדויקת,27,BOSCALID,התאמה מדויקת
BROMACIL,פרי הדר,0.1,1999-01-01T00:00:00,,103,פרי הדר,התאמה מדויקת,28,BROMACIL,התאמה מדויקת
BROMOPROPYLATE,ענבים,2.0,2007-05-06T00:00:00,יתבטל,89,ענבים,התאמה מדויקת,29,BROMOPROPYLATE,התאמה מדויקת
BROMOPROPYLATE,פרי הדר,2.0,1996-01-01T00:00:00,יתבטל,103,פרי הדר,התאמה מדויקת,29,BROMOPROPYLATE,התאמה מדויקת
BROMOPROPYLATE,תפוח עץ,2.0,2007-05-06T00:00:00,יתבטל,140,תפוח עץ,התאמה מדויקת,29,BROMOPROPYLATE,התאמה מדויקת
BROMOXYNIL,כותנה,0.1,1999-01-01T00:00:00,,56,כותנה,התאמה מדויקת,30,BROMOXYNIL,התאמה מדויקת
BROMOXYNIL,שעורה תרבותית,0.1,2013-01-10T00:00:00,,130,שעורה תרבותית,התאמה מדויקת,30,BROMOXYNIL,התאמה מדויקת
BROMOXYNIL,חיטה,0.1,2013-01-10T00:00:00,,42,חיטה,התאמה מדויקת,30,BROMOXYNIL,התאמה מדויקת
BROMUCONAZOLE,ברוקולי,0.05,1996-01-01T00:00:00,יתבטל,21,ברוקולי,התאמה מדויקת,31,BROMUCONAZOLE,התאמה מדויקת
BROMUCONAZOLE,כרובית,0.05,1996-01-01T00:00:00,,61,כרובית,התאמה מדויקת,31,BROMUCONAZOLE,התאמה מדויקת
BROMUCONAZOLE,מלון,0.05,1996-01-01T00:00:00,יתבטל,70,מלון,התאמה מדויקת,31,BROMUCONAZOLE,התאמה מדויקת
BROMUCONAZOLE,מלפפון,0.05,1996-01-01T00:00:00,יתבטל,72,מלפפון,התאמה מדויקת,31,BROMUCONAZOLE,התאמה מדויקת
BROMUCONAZOLE,קישוא,0.05,1996-01-01T00:00:00,יתבטל,115,קישוא,התאמה מדויקת,31,BROMUCONAZOLE,התאמה מדויקת
BROMUCONAZOLE,אבטיח,0.05,1999-01-01T00:00:00,יתבטל,2,אבטיח,התאמה מדויקת,31,BROMUCONAZOLE,התאמה מדויקת
BROMUCONAZOLE,פלפל,0.05,1996-01-01T00:00:00,יתבטל,99,פלפל,התאמה מדויקת,31,BROMUCONAZOLE,התאמה מדויקת
BROMUCONAZOLE,עגבניה,0.05,1996-01-01T00:00:00,יתבטל,84,עגבניה,התאמה מדויקת,31,BROMUCONAZOLE,התאמה מדויקת
BROMUCONAZOLE,פפריקה,0.05,1996-01-01T00:00:00,יתבטל,101,פפריקה,התאמה מדויקת,31,BROMUCONAZOLE,התאמה מדויקת
BROMUCONAZOLE,דלורית,0.05,1996-01-01T00:00:00,יתבטל,34,דלורית,התאמה מדויקת,31,BROMUCONAZOLE,התאמה מדויקת
BROMUCONAZOLE,גזר,0.05,1996-01-01T00:00:00,יתבטל,28,גזר,התאמה מדויקת,31,BROMUCONAZOLE,התאמה מדויקת
BROMUCONAZOLE,תפוח עץ,0.05,1996-01-01T00:00:00,יתבטל,140,תפוח עץ,התאמה מדויקת,31,BROMUCONAZOLE,התאמה מדויקת
BROMUCONAZOLE,אפרסק,0.05,1996-01-01T00:00:00,יתבטל,13,אפרסק,התאמה מדויקת,31,BROMUCONAZOLE,התאמה מדויקת
BUPIRIMATE,ענבים,0.2,2017-12-28T00:00:00,,89,ענבים,התאמה מדויקת,32,BUPIRIMATE,התאמה מדויקת
BUPIRIMATE,תות שדה לפרי,0.2,2003-07-29T00:00:00,,133,תות שדה לפרי,התאמה מדויקת,32,BUPIRIMATE,התאמה מדויקת
BUPIRIMATE,מלון,0.03,2003-07-29T00:00:00,,70,מלון,התאמה מדויקת,32,BUPIRIMATE,התאמה מדויקת
BUPIRIMATE,מלפפון,0.03,2005-12-11T00:00:00,,72,מלפפון,התאמה מדויקת,32,BUPIRIMATE,התאמה מדויקת
BUPIRIMATE,דלעת,0.05,2007-08-30T00:00:00,,35,דלעת,התאמה מדויקת,32,BUPIRIMATE,התאמה מדויקת
BUPIRIMATE,קישוא,0.05,2007-02-26T00:00:00,,115,קישוא,התאמה מדויקת,32,BUPIRIMATE,התאמה מדויקת
BUPIRIMATE,אבטיח,0.01,2014-08-04T00:00:00,,2,אבטיח,התאמה מדויקת,32,BUPIRIMATE,התאמה מדויקת
BUPIRIMATE,דלורית,0.05,2013-01-10T00:00:00,,34,דלורית,התאמה מדויקת,32,BUPIRIMATE,התאמה מדויקת
BUPIRIMATE,גזר,0.05,2014-02-16T00:00:00,,28,גזר,התאמה מדויקת,32,BUPIRIMATE,התאמה מדויקת
BUPIRIMATE,מנגו,0.02,2015-11-12T00:00:00,,73,מנגו,התאמה מדויקת,32,BUPIRIMATE,התאמה מדויקת
BUPIRIMATE,תפוח עץ,0.03,2004-10-14T00:00:00,,140,תפוח עץ,התאמה מדויקת,32,BUPIRIMATE,התאמה מדויקת
BUPIRIMATE,נקטרינה,0.2,2004-09-25T00:00:00,,77,נקטרינה,התאמה מדויקת,32,BUPIRIMATE,התאמה מדויקת
BUPIRIMATE,אפרסק,0.2,2004-09-25T00:00:00,,13,אפרסק,התאמה מדויקת,32,BUPIRIMATE,התאמה מדויקת
BUPROFEZIN,קורנית,4.0,2014-02-16T00:00:00,,110,קורנית,התאמה מדויקת,33,BUPROFEZIN,התאמה מדויקת
BUPROFEZIN,ענבים,2.0,2012-02-13T00:00:00,,89,ענבים,התאמה מדויקת,33,BUPROFEZIN,התאמה מדויקת
BUPROFEZIN,פרי הדר,0.3,2014-03-19T00:00:00,,103,פרי הדר,התאמה מדויקת,33,BUPROFEZIN,התאמה מדויקת
BUPROFEZIN,מלון,1.0,1998-11-01T00:00:00,,70,מלון,התאמה מדויקת,33,BUPROFEZIN,התאמה מדויקת
BUPROFEZIN,מלפפון,1.0,1998-11-01T00:00:00,,72,מלפפון,התאמה מדויקת,33,BUPROFEZIN,התאמה מדויקת
BUPROFEZIN,אבטיח,,2022-12-26T00:00:00,0.040,2,אבטיח,התאמה מדויקת,33,BUPROFEZIN,התאמה מדויקת
BUPROFEZIN,פלפל,0.3,1996-01-01T00:00:00,,99,פלפל,התאמה מדויקת,33,BUPROFEZIN,התאמה מדויקת
BUPROFEZIN,חציל,0.2,1996-01-01T00:00:00,,47,חציל,התאמה מדויקת,33,BUPROFEZIN,התאמה מדויקת
BUPROFEZIN,עגבניה,0.3,2014-08-04T00:00:00,,84,עגבניה,התאמה מדויקת,33,BUPROFEZIN,התאמה מדויקת
BUPROFEZIN,כותנה,0.1,1996-01-01T00:00:00,,56,כותנה,התאמה מדויקת,33,BUPROFEZIN,התאמה מדויקת
BUPROFEZIN,שקד,0.02,2012-01-10T00:00:00,,131,שקד,התאמה מדויקת,33,BUPROFEZIN,התאמה מדויקת
BUPROFEZIN,אורגנו,4.0,2010-06-21T00:00:00,,5,אורגנו,התאמה מדויקת,33,BUPROFEZIN,התאמה מדויקת
BUPROFEZIN,מנגו,,2022-12-26T00:00:00,0.020,73,מנגו,התאמה מדויקת,33,BUPROFEZIN,התאמה מדויקת
BUPROFEZIN,אפרסמון,0.1,1996-01-01T00:00:00,,12,אפרסמון,התאמה מדויקת,33,BUPROFEZIN,התאמה מדויקת
BUPROFEZIN,רימון,0.4,2014-08-06T00:00:00,,121,רימון,התאמה מדויקת,33,BUPROFEZIN,התאמה מדויקת
BUPROFEZIN,תפוח עץ,0.1,1996-01-01T00:00:00,,140,תפוח עץ,התאמה מדויקת,33,BUPROFEZIN,התאמה מדויקת
BUPROFEZIN,שזיף,0.4,2012-02-13T00:00:00,,126,שזיף,התאמה מדויקת,33,BUPROFEZIN,התאמה מדויקת
BUPROFEZIN,נקטרינה,0.4,2012-02-13T00:00:00,,77,נקטרינה,התאמה מדויקת,33,BUPROFEZIN,התאמה מדויקת
BUPROFEZIN,אפרסק,0.4,2011-11-14T00:00:00,,13,אפרסק,התאמה מדויקת,33,BUPROFEZIN,התאמה מדויקת
BUPROFEZIN,גויאבה,,2018-09-04T00:00:00,0.150,27,גויאבה,התאמה מדויקת,33,BUPROFEZIN,התאמה מדויקת
BUPROFEZIN,ריחן מצוי / בזיל,4.0,2010-06-21T00:00:00,,120,ריחן מצוי / בזיל,התאמה מדויקת,33,BUPROFEZIN,התאמה מדויקת
BUPROFEZIN,מיורם,4.0,2010-06-21T00:00:00,,68,מיורם,התאמה מדויקת,33,BUPROFEZIN,התאמה מדויקת
BUPROFEZIN,מנטה,4.0,2010-06-21T00:00:00,,74,מנטה,התאמה מדויקת,33,BUPROFEZIN,התאמה מדויקת
BUPROFEZIN,רוזמרין,4.0,2010-06-21T00:00:00,,117,רוזמרין,התאמה מדויקת,33,BUPROFEZIN,התאמה מדויקת
BUPROFEZIN,מרווה,4.0,2010-06-21T00:00:00,,75,מרווה,התאמה מדויקת,33,BUPROFEZIN,התאמה מדויקת
BUPROFEZIN,טרגון,4.0,2010-06-21T00:00:00,,50,טרגון,התאמה מדויקת,33,BUPROFEZIN,התאמה מדויקת
CAPTAN,ענבים,5.0,1996-01-01T00:00:00,,89,ענבים,התאמה מדויקת,34,CAPTAN,התאמה מדויקת
CAPTAN,תות שדה לפרי,15.0,2005-08-18T00:00:00,,133,תות שדה לפרי,התאמה מדויקת,34,CAPTAN,התאמה מדויקת
CAPTAN,פרי הדר,15.0,1996-01-01T00:00:00,,103,פרי הדר,התאמה מדויקת,34,CAPTAN,התאמה מדויקת
CAPTAN,אגוז אדמה,0.05,2005-08-18T00:00:00,,3,אגוז אדמה,התאמה מדויקת,34,CAPTAN,התאמה מדויקת
CAPTAN,שקד,5.0,1996-01-01T00:00:00,,131,שקד,התאמה מדויקת,34,CAPTAN,התאמה מדויקת
CAPTAN,קיווי,15.0,2007-01-01T00:00:00,,112,קיווי,התאמה מדויקת,34,CAPTAN,התאמה מדויקת
CAPTAN,אפרסמון,10.0,1996-01-01T00:00:00,,12,אפרסמון,התאמה מדויקת,34,CAPTAN,התאמה מדויקת
CAPTAN,תפוח עץ,10.0,1998-11-01T00:00:00,,140,תפוח עץ,התאמה מדויקת,34,CAPTAN,התאמה מדויקת
CAPTAN,שסק,5.0,1998-11-01T00:00:00,,128,שסק,התאמה מדויקת,34,CAPTAN,התאמה מדויקת
CAPTAN,אגס,10.0,1998-11-01T00:00:00,,4,אגס,התאמה מדויקת,34,CAPTAN,התאמה מדויקת
CAPTAN,חבוש,10.0,1998-11-01T00:00:00,,39,חבוש,התאמה מדויקת,34,CAPTAN,התאמה מדויקת
CAPTAN,שזיף,5.0,1998-11-01T00:00:00,,126,שזיף,התאמה מדויקת,34,CAPTAN,התאמה מדויקת
CAPTAN,משמש,15.0,1996-01-01T00:00:00,,76,משמש,התאמה מדויקת,34,CAPTAN,התאמה מדויקת
CAPTAN,דובדבן,,2023-03-15T00:00:00,1.000,31,דובדבן,התאמה מדויקת,34,CAPTAN,התאמה מדויקת
CAPTAN,נקטרינה,15.0,2004-07-13T00:00:00,,77,נקטרינה,התאמה מדויקת,34,CAPTAN,התאמה מדויקת
CAPTAN,אפרסק,15.0,1996-01-01T00:00:00,,13,אפרסק,התאמה מדויקת,34,CAPTAN,התאמה מדויקת
CARBARYL,ביצים,0.05,2013-01-10T00:00:00,,15,ביצים,התאמה מדויקת,35,CARBARYL,התאמה מדויקת
CARBARYL,בשר עוף,0.05,2013-01-10T00:00:00,,23,בשר עוף,התאמה מדויקת,35,CARBARYL,התאמה מדויקת
CARBARYL,"בשר עוף, חלקי פנים",0.05,2013-01-23T00:00:00,,24,"בשר עוף, חלקי פנים",התאמה מדויקת,35,CARBARYL,התאמה מדויקת
CARBENDAZIM,תות שדה לפרי,5.0,1996-01-01T00:00:00,יתבטל,133,תות שדה לפרי,התאמה מדויקת,36,CARBENDAZIM,התאמה מדויקת
CARBENDAZIM,כרפס/סלרי (שורש ועלים),2.0,1996-01-01T00:00:00,יתבטל,62,כרפס/סלרי (שורש ועלים),התאמה מדויקת,36,CARBENDAZIM,התאמה מדויקת
CARBENDAZIM,מלון,2.0,1996-01-01T00:00:00,יתבטל,70,מלון,התאמה מדויקת,36,CARBENDAZIM,התאמה מדויקת
CARBENDAZIM,מלפפון,0.1,2005-08-18T00:00:00,,72,מלפפון,התאמה מדויקת,36,CARBENDAZIM,התאמה מדויקת
CARBENDAZIM,דלעת,0.2,2015-11-16T00:00:00,יתבטל,35,דלעת,התאמה מדויקת,36,CARBENDAZIM,התאמה מדויקת
CARBENDAZIM,קישוא,0.1,2005-08-18T00:00:00,,115,קישוא,התאמה מדויקת,36,CARBENDAZIM,התאמה מדויקת
CARBENDAZIM,חסה,5.0,1996-01-01T00:00:00,,46,חסה,התאמה מדויקת,36,CARBENDAZIM,התאמה מדויקת
CARBENDAZIM,פלפל,0.1,2005-08-18T00:00:00,יתבטל,99,פלפל,התאמה מדויקת,36,CARBENDAZIM,התאמה מדויקת
CARBENDAZIM,חציל,0.1,2005-08-18T00:00:00,יתבטל,47,חציל,התאמה מדויקת,36,CARBENDAZIM,התאמה מדויקת
CARBENDAZIM,עגבניה,0.1,1996-01-01T00:00:00,,84,עגבניה,התאמה מדויקת,36,CARBENDAZIM,התאמה מדויקת
CARBENDAZIM,דלורית,0.2,2015-11-16T00:00:00,יתבטל,34,דלורית,התאמה מדויקת,36,CARBENDAZIM,התאמה מדויקת
CARBENDAZIM,גזר,0.2,2005-08-18T00:00:00,,28,גזר,התאמה מדויקת,36,CARBENDAZIM,התאמה מדויקת
CARBENDAZIM,אגוז אדמה,0.1,2013-01-10T00:00:00,,3,אגוז אדמה,התאמה מדויקת,36,CARBENDAZIM,התאמה מדויקת
CARBENDAZIM,שקד,0.1,1996-01-01T00:00:00,,131,שקד,התאמה מדויקת,36,CARBENDAZIM,התאמה מדויקת
CARBENDAZIM,תפוח עץ,3.0,2005-08-18T00:00:00,,140,תפוח עץ,התאמה מדויקת,36,CARBENDAZIM,התאמה מדויקת
CARBENDAZIM,אגס,3.0,2005-08-18T00:00:00,,4,אגס,התאמה מדויקת,36,CARBENDAZIM,התאמה מדויקת
CARBENDAZIM,שזיף,0.2,2009-10-13T00:00:00,,126,שזיף,התאמה מדויקת,36,CARBENDAZIM,התאמה מדויקת
CARBENDAZIM,משמש,0.1,2009-10-13T00:00:00,,76,משמש,התאמה מדויקת,36,CARBENDAZIM,התאמה מדויקת
CARBOXIN,חימצה (חומוס),0.01,2013-01-10T00:00:00,,43,חימצה (חומוס),התאמה מדויקת,37,CARBOXIN,התאמה מדויקת
CARBOXIN,בשר,0.01,2013-01-10T00:00:00,,22,בשר,התאמה מדויקת,37,CARBOXIN,התאמה מדויקת
CARBOXIN,כותנה,0.01,2013-01-10T00:00:00,,56,כותנה,התאמה מדויקת,37,CARBOXIN,התאמה מדויקת
CARBOXIN,שעורה תרבותית,0.01,2013-01-10T00:00:00,,130,שעורה תרבותית,התאמה מדויקת,37,CARBOXIN,התאמה מדויקת
CARBOXIN,תירס,0.01,2013-01-10T00:00:00,,134,תירס,התאמה מדויקת,37,CARBOXIN,התאמה מדויקת
CARBOXIN,חיטה,0.01,2013-01-10T00:00:00,,42,חיטה,התאמה מדויקת,37,CARBOXIN,התאמה מדויקת
CARFENTRAZONE ETHYL,בקיה,0.02,2013-01-10T00:00:00,,19,בקיה,התאמה מדויקת,38,CARFENTRAZONE ETHYL,התאמה מדויקת
CARFENTRAZONE ETHYL,ענבים,0.02,2009-02-05T00:00:00,,89,ענבים,התאמה מדויקת,38,CARFENTRAZONE ETHYL,התאמה מדויקת
CARFENTRAZONE ETHYL,פרי הדר,0.02,2009-02-05T00:00:00,,103,פרי הדר,התאמה מדויקת,38,CARFENTRAZONE ETHYL,התאמה מדויקת
CARFENTRAZONE ETHYL,תפוח אדמה,0.02,2009-02-05T00:00:00,,139,תפוח אדמה,התאמה מדויקת,38,CARFENTRAZONE ETHYL,התאמה מדויקת
CARFENTRAZONE ETHYL,אבטיח,0.02,2009-02-05T00:00:00,,2,אבטיח,התאמה מדויקת,38,CARFENTRAZONE ETHYL,התאמה מדויקת
CARFENTRAZONE ETHYL,חימצה (חומוס),0.01,2009-10-13T00:00:00,,43,חימצה (חומוס),התאמה מדויקת,38,CARFENTRAZONE ETHYL,התאמה מדויקת
CARFENTRAZONE ETHYL,פפריקה,0.2,2008-07-30T00:00:00,,101,פפריקה,התאמה מדויקת,38,CARFENTRAZONE ETHYL,התאמה מדויקת
CARFENTRAZONE ETHYL,בצל,0.02,2009-02-05T00:00:00,,17,בצל,התאמה מדויקת,38,CARFENTRAZONE ETHYL,התאמה מדויקת
CARFENTRAZONE ETHYL,כותנה,0.02,2009-02-05T00:00:00,,56,כותנה,התאמה מדויקת,38,CARFENTRAZONE ETHYL,התאמה מדויקת
CARFENTRAZONE ETHYL,אגוז אדמה,0.02,2009-02-05T00:00:00,,3,אגוז אדמה,התאמה מדויקת,38,CARFENTRAZONE ETHYL,התאמה מדויקת
CARFENTRAZONE ETHYL,חמנית מצויה,0.02,2009-02-05T00:00:00,,45,חמנית מצויה,התאמה מדויקת,38,CARFENTRAZONE ETHYL,התאמה מדויקת
CARFENTRAZONE ETHYL,שקד,0.02,2009-02-05T00:00:00,,131,שקד,התאמה מדויקת,38,CARFENTRAZONE ETHYL,התאמה מדויקת
CARFENTRAZONE ETHYL,אבוקדו,0.08,2009-02-05T00:00:00,,1,אבוקדו,התאמה מדויקת,38,CARFENTRAZONE ETHYL,התאמה מדויקת
CARFENTRAZONE ETHYL,מנגו,0.02,2009-02-05T00:00:00,,73,מנגו,התאמה מדויקת,38,CARFENTRAZONE ETHYL,התאמה מדויקת
CARFENTRAZONE ETHYL,אפרסמון,0.02,2009-02-05T00:00:00,,12,אפרסמון,התאמה מדויקת,38,CARFENTRAZONE ETHYL,התאמה מדויקת
CARFENTRAZONE ETHYL,רימון,0.02,2009-10-13T00:00:00,,121,רימון,התאמה מדויקת,38,CARFENTRAZONE ETHYL,התאמה מדויקת
CARFENTRAZONE ETHYL,תפוח עץ,0.02,2009-02-05T00:00:00,,140,תפוח עץ,התאמה מדויקת,38,CARFENTRAZONE ETHYL,התאמה מדויקת
CARFENTRAZONE ETHYL,אגס,0.02,2009-02-05T00:00:00,,4,אגס,התאמה מדויקת,38,CARFENTRAZONE ETHYL,התאמה מדויקת
CARFENTRAZONE ETHYL,שזיף,0.02,2009-02-05T00:00:00,,126,שזיף,התאמה מדויקת,38,CARFENTRAZONE ETHYL,התאמה מדויקת
CARFENTRAZONE ETHYL,נקטרינה,0.02,2009-02-05T00:00:00,,77,נקטרינה,התאמה מדויקת,38,CARFENTRAZONE ETHYL,התאמה מדויקת
CARFENTRAZONE ETHYL,אפרסק,0.02,2009-02-05T00:00:00,,13,אפרסק,התאמה מדויקת,38,CARFENTRAZONE ETHYL,התאמה מדויקת
CARFENTRAZONE ETHYL,תמר,0.02,2009-02-05T00:00:00,,138,תמר,התאמה מדויקת,38,CARFENTRAZONE ETHYL,התאמה מדויקת
CARFENTRAZONE ETHYL,זית אירופאי,0.02,2009-02-05T00:00:00,,37,זית אירופאי,התאמה מדויקת,38,CARFENTRAZONE ETHYL,התאמה מדויקת
CARFENTRAZONE ETHYL,תירס,0.02,2009-02-05T00:00:00,,134,תירס,התאמה מדויקת,38,CARFENTRAZONE ETHYL,התאמה מדויקת
CARFENTRAZONE ETHYL,שבולת שועל,0.02,2009-02-05T00:00:00,,122,שבולת שועל,התאמה מדויקת,38,CARFENTRAZONE ETHYL,התאמה מדויקת
CARFENTRAZONE ETHYL,דורה-סורגום,0.02,2013-01-10T00:00:00,,32,דורה-סורגום,התאמה מדויקת,38,CARFENTRAZONE ETHYL,התאמה מדויקת
CARFENTRAZONE ETHYL,חיטה,0.02,2009-02-05T00:00:00,,42,חיטה,התאמה מדויקת,38,CARFENTRAZONE ETHYL,התאמה מדויקת
CHLORANTRANILIPROLE,קורנית,,2021-02-25T00:00:00,8.000,110,קורנית,התאמה מדויקת,39,CHLORANTRANILIPROLE,התאמה מדויקת
CHLORANTRANILIPROLE,ענבים,0.4,2011-07-24T00:00:00,1.000,89,ענבים,התאמה מדויקת,39,CHLORANTRANILIPROLE,התאמה מדויקת
CHLORANTRANILIPROLE,תות שדה לפרי,0.5,2012-07-26T00:00:00,,133,תות שדה לפרי,התאמה מדויקת,39,CHLORANTRANILIPROLE,התאמה מדויקת
CHLORANTRANILIPROLE,פרי הדר,,2019-06-10T00:00:00,0.100,103,פרי הדר,התאמה מדויקת,39,CHLORANTRANILIPROLE,התאמה מדויקת
CHLORANTRANILIPROLE,תפוח אדמה,0.01,2013-03-13T00:00:00,0.030,139,תפוח אדמה,התאמה מדויקת,39,CHLORANTRANILIPROLE,התאמה מדויקת
CHLORANTRANILIPROLE,צנונית,0.05,2015-11-15T00:00:00,,107,צנונית,התאמה מדויקת,39,CHLORANTRANILIPROLE,התאמה מדויקת
CHLORANTRANILIPROLE,כרפס/סלרי (שורש ועלים),,2021-01-12T00:00:00,1.000,62,כרפס/סלרי (שורש ועלים),התאמה מדויקת,39,CHLORANTRANILIPROLE,התאמה מדויקת
CHLORANTRANILIPROLE,כרוב,0.2,2011-07-24T00:00:00,2.000,57,כרוב,התאמה מדויקת,39,CHLORANTRANILIPROLE,התאמה מדויקת
CHLORANTRANILIPROLE,ברוקולי,0.2,2011-07-24T00:00:00,1.500,21,ברוקולי,התאמה מדויקת,39,CHLORANTRANILIPROLE,התאמה מדויקת
CHLORANTRANILIPROLE,כרובית,0.2,2011-07-24T00:00:00,0.500,61,כרובית,התאמה מדויקת,39,CHLORANTRANILIPROLE,התאמה מדויקת
CHLORANTRANILIPROLE,מלון,0.02,2014-03-02T00:00:00,,70,מלון,התאמה מדויקת,39,CHLORANTRANILIPROLE,התאמה מדויקת
CHLORANTRANILIPROLE,מלפפון,0.02,2014-02-16T00:00:00,,72,מלפפון,התאמה מדויקת,39,CHLORANTRANILIPROLE,התאמה מדויקת
CHLORANTRANILIPROLE,קישוא,0.02,2014-03-02T00:00:00,,115,קישוא,התאמה מדויקת,39,CHLORANTRANILIPROLE,התאמה מדויקת
CHLORANTRANILIPROLE,חימצה (חומוס),0.05,2015-11-15T00:00:00,0.200,43,חימצה (חומוס),התאמה מדויקת,39,CHLORANTRANILIPROLE,התאמה מדויקת
CHLORANTRANILIPROLE,כוסברה (גד השדה),,2021-02-25T00:00:00,8.000,55,כוסברה (גד השדה),התאמה מדויקת,39,CHLORANTRANILIPROLE,התאמה מדויקת
CHLORANTRANILIPROLE,חסה,0.2,2011-07-24T00:00:00,20.000,46,חסה,התאמה מדויקת,39,CHLORANTRANILIPROLE,התאמה מדויקת
CHLORANTRANILIPROLE,פלפל,0.2,2020-01-22T00:00:00,1.000,99,פלפל,התאמה מדויקת,39,CHLORANTRANILIPROLE,התאמה מדויקת
CHLORANTRANILIPROLE,חציל,,2018-09-04T00:00:00,0.010,47,חציל,התאמה מדויקת,39,CHLORANTRANILIPROLE,התאמה מדויקת
CHLORANTRANILIPROLE,עגבניה,0.05,2011-05-17T00:00:00,0.600,84,עגבניה,התאמה מדויקת,39,CHLORANTRANILIPROLE,התאמה מדויקת
CHLORANTRANILIPROLE,פפריקה,0.01,2015-11-17T00:00:00,,101,פפריקה,התאמה מדויקת,39,CHLORANTRANILIPROLE,התאמה מדויקת
CHLORANTRANILIPROLE,אפון,0.05,2013-03-13T00:00:00,,10,אפון,התאמה מדויקת,39,CHLORANTRANILIPROLE,התאמה מדויקת
CHLORANTRANILIPROLE,שעועית ירוקה,0.05,2013-03-13T00:00:00,,129,שעועית ירוקה,התאמה מדויקת,39,CHLORANTRANILIPROLE,התאמה מדויקת
CHLORANTRANILIPROLE,בטטה,0.05,2012-05-06T00:00:00,,14,בטטה,התאמה מדויקת,39,CHLORANTRANILIPROLE,התאמה מדויקת
CHLORANTRANILIPROLE,סלק אדום (שורש ועלים),,2023-09-27T00:00:00,0.050,80,סלק אדום (שורש ועלים),התאמה מדויקת,39,CHLORANTRANILIPROLE,התאמה מדויקת
CHLORANTRANILIPROLE,גזר,0.05,2012-05-03T00:00:00,,28,גזר,התאמה מדויקת,39,CHLORANTRANILIPROLE,התאמה מדויקת
CHLORANTRANILIPROLE,בצל,0.05,2012-11-18T00:00:00,,17,בצל,התאמה מדויקת,39,CHLORANTRANILIPROLE,התאמה מדויקת
CHLORANTRANILIPROLE,כותנה,0.05,2012-11-18T00:00:00,0.300,56,כותנה,התאמה מדויקת,39,CHLORANTRANILIPROLE,התאמה מדויקת
CHLORANTRANILIPROLE,אגוז אדמה,0.05,2012-02-15T00:00:00,,3,אגוז אדמה,התאמה מדויקת,39,CHLORANTRANILIPROLE,התאמה מדויקת
CHLORANTRANILIPROLE,חמנית מצויה,0.01,2015-11-17T00:00:00,,45,חמנית מצויה,התאמה מדויקת,39,CHLORANTRANILIPROLE,התאמה מדויקת
CHLORANTRANILIPROLE,שקד,0.05,2012-11-18T00:00:00,,131,שקד,התאמה מדויקת,39,CHLORANTRANILIPROLE,התאמה מדויקת
CHLORANTRANILIPROLE,אורגנו,,2021-02-25T00:00:00,8.000,5,אורגנו,התאמה מדויקת,39,CHLORANTRANILIPROLE,התאמה מדויקת
CHLORANTRANILIPROLE,רימון,0.2,2013-03-13T00:00:00,0.400,121,רימון,התאמה מדויקת,39,CHLORANTRANILIPROLE,התאמה מדויקת
CHLORANTRANILIPROLE,תפוח עץ,0.2,2011-07-24T00:00:00,0.400,140,תפוח עץ,התאמה מדויקת,39,CHLORANTRANILIPROLE,התאמה מדויקת
CHLORANTRANILIPROLE,אגס,0.2,2011-07-24T00:00:00,,4,אגס,התאמה מדויקת,39,CHLORANTRANILIPROLE,התאמה מדויקת
CHLORANTRANILIPROLE,שזיף,0.3,2014-03-06T00:00:00,1.000,126,שזיף,התאמה מדויקת,39,CHLORANTRANILIPROLE,התאמה מדויקת
CHLORANTRANILIPROLE,משמש,0.3,2014-03-06T00:00:00,1.000,76,משמש,התאמה מדויקת,39,CHLORANTRANILIPROLE,התאמה מדויקת
CHLORANTRANILIPROLE,דובדבן,,2024-09-09T00:00:00,0.300,31,דובדבן,התאמה מדויקת,39,CHLORANTRANILIPROLE,התאמה מדויקת
CHLORANTRANILIPROLE,נקטרינה,0.3,2014-03-06T00:00:00,1.000,77,נקטרינה,התאמה מדויקת,39,CHLORANTRANILIPROLE,התאמה מדויקת
CHLORANTRANILIPROLE,אפרסק,0.3,2014-03-06T00:00:00,1.000,13,אפרסק,התאמה מדויקת,39,CHLORANTRANILIPROLE,התאמה מדויקת
CHLORANTRANILIPROLE,תמר,0.15,2016-08-07T00:00:00,,138,תמר,התאמה מדויקת,39,CHLORANTRANILIPROLE,התאמה מדויקת
CHLORANTRANILIPROLE,זית אירופאי,0.1,2012-01-10T00:00:00,,37,זית אירופאי,התאמה מדויקת,39,CHLORANTRANILIPROLE,התאמה מדויקת
CHLORANTRANILIPROLE,תירס,0.01,2010-06-21T00:00:00,,134,תירס,התאמה מדויקת,39,CHLORANTRANILIPROLE,התאמה מדויקת
CHLORANTRANILIPROLE,ריחן מצוי / בזיל,,2021-02-25T00:00:00,8.000,120,ריחן מצוי / בזיל,התאמה מדויקת,39,CHLORANTRANILIPROLE,התאמה מדויקת
CHLORANTRANILIPROLE,עירית בצלית,,2021-01-12T00:00:00,3.000,85,עירית בצלית,התאמה מדויקת,39,CHLORANTRANILIPROLE,התאמה מדויקת
CHLORANTRANILIPROLE,שמיר (שבת),,2021-02-25T00:00:00,8.000,127,שמיר (שבת),התאמה מדויקת,39,CHLORANTRANILIPROLE,התאמה מדויקת
CHLORANTRANILIPROLE,מנטה,,2021-01-12T00:00:00,8.000,74,מנטה,התאמה מדויקת,39,CHLORANTRANILIPROLE,התאמה מדויקת
CHLORANTRANILIPROLE,פטרוסלינון (שורש ועלים),,2021-01-12T00:00:00,8.000,93,פטרוסלינון (שורש ועלים),התאמה מדויקת,39,CHLORANTRANILIPROLE,התאמה מדויקת
CHLORANTRANILIPROLE,רוזמרין,,2021-02-25T00:00:00,8.000,117,רוזמרין,התאמה מדויקת,39,CHLORANTRANILIPROLE,התאמה מדויקת
CHLORANTRANILIPROLE,מרווה,,2021-02-25T00:00:00,8.000,75,מרווה,התאמה מדויקת,39,CHLORANTRANILIPROLE,התאמה מדויקת
CHLORANTRANILIPROLE,טרגון,,2021-02-25T00:00:00,8.000,50,טרגון,התאמה מדויקת,39,CHLORANTRANILIPROLE,התאמה מדויקת
CHLORANTRANILIPROLE,רוקט (בן חרדל),,2021-01-12T00:00:00,6.000,119,רוקט (בן חרדל),התאמה מדויקת,39,CHLORANTRANILIPROLE,התאמה מדויקת
CHLORANTRANILIPROLE,רוקולה,,2021-01-12T00:00:00,6.000,118,רוקולה,התאמה מדויקת,39,CHLORANTRANILIPROLE,התאמה מדויקת
CHLORDANE,ירקות,0.02,1996-01-01T00:00:00,,51,ירקות,התאמה מדויקת,40,CHLORDANE,התאמה מדויקת
CHLORDANE,פירות,0.02,2005-08-21T00:00:00,,95,פירות,התאמה מדויקת,40,CHLORDANE,התאמה מדויקת
CHLORDANE,חלב,0.002,1999-01-01T00:00:00,,44,חלב,התאמה מדויקת,40,CHLORDANE,התאמה מדויקת
CHLORDANE,בשר,0.05,2013-01-23T00:00:00,,22,בשר,התאמה מדויקת,40,CHLORDANE,התאמה מדויקת
CHLORDANE,ביצים,0.02,1999-01-01T00:00:00,,15,ביצים,התאמה מדויקת,40,CHLORDANE,התאמה מדויקת
CHLORDANE,בשר עוף,0.5,1999-01-01T00:00:00,,23,בשר עוף,התאמה מדויקת,40,CHLORDANE,התאמה מדויקת
CHLORFENAPYR,מלפפון,0.05,1997-12-18T00:00:00,,72,מלפפון,התאמה מדויקת,41,CHLORFENAPYR,התאמה מדויקת
CHLORFENAPYR,פלפל,0.1,1997-12-18T00:00:00,,99,פלפל,התאמה מדויקת,41,CHLORFENAPYR,התאמה מדויקת
CHLORFENAPYR,עגבניה,0.5,2012-01-29T00:00:00,,84,עגבניה,התאמה מדויקת,41,CHLORFENAPYR,התאמה מדויקת
CHLORFLUAZURON,אספסת,0.5,1996-01-01T00:00:00,,8,אספסת,התאמה מדויקת,42,CHLORFLUAZURON,התאמה מדויקת
CHLORFLUAZURON,קורנית,2.0,2005-08-21T00:00:00,,110,קורנית,התאמה מדויקת,42,CHLORFLUAZURON,התאמה מדויקת
CHLORFLUAZURON,תות שדה לפרי,0.1,1996-01-01T00:00:00,,133,תות שדה לפרי,התאמה מדויקת,42,CHLORFLUAZURON,התאמה מדויקת
CHLORFLUAZURON,תפוח אדמה,0.5,1996-01-01T00:00:00,,139,תפוח אדמה,התאמה מדויקת,42,CHLORFLUAZURON,התאמה מדויקת
CHLORFLUAZURON,קינרס (ארטישוק),0.2,1996-01-01T00:00:00,,114,קינרס (ארטישוק),התאמה מדויקת,42,CHLORFLUAZURON,התאמה מדויקת
CHLORFLUAZURON,כרוב,0.2,1996-01-01T00:00:00,,57,כרוב,התאמה מדויקת,42,CHLORFLUAZURON,התאמה מדויקת
CHLORFLUAZURON,ברוקולי,0.2,1996-01-01T00:00:00,,21,ברוקולי,התאמה מדויקת,42,CHLORFLUAZURON,התאמה מדויקת
CHLORFLUAZURON,כרובית,0.2,1996-01-01T00:00:00,,61,כרובית,התאמה מדויקת,42,CHLORFLUAZURON,התאמה מדויקת
CHLORFLUAZURON,מלפפון,0.2,1996-01-01T00:00:00,,72,מלפפון,התאמה מדויקת,42,CHLORFLUAZURON,התאמה מדויקת
CHLORFLUAZURON,קישוא,0.2,1996-01-01T00:00:00,,115,קישוא,התאמה מדויקת,42,CHLORFLUAZURON,התאמה מדויקת
CHLORFLUAZURON,אבטיח,0.2,2013-01-10T00:00:00,,2,אבטיח,התאמה מדויקת,42,CHLORFLUAZURON,התאמה מדויקת
CHLORFLUAZURON,כוסברה (גד השדה),2.0,2005-08-21T00:00:00,,55,כוסברה (גד השדה),התאמה מדויקת,42,CHLORFLUAZURON,התאמה מדויקת
CHLORFLUAZURON,כרוב סיני,0.2,1996-01-01T00:00:00,,59,כרוב סיני,התאמה מדויקת,42,CHLORFLUAZURON,התאמה מדויקת
CHLORFLUAZURON,חסה,0.2,2008-01-02T00:00:00,,46,חסה,התאמה מדויקת,42,CHLORFLUAZURON,התאמה מדויקת
CHLORFLUAZURON,פלפל,0.2,1996-01-01T00:00:00,,99,פלפל,התאמה מדויקת,42,CHLORFLUAZURON,התאמה מדויקת
CHLORFLUAZURON,חציל,0.2,1996-01-01T00:00:00,,47,חציל,התאמה מדויקת,42,CHLORFLUAZURON,התאמה מדויקת
CHLORFLUAZURON,עגבניה,0.2,1996-01-01T00:00:00,,84,עגבניה,התאמה מדויקת,42,CHLORFLUAZURON,התאמה מדויקת
CHLORFLUAZURON,פפריקה,0.2,2013-01-10T00:00:00,,101,פפריקה,התאמה מדויקת,42,CHLORFLUAZURON,התאמה מדויקת
CHLORFLUAZURON,שעועית ירוקה,0.2,1996-01-01T00:00:00,,129,שעועית ירוקה,התאמה מדויקת,42,CHLORFLUAZURON,התאמה מדויקת
CHLORFLUAZURON,בטטה,0.5,2013-01-10T00:00:00,,14,בטטה,התאמה מדויקת,42,CHLORFLUAZURON,התאמה מדויקת
CHLORFLUAZURON,גזר,0.2,1996-01-01T00:00:00,,28,גזר,התאמה מדויקת,42,CHLORFLUAZURON,התאמה מדויקת
CHLORFLUAZURON,כותנה,0.5,1996-01-01T00:00:00,,56,כותנה,התאמה מדויקת,42,CHLORFLUAZURON,התאמה מדויקת
CHLORFLUAZURON,אגוז אדמה,0.2,2013-01-10T00:00:00,,3,אגוז אדמה,התאמה מדויקת,42,CHLORFLUAZURON,התאמה מדויקת
CHLORFLUAZURON,תירס,0.01,2005-12-11T00:00:00,,134,תירס,התאמה מדויקת,42,CHLORFLUAZURON,התאמה מדויקת
CHLORFLUAZURON,עירית בצלית,2.0,2005-08-21T00:00:00,,85,עירית בצלית,התאמה מדויקת,42,CHLORFLUAZURON,התאמה מדויקת
CHLORFLUAZURON,מיורם,2.0,2005-08-21T00:00:00,,68,מיורם,התאמה מדויקת,42,CHLORFLUAZURON,התאמה מדויקת
CHLORFLUAZURON,פטרוסלינון (שורש ועלים),2.0,2007-05-17T00:00:00,,93,פטרוסלינון (שורש ועלים),התאמה מדויקת,42,CHLORFLUAZURON,התאמה מדויקת
CHLORFLUAZURON,מרווה,2.0,2005-08-21T00:00:00,,75,מרווה,התאמה מדויקת,42,CHLORFLUAZURON,התאמה מדויקת
CHLORFLUAZURON,טרגון,2.0,2005-08-21T00:00:00,,50,טרגון,התאמה מדויקת,42,CHLORFLUAZURON,התאמה מדויקת
CHLORIDAZON,סלק מספוא,0.01,1999-01-01T00:00:00,,81,סלק מספוא,התאמה מדויקת,43,CHLORIDAZON,התאמה מדויקת
CHLORIDAZON,סלק סוכר,0.01,1999-01-01T00:00:00,,82,סלק סוכר,התאמה מדויקת,43,CHLORIDAZON,התאמה מדויקת
CHLORMEQUAT CHLORIDE,קש חיטה,50.0,2000-04-29T00:00:00,,116,קש חיטה,התאמה מדויקת,44,CHLORMEQUAT CHLORIDE,התאמה מדויקת
CHLORMEQUAT CHLORIDE,פרי הדר,3.0,2000-04-29T00:00:00,,103,פרי הדר,התאמה מדויקת,44,CHLORMEQUAT CHLORIDE,התאמה מדויקת
CHLORMEQUAT CHLORIDE,חלב,0.5,2005-08-22T00:00:00,,44,חלב,התאמה מדויקת,44,CHLORMEQUAT CHLORIDE,התאמה מדויקת
CHLORMEQUAT CHLORIDE,בשר,0.2,2005-08-22T00:00:00,,22,בשר,התאמה מדויקת,44,CHLORMEQUAT CHLORIDE,התאמה מדויקת
CHLORMEQUAT CHLORIDE,"בשר, חלקי פנים",0.5,2005-08-22T00:00:00,,25,"בשר, חלקי פנים",התאמה מדויקת,44,CHLORMEQUAT CHLORIDE,התאמה מדויקת
CHLORMEQUAT CHLORIDE,ביצים,0.1,2005-08-22T00:00:00,,15,ביצים,התאמה מדויקת,44,CHLORMEQUAT CHLORIDE,התאמה מדויקת
CHLORMEQUAT CHLORIDE,בשר עוף,0.04,2005-08-22T00:00:00,,23,בשר עוף,התאמה מדויקת,44,CHLORMEQUAT CHLORIDE,התאמה מדויקת
CHLORMEQUAT CHLORIDE,אגס,3.0,2000-04-29T00:00:00,,4,אגס,התאמה מדויקת,44,CHLORMEQUAT CHLORIDE,התאמה מדויקת
CHLORMEQUAT CHLORIDE,"בשר עוף, חלקי פנים",0.1,2005-08-22T00:00:00,,24,"בשר עוף, חלקי פנים",התאמה מדויקת,44,CHLORMEQUAT CHLORIDE,התאמה מדויקת
CHLOROTHALONIL,קורנית,1.0,2011-03-01T00:00:00,,110,קורנית,התאמה מדויקת,45,CHLOROTHALONIL,התאמה מדויקת
CHLOROTHALONIL,תות שדה לפרי,5.0,1996-01-01T00:00:00,,133,תות שדה לפרי,התאמה מדויקת,45,CHLOROTHALONIL,התאמה מדויקת
CHLOROTHALONIL,תפוח אדמה,0.2,1996-01-01T00:00:00,,139,תפוח אדמה,התאמה מדויקת,45,CHLOROTHALONIL,התאמה מדויקת
CHLOROTHALONIL,כרפס/סלרי (שורש ועלים),3.0,2005-08-22T00:00:00,,62,כרפס/סלרי (שורש ועלים),התאמה מדויקת,45,CHLOROTHALONIL,התאמה מדויקת
CHLOROTHALONIL,ברוקולי,,2021-08-23T00:00:00,0.080,21,ברוקולי,התאמה מדויקת,45,CHLOROTHALONIL,התאמה מדויקת
CHLOROTHALONIL,מלון,2.0,2013-01-10T00:00:00,,70,מלון,התאמה מדויקת,45,CHLOROTHALONIL,התאמה מדויקת
CHLOROTHALONIL,מלפפון,5.0,1996-01-01T00:00:00,,72,מלפפון,התאמה מדויקת,45,CHLOROTHALONIL,התאמה מדויקת
CHLOROTHALONIL,אבטיח,2.0,2013-01-10T00:00:00,,2,אבטיח,התאמה מדויקת,45,CHLOROTHALONIL,התאמה מדויקת
CHLOROTHALONIL,חימצה (חומוס),1.0,1996-01-01T00:00:00,,43,חימצה (חומוס),התאמה מדויקת,45,CHLOROTHALONIL,התאמה מדויקת
CHLOROTHALONIL,כוסברה (גד השדה),0.05,2005-08-22T00:00:00,,55,כוסברה (גד השדה),התאמה מדויקת,45,CHLOROTHALONIL,התאמה מדויקת
CHLOROTHALONIL,עגבניה,5.0,1996-01-01T00:00:00,,84,עגבניה,התאמה מדויקת,45,CHLOROTHALONIL,התאמה מדויקת
CHLOROTHALONIL,אפון,1.0,2006-11-23T00:00:00,,10,אפון,התאמה מדויקת,45,CHLOROTHALONIL,התאמה מדויקת
CHLOROTHALONIL,גזר,1.0,1996-01-01T00:00:00,,28,גזר,התאמה מדויקת,45,CHLOROTHALONIL,התאמה מדויקת
CHLOROTHALONIL,בצל,0.5,1996-01-01T00:00:00,,17,בצל,התאמה מדויקת,45,CHLOROTHALONIL,התאמה מדויקת
CHLOROTHALONIL,אגוז אדמה,0.05,1996-01-01T00:00:00,,3,אגוז אדמה,התאמה מדויקת,45,CHLOROTHALONIL,התאמה מדויקת
CHLOROTHALONIL,שקד,1.0,2005-08-22T00:00:00,,131,שקד,התאמה מדויקת,45,CHLOROTHALONIL,התאמה מדויקת
CHLOROTHALONIL,שום,0.02,2009-06-23T00:00:00,,123,שום,התאמה מדויקת,45,CHLOROTHALONIL,התאמה מדויקת
CHLOROTHALONIL,אפרסמון,0.02,2009-06-02T00:00:00,,12,אפרסמון,התאמה מדויקת,45,CHLOROTHALONIL,התאמה מדויקת
CHLOROTHALONIL,תפוח עץ,0.05,2015-11-17T00:00:00,,140,תפוח עץ,התאמה מדויקת,45,CHLOROTHALONIL,התאמה מדויקת
CHLOROTHALONIL,משמש,0.2,2013-01-10T00:00:00,,76,משמש,התאמה מדויקת,45,CHLOROTHALONIL,התאמה מדויקת
CHLOROTHALONIL,נקטרינה,0.2,2013-01-10T00:00:00,,77,נקטרינה,התאמה מדויקת,45,CHLOROTHALONIL,התאמה מדויקת
CHLOROTHALONIL,אפרסק,0.2,2013-01-10T00:00:00,,13,אפרסק,התאמה מדויקת,45,CHLOROTHALONIL,התאמה מדויקת
CHLOROTHALONIL,זית אירופאי,0.1,2010-11-25T00:00:00,,37,זית אירופאי,התאמה מדויקת,45,CHLOROTHALONIL,התאמה מדויקת
CHLOROTHALONIL,חיטה,0.1,1996-01-01T00:00:00,,42,חיטה,התאמה מדויקת,45,CHLOROTHALONIL,התאמה מדויקת
CHLOROTHALONIL,ריחן מצוי / בזיל,1.0,2011-03-01T00:00:00,,120,ריחן מצוי / בזיל,התאמה מדויקת,45,CHLOROTHALONIL,התאמה מדויקת
CHLOROTHALONIL,עירית בצלית,0.5,2005-08-22T00:00:00,,85,עירית בצלית,התאמה מדויקת,45,CHLOROTHALONIL,התאמה מדויקת
CHLOROTHALONIL,שמיר (שבת),0.05,2005-08-22T00:00:00,,127,שמיר (שבת),התאמה מדויקת,45,CHLOROTHALONIL,התאמה מדויקת
CHLOROTHALONIL,מנטה,1.0,2005-08-22T00:00:00,,74,מנטה,התאמה מדויקת,45,CHLOROTHALONIL,התאמה מדויקת
CHLOROTHALONIL,פטרוסלינון (שורש ועלים),1.0,2011-03-01T00:00:00,,93,פטרוסלינון (שורש ועלים),התאמה מדויקת,45,CHLOROTHALONIL,התאמה מדויקת
CHLOROTHALONIL,רוזמרין,1.0,2011-03-01T00:00:00,,117,רוזמרין,התאמה מדויקת,45,CHLOROTHALONIL,התאמה מדויקת
CHLOROTHALONIL,מרווה,1.0,2011-03-01T00:00:00,,75,מרווה,התאמה מדויקת,45,CHLOROTHALONIL,התאמה מדויקת
CHLOROTHALONIL,טרגון,1.0,2011-03-01T00:00:00,,50,טרגון,התאמה מדויקת,45,CHLOROTHALONIL,התאמה מדויקת
CHLOROTHALONIL,רוקט (בן חרדל),,2019-04-11T00:00:00,1.000,119,רוקט (בן חרדל),התאמה מדויקת,45,CHLOROTHALONIL,התאמה מדויקת
CHLOROTHALONIL,רוקולה,1.0,2011-03-01T00:00:00,,118,רוקולה,התאמה מדויקת,45,CHLOROTHALONIL,התאמה מדויקת
CHLORPROPHAM,תפוח אדמה,5.0,1996-01-01T00:00:00,,139,תפוח אדמה,התאמה מדויקת,46,CHLORPROPHAM,התאמה מדויקת
CHLORPYRIFOS,ענבים,0.1,2015-11-17T00:00:00,יתבטל,89,ענבים,התאמה מדויקת,47,CHLORPYRIFOS,התאמה מדויקת
CHLORPYRIFOS,פרי הדר,0.3,1996-01-01T00:00:00,יתבטל,103,פרי הדר,התאמה מדויקת,47,CHLORPYRIFOS,התאמה מדויקת
CHLORPYRIFOS,סלק סוכר,0.05,1996-01-01T00:00:00,יתבטל,82,סלק סוכר,התאמה מדויקת,47,CHLORPYRIFOS,התאמה מדויקת
CHLORPYRIFOS,כרוב,0.05,1996-01-01T00:00:00,יתבטל,57,כרוב,התאמה מדויקת,47,CHLORPYRIFOS,התאמה מדויקת
CHLORPYRIFOS,כרוב סיני,0.1,1998-11-01T00:00:00,יתבטל,59,כרוב סיני,התאמה מדויקת,47,CHLORPYRIFOS,התאמה מדויקת
CHLORPYRIFOS,חסה,0.1,2013-01-14T00:00:00,יתבטל,46,חסה,התאמה מדויקת,47,CHLORPYRIFOS,התאמה מדויקת
CHLORPYRIFOS,אגוז אדמה,0.02,2013-01-14T00:00:00,יתבטל,3,אגוז אדמה,התאמה מדויקת,47,CHLORPYRIFOS,התאמה מדויקת
CHLORPYRIFOS,שקד,0.5,1999-01-01T00:00:00,יתבטל,131,שקד,התאמה מדויקת,47,CHLORPYRIFOS,התאמה מדויקת
CHLORPYRIFOS,אבוקדו,0.5,2003-02-25T00:00:00,יתבטל,1,אבוקדו,התאמה מדויקת,47,CHLORPYRIFOS,התאמה מדויקת
CHLORPYRIFOS,בננה,0.05,2000-01-01T00:00:00,יתבטל,16,בננה,התאמה מדויקת,47,CHLORPYRIFOS,התאמה מדויקת
CHLORPYRIFOS,מנגו,0.5,2013-01-14T00:00:00,יתבטל,73,מנגו,התאמה מדויקת,47,CHLORPYRIFOS,התאמה מדויקת
CHLORPYRIFOS,אפרסמון,0.5,2004-06-08T00:00:00,יתבטל,12,אפרסמון,התאמה מדויקת,47,CHLORPYRIFOS,התאמה מדויקת
CHLORPYRIFOS,רימון,0.1,2005-12-11T00:00:00,יתבטל,121,רימון,התאמה מדויקת,47,CHLORPYRIFOS,התאמה מדויקת
CHLORPYRIFOS,תפוח עץ,0.1,2015-11-17T00:00:00,יתבטל,140,תפוח עץ,התאמה מדויקת,47,CHLORPYRIFOS,התאמה מדויקת
CHLORPYRIFOS,אגס,0.5,1996-01-01T00:00:00,יתבטל,4,אגס,התאמה מדויקת,47,CHLORPYRIFOS,התאמה מדויקת
CHLORPYRIFOS,שזיף,0.5,1999-01-01T00:00:00,יתבטל,126,שזיף,התאמה מדויקת,47,CHLORPYRIFOS,התאמה מדויקת
CHLORPYRIFOS,משמש,0.5,1999-01-01T00:00:00,יתבטל,76,משמש,התאמה מדויקת,47,CHLORPYRIFOS,התאמה מדויקת
CHLORPYRIFOS,נקטרינה,0.5,1999-01-01T00:00:00,יתבטל,77,נקטרינה,התאמה מדויקת,47,CHLORPYRIFOS,התאמה מדויקת
CHLORPYRIFOS,אפרסק,0.5,2004-07-13T00:00:00,יתבטל,13,אפרסק,התאמה מדויקת,47,CHLORPYRIFOS,התאמה מדויקת
CHLORPYRIFOS,תמר,0.1,2005-08-22T00:00:00,יתבטל,138,תמר,התאמה מדויקת,47,CHLORPYRIFOS,התאמה מדויקת
CHLORPYRIFOS,זית אירופאי,0.5,2013-01-14T00:00:00,יתבטל,37,זית אירופאי,התאמה מדויקת,47,CHLORPYRIFOS,התאמה מדויקת
CHLORPYRIFOS,חבוש,1.0,2008-09-18T00:00:00,יתבטל,39,חבוש,התאמה מדויקת,47,CHLORPYRIFOS,התאמה מדויקת
CHLORSULFURON,חיטה,0.01,2014-01-01T00:00:00,,42,חיטה,התאמה מדויקת,48,CHLORSULFURON,התאמה מדויקת
CHLORTHAL DIMETHYL,צנונית,1.0,2015-11-17T00:00:00,,107,צנונית,התאמה מדויקת,49,CHLORTHAL DIMETHYL,התאמה מדויקת
CHLORTHAL DIMETHYL,כרוב,0.1,1999-01-01T00:00:00,,57,כרוב,התאמה מדויקת,49,CHLORTHAL DIMETHYL,התאמה מדויקת
CHLORTHAL DIMETHYL,כרובית,0.1,1999-01-01T00:00:00,,61,כרובית,התאמה מדויקת,49,CHLORTHAL DIMETHYL,התאמה מדויקת
CHLORTHAL DIMETHYL,קולרבי,0.1,2013-01-14T00:00:00,,108,קולרבי,התאמה מדויקת,49,CHLORTHAL DIMETHYL,התאמה מדויקת
CHLORTHAL DIMETHYL,כרוב סיני,0.1,2005-08-22T00:00:00,,59,כרוב סיני,התאמה מדויקת,49,CHLORTHAL DIMETHYL,התאמה מדויקת
CHLORTHAL DIMETHYL,חסה,0.5,2017-12-28T00:00:00,,46,חסה,התאמה מדויקת,49,CHLORTHAL DIMETHYL,התאמה מדויקת
CHLORTHAL DIMETHYL,צנון,1.0,2015-11-17T00:00:00,,106,צנון,התאמה מדויקת,49,CHLORTHAL DIMETHYL,התאמה מדויקת
CHLORTHAL DIMETHYL,לפת,0.1,1999-01-01T00:00:00,,67,לפת,התאמה מדויקת,49,CHLORTHAL DIMETHYL,התאמה מדויקת
CHLORTHAL DIMETHYL,גזר,0.1,1999-01-01T00:00:00,,28,גזר,התאמה מדויקת,49,CHLORTHAL DIMETHYL,התאמה מדויקת
CHLORTHAL DIMETHYL,בצל,0.1,1999-01-01T00:00:00,,17,בצל,התאמה מדויקת,49,CHLORTHAL DIMETHYL,התאמה מדויקת
CINIDON ETHYL,שבולת שועל,0.05,2013-01-14T00:00:00,יתבטל,122,שבולת שועל,התאמה מדויקת,50,CINIDON ETHYL,התאמה מדויקת
CINIDON ETHYL,חיטה,0.05,2013-01-14T00:00:00,יתבטל,42,חיטה,התאמה מדויקת,50,CINIDON ETHYL,התאמה מדויקת
CLETHODIM,אספסת,0.5,1999-01-01T00:00:00,,8,אספסת,התאמה מדויקת,51,CLETHODIM,התאמה מדויקת
CLETHODIM,בקיה,0.5,1999-01-01T00:00:00,,19,בקיה,התאמה מדויקת,51,CLETHODIM,התאמה מדויקת
CLETHODIM,סלק מספוא,0.5,1999-01-01T00:00:00,,81,סלק מספוא,התאמה מדויקת,51,CLETHODIM,התאמה מדויקת
CLETHODIM,ענבים,0.5,1999-01-01T00:00:00,,89,ענבים,התאמה מדויקת,51,CLETHODIM,התאמה מדויקת
CLETHODIM,פרי הדר,0.5,2013-01-14T00:00:00,,103,פרי הדר,התאמה מדויקת,51,CLETHODIM,התאמה מדויקת
CLETHODIM,תפוח אדמה,0.5,1999-01-01T00:00:00,,139,תפוח אדמה,התאמה מדויקת,51,CLETHODIM,התאמה מדויקת
CLETHODIM,כרפס/סלרי (שורש ועלים),0.5,1999-01-01T00:00:00,,62,כרפס/סלרי (שורש ועלים),התאמה מדויקת,51,CLETHODIM,התאמה מדויקת
CLETHODIM,כרוביים,0.5,2013-01-14T00:00:00,,60,כרוביים,התאמה מדויקת,51,CLETHODIM,התאמה מדויקת
CLETHODIM,כרוב,0.5,2021-08-17T00:00:00,,57,כרוב,התאמה מדויקת,51,CLETHODIM,התאמה מדויקת
CLETHODIM,ברוקולי,0.5,2021-08-17T00:00:00,,21,ברוקולי,התאמה מדויקת,51,CLETHODIM,התאמה מדויקת
CLETHODIM,מלון,0.5,2005-08-22T00:00:00,,70,מלון,התאמה מדויקת,51,CLETHODIM,התאמה מדויקת
CLETHODIM,חימצה (חומוס),0.5,1999-01-01T00:00:00,,43,חימצה (חומוס),התאמה מדויקת,51,CLETHODIM,התאמה מדויקת
CLETHODIM,חסה,0.5,1999-01-01T00:00:00,,46,חסה,התאמה מדויקת,51,CLETHODIM,התאמה מדויקת
CLETHODIM,פלפל,0.5,2013-01-14T00:00:00,,99,פלפל,התאמה מדויקת,51,CLETHODIM,התאמה מדויקת
CLETHODIM,חציל,0.5,2005-08-22T00:00:00,,47,חציל,התאמה מדויקת,51,CLETHODIM,התאמה מדויקת
CLETHODIM,עגבניה,0.5,1999-01-01T00:00:00,,84,עגבניה,התאמה מדויקת,51,CLETHODIM,התאמה מדויקת
CLETHODIM,פפריקה,0.5,2013-01-14T00:00:00,,101,פפריקה,התאמה מדויקת,51,CLETHODIM,התאמה מדויקת
CLETHODIM,אפון,0.5,1999-01-01T00:00:00,,10,אפון,התאמה מדויקת,51,CLETHODIM,התאמה מדויקת
CLETHODIM,שעועית ירוקה,0.5,2013-01-14T00:00:00,,129,שעועית ירוקה,התאמה מדויקת,51,CLETHODIM,התאמה מדויקת
CLETHODIM,סלק אדום (שורש ועלים),0.5,1999-01-01T00:00:00,,80,סלק אדום (שורש ועלים),התאמה מדויקת,51,CLETHODIM,התאמה מדויקת
CLETHODIM,גזר,0.5,1999-01-01T00:00:00,,28,גזר,התאמה מדויקת,51,CLETHODIM,התאמה מדויקת
CLETHODIM,בצל,0.5,1999-01-01T00:00:00,,17,בצל,התאמה מדויקת,51,CLETHODIM,התאמה מדויקת
CLETHODIM,חלב,0.05,1999-01-01T00:00:00,,44,חלב,התאמה מדויקת,51,CLETHODIM,התאמה מדויקת
CLETHODIM,בשר,0.1,2013-01-23T00:00:00,,22,בשר,התאמה מדויקת,51,CLETHODIM,התאמה מדויקת
CLETHODIM,"בשר, חלקי פנים",0.1,2013-01-23T00:00:00,,25,"בשר, חלקי פנים",התאמה מדויקת,51,CLETHODIM,התאמה מדויקת
CLETHODIM,ביצים,0.05,1999-01-01T00:00:00,,15,ביצים,התאמה מדויקת,51,CLETHODIM,התאמה מדויקת
CLETHODIM,בשר עוף,0.1,2013-01-23T00:00:00,,23,בשר עוף,התאמה מדויקת,51,CLETHODIM,התאמה מדויקת
CLETHODIM,כותנה,0.5,1999-01-01T00:00:00,,56,כותנה,התאמה מדויקת,51,CLETHODIM,התאמה מדויקת
CLETHODIM,אגוז אדמה,0.5,1999-01-01T00:00:00,,3,אגוז אדמה,התאמה מדויקת,51,CLETHODIM,התאמה מדויקת
CLETHODIM,חריע,0.5,1999-01-01T00:00:00,,49,חריע,התאמה מדויקת,51,CLETHODIM,התאמה מדויקת
CLETHODIM,חמנית מצויה,0.5,1999-01-01T00:00:00,,45,חמנית מצויה,התאמה מדויקת,51,CLETHODIM,התאמה מדויקת
CLETHODIM,תפוח עץ,0.5,2013-01-14T00:00:00,,140,תפוח עץ,התאמה מדויקת,51,CLETHODIM,התאמה מדויקת
CLETHODIM,זית אירופאי,0.5,2005-08-22T00:00:00,,37,זית אירופאי,התאמה מדויקת,51,CLETHODIM,התאמה מדויקת
CLETHODIM,שמיר (שבת),0.5,2013-01-14T00:00:00,,127,שמיר (שבת),התאמה מדויקת,51,CLETHODIM,התאמה מדויקת
CLETHODIM,פטרוסלינון (שורש ועלים),0.5,2013-01-14T00:00:00,,93,פטרוסלינון (שורש ועלים),התאמה מדויקת,51,CLETHODIM,התאמה מדויקת
CLETHODIM,"בשר עוף, חלקי פנים",0.1,2013-01-23T00:00:00,,24,"בשר עוף, חלקי פנים",התאמה מדויקת,51,CLETHODIM,התאמה מדויקת
CLODINAFOP PROPARGYL,חיטה,0.01,1999-01-01T00:00:00,,42,חיטה,התאמה מדויקת,52,CLODINAFOP PROPARGYL,התאמה מדויקת
CLOFENTEZINE,תות שדה לפרי,2.0,1996-01-01T00:00:00,,133,תות שדה לפרי,התאמה מדויקת,53,CLOFENTEZINE,התאמה מדויקת
CLOFENTEZINE,פרי הדר,0.5,1996-01-01T00:00:00,,103,פרי הדר,התאמה מדויקת,53,CLOFENTEZINE,התאמה מדויקת
CLOFENTEZINE,מלון,1.0,1996-01-01T00:00:00,,70,מלון,התאמה מדויקת,53,CLOFENTEZINE,התאמה מדויקת
CLOFENTEZINE,מלפפון,1.0,1996-01-01T00:00:00,,72,מלפפון,התאמה מדויקת,53,CLOFENTEZINE,התאמה מדויקת
CLOFENTEZINE,אבטיח,1.0,1996-01-01T00:00:00,,2,אבטיח,התאמה מדויקת,53,CLOFENTEZINE,התאמה מדויקת
CLOFENTEZINE,פלפל,0.1,2015-11-12T00:00:00,,99,פלפל,התאמה מדויקת,53,CLOFENTEZINE,התאמה מדויקת
CLOFENTEZINE,חציל,1.0,1996-01-01T00:00:00,,47,חציל,התאמה מדויקת,53,CLOFENTEZINE,התאמה מדויקת
CLOFENTEZINE,עגבניה,1.0,1996-01-01T00:00:00,,84,עגבניה,התאמה מדויקת,53,CLOFENTEZINE,התאמה מדויקת
CLOFENTEZINE,תפוח עץ,0.5,1996-01-01T00:00:00,,140,תפוח עץ,התאמה מדויקת,53,CLOFENTEZINE,התאמה מדויקת
CLOMAZONE,תפוח אדמה,0.05,2016-06-02T00:00:00,,139,תפוח אדמה,התאמה מדויקת,54,CLOMAZONE,התאמה מדויקת
CLOMAZONE,פלפל,0.05,2005-08-24T00:00:00,,99,פלפל,התאמה מדויקת,54,CLOMAZONE,התאמה מדויקת
CLOMAZONE,פפריקה,0.05,2005-08-24T00:00:00,,101,פפריקה,התאמה מדויקת,54,CLOMAZONE,התאמה מדויקת
CLOMAZONE,בטטה,0.05,2013-01-14T00:00:00,,14,בטטה,התאמה מדויקת,54,CLOMAZONE,התאמה מדויקת
CLOPYRALID,צנונית,0.1,1999-01-01T00:00:00,,107,צנונית,התאמה מדויקת,55,CLOPYRALID,התאמה מדויקת
CLOPYRALID,כרוב,0.1,1999-01-01T00:00:00,,57,כרוב,התאמה מדויקת,55,CLOPYRALID,התאמה מדויקת
CLOPYRALID,ברוקולי,0.1,1999-01-01T00:00:00,,21,ברוקולי,התאמה מדויקת,55,CLOPYRALID,התאמה מדויקת
CLOPYRALID,כרובית,0.1,1999-01-01T00:00:00,,61,כרובית,התאמה מדויקת,55,CLOPYRALID,התאמה מדויקת
CLOPYRALID,קולרבי,0.1,1999-01-01T00:00:00,,108,קולרבי,התאמה מדויקת,55,CLOPYRALID,התאמה מדויקת
CLOPYRALID,כרוב סיני,0.1,1999-01-01T00:00:00,,59,כרוב סיני,התאמה מדויקת,55,CLOPYRALID,התאמה מדויקת
CLOPYRALID,צנון,0.1,1999-01-01T00:00:00,,106,צנון,התאמה מדויקת,55,CLOPYRALID,התאמה מדויקת
CLOPYRALID,לפת,0.1,1999-01-01T00:00:00,,67,לפת,התאמה מדויקת,55,CLOPYRALID,התאמה מדויקת
CLOPYRALID,בצל,0.1,1999-01-01T00:00:00,,17,בצל,התאמה מדויקת,55,CLOPYRALID,התאמה מדויקת
CLOPYRALID,חיטה,0.1,1999-01-01T00:00:00,,42,חיטה,התאמה מדויקת,55,CLOPYRALID,התאמה מדויקת
CLOQUINTOCET MEXYL,שעורה תרבותית,0.01,2015-11-12T00:00:00,,130,שעורה תרבותית,התאמה מדויקת,56,CLOQUINTOCET MEXYL,התאמה מדויקת
CLOQUINTOCET MEXYL,שבולת שועל,0.01,2015-11-12T00:00:00,,122,שבולת שועל,התאמה מדויקת,56,CLOQUINTOCET MEXYL,התאמה מדויקת
CLOQUINTOCET MEXYL,חיטה,0.01,1999-01-01T00:00:00,,42,חיטה,התאמה מדויקת,56,CLOQUINTOCET MEXYL,התאמה מדויקת
CLOTHIANIDIN,ענבים,1.0,2012-04-17T00:00:00,,89,ענבים,התאמה מדויקת,57,CLOTHIANIDIN,התאמה מדויקת
CLOTHIANIDIN,גזר,0.3,2012-07-26T00:00:00,,28,גזר,התאמה מדויקת,57,CLOTHIANIDIN,התאמה מדויקת
CLOTHIANIDIN,אגוז אדמה,0.02,2012-02-15T00:00:00,,3,אגוז אדמה,התאמה מדויקת,57,CLOTHIANIDIN,התאמה מדויקת
CLOTHIANIDIN,שקד,0.02,2015-11-16T00:00:00,,131,שקד,התאמה מדויקת,57,CLOTHIANIDIN,התאמה מדויקת
CLOTHIANIDIN,תפוח עץ,0.5,2011-05-17T00:00:00,,140,תפוח עץ,התאמה מדויקת,57,CLOTHIANIDIN,התאמה מדויקת
CLOTHIANIDIN,אגס,0.5,2012-05-16T00:00:00,,4,אגס,התאמה מדויקת,57,CLOTHIANIDIN,התאמה מדויקת
CLOTHIANIDIN,משמש,0.5,2012-02-15T00:00:00,,76,משמש,התאמה מדויקת,57,CLOTHIANIDIN,התאמה מדויקת
CLOTHIANIDIN,נקטרינה,0.5,2012-02-15T00:00:00,,77,נקטרינה,התאמה מדויקת,57,CLOTHIANIDIN,התאמה מדויקת
CLOTHIANIDIN,אפרסק,0.5,2012-02-15T00:00:00,,13,אפרסק,התאמה מדויקת,57,CLOTHIANIDIN,התאמה מדויקת
CYANTRANILIPROLE,פרי הדר,,2019-07-30T00:00:00,0.900,103,פרי הדר,התאמה מדויקת,58,CYANTRANILIPROLE,התאמה מדויקת
CYANTRANILIPROLE,כרוב,0.01,2016-05-16T00:00:00,,57,כרוב,התאמה מדויקת,58,CYANTRANILIPROLE,התאמה מדויקת
CYANTRANILIPROLE,ברוקולי,0.01,2016-05-16T00:00:00,,21,ברוקולי,התאמה מדויקת,58,CYANTRANILIPROLE,התאמה מדויקת
CYANTRANILIPROLE,כרובית,0.01,2016-05-16T00:00:00,,61,כרובית,התאמה מדויקת,58,CYANTRANILIPROLE,התאמה מדויקת
CYANTRANILIPROLE,קולרבי,0.01,2016-05-16T00:00:00,,108,קולרבי,התאמה מדויקת,58,CYANTRANILIPROLE,התאמה מדויקת
CYANTRANILIPROLE,מלון,,2017-01-30T00:00:00,0.050,70,מלון,התאמה מדויקת,58,CYANTRANILIPROLE,התאמה מדויקת
CYANTRANILIPROLE,מלפפון,0.05,2015-11-15T00:00:00,,72,מלפפון,התאמה מדויקת,58,CYANTRANILIPROLE,התאמה מדויקת
CYANTRANILIPROLE,קישוא,0.05,2015-11-15T00:00:00,,115,קישוא,התאמה מדויקת,58,CYANTRANILIPROLE,התאמה מדויקת
CYANTRANILIPROLE,אבטיח,,2017-07-24T00:00:00,0.020,2,אבטיח,התאמה מדויקת,58,CYANTRANILIPROLE,התאמה מדויקת
CYANTRANILIPROLE,חסה,,2018-12-18T00:00:00,0.300,46,חסה,התאמה מדויקת,58,CYANTRANILIPROLE,התאמה מדויקת
CYANTRANILIPROLE,פלפל,0.2,2015-11-15T00:00:00,,99,פלפל,התאמה מדויקת,58,CYANTRANILIPROLE,התאמה מדויקת
CYANTRANILIPROLE,חציל,0.2,2015-11-15T00:00:00,,47,חציל,התאמה מדויקת,58,CYANTRANILIPROLE,התאמה מדויקת
CYANTRANILIPROLE,עגבניה,0.2,2015-11-15T00:00:00,,84,עגבניה,התאמה מדויקת,58,CYANTRANILIPROLE,התאמה מדויקת
CYANTRANILIPROLE,שעועית ירוקה,,2019-06-19T00:00:00,0.050,129,שעועית ירוקה,התאמה מדויקת,58,CYANTRANILIPROLE,התאמה מדויקת
CYANTRANILIPROLE,בצל,0.06,2016-05-23T00:00:00,,17,בצל,התאמה מדויקת,58,CYANTRANILIPROLE,התאמה מדויקת
CYANTRANILIPROLE,רימון,,2022-01-13T00:00:00,0.100,121,רימון,התאמה מדויקת,58,CYANTRANILIPROLE,התאמה מדויקת
CYANTRANILIPROLE,תפוח עץ,,2025-01-19T00:00:00,0.300,140,תפוח עץ,התאמה מדויקת,58,CYANTRANILIPROLE,התאמה מדויקת
CYANTRANILIPROLE,שזיף,,2025-01-19T00:00:00,0.300,126,שזיף,התאמה מדויקת,58,CYANTRANILIPROLE,התאמה מדויקת
CYANTRANILIPROLE,משמש,,2025-01-19T00:00:00,0.300,76,משמש,התאמה מדויקת,58,CYANTRANILIPROLE,התאמה מדויקת
CYANTRANILIPROLE,דובדבן,,2025-07-15T00:00:00,0.900,31,דובדבן,התאמה מדויקת,58,CYANTRANILIPROLE,התאמה מדויקת
CYANTRANILIPROLE,נקטרינה,,2025-01-19T00:00:00,0.300,77,נקטרינה,התאמה מדויקת,58,CYANTRANILIPROLE,התאמה מדויקת
CYANTRANILIPROLE,אפרסק,,2025-01-19T00:00:00,0.300,13,אפרסק,התאמה מדויקת,58,CYANTRANILIPROLE,התאמה מדויקת
CYANTRANILIPROLE,זית אירופאי,,2018-10-21T00:00:00,0.700,37,זית אירופאי,התאמה מדויקת,58,CYANTRANILIPROLE,התאמה מדויקת
CYANTRANILIPROLE,תירס,,2023-02-01T00:00:00,0.020,134,תירס,התאמה מדויקת,58,CYANTRANILIPROLE,התאמה מדויקת
CYANTRANILIPROLE,ריחן מצוי / בזיל,,2025-01-19T00:00:00,7.000,120,ריחן מצוי / בזיל,התאמה מדויקת,58,CYANTRANILIPROLE,התאמה מדויקת
CYANTRANILIPROLE,מנטה,,2025-01-19T00:00:00,12.000,74,מנטה,התאמה מדויקת,58,CYANTRANILIPROLE,התאמה מדויקת
CYANTRANILIPROLE,פטרוסלינון (שורש ועלים),,2024-01-14T00:00:00,15.000,93,פטרוסלינון (שורש ועלים),התאמה מדויקת,58,CYANTRANILIPROLE,התאמה מדויקת
CYANTRANILIPROLE,רוקט (בן חרדל),,2025-07-24T00:00:00,15.000,119,רוקט (בן חרדל),התאמה מדויקת,58,CYANTRANILIPROLE,התאמה מדויקת
CYANTRANILIPROLE,רוקולה,,2025-07-24T00:00:00,15.000,118,רוקולה,התאמה מדויקת,58,CYANTRANILIPROLE,התאמה מדויקת
CYAZOFAMID,תפוח אדמה,,2024-01-29T00:00:00,0.010,139,תפוח אדמה,התאמה מדויקת,59,CYAZOFAMID,התאמה מדויקת
CYAZOFAMID,עגבניה,,2025-07-24T00:00:00,0.600,84,עגבניה,התאמה מדויקת,59,CYAZOFAMID,התאמה מדויקת
CYCLOXYDIM,אספסת,0.2,1999-01-01T00:00:00,,8,אספסת,התאמה מדויקת,60,CYCLOXYDIM,התאמה מדויקת
CYCLOXYDIM,תלתן,0.2,1999-01-01T00:00:00,,137,תלתן,התאמה מדויקת,60,CYCLOXYDIM,התאמה מדויקת
CYCLOXYDIM,בקיה,0.2,1999-01-01T00:00:00,,19,בקיה,התאמה מדויקת,60,CYCLOXYDIM,התאמה מדויקת
CYCLOXYDIM,סלק מספוא,0.2,2005-08-24T00:00:00,,81,סלק מספוא,התאמה מדויקת,60,CYCLOXYDIM,התאמה מדויקת
CYCLOXYDIM,ענבים,0.2,1999-01-01T00:00:00,,89,ענבים,התאמה מדויקת,60,CYCLOXYDIM,התאמה מדויקת
CYCLOXYDIM,פרי הדר,0.2,1999-01-01T00:00:00,,103,פרי הדר,התאמה מדויקת,60,CYCLOXYDIM,התאמה מדויקת
CYCLOXYDIM,פירות סובטרופיים,0.2,2013-01-14T00:00:00,,98,פירות סובטרופיים,התאמה מדויקת,60,CYCLOXYDIM,התאמה מדויקת
CYCLOXYDIM,תפוח אדמה,0.2,1999-01-01T00:00:00,,139,תפוח אדמה,התאמה מדויקת,60,CYCLOXYDIM,התאמה מדויקת
CYCLOXYDIM,קינרס (ארטישוק),0.2,1999-01-01T00:00:00,,114,קינרס (ארטישוק),התאמה מדויקת,60,CYCLOXYDIM,התאמה מדויקת
CYCLOXYDIM,כרפס/סלרי (שורש ועלים),0.2,1999-01-01T00:00:00,,62,כרפס/סלרי (שורש ועלים),התאמה מדויקת,60,CYCLOXYDIM,התאמה מדויקת
CYCLOXYDIM,כרוב,0.2,1999-01-01T00:00:00,,57,כרוב,התאמה מדויקת,60,CYCLOXYDIM,התאמה מדויקת
CYCLOXYDIM,כרובית,0.2,1999-01-01T00:00:00,,61,כרובית,התאמה מדויקת,60,CYCLOXYDIM,התאמה מדויקת
CYCLOXYDIM,דלועיים,0.2,1999-01-01T00:00:00,,33,דלועיים,התאמה מדויקת,60,CYCLOXYDIM,התאמה מדויקת
CYCLOXYDIM,חימצה (חומוס),0.2,1999-01-01T00:00:00,,43,חימצה (חומוס),התאמה מדויקת,60,CYCLOXYDIM,התאמה מדויקת
CYCLOXYDIM,חסה,0.2,1999-01-01T00:00:00,,46,חסה,התאמה מדויקת,60,CYCLOXYDIM,התאמה מדויקת
CYCLOXYDIM,תרד,0.2,2005-08-24T00:00:00,,141,תרד,התאמה מדויקת,60,CYCLOXYDIM,התאמה מדויקת
CYCLOXYDIM,פלפל,0.2,1999-01-01T00:00:00,,99,פלפל,התאמה מדויקת,60,CYCLOXYDIM,התאמה מדויקת
CYCLOXYDIM,עגבניה,0.2,1999-01-01T00:00:00,,84,עגבניה,התאמה מדויקת,60,CYCLOXYDIM,התאמה מדויקת
CYCLOXYDIM,אפון,0.2,1999-01-01T00:00:00,,10,אפון,התאמה מדויקת,60,CYCLOXYDIM,התאמה מדויקת
CYCLOXYDIM,סלק אדום (שורש ועלים),0.2,2005-08-24T00:00:00,,80,סלק אדום (שורש ועלים),התאמה מדויקת,60,CYCLOXYDIM,התאמה מדויקת
CYCLOXYDIM,גזר,0.2,1999-01-01T00:00:00,,28,גזר,התאמה מדויקת,60,CYCLOXYDIM,התאמה מדויקת
CYCLOXYDIM,בצל,0.2,1999-01-01T00:00:00,,17,בצל,התאמה מדויקת,60,CYCLOXYDIM,התאמה מדויקת
CYCLOXYDIM,כותנה,0.2,1999-01-01T00:00:00,,56,כותנה,התאמה מדויקת,60,CYCLOXYDIM,התאמה מדויקת
CYCLOXYDIM,אגוז אדמה,0.2,1999-01-01T00:00:00,,3,אגוז אדמה,התאמה מדויקת,60,CYCLOXYDIM,התאמה מדויקת
CYCLOXYDIM,חמנית מצויה,0.2,1999-01-01T00:00:00,,45,חמנית מצויה,התאמה מדויקת,60,CYCLOXYDIM,התאמה מדויקת
CYCLOXYDIM,שום,0.2,1999-01-01T00:00:00,,123,שום,התאמה מדויקת,60,CYCLOXYDIM,התאמה מדויקת
CYCLOXYDIM,פירות גרעיניים,0.2,2013-01-14T00:00:00,,97,פירות גרעיניים,התאמה מדויקת,60,CYCLOXYDIM,התאמה מדויקת
CYCLOXYDIM,פירות גלעיניים,0.2,2013-01-14T00:00:00,,96,פירות גלעיניים,התאמה מדויקת,60,CYCLOXYDIM,התאמה מדויקת
CYCLOXYDIM,צמחי תבלין,0.2,1999-01-01T00:00:00,,105,צמחי תבלין,התאמה מדויקת,60,CYCLOXYDIM,התאמה מדויקת
CYFLUFENAMID,ענבים,0.1,2006-10-29T00:00:00,,89,ענבים,התאמה מדויקת,61,CYFLUFENAMID,התאמה מדויקת
CYFLUFENAMID,מלון,0.1,2007-08-30T00:00:00,,70,מלון,התאמה מדויקת,61,CYFLUFENAMID,התאמה מדויקת
CYFLUFENAMID,מלפפון,0.1,2007-08-30T00:00:00,,72,מלפפון,התאמה מדויקת,61,CYFLUFENAMID,התאמה מדויקת
CYFLUFENAMID,דלעת,0.1,2013-01-14T00:00:00,,35,דלעת,התאמה מדויקת,61,CYFLUFENAMID,התאמה מדויקת
CYFLUFENAMID,קישוא,0.1,2006-08-23T00:00:00,,115,קישוא,התאמה מדויקת,61,CYFLUFENAMID,התאמה מדויקת
CYFLUFENAMID,אבטיח,0.1,2006-08-23T00:00:00,,2,אבטיח,התאמה מדויקת,61,CYFLUFENAMID,התאמה מדויקת
CYFLUFENAMID,פלפל,0.05,2008-08-31T00:00:00,,99,פלפל,התאמה מדויקת,61,CYFLUFENAMID,התאמה מדויקת
CYFLUFENAMID,חציל,0.05,2008-08-31T00:00:00,,47,חציל,התאמה מדויקת,61,CYFLUFENAMID,התאמה מדויקת
CYFLUFENAMID,עגבניה,0.05,2008-08-31T00:00:00,,84,עגבניה,התאמה מדויקת,61,CYFLUFENAMID,התאמה מדויקת
CYFLUFENAMID,דלורית,0.1,2013-01-14T00:00:00,,34,דלורית,התאמה מדויקת,61,CYFLUFENAMID,התאמה מדויקת
CYFLUFENAMID,תפוח עץ,0.02,2009-02-05T00:00:00,,140,תפוח עץ,התאמה מדויקת,61,CYFLUFENAMID,התאמה מדויקת
CYFLUMETOFEN,תות שדה לפרי,0.7,2012-07-26T00:00:00,,133,תות שדה לפרי,התאמה מדויקת,62,CYFLUMETOFEN,התאמה מדויקת
CYFLUMETOFEN,פרי הדר,0.1,2014-08-06T00:00:00,,103,פרי הדר,התאמה מדויקת,62,CYFLUMETOFEN,התאמה מדויקת
CYFLUMETOFEN,מלון,0.1,2012-02-15T00:00:00,,70,מלון,התאמה מדויקת,62,CYFLUMETOFEN,התאמה מדויקת
CYFLUMETOFEN,מלפפון,0.1,2008-08-31T00:00:00,,72,מלפפון,התאמה מדויקת,62,CYFLUMETOFEN,התאמה מדויקת
CYFLUMETOFEN,דלעת,0.02,2015-11-16T00:00:00,,35,דלעת,התאמה מדויקת,62,CYFLUMETOFEN,התאמה מדויקת
CYFLUMETOFEN,קישוא,0.1,2012-02-15T00:00:00,,115,קישוא,התאמה מדויקת,62,CYFLUMETOFEN,התאמה מדויקת
CYFLUMETOFEN,אבטיח,0.01,2010-06-21T00:00:00,,2,אבטיח,התאמה מדויקת,62,CYFLUMETOFEN,התאמה מדויקת
CYFLUMETOFEN,כוסברה (גד השדה),,2022-06-14T00:00:00,5.000,55,כוסברה (גד השדה),התאמה מדויקת,62,CYFLUMETOFEN,התאמה מדויקת
CYFLUMETOFEN,חסה,,2019-07-21T00:00:00,2.500,46,חסה,התאמה מדויקת,62,CYFLUMETOFEN,התאמה מדויקת
CYFLUMETOFEN,פלפל,0.1,2010-10-04T00:00:00,,99,פלפל,התאמה מדויקת,62,CYFLUMETOFEN,התאמה מדויקת
CYFLUMETOFEN,חציל,0.1,2012-02-15T00:00:00,,47,חציל,התאמה מדויקת,62,CYFLUMETOFEN,התאמה מדויקת
CYFLUMETOFEN,עגבניה,0.1,2012-02-15T00:00:00,,84,עגבניה,התאמה מדויקת,62,CYFLUMETOFEN,התאמה מדויקת
CYFLUMETOFEN,דלורית,0.02,2015-11-16T00:00:00,,34,דלורית,התאמה מדויקת,62,CYFLUMETOFEN,התאמה מדויקת
CYFLUMETOFEN,תפוח עץ,0.2,2008-08-31T00:00:00,,140,תפוח עץ,התאמה מדויקת,62,CYFLUMETOFEN,התאמה מדויקת
CYFLUMETOFEN,פטרוסלינון (שורש ועלים),,2022-06-14T00:00:00,5.000,93,פטרוסלינון (שורש ועלים),התאמה מדויקת,62,CYFLUMETOFEN,התאמה מדויקת
CYFLUTHRIN,פרי הדר,,2025-12-18T00:00:00,0.300,103,פרי הדר,התאמה מדויקת,63,CYFLUTHRIN,התאמה מדויקת
CYFLUTHRIN,מלפפון,0.5,1996-01-01T00:00:00,,72,מלפפון,התאמה מדויקת,63,CYFLUTHRIN,התאמה מדויקת
CYFLUTHRIN,פלפל,0.2,1996-01-01T00:00:00,,99,פלפל,התאמה מדויקת,63,CYFLUTHRIN,התאמה מדויקת
CYFLUTHRIN,עגבניה,0.5,1996-01-01T00:00:00,,84,עגבניה,התאמה מדויקת,63,CYFLUTHRIN,התאמה מדויקת
CYFLUTHRIN,בצל,0.5,2005-08-24T00:00:00,,17,בצל,התאמה מדויקת,63,CYFLUTHRIN,התאמה מדויקת
CYFLUTHRIN,כותנה,0.05,1996-01-01T00:00:00,,56,כותנה,התאמה מדויקת,63,CYFLUTHRIN,התאמה מדויקת
CYFLUTHRIN,שקד,0.5,2005-08-24T00:00:00,,131,שקד,התאמה מדויקת,63,CYFLUTHRIN,התאמה מדויקת
CYFLUTHRIN,נקטרינה,0.5,2005-08-24T00:00:00,,77,נקטרינה,התאמה מדויקת,63,CYFLUTHRIN,התאמה מדויקת
CYFLUTHRIN,אפרסק,0.5,2005-08-24T00:00:00,,13,אפרסק,התאמה מדויקת,63,CYFLUTHRIN,התאמה מדויקת
CYFLUTHRIN,זית אירופאי,0.5,2005-08-24T00:00:00,,37,זית אירופאי,התאמה מדויקת,63,CYFLUTHRIN,התאמה מדויקת
CYHEXATIN,תות שדה לפרי,0.5,1999-06-17T00:00:00,יתבטל,133,תות שדה לפרי,התאמה מדויקת,64,CYHEXATIN,התאמה מדויקת
CYHEXATIN,פרי הדר,2.0,2000-06-19T00:00:00,,103,פרי הדר,התאמה מדויקת,64,CYHEXATIN,התאמה מדויקת
CYHEXATIN,מלון,0.5,1999-01-01T00:00:00,יתבטל,70,מלון,התאמה מדויקת,64,CYHEXATIN,התאמה מדויקת
CYHEXATIN,אבטיח,0.5,1999-01-01T00:00:00,יתבטל,2,אבטיח,התאמה מדויקת,64,CYHEXATIN,התאמה מדויקת
CYHEXATIN,חציל,0.1,1996-01-01T00:00:00,יתבטל,47,חציל,התאמה מדויקת,64,CYHEXATIN,התאמה מדויקת
CYHEXATIN,עגבניה,0.1,2005-08-25T00:00:00,יתבטל,84,עגבניה,התאמה מדויקת,64,CYHEXATIN,התאמה מדויקת
CYHEXATIN,שעועית ירוקה,0.5,2005-08-25T00:00:00,יתבטל,129,שעועית ירוקה,התאמה מדויקת,64,CYHEXATIN,התאמה מדויקת
CYHEXATIN,כותנה,0.05,1996-01-01T00:00:00,יתבטל,56,כותנה,התאמה מדויקת,64,CYHEXATIN,התאמה מדויקת
CYHEXATIN,אגוז אדמה,0.2,1999-01-01T00:00:00,יתבטל,3,אגוז אדמה,התאמה מדויקת,64,CYHEXATIN,התאמה מדויקת
CYHEXATIN,שקד,1.0,1996-01-01T00:00:00,,131,שקד,התאמה מדויקת,64,CYHEXATIN,התאמה מדויקת
CYHEXATIN,תפוח עץ,2.0,1996-01-01T00:00:00,,140,תפוח עץ,התאמה מדויקת,64,CYHEXATIN,התאמה מדויקת
CYHEXATIN,אגס,2.0,1996-01-01T00:00:00,יתבטל,4,אגס,התאמה מדויקת,64,CYHEXATIN,התאמה מדויקת
CYHEXATIN,שזיף,2.0,2005-08-25T00:00:00,יתבטל,126,שזיף,התאמה מדויקת,64,CYHEXATIN,התאמה מדויקת
CYHEXATIN,נקטרינה,1.0,2004-07-13T00:00:00,יתבטל,77,נקטרינה,התאמה מדויקת,64,CYHEXATIN,התאמה מדויקת
CYHEXATIN,אפרסק,1.0,1996-01-01T00:00:00,יתבטל,13,אפרסק,התאמה מדויקת,64,CYHEXATIN,התאמה מדויקת
CYHEXATIN,תאנה,1.0,2005-08-25T00:00:00,,132,תאנה,התאמה מדויקת,64,CYHEXATIN,התאמה מדויקת
CYMOXANIL,תפוח אדמה,0.05,1996-01-01T00:00:00,,139,תפוח אדמה,התאמה מדויקת,65,CYMOXANIL,התאמה מדויקת
CYMOXANIL,מלון,0.05,1996-01-01T00:00:00,,70,מלון,התאמה מדויקת,65,CYMOXANIL,התאמה מדויקת
CYMOXANIL,מלפפון,0.05,1996-01-01T00:00:00,,72,מלפפון,התאמה מדויקת,65,CYMOXANIL,התאמה מדויקת
CYMOXANIL,דלעת,0.01,2015-11-15T00:00:00,,35,דלעת,התאמה מדויקת,65,CYMOXANIL,התאמה מדויקת
CYMOXANIL,חסה,0.05,1996-01-01T00:00:00,,46,חסה,התאמה מדויקת,65,CYMOXANIL,התאמה מדויקת
CYMOXANIL,עגבניה,0.2,2013-06-12T00:00:00,,84,עגבניה,התאמה מדויקת,65,CYMOXANIL,התאמה מדויקת
CYMOXANIL,דלורית,0.01,2015-11-15T00:00:00,,34,דלורית,התאמה מדויקת,65,CYMOXANIL,התאמה מדויקת
CYMOXANIL,בצל,0.05,1996-01-01T00:00:00,,17,בצל,התאמה מדויקת,65,CYMOXANIL,התאמה מדויקת
CYMOXANIL,שום,0.05,2013-01-14T00:00:00,,123,שום,התאמה מדויקת,65,CYMOXANIL,התאמה מדויקת
CYPERMETHRIN,ענבים,1.0,2005-08-25T00:00:00,,89,ענבים,התאמה מדויקת,66,CYPERMETHRIN,התאמה מדויקת
CYPERMETHRIN,תפוח אדמה,0.05,1996-01-01T00:00:00,,139,תפוח אדמה,התאמה מדויקת,66,CYPERMETHRIN,התאמה מדויקת
CYPERMETHRIN,כרפס/סלרי (שורש ועלים),0.2,1996-01-01T00:00:00,,62,כרפס/סלרי (שורש ועלים),התאמה מדויקת,66,CYPERMETHRIN,התאמה מדויקת
CYPERMETHRIN,כרוב,1.0,1996-01-01T00:00:00,,57,כרוב,התאמה מדויקת,66,CYPERMETHRIN,התאמה מדויקת
CYPERMETHRIN,כרובית,1.0,1996-01-01T00:00:00,,61,כרובית,התאמה מדויקת,66,CYPERMETHRIN,התאמה מדויקת
CYPERMETHRIN,מלון,0.2,1996-01-01T00:00:00,,70,מלון,התאמה מדויקת,66,CYPERMETHRIN,התאמה מדויקת
CYPERMETHRIN,מלפפון,0.2,1996-01-01T00:00:00,,72,מלפפון,התאמה מדויקת,66,CYPERMETHRIN,התאמה מדויקת
CYPERMETHRIN,קישוא,0.2,1996-01-01T00:00:00,,115,קישוא,התאמה מדויקת,66,CYPERMETHRIN,התאמה מדויקת
CYPERMETHRIN,פלפל,0.5,1996-01-01T00:00:00,,99,פלפל,התאמה מדויקת,66,CYPERMETHRIN,התאמה מדויקת
CYPERMETHRIN,חציל,0.2,1996-01-01T00:00:00,,47,חציל,התאמה מדויקת,66,CYPERMETHRIN,התאמה מדויקת
CYPERMETHRIN,עגבניה,0.5,1996-01-01T00:00:00,,84,עגבניה,התאמה מדויקת,66,CYPERMETHRIN,התאמה מדויקת
CYPERMETHRIN,אפון,0.3,2014-08-04T00:00:00,,10,אפון,התאמה מדויקת,66,CYPERMETHRIN,התאמה מדויקת
CYPERMETHRIN,סלק אדום (שורש ועלים),0.5,2005-08-25T00:00:00,,80,סלק אדום (שורש ועלים),התאמה מדויקת,66,CYPERMETHRIN,התאמה מדויקת
CYPERMETHRIN,גזר,0.05,1996-01-01T00:00:00,,28,גזר,התאמה מדויקת,66,CYPERMETHRIN,התאמה מדויקת
CYPERMETHRIN,בצל,0.1,1996-01-01T00:00:00,,17,בצל,התאמה מדויקת,66,CYPERMETHRIN,התאמה מדויקת
CYPERMETHRIN,חלב,0.01,2013-01-14T00:00:00,,44,חלב,התאמה מדויקת,66,CYPERMETHRIN,התאמה מדויקת
CYPERMETHRIN,בשר,0.05,2013-01-23T00:00:00,,22,בשר,התאמה מדויקת,66,CYPERMETHRIN,התאמה מדויקת
CYPERMETHRIN,"בשר, חלקי פנים",0.05,2005-08-25T00:00:00,,25,"בשר, חלקי פנים",התאמה מדויקת,66,CYPERMETHRIN,התאמה מדויקת
CYPERMETHRIN,כותנה,0.2,1996-01-01T00:00:00,,56,כותנה,התאמה מדויקת,66,CYPERMETHRIN,התאמה מדויקת
CYPERMETHRIN,שקד,0.5,1996-01-01T00:00:00,,131,שקד,התאמה מדויקת,66,CYPERMETHRIN,התאמה מדויקת
CYPERMETHRIN,שום,0.1,1998-11-01T00:00:00,,123,שום,התאמה מדויקת,66,CYPERMETHRIN,התאמה מדויקת
CYPERMETHRIN,תפוח עץ,2.0,1996-01-01T00:00:00,,140,תפוח עץ,התאמה מדויקת,66,CYPERMETHRIN,התאמה מדויקת
CYPERMETHRIN,משמש,2.0,1996-01-01T00:00:00,,76,משמש,התאמה מדויקת,66,CYPERMETHRIN,התאמה מדויקת
CYPERMETHRIN,נקטרינה,2.0,2004-07-13T00:00:00,,77,נקטרינה,התאמה מדויקת,66,CYPERMETHRIN,התאמה מדויקת
CYPERMETHRIN,אפרסק,2.0,1996-01-01T00:00:00,,13,אפרסק,התאמה מדויקת,66,CYPERMETHRIN,התאמה מדויקת
CYPERMETHRIN,שעורה תרבותית,0.05,2013-01-14T00:00:00,,130,שעורה תרבותית,התאמה מדויקת,66,CYPERMETHRIN,התאמה מדויקת
CYPERMETHRIN,חיטה,0.05,2009-02-05T00:00:00,,42,חיטה,התאמה מדויקת,66,CYPERMETHRIN,התאמה מדויקת
CYPROCONAZOLE,ענבים,,2019-07-23T00:00:00,0.200,89,ענבים,התאמה מדויקת,67,CYPROCONAZOLE,התאמה מדויקת
CYPROCONAZOLE,מלפפון,0.3,2016-08-04T00:00:00,,72,מלפפון,התאמה מדויקת,67,CYPROCONAZOLE,התאמה מדויקת
CYPROCONAZOLE,חימצה (חומוס),0.05,2006-04-03T00:00:00,,43,חימצה (חומוס),התאמה מדויקת,67,CYPROCONAZOLE,התאמה מדויקת
CYPROCONAZOLE,פלפל,0.05,1999-01-01T00:00:00,יתבטל,99,פלפל,התאמה מדויקת,67,CYPROCONAZOLE,התאמה מדויקת
CYPROCONAZOLE,חציל,0.05,1996-01-01T00:00:00,,47,חציל,התאמה מדויקת,67,CYPROCONAZOLE,התאמה מדויקת
CYPROCONAZOLE,עגבניה,0.05,1996-01-01T00:00:00,,84,עגבניה,התאמה מדויקת,67,CYPROCONAZOLE,התאמה מדויקת
CYPROCONAZOLE,פפריקה,0.05,2005-08-25T00:00:00,יתבטל,101,פפריקה,התאמה מדויקת,67,CYPROCONAZOLE,התאמה מדויקת
CYPROCONAZOLE,אגוז אדמה,0.05,1996-01-01T00:00:00,,3,אגוז אדמה,התאמה מדויקת,67,CYPROCONAZOLE,התאמה מדויקת
CYPROCONAZOLE,חמנית מצויה,0.05,1996-01-01T00:00:00,,45,חמנית מצויה,התאמה מדויקת,67,CYPROCONAZOLE,התאמה מדויקת
CYPROCONAZOLE,שקד,0.05,1999-01-01T00:00:00,,131,שקד,התאמה מדויקת,67,CYPROCONAZOLE,התאמה מדויקת
CYPROCONAZOLE,שום,0.05,1996-01-01T00:00:00,,123,שום,התאמה מדויקת,67,CYPROCONAZOLE,התאמה מדויקת
CYPROCONAZOLE,אורגנו,1.0,2005-08-25T00:00:00,,5,אורגנו,התאמה מדויקת,67,CYPROCONAZOLE,התאמה מדויקת
CYPROCONAZOLE,מנגו,0.05,1996-01-01T00:00:00,,73,מנגו,התאמה מדויקת,67,CYPROCONAZOLE,התאמה מדויקת
CYPROCONAZOLE,תפוח עץ,0.05,1996-01-01T00:00:00,,140,תפוח עץ,התאמה מדויקת,67,CYPROCONAZOLE,התאמה מדויקת
CYPROCONAZOLE,אגס,,2019-06-19T00:00:00,0.050,4,אגס,התאמה מדויקת,67,CYPROCONAZOLE,התאמה מדויקת
CYPROCONAZOLE,שזיף,0.05,1996-01-01T00:00:00,,126,שזיף,התאמה מדויקת,67,CYPROCONAZOLE,התאמה מדויקת
CYPROCONAZOLE,דובדבן,,2023-03-15T00:00:00,0.200,31,דובדבן,התאמה מדויקת,67,CYPROCONAZOLE,התאמה מדויקת
CYPROCONAZOLE,נקטרינה,0.05,1999-01-01T00:00:00,,77,נקטרינה,התאמה מדויקת,67,CYPROCONAZOLE,התאמה מדויקת
CYPROCONAZOLE,אפרסק,0.05,1996-01-01T00:00:00,,13,אפרסק,התאמה מדויקת,67,CYPROCONAZOLE,התאמה מדויקת
CYPROCONAZOLE,שעורה תרבותית,,2025-04-06T00:00:00,0.010,130,שעורה תרבותית,התאמה מדויקת,67,CYPROCONAZOLE,התאמה מדויקת
CYPROCONAZOLE,תירס,0.02,2015-11-17T00:00:00,,134,תירס,התאמה מדויקת,67,CYPROCONAZOLE,התאמה מדויקת
CYPROCONAZOLE,שבולת שועל,0.05,2013-01-14T00:00:00,,122,שבולת שועל,התאמה מדויקת,67,CYPROCONAZOLE,התאמה מדויקת
CYPROCONAZOLE,חיטה,0.05,1996-01-01T00:00:00,,42,חיטה,התאמה מדויקת,67,CYPROCONAZOLE,התאמה מדויקת
CYPROCONAZOLE,טרגון,1.0,2005-08-25T00:00:00,,50,טרגון,התאמה מדויקת,67,CYPROCONAZOLE,התאמה מדויקת
CYPROCONAZOLE,אזוב מצוי (ראה גם זעתר),1.0,2013-01-14T00:00:00,,6,אזוב מצוי (ראה גם זעתר),התאמה מדויקת,67,CYPROCONAZOLE,התאמה מדויקת
CYPROCONAZOLE,זעתר (אזוב מצוי),1.0,2013-01-14T00:00:00,,38,זעתר (אזוב מצוי),התאמה מדויקת,67,CYPROCONAZOLE,התאמה מדויקת
CYPRODINIL,קורנית,1.0,2011-12-19T00:00:00,,110,קורנית,התאמה מדויקת,68,CYPRODINIL,התאמה מדויקת
CYPRODINIL,ענבים,2.0,2000-01-01T00:00:00,,89,ענבים,התאמה מדויקת,68,CYPRODINIL,התאמה מדויקת
CYPRODINIL,תות שדה לפרי,1.0,1999-03-16T00:00:00,,133,תות שדה לפרי,התאמה מדויקת,68,CYPRODINIL,התאמה מדויקת
CYPRODINIL,מלפפון,0.3,2014-03-09T00:00:00,,72,מלפפון,התאמה מדויקת,68,CYPRODINIL,התאמה מדויקת
CYPRODINIL,קישוא,0.3,2014-03-09T00:00:00,,115,קישוא,התאמה מדויקת,68,CYPRODINIL,התאמה מדויקת
CYPRODINIL,כוסברה (גד השדה),1.0,2011-12-19T00:00:00,,55,כוסברה (גד השדה),התאמה מדויקת,68,CYPRODINIL,התאמה מדויקת
CYPRODINIL,חסה,1.0,2013-09-17T00:00:00,,46,חסה,התאמה מדויקת,68,CYPRODINIL,התאמה מדויקת
CYPRODINIL,פלפל,0.8,2011-11-16T00:00:00,,99,פלפל,התאמה מדויקת,68,CYPRODINIL,התאמה מדויקת
CYPRODINIL,חציל,0.5,2005-08-25T00:00:00,,47,חציל,התאמה מדויקת,68,CYPRODINIL,התאמה מדויקת
CYPRODINIL,עגבניה,0.5,1999-01-01T00:00:00,,84,עגבניה,התאמה מדויקת,68,CYPRODINIL,התאמה מדויקת
CYPRODINIL,גזר,0.2,2011-11-16T00:00:00,,28,גזר,התאמה מדויקת,68,CYPRODINIL,התאמה מדויקת
CYPRODINIL,אבוקדו,,2021-02-28T00:00:00,0.020,1,אבוקדו,התאמה מדויקת,68,CYPRODINIL,התאמה מדויקת
CYPRODINIL,תפוח עץ,0.02,2016-08-04T00:00:00,0.350,140,תפוח עץ,התאמה מדויקת,68,CYPRODINIL,התאמה מדויקת
CYPRODINIL,שזיף,0.2,2010-06-21T00:00:00,,126,שזיף,התאמה מדויקת,68,CYPRODINIL,התאמה מדויקת
CYPRODINIL,משמש,0.2,2010-06-24T00:00:00,,76,משמש,התאמה מדויקת,68,CYPRODINIL,התאמה מדויקת
CYPRODINIL,דובדבן,0.2,2011-11-16T00:00:00,,31,דובדבן,התאמה מדויקת,68,CYPRODINIL,התאמה מדויקת
CYPRODINIL,נקטרינה,0.2,2007-06-12T00:00:00,,77,נקטרינה,התאמה מדויקת,68,CYPRODINIL,התאמה מדויקת
CYPRODINIL,אפרסק,0.2,2007-07-11T00:00:00,,13,אפרסק,התאמה מדויקת,68,CYPRODINIL,התאמה מדויקת
CYPRODINIL,ריחן מצוי / בזיל,1.0,2005-08-25T00:00:00,,120,ריחן מצוי / בזיל,התאמה מדויקת,68,CYPRODINIL,התאמה מדויקת
CYPRODINIL,עירית בצלית,1.0,2011-12-19T00:00:00,,85,עירית בצלית,התאמה מדויקת,68,CYPRODINIL,התאמה מדויקת
CYPRODINIL,שמיר (שבת),1.0,2011-12-19T00:00:00,,127,שמיר (שבת),התאמה מדויקת,68,CYPRODINIL,התאמה מדויקת
CYPRODINIL,שומר,1.0,2005-08-25T00:00:00,,124,שומר,התאמה מדויקת,68,CYPRODINIL,התאמה מדויקת
CYPRODINIL,מנטה,1.0,2005-08-25T00:00:00,,74,מנטה,התאמה מדויקת,68,CYPRODINIL,התאמה מדויקת
CYPRODINIL,פטרוסלינון (שורש ועלים),1.0,2011-12-19T00:00:00,,93,פטרוסלינון (שורש ועלים),התאמה מדויקת,68,CYPRODINIL,התאמה מדויקת
CYPRODINIL,רוזמרין,1.0,2011-12-19T00:00:00,,117,רוזמרין,התאמה מדויקת,68,CYPRODINIL,התאמה מדויקת
CYPRODINIL,טרגון,1.0,2011-12-19T00:00:00,,50,טרגון,התאמה מדויקת,68,CYPRODINIL,התאמה מדויקת
CYPRODINIL,רוקט (בן חרדל),,2019-04-11T00:00:00,1.000,119,רוקט (בן חרדל),התאמה מדויקת,68,CYPRODINIL,התאמה מדויקת
CYPRODINIL,רוקולה,1.0,2011-12-19T00:00:00,,118,רוקולה,התאמה מדויקת,68,CYPRODINIL,התאמה מדויקת
CYPRODINIL,בצל ירוק,1.0,2011-12-19T00:00:00,,18,בצל ירוק,התאמה מדויקת,68,CYPRODINIL,התאמה מדויקת
CYPROSULFAMIDE,חימצה (חומוס),,2019-06-18T00:00:00,0.010,43,חימצה (חומוס),התאמה מדויקת,69,CYPROSULFAMIDE,התאמה מדויקת
CYPROSULFAMIDE,תירס,0.01,2015-11-15T00:00:00,,134,תירס,התאמה מדויקת,69,CYPROSULFAMIDE,התאמה מדויקת
CYROMAZINE,אספסת,5.0,1996-01-01T00:00:00,,8,אספסת,התאמה מדויקת,70,CYROMAZINE,התאמה מדויקת
CYROMAZINE,תפוח אדמה,0.05,1999-01-01T00:00:00,,139,תפוח אדמה,התאמה מדויקת,70,CYROMAZINE,התאמה מדויקת
CYROMAZINE,כרפס/סלרי (שורש ועלים),5.0,1996-01-01T00:00:00,,62,כרפס/סלרי (שורש ועלים),התאמה מדויקת,70,CYROMAZINE,התאמה מדויקת
CYROMAZINE,מלון,0.2,1996-01-01T00:00:00,,70,מלון,התאמה מדויקת,70,CYROMAZINE,התאמה מדויקת
CYROMAZINE,מלפפון,0.2,2013-01-14T00:00:00,,72,מלפפון,התאמה מדויקת,70,CYROMAZINE,התאמה מדויקת
CYROMAZINE,דלעת,0.02,2015-11-15T00:00:00,,35,דלעת,התאמה מדויקת,70,CYROMAZINE,התאמה מדויקת
CYROMAZINE,אבטיח,0.2,1996-01-01T00:00:00,,2,אבטיח,התאמה מדויקת,70,CYROMAZINE,התאמה מדויקת
CYROMAZINE,חציל,0.5,1996-01-01T00:00:00,,47,חציל,התאמה מדויקת,70,CYROMAZINE,התאמה מדויקת
CYROMAZINE,עגבניה,0.5,1996-01-01T00:00:00,,84,עגבניה,התאמה מדויקת,70,CYROMAZINE,התאמה מדויקת
CYROMAZINE,שעועית ירוקה,1.0,1996-01-01T00:00:00,,129,שעועית ירוקה,התאמה מדויקת,70,CYROMAZINE,התאמה מדויקת
CYROMAZINE,דלורית,0.02,2015-11-15T00:00:00,,34,דלורית,התאמה מדויקת,70,CYROMAZINE,התאמה מדויקת
CYROMAZINE,גזר,0.2,1996-01-01T00:00:00,,28,גזר,התאמה מדויקת,70,CYROMAZINE,התאמה מדויקת
CYROMAZINE,חלב,0.01,1996-01-01T00:00:00,,44,חלב,התאמה מדויקת,70,CYROMAZINE,התאמה מדויקת
CYROMAZINE,בשר,0.05,2013-01-23T00:00:00,,22,בשר,התאמה מדויקת,70,CYROMAZINE,התאמה מדויקת
CYROMAZINE,"בשר, חלקי פנים",0.3,2013-01-23T00:00:00,,25,"בשר, חלקי פנים",התאמה מדויקת,70,CYROMAZINE,התאמה מדויקת
CYROMAZINE,ביצים,0.1,2013-01-23T00:00:00,,15,ביצים,התאמה מדויקת,70,CYROMAZINE,התאמה מדויקת
CYROMAZINE,ריחן מצוי / בזיל,0.2,2005-08-25T00:00:00,,120,ריחן מצוי / בזיל,התאמה מדויקת,70,CYROMAZINE,התאמה מדויקת
D.D.T.,גזר,0.2,2005-05-24T00:00:00,,28,גזר,התאמה מדויקת,71,D.D.T.,התאמה מדויקת
D.D.T.,חלב,0.02,1999-01-01T00:00:00,,44,חלב,התאמה מדויקת,71,D.D.T.,התאמה מדויקת
D.D.T.,בשר,5.0,1999-01-01T00:00:00,,22,בשר,התאמה מדויקת,71,D.D.T.,התאמה מדויקת
D.D.T.,"בשר, חלקי פנים",0.3,2013-01-23T00:00:00,,25,"בשר, חלקי פנים",התאמה מדויקת,71,D.D.T.,התאמה מדויקת
D.D.T.,ביצים,0.1,1999-01-01T00:00:00,,15,ביצים,התאמה מדויקת,71,D.D.T.,התאמה מדויקת
D.D.T.,דגניים,0.1,1996-01-01T00:00:00,,30,דגניים,התאמה מדויקת,71,D.D.T.,התאמה מדויקת
DELTAMETHRIN,ענבים,0.2,2013-01-15T00:00:00,,89,ענבים,התאמה מדויקת,72,DELTAMETHRIN,התאמה מדויקת
DELTAMETHRIN,תפוח אדמה,0.04,2009-02-05T00:00:00,,139,תפוח אדמה,התאמה מדויקת,72,DELTAMETHRIN,התאמה מדויקת
DELTAMETHRIN,קינרס (ארטישוק),0.05,1996-01-01T00:00:00,,114,קינרס (ארטישוק),התאמה מדויקת,72,DELTAMETHRIN,התאמה מדויקת
DELTAMETHRIN,כרפס/סלרי (שורש ועלים),0.5,1996-01-01T00:00:00,,62,כרפס/סלרי (שורש ועלים),התאמה מדויקת,72,DELTAMETHRIN,התאמה מדויקת
DELTAMETHRIN,כרוב,0.2,1999-01-01T00:00:00,,57,כרוב,התאמה מדויקת,72,DELTAMETHRIN,התאמה מדויקת
DELTAMETHRIN,ברוקולי,,2022-02-15T00:00:00,0.100,21,ברוקולי,התאמה מדויקת,72,DELTAMETHRIN,התאמה מדויקת
DELTAMETHRIN,כרובית,0.2,1999-01-01T00:00:00,,61,כרובית,התאמה מדויקת,72,DELTAMETHRIN,התאמה מדויקת
DELTAMETHRIN,מלון,0.2,1996-01-01T00:00:00,,70,מלון,התאמה מדויקת,72,DELTAMETHRIN,התאמה מדויקת
DELTAMETHRIN,מלפפון,0.2,1996-01-01T00:00:00,,72,מלפפון,התאמה מדויקת,72,DELTAMETHRIN,התאמה מדויקת
DELTAMETHRIN,קישוא,0.2,1996-01-01T00:00:00,,115,קישוא,התאמה מדויקת,72,DELTAMETHRIN,התאמה מדויקת
DELTAMETHRIN,אבטיח,0.2,1996-01-01T00:00:00,,2,אבטיח,התאמה מדויקת,72,DELTAMETHRIN,התאמה מדויקת
DELTAMETHRIN,חסה,0.2,1999-01-01T00:00:00,,46,חסה,התאמה מדויקת,72,DELTAMETHRIN,התאמה מדויקת
DELTAMETHRIN,פלפל,0.2,1996-01-01T00:00:00,,99,פלפל,התאמה מדויקת,72,DELTAMETHRIN,התאמה מדויקת
DELTAMETHRIN,חציל,0.2,1996-01-01T00:00:00,,47,חציל,התאמה מדויקת,72,DELTAMETHRIN,התאמה מדויקת
DELTAMETHRIN,עגבניה,0.2,1996-01-01T00:00:00,,84,עגבניה,התאמה מדויקת,72,DELTAMETHRIN,התאמה מדויקת
DELTAMETHRIN,שעועית ירוקה,0.2,2013-01-29T00:00:00,,129,שעועית ירוקה,התאמה מדויקת,72,DELTAMETHRIN,התאמה מדויקת
DELTAMETHRIN,סלק אדום (שורש ועלים),0.2,1999-01-01T00:00:00,,80,סלק אדום (שורש ועלים),התאמה מדויקת,72,DELTAMETHRIN,התאמה מדויקת
DELTAMETHRIN,גזר,0.04,2009-02-05T00:00:00,,28,גזר,התאמה מדויקת,72,DELTAMETHRIN,התאמה מדויקת
DELTAMETHRIN,בצל,0.04,2009-02-05T00:00:00,,17,בצל,התאמה מדויקת,72,DELTAMETHRIN,התאמה מדויקת
DELTAMETHRIN,חלב,0.05,2013-01-23T00:00:00,,44,חלב,התאמה מדויקת,72,DELTAMETHRIN,התאמה מדויקת
DELTAMETHRIN,בשר,0.5,1999-01-01T00:00:00,,22,בשר,התאמה מדויקת,72,DELTAMETHRIN,התאמה מדויקת
DELTAMETHRIN,"בשר, חלקי פנים",0.03,2013-01-23T00:00:00,,25,"בשר, חלקי פנים",התאמה מדויקת,72,DELTAMETHRIN,התאמה מדויקת
DELTAMETHRIN,ביצים,0.02,2013-01-23T00:00:00,,15,ביצים,התאמה מדויקת,72,DELTAMETHRIN,התאמה מדויקת
DELTAMETHRIN,בשר עוף,0.1,2013-01-23T00:00:00,,23,בשר עוף,התאמה מדויקת,72,DELTAMETHRIN,התאמה מדויקת
DELTAMETHRIN,כותנה,0.1,1996-01-01T00:00:00,,56,כותנה,התאמה מדויקת,72,DELTAMETHRIN,התאמה מדויקת
DELTAMETHRIN,שקד,0.05,2010-01-04T00:00:00,,131,שקד,התאמה מדויקת,72,DELTAMETHRIN,התאמה מדויקת
DELTAMETHRIN,שום,0.04,2009-02-05T00:00:00,,123,שום,התאמה מדויקת,72,DELTAMETHRIN,התאמה מדויקת
DELTAMETHRIN,רימון,0.05,2013-01-15T00:00:00,,121,רימון,התאמה מדויקת,72,DELTAMETHRIN,התאמה מדויקת
DELTAMETHRIN,תפוח עץ,0.05,1996-01-01T00:00:00,,140,תפוח עץ,התאמה מדויקת,72,DELTAMETHRIN,התאמה מדויקת
DELTAMETHRIN,אגס,0.03,2013-01-15T00:00:00,,4,אגס,התאמה מדויקת,72,DELTAMETHRIN,התאמה מדויקת
DELTAMETHRIN,שזיף,0.05,2009-09-10T00:00:00,,126,שזיף,התאמה מדויקת,72,DELTAMETHRIN,התאמה מדויקת
DELTAMETHRIN,נקטרינה,0.05,2009-09-10T00:00:00,,77,נקטרינה,התאמה מדויקת,72,DELTAMETHRIN,התאמה מדויקת
DELTAMETHRIN,אפרסק,0.05,2005-08-28T00:00:00,,13,אפרסק,התאמה מדויקת,72,DELTAMETHRIN,התאמה מדויקת
DELTAMETHRIN,תאנה,0.15,2016-12-11T00:00:00,,132,תאנה,התאמה מדויקת,72,DELTAMETHRIN,התאמה מדויקת
DELTAMETHRIN,תירס,,2024-01-14T00:00:00,0.010,134,תירס,התאמה מדויקת,72,DELTAMETHRIN,התאמה מדויקת
DELTAMETHRIN,חיטה,1.0,2005-08-28T00:00:00,,42,חיטה,התאמה מדויקת,72,DELTAMETHRIN,התאמה מדויקת
DELTAMETHRIN,"בשר עוף, חלקי פנים",0.02,2005-08-28T00:00:00,,24,"בשר עוף, חלקי פנים",התאמה מדויקת,72,DELTAMETHRIN,התאמה מדויקת
DIAFENTHIURON,תפוח אדמה,0.05,1996-01-01T00:00:00,,139,תפוח אדמה,התאמה מדויקת,73,DIAFENTHIURON,התאמה מדויקת
DIAFENTHIURON,כרוב,0.05,1996-01-01T00:00:00,,57,כרוב,התאמה מדויקת,73,DIAFENTHIURON,התאמה מדויקת
DIAFENTHIURON,כרובית,0.05,1996-01-01T00:00:00,,61,כרובית,התאמה מדויקת,73,DIAFENTHIURON,התאמה מדויקת
DIAFENTHIURON,מלפפון,0.05,1996-01-01T00:00:00,יתבטל,72,מלפפון,התאמה מדויקת,73,DIAFENTHIURON,התאמה מדויקת
DIAFENTHIURON,דלעת,0.2,2015-11-15T00:00:00,יתבטל,35,דלעת,התאמה מדויקת,73,DIAFENTHIURON,התאמה מדויקת
DIAFENTHIURON,קישוא,0.05,1996-01-01T00:00:00,,115,קישוא,התאמה מדויקת,73,DIAFENTHIURON,התאמה מדויקת
DIAFENTHIURON,אבטיח,0.05,1996-01-01T00:00:00,,2,אבטיח,התאמה מדויקת,73,DIAFENTHIURON,התאמה מדויקת
DIAFENTHIURON,פלפל,0.05,1996-01-01T00:00:00,יתבטל,99,פלפל,התאמה מדויקת,73,DIAFENTHIURON,התאמה מדויקת
DIAFENTHIURON,חציל,0.05,1996-01-01T00:00:00,,47,חציל,התאמה מדויקת,73,DIAFENTHIURON,התאמה מדויקת
DIAFENTHIURON,עגבניה,0.05,1996-01-01T00:00:00,יתבטל,84,עגבניה,התאמה מדויקת,73,DIAFENTHIURON,התאמה מדויקת
DIAFENTHIURON,דלורית,0.2,2015-11-15T00:00:00,,34,דלורית,התאמה מדויקת,73,DIAFENTHIURON,התאמה מדויקת
DIAFENTHIURON,גזר,0.01,2010-07-15T00:00:00,,28,גזר,התאמה מדויקת,73,DIAFENTHIURON,התאמה מדויקת
DIAFENTHIURON,כותנה,0.05,2005-08-28T00:00:00,,56,כותנה,התאמה מדויקת,73,DIAFENTHIURON,התאמה מדויקת
DICAMBA,חיטה,0.01,2013-01-15T00:00:00,,42,חיטה,התאמה מדויקת,74,DICAMBA,התאמה מדויקת
DICHLORPROP-P,פרי הדר,0.01,2013-01-15T00:00:00,,103,פרי הדר,התאמה מדויקת,75,DICHLORPROP-P,התאמה מדויקת
DICLOFOP METHYL,חימצה (חומוס),0.2,1999-01-01T00:00:00,יתבטל,43,חימצה (חומוס),התאמה מדויקת,76,DICLOFOP METHYL,התאמה מדויקת
DICLOFOP METHYL,בצל,0.2,1999-01-01T00:00:00,יתבטל,17,בצל,התאמה מדויקת,76,DICLOFOP METHYL,התאמה מדויקת
DICLOFOP METHYL,חיטה,0.2,1999-01-01T00:00:00,יתבטל,42,חיטה,התאמה מדויקת,76,DICLOFOP METHYL,התאמה מדויקת
DIDECYL DIMETHYL AMMONIUM CHLORIDE,פרי הדר,5.0,2010-02-18T00:00:00,,103,פרי הדר,התאמה מדויקת,77,DIDECYL DIMETHYL AMMONIUM CHLORIDE,התאמה מדויקת
DIDECYL DIMETHYL AMMONIUM CHLORIDE,ליצי,0.5,2010-06-21T00:00:00,,66,ליצי,התאמה מדויקת,77,DIDECYL DIMETHYL AMMONIUM CHLORIDE,התאמה מדויקת
DIDECYL DIMETHYL AMMONIUM CHLORIDE,מנגו,2.0,2009-11-09T00:00:00,,73,מנגו,התאמה מדויקת,77,DIDECYL DIMETHYL AMMONIUM CHLORIDE,התאמה מדויקת
DIETHOFENCARB,מלפפון,0.1,1996-01-01T00:00:00,יתבטל,72,מלפפון,התאמה מדויקת,78,DIETHOFENCARB,התאמה מדויקת
DIETHOFENCARB,חציל,0.1,2005-09-01T00:00:00,יתבטל,47,חציל,התאמה מדויקת,78,DIETHOFENCARB,התאמה מדויקת
DIETHOFENCARB,עגבניה,0.1,1996-01-01T00:00:00,יתבטל,84,עגבניה,התאמה מדויקת,78,DIETHOFENCARB,התאמה מדויקת
DIFENOCONAZOLE,קורנית,0.4,2009-10-13T00:00:00,,110,קורנית,התאמה מדויקת,79,DIFENOCONAZOLE,התאמה מדויקת
DIFENOCONAZOLE,ענבים,0.1,1996-01-01T00:00:00,0.500,89,ענבים,התאמה מדויקת,79,DIFENOCONAZOLE,התאמה מדויקת
DIFENOCONAZOLE,תפוח אדמה,0.1,1996-01-01T00:00:00,,139,תפוח אדמה,התאמה מדויקת,79,DIFENOCONAZOLE,התאמה מדויקת
DIFENOCONAZOLE,כרפס/סלרי (שורש ועלים),0.4,2012-07-02T00:00:00,,62,כרפס/סלרי (שורש ועלים),התאמה מדויקת,79,DIFENOCONAZOLE,התאמה מדויקת
DIFENOCONAZOLE,ברוקולי,0.5,2011-05-17T00:00:00,,21,ברוקולי,התאמה מדויקת,79,DIFENOCONAZOLE,התאמה מדויקת
DIFENOCONAZOLE,מלון,,2024-02-28T00:00:00,0.150,70,מלון,התאמה מדויקת,79,DIFENOCONAZOLE,התאמה מדויקת
DIFENOCONAZOLE,מלפפון,,2024-02-28T00:00:00,0.150,72,מלפפון,התאמה מדויקת,79,DIFENOCONAZOLE,התאמה מדויקת
DIFENOCONAZOLE,קישוא,,2017-08-29T00:00:00,0.010,115,קישוא,התאמה מדויקת,79,DIFENOCONAZOLE,התאמה מדויקת
DIFENOCONAZOLE,אבטיח,0.1,1999-01-01T00:00:00,,2,אבטיח,התאמה מדויקת,79,DIFENOCONAZOLE,התאמה מדויקת
DIFENOCONAZOLE,חימצה (חומוס),0.1,1999-01-01T00:00:00,,43,חימצה (חומוס),התאמה מדויקת,79,DIFENOCONAZOLE,התאמה מדויקת
DIFENOCONAZOLE,כוסברה (גד השדה),0.4,2011-11-06T00:00:00,,55,כוסברה (גד השדה),התאמה מדויקת,79,DIFENOCONAZOLE,התאמה מדויקת
DIFENOCONAZOLE,פלפל,,2024-02-28T00:00:00,0.400,99,פלפל,התאמה מדויקת,79,DIFENOCONAZOLE,התאמה מדויקת
DIFENOCONAZOLE,חציל,,2024-02-28T00:00:00,0.300,47,חציל,התאמה מדויקת,79,DIFENOCONAZOLE,התאמה מדויקת
DIFENOCONAZOLE,עגבניה,0.3,2011-05-17T00:00:00,,84,עגבניה,התאמה מדויקת,79,DIFENOCONAZOLE,התאמה מדויקת
DIFENOCONAZOLE,אפון,,2020-07-29T00:00:00,1.000,10,אפון,התאמה מדויקת,79,DIFENOCONAZOLE,התאמה מדויקת
DIFENOCONAZOLE,סלק אדום (שורש ועלים),0.1,1999-01-01T00:00:00,,80,סלק אדום (שורש ועלים),התאמה מדויקת,79,DIFENOCONAZOLE,התאמה מדויקת
DIFENOCONAZOLE,גזר,0.2,2011-05-17T00:00:00,,28,גזר,התאמה מדויקת,79,DIFENOCONAZOLE,התאמה מדויקת
DIFENOCONAZOLE,בצל,0.1,2005-09-01T00:00:00,,17,בצל,התאמה מדויקת,79,DIFENOCONAZOLE,התאמה מדויקת
DIFENOCONAZOLE,כותנה,0.1,1996-01-01T00:00:00,,56,כותנה,התאמה מדויקת,79,DIFENOCONAZOLE,התאמה מדויקת
DIFENOCONAZOLE,שקד,0.1,2005-09-01T00:00:00,,131,שקד,התאמה מדויקת,79,DIFENOCONAZOLE,התאמה מדויקת
DIFENOCONAZOLE,שום,0.1,1996-01-01T00:00:00,,123,שום,התאמה מדויקת,79,DIFENOCONAZOLE,התאמה מדויקת
DIFENOCONAZOLE,אורגנו,0.4,2005-09-01T00:00:00,,5,אורגנו,התאמה מדויקת,79,DIFENOCONAZOLE,התאמה מדויקת
DIFENOCONAZOLE,אפרסמון,0.05,2009-04-05T00:00:00,,12,אפרסמון,התאמה מדויקת,79,DIFENOCONAZOLE,התאמה מדויקת
DIFENOCONAZOLE,רימון,0.1,2012-07-26T00:00:00,,121,רימון,התאמה מדויקת,79,DIFENOCONAZOLE,התאמה מדויקת
DIFENOCONAZOLE,תפוח עץ,0.2,2011-05-17T00:00:00,,140,תפוח עץ,התאמה מדויקת,79,DIFENOCONAZOLE,התאמה מדויקת
DIFENOCONAZOLE,שסק,0.1,1996-01-01T00:00:00,,128,שסק,התאמה מדויקת,79,DIFENOCONAZOLE,התאמה מדויקת
DIFENOCONAZOLE,שזיף,0.05,2007-05-06T00:00:00,,126,שזיף,התאמה מדויקת,79,DIFENOCONAZOLE,התאמה מדויקת
DIFENOCONAZOLE,משמש,0.3,2009-04-05T00:00:00,,76,משמש,התאמה מדויקת,79,DIFENOCONAZOLE,התאמה מדויקת
DIFENOCONAZOLE,נקטרינה,0.5,2011-05-17T00:00:00,,77,נקטרינה,התאמה מדויקת,79,DIFENOCONAZOLE,התאמה מדויקת
DIFENOCONAZOLE,אפרסק,0.5,2011-05-17T00:00:00,,13,אפרסק,התאמה מדויקת,79,DIFENOCONAZOLE,התאמה מדויקת
DIFENOCONAZOLE,זית אירופאי,0.1,1996-01-01T00:00:00,,37,זית אירופאי,התאמה מדויקת,79,DIFENOCONAZOLE,התאמה מדויקת
DIFENOCONAZOLE,חיטה,0.1,2005-09-01T00:00:00,,42,חיטה,התאמה מדויקת,79,DIFENOCONAZOLE,התאמה מדויקת
DIFENOCONAZOLE,ריחן מצוי / בזיל,0.4,2009-10-13T00:00:00,,120,ריחן מצוי / בזיל,התאמה מדויקת,79,DIFENOCONAZOLE,התאמה מדויקת
DIFENOCONAZOLE,עירית בצלית,0.6,2005-09-01T00:00:00,,85,עירית בצלית,התאמה מדויקת,79,DIFENOCONAZOLE,התאמה מדויקת
DIFENOCONAZOLE,שמיר (שבת),0.4,2011-11-06T00:00:00,,127,שמיר (שבת),התאמה מדויקת,79,DIFENOCONAZOLE,התאמה מדויקת
DIFENOCONAZOLE,מנטה,0.4,2011-11-06T00:00:00,,74,מנטה,התאמה מדויקת,79,DIFENOCONAZOLE,התאמה מדויקת
DIFENOCONAZOLE,פטרוסלינון (שורש ועלים),0.4,2009-10-13T00:00:00,,93,פטרוסלינון (שורש ועלים),התאמה מדויקת,79,DIFENOCONAZOLE,התאמה מדויקת
DIFENOCONAZOLE,רוזמרין,0.4,2009-10-13T00:00:00,,117,רוזמרין,התאמה מדויקת,79,DIFENOCONAZOLE,התאמה מדויקת
DIFENOCONAZOLE,מרווה,0.4,2009-10-13T00:00:00,,75,מרווה,התאמה מדויקת,79,DIFENOCONAZOLE,התאמה מדויקת
DIFENOCONAZOLE,טרגון,0.4,2009-10-13T00:00:00,,50,טרגון,התאמה מדויקת,79,DIFENOCONAZOLE,התאמה מדויקת
DIFENOCONAZOLE,רוקט (בן חרדל),,2019-04-11T00:00:00,0.400,119,רוקט (בן חרדל),התאמה מדויקת,79,DIFENOCONAZOLE,התאמה מדויקת
DIFENOCONAZOLE,רוקולה,0.4,2009-10-13T00:00:00,,118,רוקולה,התאמה מדויקת,79,DIFENOCONAZOLE,התאמה מדויקת
DIFENOCONAZOLE,בצל ירוק,0.6,2012-07-02T00:00:00,,18,בצל ירוק,התאמה מדויקת,79,DIFENOCONAZOLE,התאמה מדויקת
DIFLUBENZURON,תפוח עץ,1.0,1996-01-01T00:00:00,,140,תפוח עץ,התאמה מדויקת,80,DIFLUBENZURON,התאמה מדויקת
DIFLUFENICAN,ענבים,0.02,2009-02-05T00:00:00,,89,ענבים,התאמה מדויקת,81,DIFLUFENICAN,התאמה מדויקת
DIFLUFENICAN,פרי הדר,0.02,2009-02-05T00:00:00,,103,פרי הדר,התאמה מדויקת,81,DIFLUFENICAN,התאמה מדויקת
DIFLUFENICAN,כרפס/סלרי (שורש ועלים),0.02,2009-02-05T00:00:00,,62,כרפס/סלרי (שורש ועלים),התאמה מדויקת,81,DIFLUFENICAN,התאמה מדויקת
DIFLUFENICAN,בצל,0.02,2009-02-05T00:00:00,,17,בצל,התאמה מדויקת,81,DIFLUFENICAN,התאמה מדויקת
DIFLUFENICAN,שקד,0.02,2009-02-05T00:00:00,,131,שקד,התאמה מדויקת,81,DIFLUFENICAN,התאמה מדויקת
DIFLUFENICAN,שום,0.02,2009-02-05T00:00:00,,123,שום,התאמה מדויקת,81,DIFLUFENICAN,התאמה מדויקת
DIFLUFENICAN,אבוקדו,0.02,2013-01-15T00:00:00,,1,אבוקדו,התאמה מדויקת,81,DIFLUFENICAN,התאמה מדויקת
DIFLUFENICAN,בננה,0.02,2013-01-15T00:00:00,,16,בננה,התאמה מדויקת,81,DIFLUFENICAN,התאמה מדויקת
DIFLUFENICAN,קיווי,0.02,2013-01-15T00:00:00,,112,קיווי,התאמה מדויקת,81,DIFLUFENICAN,התאמה מדויקת
DIFLUFENICAN,מנגו,0.02,2013-01-15T00:00:00,,73,מנגו,התאמה מדויקת,81,DIFLUFENICAN,התאמה מדויקת
DIFLUFENICAN,אפרסמון,0.02,2009-02-05T00:00:00,,12,אפרסמון,התאמה מדויקת,81,DIFLUFENICAN,התאמה מדויקת
DIFLUFENICAN,רימון,0.02,2010-06-21T00:00:00,,121,רימון,התאמה מדויקת,81,DIFLUFENICAN,התאמה מדויקת
DIFLUFENICAN,תפוח עץ,0.02,2009-02-05T00:00:00,,140,תפוח עץ,התאמה מדויקת,81,DIFLUFENICAN,התאמה מדויקת
DIFLUFENICAN,אגס,0.02,2013-01-15T00:00:00,,4,אגס,התאמה מדויקת,81,DIFLUFENICAN,התאמה מדויקת
DIFLUFENICAN,שזיף,0.02,2009-02-05T00:00:00,,126,שזיף,התאמה מדויקת,81,DIFLUFENICAN,התאמה מדויקת
DIFLUFENICAN,משמש,0.02,2013-01-15T00:00:00,,76,משמש,התאמה מדויקת,81,DIFLUFENICAN,התאמה מדויקת
DIFLUFENICAN,דובדבן,0.02,2013-01-15T00:00:00,,31,דובדבן,התאמה מדויקת,81,DIFLUFENICAN,התאמה מדויקת
DIFLUFENICAN,נקטרינה,0.02,2009-02-05T00:00:00,,77,נקטרינה,התאמה מדויקת,81,DIFLUFENICAN,התאמה מדויקת
DIFLUFENICAN,אפרסק,0.02,2009-02-05T00:00:00,,13,אפרסק,התאמה מדויקת,81,DIFLUFENICAN,התאמה מדויקת
DIFLUFENICAN,תמר,0.02,2013-01-15T00:00:00,,138,תמר,התאמה מדויקת,81,DIFLUFENICAN,התאמה מדויקת
DIFLUFENICAN,זית אירופאי,0.02,2009-02-05T00:00:00,,37,זית אירופאי,התאמה מדויקת,81,DIFLUFENICAN,התאמה מדויקת
DIFLUFENICAN,תירס,0.02,2013-01-15T00:00:00,,134,תירס,התאמה מדויקת,81,DIFLUFENICAN,התאמה מדויקת
DIFLUFENICAN,חיטה,0.02,2009-02-05T00:00:00,,42,חיטה,התאמה מדויקת,81,DIFLUFENICAN,התאמה מדויקת
DIMETHENAMID,תפוח אדמה,,2022-02-15T00:00:00,0.020,139,תפוח אדמה,התאמה מדויקת,82,DIMETHENAMID,התאמה מדויקת
DIMETHENAMID,שעועית ירוקה,,2025-04-06T00:00:00,0.010,129,שעועית ירוקה,התאמה מדויקת,82,DIMETHENAMID,התאמה מדויקת
DIMETHENAMID,בטטה,,2024-08-19T00:00:00,0.020,14,בטטה,התאמה מדויקת,82,DIMETHENAMID,התאמה מדויקת
DIMETHENAMID,בצל,,2025-07-15T00:00:00,0.010,17,בצל,התאמה מדויקת,82,DIMETHENAMID,התאמה מדויקת
DIMETHENAMID,אגוז אדמה,0.01,1999-01-01T00:00:00,,3,אגוז אדמה,התאמה מדויקת,82,DIMETHENAMID,התאמה מדויקת
DIMETHENAMID,תירס,,2022-12-26T00:00:00,0.020,134,תירס,התאמה מדויקת,82,DIMETHENAMID,התאמה מדויקת
DIMETHOATE,שקד,0.5,2005-09-01T00:00:00,,131,שקד,התאמה מדויקת,83,DIMETHOATE,התאמה מדויקת
DIMETHOATE,אפרסמון,1.0,2013-06-30T00:00:00,,12,אפרסמון,התאמה מדויקת,83,DIMETHOATE,התאמה מדויקת
DIMETHOATE,תפוח עץ,1.0,1996-01-01T00:00:00,,140,תפוח עץ,התאמה מדויקת,83,DIMETHOATE,התאמה מדויקת
DIMETHOATE,אגס,1.0,1996-01-01T00:00:00,יתבטל,4,אגס,התאמה מדויקת,83,DIMETHOATE,התאמה מדויקת
DIMETHOATE,שזיף,0.5,1996-01-01T00:00:00,,126,שזיף,התאמה מדויקת,83,DIMETHOATE,התאמה מדויקת
DIMETHOATE,משמש,1.0,2013-06-30T00:00:00,יתבטל,76,משמש,התאמה מדויקת,83,DIMETHOATE,התאמה מדויקת
DIMETHOATE,נקטרינה,0.1,2012-08-26T00:00:00,1.000,77,נקטרינה,התאמה מדויקת,83,DIMETHOATE,התאמה מדויקת
DIMETHOATE,אפרסק,1.0,2013-06-30T00:00:00,,13,אפרסק,התאמה מדויקת,83,DIMETHOATE,התאמה מדויקת
DIMETHOATE,זית אירופאי,1.0,1996-01-01T00:00:00,,37,זית אירופאי,התאמה מדויקת,83,DIMETHOATE,התאמה מדויקת
DIMETHOATE,חבוש,0.5,2013-06-30T00:00:00,יתבטל,39,חבוש,התאמה מדויקת,83,DIMETHOATE,התאמה מדויקת
DIMETHOMORPH,קורנית,10.0,2012-11-21T00:00:00,,110,קורנית,התאמה מדויקת,84,DIMETHOMORPH,התאמה מדויקת
DIMETHOMORPH,ענבים,0.5,2014-02-16T00:00:00,,89,ענבים,התאמה מדויקת,84,DIMETHOMORPH,התאמה מדויקת
DIMETHOMORPH,מליסה,10.0,2012-11-21T00:00:00,,71,מליסה,התאמה מדויקת,84,DIMETHOMORPH,התאמה מדויקת
DIMETHOMORPH,תפוח אדמה,0.1,1999-01-01T00:00:00,,139,תפוח אדמה,התאמה מדויקת,84,DIMETHOMORPH,התאמה מדויקת
DIMETHOMORPH,צנונית,,2020-01-08T00:00:00,0.050,107,צנונית,התאמה מדויקת,84,DIMETHOMORPH,התאמה מדויקת
DIMETHOMORPH,כרפס/סלרי (שורש ועלים),10.0,2012-11-21T00:00:00,,62,כרפס/סלרי (שורש ועלים),התאמה מדויקת,84,DIMETHOMORPH,התאמה מדויקת
DIMETHOMORPH,כרוביים,0.2,2017-12-28T00:00:00,,60,כרוביים,התאמה מדויקת,84,DIMETHOMORPH,התאמה מדויקת
DIMETHOMORPH,כרוב,0.2,2011-11-16T00:00:00,,57,כרוב,התאמה מדויקת,84,DIMETHOMORPH,התאמה מדויקת
DIMETHOMORPH,ברוקולי,,2021-08-23T00:00:00,0.200,21,ברוקולי,התאמה מדויקת,84,DIMETHOMORPH,התאמה מדויקת
DIMETHOMORPH,כרובית,0.2,2011-11-16T00:00:00,,61,כרובית,התאמה מדויקת,84,DIMETHOMORPH,התאמה מדויקת
DIMETHOMORPH,מלון,1.0,2011-07-25T00:00:00,,70,מלון,התאמה מדויקת,84,DIMETHOMORPH,התאמה מדויקת
DIMETHOMORPH,מלפפון,0.1,1999-01-01T00:00:00,,72,מלפפון,התאמה מדויקת,84,DIMETHOMORPH,התאמה מדויקת
DIMETHOMORPH,דלעת,0.1,2013-01-15T00:00:00,,35,דלעת,התאמה מדויקת,84,DIMETHOMORPH,התאמה מדויקת
DIMETHOMORPH,קישוא,0.1,2010-06-21T00:00:00,,115,קישוא,התאמה מדויקת,84,DIMETHOMORPH,התאמה מדויקת
DIMETHOMORPH,סלק עלים,3.0,2014-03-19T00:00:00,,83,סלק עלים,התאמה מדויקת,84,DIMETHOMORPH,התאמה מדויקת
DIMETHOMORPH,כוסברה (גד השדה),10.0,2012-11-21T00:00:00,,55,כוסברה (גד השדה),התאמה מדויקת,84,DIMETHOMORPH,התאמה מדויקת
DIMETHOMORPH,חסה,3.0,2011-11-16T00:00:00,,46,חסה,התאמה מדויקת,84,DIMETHOMORPH,התאמה מדויקת
DIMETHOMORPH,תרד,3.0,2014-03-19T00:00:00,,141,תרד,התאמה מדויקת,84,DIMETHOMORPH,התאמה מדויקת
DIMETHOMORPH,עגבניה,0.5,2010-07-15T00:00:00,,84,עגבניה,התאמה מדויקת,84,DIMETHOMORPH,התאמה מדויקת
DIMETHOMORPH,בצל,0.7,2011-11-16T00:00:00,,17,בצל,התאמה מדויקת,84,DIMETHOMORPH,התאמה מדויקת
DIMETHOMORPH,ריחן מצוי / בזיל,10.0,2012-11-21T00:00:00,,120,ריחן מצוי / בזיל,התאמה מדויקת,84,DIMETHOMORPH,התאמה מדויקת
DIMETHOMORPH,שמיר (שבת),10.0,2012-11-21T00:00:00,,127,שמיר (שבת),התאמה מדויקת,84,DIMETHOMORPH,התאמה מדויקת
DIMETHOMORPH,מיורם,10.0,2012-11-21T00:00:00,,68,מיורם,התאמה מדויקת,84,DIMETHOMORPH,התאמה מדויקת
DIMETHOMORPH,מנטה,10.0,2012-11-21T00:00:00,,74,מנטה,התאמה מדויקת,84,DIMETHOMORPH,התאמה מדויקת
DIMETHOMORPH,פטרוסלינון (שורש ועלים),10.0,2012-11-21T00:00:00,,93,פטרוסלינון (שורש ועלים),התאמה מדויקת,84,DIMETHOMORPH,התאמה מדויקת
DIMETHOMORPH,רוזמרין,10.0,2012-11-21T00:00:00,,117,רוזמרין,התאמה מדויקת,84,DIMETHOMORPH,התאמה מדויקת
DIMETHOMORPH,מרווה,10.0,2012-11-18T00:00:00,,75,מרווה,התאמה מדויקת,84,DIMETHOMORPH,התאמה מדויקת
DIMETHOMORPH,טרגון,10.0,2012-11-21T00:00:00,,50,טרגון,התאמה מדויקת,84,DIMETHOMORPH,התאמה מדויקת
DIMETHOMORPH,רוקט (בן חרדל),3.0,2014-03-19T00:00:00,,119,רוקט (בן חרדל),התאמה מדויקת,84,DIMETHOMORPH,התאמה מדויקת
DIMETHOMORPH,רוקולה,3.0,2011-11-16T00:00:00,,118,רוקולה,התאמה מדויקת,84,DIMETHOMORPH,התאמה מדויקת
DIMETHOMORPH,מיזונה (כרוב רפה),3.0,2014-03-19T00:00:00,,69,מיזונה (כרוב רפה),התאמה מדויקת,84,DIMETHOMORPH,התאמה מדויקת
DIMETHOMORPH,בצל ירוק,10.0,2012-11-21T00:00:00,,18,בצל ירוק,התאמה מדויקת,84,DIMETHOMORPH,התאמה מדויקת
DIMETHOMORPH,עלי טטסוי,3.0,2014-03-19T00:00:00,,87,עלי טטסוי,התאמה מדויקת,84,DIMETHOMORPH,התאמה מדויקת
DIMETHYL DISULFIDE,מלון,0.01,2010-07-11T00:00:00,,70,מלון,התאמה מדויקת,85,DIMETHYL DISULFIDE,התאמה מדויקת
DIMETHYL DISULFIDE,מלפפון,0.01,2010-07-11T00:00:00,,72,מלפפון,התאמה מדויקת,85,DIMETHYL DISULFIDE,התאמה מדויקת
DIMETHYL DISULFIDE,פלפל,0.01,2010-07-11T00:00:00,,99,פלפל,התאמה מדויקת,85,DIMETHYL DISULFIDE,התאמה מדויקת
DIMETHYL DISULFIDE,חציל,0.01,2010-07-11T00:00:00,,47,חציל,התאמה מדויקת,85,DIMETHYL DISULFIDE,התאמה מדויקת
DIMETHYL DISULFIDE,עגבניה,0.01,2010-07-11T00:00:00,,84,עגבניה,התאמה מדויקת,85,DIMETHYL DISULFIDE,התאמה מדויקת
DIMETHYL DISULFIDE,ריחן מצוי / בזיל,0.01,2010-07-11T00:00:00,,120,ריחן מצוי / בזיל,התאמה מדויקת,85,DIMETHYL DISULFIDE,התאמה מדויקת
DIMETHYL DISULFIDE,עירית בצלית,0.01,2010-07-11T00:00:00,,85,עירית בצלית,התאמה מדויקת,85,DIMETHYL DISULFIDE,התאמה מדויקת
DINICONAZOLE-M,שקד,0.05,1996-01-01T00:00:00,יתבטל,131,שקד,התאמה מדויקת,86,DINICONAZOLE-M,התאמה מדויקת
DINICONAZOLE-M,מנגו,0.05,1996-01-01T00:00:00,יתבטל,73,מנגו,התאמה מדויקת,86,DINICONAZOLE-M,התאמה מדויקת
DINICONAZOLE-M,תפוח עץ,0.05,1996-01-01T00:00:00,יתבטל,140,תפוח עץ,התאמה מדויקת,86,DINICONAZOLE-M,התאמה מדויקת
DINICONAZOLE-M,אגס,0.05,1996-01-01T00:00:00,יתבטל,4,אגס,התאמה מדויקת,86,DINICONAZOLE-M,התאמה מדויקת
DINICONAZOLE-M,שזיף,0.05,1996-01-01T00:00:00,יתבטל,126,שזיף,התאמה מדויקת,86,DINICONAZOLE-M,התאמה מדויקת
DINICONAZOLE-M,משמש,0.05,1996-01-01T00:00:00,יתבטל,76,משמש,התאמה מדויקת,86,DINICONAZOLE-M,התאמה מדויקת
DINICONAZOLE-M,נקטרינה,0.05,2004-07-13T00:00:00,יתבטל,77,נקטרינה,התאמה מדויקת,86,DINICONAZOLE-M,התאמה מדויקת
DINICONAZOLE-M,אפרסק,0.05,1996-01-01T00:00:00,יתבטל,13,אפרסק,התאמה מדויקת,86,DINICONAZOLE-M,התאמה מדויקת
DINOCAP,ענבים,0.05,1999-01-01T00:00:00,יתבטל,89,ענבים,התאמה מדויקת,87,DINOCAP,התאמה מדויקת
DINOCAP,מלון,0.05,1999-01-01T00:00:00,יתבטל,70,מלון,התאמה מדויקת,87,DINOCAP,התאמה מדויקת
DINOCAP,מלפפון,0.05,1999-01-01T00:00:00,יתבטל,72,מלפפון,התאמה מדויקת,87,DINOCAP,התאמה מדויקת
DINOCAP,קישוא,0.05,1999-01-01T00:00:00,יתבטל,115,קישוא,התאמה מדויקת,87,DINOCAP,התאמה מדויקת
DINOCAP,אבטיח,0.05,1999-01-01T00:00:00,יתבטל,2,אבטיח,התאמה מדויקת,87,DINOCAP,התאמה מדויקת
DINOCAP,פלפל,0.05,2005-09-07T00:00:00,יתבטל,99,פלפל,התאמה מדויקת,87,DINOCAP,התאמה מדויקת
DINOCAP,חציל,0.05,2005-09-07T00:00:00,יתבטל,47,חציל,התאמה מדויקת,87,DINOCAP,התאמה מדויקת
DINOCAP,עגבניה,0.05,2003-03-23T00:00:00,יתבטל,84,עגבניה,התאמה מדויקת,87,DINOCAP,התאמה מדויקת
DINOCAP,מנגו,0.05,1999-01-01T00:00:00,יתבטל,73,מנגו,התאמה מדויקת,87,DINOCAP,התאמה מדויקת
DINOCAP,תפוח עץ,0.05,1999-01-01T00:00:00,יתבטל,140,תפוח עץ,התאמה מדויקת,87,DINOCAP,התאמה מדויקת
DINOCAP,אגס,0.05,2013-01-15T00:00:00,יתבטל,4,אגס,התאמה מדויקת,87,DINOCAP,התאמה מדויקת
DINOCAP,שזיף,0.05,2006-01-11T00:00:00,יתבטל,126,שזיף,התאמה מדויקת,87,DINOCAP,התאמה מדויקת
DINOCAP,משמש,0.05,2013-01-15T00:00:00,יתבטל,76,משמש,התאמה מדויקת,87,DINOCAP,התאמה מדויקת
DINOCAP,נקטרינה,0.05,2004-07-13T00:00:00,יתבטל,77,נקטרינה,התאמה מדויקת,87,DINOCAP,התאמה מדויקת
DINOCAP,אפרסק,0.05,2001-07-15T00:00:00,יתבטל,13,אפרסק,התאמה מדויקת,87,DINOCAP,התאמה מדויקת
DINOTEFURAN,קורנית,3.0,2011-12-19T00:00:00,,110,קורנית,התאמה מדויקת,88,DINOTEFURAN,התאמה מדויקת
DINOTEFURAN,ענבים,0.1,2008-03-25T00:00:00,0.500,89,ענבים,התאמה מדויקת,88,DINOTEFURAN,התאמה מדויקת
DINOTEFURAN,תות שדה לפרי,0.2,2006-10-29T00:00:00,,133,תות שדה לפרי,התאמה מדויקת,88,DINOTEFURAN,התאמה מדויקת
DINOTEFURAN,כרפס/סלרי (שורש ועלים),,2021-06-08T00:00:00,0.900,62,כרפס/סלרי (שורש ועלים),התאמה מדויקת,88,DINOTEFURAN,התאמה מדויקת
DINOTEFURAN,כרוב,0.05,2011-09-25T00:00:00,,57,כרוב,התאמה מדויקת,88,DINOTEFURAN,התאמה מדויקת
DINOTEFURAN,ברוקולי,0.05,2011-07-25T00:00:00,,21,ברוקולי,התאמה מדויקת,88,DINOTEFURAN,התאמה מדויקת
DINOTEFURAN,כרובית,0.05,2011-09-25T00:00:00,,61,כרובית,התאמה מדויקת,88,DINOTEFURAN,התאמה מדויקת
DINOTEFURAN,מלון,0.02,2005-10-31T00:00:00,,70,מלון,התאמה מדויקת,88,DINOTEFURAN,התאמה מדויקת
DINOTEFURAN,מלפפון,0.1,2006-04-03T00:00:00,,72,מלפפון,התאמה מדויקת,88,DINOTEFURAN,התאמה מדויקת
DINOTEFURAN,קישוא,0.1,2005-12-12T00:00:00,,115,קישוא,התאמה מדויקת,88,DINOTEFURAN,התאמה מדויקת
DINOTEFURAN,אבטיח,0.01,2008-03-25T00:00:00,,2,אבטיח,התאמה מדויקת,88,DINOTEFURAN,התאמה מדויקת
DINOTEFURAN,כוסברה (גד השדה),3.0,2011-12-19T00:00:00,,55,כוסברה (גד השדה),התאמה מדויקת,88,DINOTEFURAN,התאמה מדויקת
DINOTEFURAN,חסה,0.05,2011-09-25T00:00:00,,46,חסה,התאמה מדויקת,88,DINOTEFURAN,התאמה מדויקת
DINOTEFURAN,פלפל,0.05,2007-04-22T00:00:00,,99,פלפל,התאמה מדויקת,88,DINOTEFURAN,התאמה מדויקת
DINOTEFURAN,חציל,0.02,2003-11-03T00:00:00,,47,חציל,התאמה מדויקת,88,DINOTEFURAN,התאמה מדויקת
DINOTEFURAN,עגבניה,0.05,2007-04-22T00:00:00,,84,עגבניה,התאמה מדויקת,88,DINOTEFURAN,התאמה מדויקת
DINOTEFURAN,גזר,0.15,2010-08-04T00:00:00,,28,גזר,התאמה מדויקת,88,DINOTEFURAN,התאמה מדויקת
DINOTEFURAN,כותנה,0.05,2003-05-04T00:00:00,,56,כותנה,התאמה מדויקת,88,DINOTEFURAN,התאמה מדויקת
DINOTEFURAN,שקד,0.5,2011-11-16T00:00:00,,131,שקד,התאמה מדויקת,88,DINOTEFURAN,התאמה מדויקת
DINOTEFURAN,שזיף,0.05,2013-01-15T00:00:00,,126,שזיף,התאמה מדויקת,88,DINOTEFURAN,התאמה מדויקת
DINOTEFURAN,משמש,0.05,2007-04-22T00:00:00,0.300,76,משמש,התאמה מדויקת,88,DINOTEFURAN,התאמה מדויקת
DINOTEFURAN,דובדבן,0.05,2013-01-15T00:00:00,,31,דובדבן,התאמה מדויקת,88,DINOTEFURAN,התאמה מדויקת
DINOTEFURAN,נקטרינה,0.05,2007-04-22T00:00:00,0.300,77,נקטרינה,התאמה מדויקת,88,DINOTEFURAN,התאמה מדויקת
DINOTEFURAN,אפרסק,0.05,2007-04-22T00:00:00,0.300,13,אפרסק,התאמה מדויקת,88,DINOTEFURAN,התאמה מדויקת
DINOTEFURAN,ריחן מצוי / בזיל,3.0,2011-12-19T00:00:00,,120,ריחן מצוי / בזיל,התאמה מדויקת,88,DINOTEFURAN,התאמה מדויקת
DINOTEFURAN,עירית בצלית,3.0,2011-12-19T00:00:00,,85,עירית בצלית,התאמה מדויקת,88,DINOTEFURAN,התאמה מדויקת
DINOTEFURAN,שמיר (שבת),3.0,2011-12-19T00:00:00,,127,שמיר (שבת),התאמה מדויקת,88,DINOTEFURAN,התאמה מדויקת
DINOTEFURAN,מנטה,3.0,2011-12-19T00:00:00,,74,מנטה,התאמה מדויקת,88,DINOTEFURAN,התאמה מדויקת
DINOTEFURAN,פטרוסלינון (שורש ועלים),3.0,2011-12-19T00:00:00,,93,פטרוסלינון (שורש ועלים),התאמה מדויקת,88,DINOTEFURAN,התאמה מדויקת
DINOTEFURAN,רוזמרין,3.0,2011-12-19T00:00:00,,117,רוזמרין,התאמה מדויקת,88,DINOTEFURAN,התאמה מדויקת
DINOTEFURAN,מרווה,3.0,2011-12-19T00:00:00,,75,מרווה,התאמה מדויקת,88,DINOTEFURAN,התאמה מדויקת
DINOTEFURAN,טרגון,3.0,2011-12-19T00:00:00,,50,טרגון,התאמה מדויקת,88,DINOTEFURAN,התאמה מדויקת
DINOTEFURAN,רוקט (בן חרדל),,2019-04-19T00:00:00,3.000,119,רוקט (בן חרדל),התאמה מדויקת,88,DINOTEFURAN,התאמה מדויקת
DINOTEFURAN,רוקולה,3.0,2011-12-19T00:00:00,,118,רוקולה,התאמה מדויקת,88,DINOTEFURAN,התאמה מדויקת
DIPHENYLAMINE,תפוח עץ,5.0,1996-01-01T00:00:00,,140,תפוח עץ,התאמה מדויקת,89,DIPHENYLAMINE,התאמה מדויקת
DIQUAT,אספסת,0.1,1999-01-01T00:00:00,,8,אספסת,התאמה מדויקת,90,DIQUAT,התאמה מדויקת
DIQUAT,פירות,0.05,1999-01-02T00:00:00,,95,פירות,התאמה מדויקת,90,DIQUAT,התאמה מדויקת
DIQUAT,תפוח אדמה,0.05,2005-09-07T00:00:00,,139,תפוח אדמה,התאמה מדויקת,90,DIQUAT,התאמה מדויקת
DIQUAT,כותנה,0.02,1999-01-02T00:00:00,,56,כותנה,התאמה מדויקת,90,DIQUAT,התאמה מדויקת
DIQUAT,חמנית מצויה,0.5,1999-01-02T00:00:00,,45,חמנית מצויה,התאמה מדויקת,90,DIQUAT,התאמה מדויקת
DIQUAT,דגניים,0.1,1999-01-01T00:00:00,,30,דגניים,התאמה מדויקת,90,DIQUAT,התאמה מדויקת
DITHIANON,ענבים,,2018-07-03T00:00:00,2.500,89,ענבים,התאמה מדויקת,91,DITHIANON,התאמה מדויקת
DITHIANON,בצל,,2022-01-13T00:00:00,0.050,17,בצל,התאמה מדויקת,91,DITHIANON,התאמה מדויקת
DITHIANON,שקד,0.05,2015-12-01T00:00:00,,131,שקד,התאמה מדויקת,91,DITHIANON,התאמה מדויקת
DITHIANON,שום,,2022-01-13T00:00:00,0.050,123,שום,התאמה מדויקת,91,DITHIANON,התאמה מדויקת
DITHIANON,תפוח עץ,1.0,2015-12-01T00:00:00,,140,תפוח עץ,התאמה מדויקת,91,DITHIANON,התאמה מדויקת
DITHIANON,אגס,2.0,2015-12-01T00:00:00,,4,אגס,התאמה מדויקת,91,DITHIANON,התאמה מדויקת
DITHIANON,משמש,1.0,2015-12-01T00:00:00,,76,משמש,התאמה מדויקת,91,DITHIANON,התאמה מדויקת
DITHIANON,נקטרינה,,2022-01-13T00:00:00,0.100,77,נקטרינה,התאמה מדויקת,91,DITHIANON,התאמה מדויקת
DITHIANON,אפרסק,1.0,2015-12-01T00:00:00,,13,אפרסק,התאמה מדויקת,91,DITHIANON,התאמה מדויקת
DITHIOCARBAMATES,קורנית,5.0,2013-01-15T00:00:00,,110,קורנית,התאמה מדויקת,92,DITHIOCARBAMATES,התאמה מדויקת
DITHIOCARBAMATES,ענבים,5.0,1996-01-01T00:00:00,,89,ענבים,התאמה מדויקת,92,DITHIOCARBAMATES,התאמה מדויקת
DITHIOCARBAMATES,תות שדה לפרי,3.0,1996-01-01T00:00:00,,133,תות שדה לפרי,התאמה מדויקת,92,DITHIOCARBAMATES,התאמה מדויקת
DITHIOCARBAMATES,פרי הדר,1.0,1996-01-01T00:00:00,,103,פרי הדר,התאמה מדויקת,92,DITHIOCARBAMATES,התאמה מדויקת
DITHIOCARBAMATES,מליסה,5.0,2013-01-15T00:00:00,,71,מליסה,התאמה מדויקת,92,DITHIOCARBAMATES,התאמה מדויקת
DITHIOCARBAMATES,תפוח אדמה,0.2,1996-01-01T00:00:00,,139,תפוח אדמה,התאמה מדויקת,92,DITHIOCARBAMATES,התאמה מדויקת
DITHIOCARBAMATES,צנונית,0.5,1996-01-01T00:00:00,,107,צנונית,התאמה מדויקת,92,DITHIOCARBAMATES,התאמה מדויקת
DITHIOCARBAMATES,כרפס/סלרי (שורש ועלים),5.0,1996-01-01T00:00:00,,62,כרפס/סלרי (שורש ועלים),התאמה מדויקת,92,DITHIOCARBAMATES,התאמה מדויקת
DITHIOCARBAMATES,כרוביים,5.0,2005-09-07T00:00:00,,60,כרוביים,התאמה מדויקת,92,DITHIOCARBAMATES,התאמה מדויקת
DITHIOCARBAMATES,כרוב,5.0,1996-01-01T00:00:00,,57,כרוב,התאמה מדויקת,92,DITHIOCARBAMATES,התאמה מדויקת
DITHIOCARBAMATES,כרובית,5.0,1996-01-01T00:00:00,,61,כרובית,התאמה מדויקת,92,DITHIOCARBAMATES,התאמה מדויקת
DITHIOCARBAMATES,מלון,0.5,1996-01-01T00:00:00,,70,מלון,התאמה מדויקת,92,DITHIOCARBAMATES,התאמה מדויקת
DITHIOCARBAMATES,מלפפון,1.0,2005-12-07T00:00:00,,72,מלפפון,התאמה מדויקת,92,DITHIOCARBAMATES,התאמה מדויקת
DITHIOCARBAMATES,קישוא,1.0,2013-01-15T00:00:00,,115,קישוא,התאמה מדויקת,92,DITHIOCARBAMATES,התאמה מדויקת
DITHIOCARBAMATES,חימצה (חומוס),0.5,1996-01-01T00:00:00,,43,חימצה (חומוס),התאמה מדויקת,92,DITHIOCARBAMATES,התאמה מדויקת
DITHIOCARBAMATES,סלק עלים,5.0,2014-03-19T00:00:00,,83,סלק עלים,התאמה מדויקת,92,DITHIOCARBAMATES,התאמה מדויקת
DITHIOCARBAMATES,כוסברה (גד השדה),5.0,2013-01-15T00:00:00,,55,כוסברה (גד השדה),התאמה מדויקת,92,DITHIOCARBAMATES,התאמה מדויקת
DITHIOCARBAMATES,כרוב סיני,5.0,1996-01-01T00:00:00,,59,כרוב סיני,התאמה מדויקת,92,DITHIOCARBAMATES,התאמה מדויקת
DITHIOCARBAMATES,חסה,5.0,1996-01-01T00:00:00,,46,חסה,התאמה מדויקת,92,DITHIOCARBAMATES,התאמה מדויקת
DITHIOCARBAMATES,תרד,5.0,2014-03-19T00:00:00,,141,תרד,התאמה מדויקת,92,DITHIOCARBAMATES,התאמה מדויקת
DITHIOCARBAMATES,פלפל,1.0,1996-01-01T00:00:00,,99,פלפל,התאמה מדויקת,92,DITHIOCARBAMATES,התאמה מדויקת
DITHIOCARBAMATES,חציל,3.0,1996-01-01T00:00:00,,47,חציל,התאמה מדויקת,92,DITHIOCARBAMATES,התאמה מדויקת
DITHIOCARBAMATES,עגבניה,5.0,1996-01-01T00:00:00,,84,עגבניה,התאמה מדויקת,92,DITHIOCARBAMATES,התאמה מדויקת
DITHIOCARBAMATES,אפון,0.5,2005-09-07T00:00:00,,10,אפון,התאמה מדויקת,92,DITHIOCARBAMATES,התאמה מדויקת
DITHIOCARBAMATES,פול,0.5,1996-01-01T00:00:00,,92,פול,התאמה מדויקת,92,DITHIOCARBAMATES,התאמה מדויקת
DITHIOCARBAMATES,שעועית ירוקה,0.5,1996-01-01T00:00:00,,129,שעועית ירוקה,התאמה מדויקת,92,DITHIOCARBAMATES,התאמה מדויקת
DITHIOCARBAMATES,סלק אדום (שורש ועלים),0.5,2005-09-07T00:00:00,,80,סלק אדום (שורש ועלים),התאמה מדויקת,92,DITHIOCARBAMATES,התאמה מדויקת
DITHIOCARBAMATES,גזר,0.5,1996-01-01T00:00:00,,28,גזר,התאמה מדויקת,92,DITHIOCARBAMATES,התאמה מדויקת
DITHIOCARBAMATES,בצל,0.5,1996-01-01T00:00:00,,17,בצל,התאמה מדויקת,92,DITHIOCARBAMATES,התאמה מדויקת
DITHIOCARBAMATES,בשר עוף,0.05,2013-01-15T00:00:00,,23,בשר עוף,התאמה מדויקת,92,DITHIOCARBAMATES,התאמה מדויקת
DITHIOCARBAMATES,כותנה,2.0,1996-01-01T00:00:00,,56,כותנה,התאמה מדויקת,92,DITHIOCARBAMATES,התאמה מדויקת
DITHIOCARBAMATES,אגוז אדמה,0.1,1996-01-01T00:00:00,,3,אגוז אדמה,התאמה מדויקת,92,DITHIOCARBAMATES,התאמה מדויקת
DITHIOCARBAMATES,שקד,0.1,1996-01-01T00:00:00,,131,שקד,התאמה מדויקת,92,DITHIOCARBAMATES,התאמה מדויקת
DITHIOCARBAMATES,שום,0.5,1996-01-01T00:00:00,,123,שום,התאמה מדויקת,92,DITHIOCARBAMATES,התאמה מדויקת
DITHIOCARBAMATES,לוף (כרתי/כרש/כרשה),0.5,1996-01-01T00:00:00,,65,לוף (כרתי/כרש/כרשה),התאמה מדויקת,92,DITHIOCARBAMATES,התאמה מדויקת
DITHIOCARBAMATES,בננה,2.0,2013-01-15T00:00:00,,16,בננה,התאמה מדויקת,92,DITHIOCARBAMATES,התאמה מדויקת
DITHIOCARBAMATES,רימון,0.05,2009-05-05T00:00:00,,121,רימון,התאמה מדויקת,92,DITHIOCARBAMATES,התאמה מדויקת
DITHIOCARBAMATES,תפוח עץ,3.0,1996-01-01T00:00:00,,140,תפוח עץ,התאמה מדויקת,92,DITHIOCARBAMATES,התאמה מדויקת
DITHIOCARBAMATES,חבוש,3.0,1996-01-01T00:00:00,,39,חבוש,התאמה מדויקת,92,DITHIOCARBAMATES,התאמה מדויקת
DITHIOCARBAMATES,שזיף,3.0,2005-09-07T00:00:00,,126,שזיף,התאמה מדויקת,92,DITHIOCARBAMATES,התאמה מדויקת
DITHIOCARBAMATES,משמש,3.0,1996-01-01T00:00:00,,76,משמש,התאמה מדויקת,92,DITHIOCARBAMATES,התאמה מדויקת
DITHIOCARBAMATES,נקטרינה,3.0,1996-01-01T00:00:00,,77,נקטרינה,התאמה מדויקת,92,DITHIOCARBAMATES,התאמה מדויקת
DITHIOCARBAMATES,אפרסק,3.0,1996-01-01T00:00:00,,13,אפרסק,התאמה מדויקת,92,DITHIOCARBAMATES,התאמה מדויקת
DITHIOCARBAMATES,זית אירופאי,3.0,2005-09-07T00:00:00,,37,זית אירופאי,התאמה מדויקת,92,DITHIOCARBAMATES,התאמה מדויקת
DITHIOCARBAMATES,שעורה תרבותית,1.0,2013-01-15T00:00:00,,130,שעורה תרבותית,התאמה מדויקת,92,DITHIOCARBAMATES,התאמה מדויקת
DITHIOCARBAMATES,תירס,2.0,2005-09-07T00:00:00,,134,תירס,התאמה מדויקת,92,DITHIOCARBAMATES,התאמה מדויקת
DITHIOCARBAMATES,חיטה,1.0,1996-01-01T00:00:00,,42,חיטה,התאמה מדויקת,92,DITHIOCARBAMATES,התאמה מדויקת
DITHIOCARBAMATES,ריחן מצוי / בזיל,5.0,2013-01-15T00:00:00,,120,ריחן מצוי / בזיל,התאמה מדויקת,92,DITHIOCARBAMATES,התאמה מדויקת
DITHIOCARBAMATES,עירית בצלית,1.0,2005-09-07T00:00:00,,85,עירית בצלית,התאמה מדויקת,92,DITHIOCARBAMATES,התאמה מדויקת
DITHIOCARBAMATES,שמיר (שבת),5.0,2013-01-15T00:00:00,,127,שמיר (שבת),התאמה מדויקת,92,DITHIOCARBAMATES,התאמה מדויקת
DITHIOCARBAMATES,מיורם,5.0,2013-01-15T00:00:00,,68,מיורם,התאמה מדויקת,92,DITHIOCARBAMATES,התאמה מדויקת
DITHIOCARBAMATES,מנטה,5.0,2013-01-15T00:00:00,,74,מנטה,התאמה מדויקת,92,DITHIOCARBAMATES,התאמה מדויקת
DITHIOCARBAMATES,פטרוסלינון (שורש ועלים),5.0,2013-01-15T00:00:00,,93,פטרוסלינון (שורש ועלים),התאמה מדויקת,92,DITHIOCARBAMATES,התאמה מדויקת
DITHIOCARBAMATES,רוזמרין,5.0,2013-01-15T00:00:00,,117,רוזמרין,התאמה מדויקת,92,DITHIOCARBAMATES,התאמה מדויקת
DITHIOCARBAMATES,מרווה,5.0,2013-01-15T00:00:00,,75,מרווה,התאמה מדויקת,92,DITHIOCARBAMATES,התאמה מדויקת
DITHIOCARBAMATES,טרגון,5.0,2013-01-15T00:00:00,,50,טרגון,התאמה מדויקת,92,DITHIOCARBAMATES,התאמה מדויקת
DITHIOCARBAMATES,רוקט (בן חרדל),5.0,2014-03-19T00:00:00,,119,רוקט (בן חרדל),התאמה מדויקת,92,DITHIOCARBAMATES,התאמה מדויקת
DITHIOCARBAMATES,רוקולה,5.0,2013-01-15T00:00:00,,118,רוקולה,התאמה מדויקת,92,DITHIOCARBAMATES,התאמה מדויקת
DITHIOCARBAMATES,"בשר עוף, חלקי פנים",0.05,2013-01-15T00:00:00,,24,"בשר עוף, חלקי פנים",התאמה מדויקת,92,DITHIOCARBAMATES,התאמה מדויקת
DITHIOCARBAMATES,מיזונה (כרוב רפה),5.0,2014-03-19T00:00:00,,69,מיזונה (כרוב רפה),התאמה מדויקת,92,DITHIOCARBAMATES,התאמה מדויקת
DITHIOCARBAMATES,בצל ירוק,5.0,2013-01-15T00:00:00,,18,בצל ירוק,התאמה מדויקת,92,DITHIOCARBAMATES,התאמה מדויקת
DITHIOCARBAMATES,עלי טטסוי,5.0,2014-03-19T00:00:00,,87,עלי טטסוי,התאמה מדויקת,92,DITHIOCARBAMATES,התאמה מדויקת
DIURON,ענבים,0.1,2013-01-15T00:00:00,,89,ענבים,התאמה מדויקת,93,DIURON,התאמה מדויקת
DIURON,פרי הדר,0.1,2013-01-15T00:00:00,,103,פרי הדר,התאמה מדויקת,93,DIURON,התאמה מדויקת
DIURON,קינרס (ארטישוק),0.1,2013-01-15T00:00:00,,114,קינרס (ארטישוק),התאמה מדויקת,93,DIURON,התאמה מדויקת
DIURON,כותנה,0.1,2013-01-15T00:00:00,,56,כותנה,התאמה מדויקת,93,DIURON,התאמה מדויקת
DIURON,שקד,0.1,2013-01-15T00:00:00,,131,שקד,התאמה מדויקת,93,DIURON,התאמה מדויקת
DIURON,פקאן תרבותי,0.1,2013-01-15T00:00:00,,102,פקאן תרבותי,התאמה מדויקת,93,DIURON,התאמה מדויקת
DIURON,אבוקדו,0.1,2013-01-15T00:00:00,,1,אבוקדו,התאמה מדויקת,93,DIURON,התאמה מדויקת
DIURON,פיג'ואה,0.1,2013-01-15T00:00:00,,94,פיג'ואה,התאמה מדויקת,93,DIURON,התאמה מדויקת
DIURON,קיווי,0.1,2013-01-15T00:00:00,,112,קיווי,התאמה מדויקת,93,DIURON,התאמה מדויקת
DIURON,מנגו,0.1,2013-01-15T00:00:00,,73,מנגו,התאמה מדויקת,93,DIURON,התאמה מדויקת
DIURON,אפרסמון,0.1,2013-01-15T00:00:00,,12,אפרסמון,התאמה מדויקת,93,DIURON,התאמה מדויקת
DIURON,רימון,0.1,2013-01-15T00:00:00,,121,רימון,התאמה מדויקת,93,DIURON,התאמה מדויקת
DIURON,תפוח עץ,0.1,2013-01-15T00:00:00,,140,תפוח עץ,התאמה מדויקת,93,DIURON,התאמה מדויקת
DIURON,שסק,0.1,2013-01-15T00:00:00,,128,שסק,התאמה מדויקת,93,DIURON,התאמה מדויקת
DIURON,אגס,0.1,2013-01-15T00:00:00,,4,אגס,התאמה מדויקת,93,DIURON,התאמה מדויקת
DIURON,שזיף,0.1,2013-01-15T00:00:00,,126,שזיף,התאמה מדויקת,93,DIURON,התאמה מדויקת
DIURON,דובדבן,0.1,2013-01-15T00:00:00,,31,דובדבן,התאמה מדויקת,93,DIURON,התאמה מדויקת
DIURON,נקטרינה,0.1,2013-01-15T00:00:00,,77,נקטרינה,התאמה מדויקת,93,DIURON,התאמה מדויקת
DIURON,אפרסק,0.1,2013-01-15T00:00:00,,13,אפרסק,התאמה מדויקת,93,DIURON,התאמה מדויקת
DIURON,תמר,0.1,2013-01-15T00:00:00,,138,תמר,התאמה מדויקת,93,DIURON,התאמה מדויקת
DIURON,זית אירופאי,0.1,2013-01-15T00:00:00,,37,זית אירופאי,התאמה מדויקת,93,DIURON,התאמה מדויקת
DIURON,גויאבה,0.1,2013-01-15T00:00:00,,27,גויאבה,התאמה מדויקת,93,DIURON,התאמה מדויקת
DIURON,אנונה,0.1,2013-01-15T00:00:00,,7,אנונה,התאמה מדויקת,93,DIURON,התאמה מדויקת
DODINE,תפוח עץ,0.3,2016-05-29T00:00:00,,140,תפוח עץ,התאמה מדויקת,94,DODINE,התאמה מדויקת
DODINE,דובדבן,,2023-03-15T00:00:00,0.600,31,דובדבן,התאמה מדויקת,94,DODINE,התאמה מדויקת
DODINE,זית אירופאי,,2021-10-21T00:00:00,3.500,37,זית אירופאי,התאמה מדויקת,94,DODINE,התאמה מדויקת
EMAMECTIN BENZOATE,קורנית,0.1,2010-01-18T00:00:00,,110,קורנית,התאמה מדויקת,95,EMAMECTIN BENZOATE,התאמה מדויקת
EMAMECTIN BENZOATE,ענבים,0.3,2013-05-19T00:00:00,,89,ענבים,התאמה מדויקת,95,EMAMECTIN BENZOATE,התאמה מדויקת
EMAMECTIN BENZOATE,תות שדה לפרי,0.01,2011-07-25T00:00:00,,133,תות שדה לפרי,התאמה מדויקת,95,EMAMECTIN BENZOATE,התאמה מדויקת
EMAMECTIN BENZOATE,תפוח אדמה,0.01,2000-10-15T00:00:00,,139,תפוח אדמה,התאמה מדויקת,95,EMAMECTIN BENZOATE,התאמה מדויקת
EMAMECTIN BENZOATE,כרפס/סלרי (שורש ועלים),0.01,1999-01-01T00:00:00,,62,כרפס/סלרי (שורש ועלים),התאמה מדויקת,95,EMAMECTIN BENZOATE,התאמה מדויקת
EMAMECTIN BENZOATE,כרוב,0.01,1999-01-01T00:00:00,,57,כרוב,התאמה מדויקת,95,EMAMECTIN BENZOATE,התאמה מדויקת
EMAMECTIN BENZOATE,ברוקולי,0.01,2012-08-26T00:00:00,,21,ברוקולי,התאמה מדויקת,95,EMAMECTIN BENZOATE,התאמה מדויקת
EMAMECTIN BENZOATE,כרובית,0.01,1999-01-01T00:00:00,,61,כרובית,התאמה מדויקת,95,EMAMECTIN BENZOATE,התאמה מדויקת
EMAMECTIN BENZOATE,קולרבי,0.01,2015-11-12T00:00:00,,108,קולרבי,התאמה מדויקת,95,EMAMECTIN BENZOATE,התאמה מדויקת
EMAMECTIN BENZOATE,סלק עלים,0.1,2014-03-19T00:00:00,,83,סלק עלים,התאמה מדויקת,95,EMAMECTIN BENZOATE,התאמה מדויקת
EMAMECTIN BENZOATE,כוסברה (גד השדה),0.1,2010-01-18T00:00:00,,55,כוסברה (גד השדה),התאמה מדויקת,95,EMAMECTIN BENZOATE,התאמה מדויקת
EMAMECTIN BENZOATE,חסה,0.1,1999-01-01T00:00:00,,46,חסה,התאמה מדויקת,95,EMAMECTIN BENZOATE,התאמה מדויקת
EMAMECTIN BENZOATE,תרד,0.1,2014-03-19T00:00:00,,141,תרד,התאמה מדויקת,95,EMAMECTIN BENZOATE,התאמה מדויקת
EMAMECTIN BENZOATE,פלפל,0.01,2005-09-07T00:00:00,,99,פלפל,התאמה מדויקת,95,EMAMECTIN BENZOATE,התאמה מדויקת
EMAMECTIN BENZOATE,חציל,0.01,2013-05-19T00:00:00,,47,חציל,התאמה מדויקת,95,EMAMECTIN BENZOATE,התאמה מדויקת
EMAMECTIN BENZOATE,תירס מתוק,0.01,1999-01-01T00:00:00,,136,תירס מתוק,התאמה מדויקת,95,EMAMECTIN BENZOATE,התאמה מדויקת
EMAMECTIN BENZOATE,עגבניה,0.01,1999-01-01T00:00:00,,84,עגבניה,התאמה מדויקת,95,EMAMECTIN BENZOATE,התאמה מדויקת
EMAMECTIN BENZOATE,שעועית ירוקה,,2011-07-24T00:00:00,0.010,129,שעועית ירוקה,התאמה מדויקת,95,EMAMECTIN BENZOATE,התאמה מדויקת
EMAMECTIN BENZOATE,בטטה,0.01,2012-08-26T00:00:00,,14,בטטה,התאמה מדויקת,95,EMAMECTIN BENZOATE,התאמה מדויקת
EMAMECTIN BENZOATE,גזר,0.01,2012-08-26T00:00:00,,28,גזר,התאמה מדויקת,95,EMAMECTIN BENZOATE,התאמה מדויקת
EMAMECTIN BENZOATE,כותנה,0.01,2005-09-07T00:00:00,,56,כותנה,התאמה מדויקת,95,EMAMECTIN BENZOATE,התאמה מדויקת
EMAMECTIN BENZOATE,שקד,0.01,2016-07-28T00:00:00,,131,שקד,התאמה מדויקת,95,EMAMECTIN BENZOATE,התאמה מדויקת
EMAMECTIN BENZOATE,רימון,0.01,2013-05-19T00:00:00,,121,רימון,התאמה מדויקת,95,EMAMECTIN BENZOATE,התאמה מדויקת
EMAMECTIN BENZOATE,תפוח עץ,0.02,2012-08-26T00:00:00,,140,תפוח עץ,התאמה מדויקת,95,EMAMECTIN BENZOATE,התאמה מדויקת
EMAMECTIN BENZOATE,אגס,0.02,2012-08-26T00:00:00,,4,אגס,התאמה מדויקת,95,EMAMECTIN BENZOATE,התאמה מדויקת
EMAMECTIN BENZOATE,חבוש,0.2,2016-05-11T00:00:00,,39,חבוש,התאמה מדויקת,95,EMAMECTIN BENZOATE,התאמה מדויקת
EMAMECTIN BENZOATE,שזיף,0.01,2016-07-28T00:00:00,,126,שזיף,התאמה מדויקת,95,EMAMECTIN BENZOATE,התאמה מדויקת
EMAMECTIN BENZOATE,משמש,0.01,2007-05-06T00:00:00,,76,משמש,התאמה מדויקת,95,EMAMECTIN BENZOATE,התאמה מדויקת
EMAMECTIN BENZOATE,נקטרינה,0.01,2005-09-07T00:00:00,,77,נקטרינה,התאמה מדויקת,95,EMAMECTIN BENZOATE,התאמה מדויקת
EMAMECTIN BENZOATE,אפרסק,0.01,2016-07-28T00:00:00,,13,אפרסק,התאמה מדויקת,95,EMAMECTIN BENZOATE,התאמה מדויקת
EMAMECTIN BENZOATE,ריחן מצוי / בזיל,0.1,2005-10-30T00:00:00,,120,ריחן מצוי / בזיל,התאמה מדויקת,95,EMAMECTIN BENZOATE,התאמה מדויקת
EMAMECTIN BENZOATE,עירית בצלית,0.1,2005-10-30T00:00:00,,85,עירית בצלית,התאמה מדויקת,95,EMAMECTIN BENZOATE,התאמה מדויקת
EMAMECTIN BENZOATE,שמיר (שבת),0.1,2010-01-18T00:00:00,,127,שמיר (שבת),התאמה מדויקת,95,EMAMECTIN BENZOATE,התאמה מדויקת
EMAMECTIN BENZOATE,מנטה,0.1,2005-10-30T00:00:00,,74,מנטה,התאמה מדויקת,95,EMAMECTIN BENZOATE,התאמה מדויקת
EMAMECTIN BENZOATE,פטרוסלינון (שורש ועלים),0.1,2010-01-18T00:00:00,,93,פטרוסלינון (שורש ועלים),התאמה מדויקת,95,EMAMECTIN BENZOATE,התאמה מדויקת
EMAMECTIN BENZOATE,רוזמרין,0.1,2010-01-18T00:00:00,,117,רוזמרין,התאמה מדויקת,95,EMAMECTIN BENZOATE,התאמה מדויקת
EMAMECTIN BENZOATE,מרווה,0.1,2010-01-18T00:00:00,,75,מרווה,התאמה מדויקת,95,EMAMECTIN BENZOATE,התאמה מדויקת
EMAMECTIN BENZOATE,טרגון,0.1,2010-01-18T00:00:00,,50,טרגון,התאמה מדויקת,95,EMAMECTIN BENZOATE,התאמה מדויקת
EMAMECTIN BENZOATE,רוקט (בן חרדל),0.1,2014-03-19T00:00:00,,119,רוקט (בן חרדל),התאמה מדויקת,95,EMAMECTIN BENZOATE,התאמה מדויקת
EMAMECTIN BENZOATE,רוקולה,0.1,2005-10-30T00:00:00,,118,רוקולה,התאמה מדויקת,95,EMAMECTIN BENZOATE,התאמה מדויקת
EMAMECTIN BENZOATE,מיזונה (כרוב רפה),0.1,2014-03-19T00:00:00,,69,מיזונה (כרוב רפה),התאמה מדויקת,95,EMAMECTIN BENZOATE,התאמה מדויקת
EMAMECTIN BENZOATE,בצל ירוק,0.1,2012-07-02T00:00:00,,18,בצל ירוק,התאמה מדויקת,95,EMAMECTIN BENZOATE,התאמה מדויקת
EMAMECTIN BENZOATE,עלי טטסוי,0.1,2014-03-19T00:00:00,,87,עלי טטסוי,התאמה מדויקת,95,EMAMECTIN BENZOATE,התאמה מדויקת
ENDRIN,ירקות,0.05,1998-11-01T00:00:00,,51,ירקות,התאמה מדויקת,96,ENDRIN,התאמה מדויקת
ENDRIN,בשר עוף,0.1,1996-01-01T00:00:00,,23,בשר עוף,התאמה מדויקת,96,ENDRIN,התאמה מדויקת
ESFENVALERATE,סלק מספוא,0.05,1996-01-01T00:00:00,,81,סלק מספוא,התאמה מדויקת,97,ESFENVALERATE,התאמה מדויקת
ESFENVALERATE,ענבים,0.5,1996-01-01T00:00:00,,89,ענבים,התאמה מדויקת,97,ESFENVALERATE,התאמה מדויקת
ESFENVALERATE,תפוח אדמה,0.05,1996-01-01T00:00:00,,139,תפוח אדמה,התאמה מדויקת,97,ESFENVALERATE,התאמה מדויקת
ESFENVALERATE,קינרס (ארטישוק),0.2,1996-01-01T00:00:00,,114,קינרס (ארטישוק),התאמה מדויקת,97,ESFENVALERATE,התאמה מדויקת
ESFENVALERATE,כרוב,3.0,1996-01-01T00:00:00,,57,כרוב,התאמה מדויקת,97,ESFENVALERATE,התאמה מדויקת
ESFENVALERATE,כרובית,2.0,1996-01-01T00:00:00,,61,כרובית,התאמה מדויקת,97,ESFENVALERATE,התאמה מדויקת
ESFENVALERATE,מלון,0.2,1996-01-01T00:00:00,,70,מלון,התאמה מדויקת,97,ESFENVALERATE,התאמה מדויקת
ESFENVALERATE,מלפפון,0.2,1996-01-01T00:00:00,,72,מלפפון,התאמה מדויקת,97,ESFENVALERATE,התאמה מדויקת
ESFENVALERATE,דלעת,0.5,2015-11-16T00:00:00,,35,דלעת,התאמה מדויקת,97,ESFENVALERATE,התאמה מדויקת
ESFENVALERATE,פלפל,0.5,1996-01-01T00:00:00,,99,פלפל,התאמה מדויקת,97,ESFENVALERATE,התאמה מדויקת
ESFENVALERATE,חציל,0.5,1996-01-01T00:00:00,,47,חציל,התאמה מדויקת,97,ESFENVALERATE,התאמה מדויקת
ESFENVALERATE,עגבניה,1.0,1996-01-01T00:00:00,,84,עגבניה,התאמה מדויקת,97,ESFENVALERATE,התאמה מדויקת
ESFENVALERATE,שעועית ירוקה,0.1,1996-01-01T00:00:00,,129,שעועית ירוקה,התאמה מדויקת,97,ESFENVALERATE,התאמה מדויקת
ESFENVALERATE,דלורית,0.5,2015-11-16T00:00:00,,34,דלורית,התאמה מדויקת,97,ESFENVALERATE,התאמה מדויקת
ESFENVALERATE,סלק אדום (שורש ועלים),0.05,1996-01-01T00:00:00,,80,סלק אדום (שורש ועלים),התאמה מדויקת,97,ESFENVALERATE,התאמה מדויקת
ESFENVALERATE,גזר,0.05,1996-01-01T00:00:00,,28,גזר,התאמה מדויקת,97,ESFENVALERATE,התאמה מדויקת
ESFENVALERATE,בצל,0.05,1996-01-01T00:00:00,,17,בצל,התאמה מדויקת,97,ESFENVALERATE,התאמה מדויקת
ESFENVALERATE,כותנה,0.2,1996-01-01T00:00:00,,56,כותנה,התאמה מדויקת,97,ESFENVALERATE,התאמה מדויקת
ESFENVALERATE,שום,0.05,1996-01-01T00:00:00,,123,שום,התאמה מדויקת,97,ESFENVALERATE,התאמה מדויקת
ESFENVALERATE,תפוח עץ,,2024-09-09T00:00:00,0.200,140,תפוח עץ,התאמה מדויקת,97,ESFENVALERATE,התאמה מדויקת
ESFENVALERATE,נקטרינה,,2024-09-09T00:00:00,0.200,77,נקטרינה,התאמה מדויקת,97,ESFENVALERATE,התאמה מדויקת
ESFENVALERATE,אפרסק,5.0,1996-01-01T00:00:00,0.200,13,אפרסק,התאמה מדויקת,97,ESFENVALERATE,התאמה מדויקת
ETHALFLURALIN,מלון,0.02,2013-01-15T00:00:00,,70,מלון,התאמה מדויקת,98,ETHALFLURALIN,התאמה מדויקת
ETHALFLURALIN,מלפפון,0.02,2013-01-15T00:00:00,,72,מלפפון,התאמה מדויקת,98,ETHALFLURALIN,התאמה מדויקת
ETHALFLURALIN,קישוא,0.02,2013-01-15T00:00:00,,115,קישוא,התאמה מדויקת,98,ETHALFLURALIN,התאמה מדויקת
ETHALFLURALIN,אבטיח,0.02,2013-01-15T00:00:00,,2,אבטיח,התאמה מדויקת,98,ETHALFLURALIN,התאמה מדויקת
ETHALFLURALIN,אגוז אדמה,0.02,2013-01-15T00:00:00,,3,אגוז אדמה,התאמה מדויקת,98,ETHALFLURALIN,התאמה מדויקת
ETHEPHON,ענבים,2.0,1996-01-01T00:00:00,,89,ענבים,התאמה מדויקת,99,ETHEPHON,התאמה מדויקת
ETHEPHON,כותנה,0.1,1996-01-01T00:00:00,,56,כותנה,התאמה מדויקת,99,ETHEPHON,התאמה מדויקת
ETHEPHON,תפוח עץ,5.0,1996-01-01T00:00:00,,140,תפוח עץ,התאמה מדויקת,99,ETHEPHON,התאמה מדויקת
ETHEPHON,אגס,5.0,2005-09-07T00:00:00,,4,אגס,התאמה מדויקת,99,ETHEPHON,התאמה מדויקת
ETHEPHON,שזיף,0.5,1996-01-01T00:00:00,,126,שזיף,התאמה מדויקת,99,ETHEPHON,התאמה מדויקת
ETHEPHON,קומקואט (תפוזון),2.0,2013-01-15T00:00:00,,109,קומקואט (תפוזון),התאמה מדויקת,99,ETHEPHON,התאמה מדויקת
ETHEPHON,זית אירופאי,0.1,1996-01-01T00:00:00,,37,זית אירופאי,התאמה מדויקת,99,ETHEPHON,התאמה מדויקת
ETHOXYQUIN,אגס,3.0,1996-01-01T00:00:00,,4,אגס,התאמה מדויקת,100,ETHOXYQUIN,התאמה מדויקת
ETOFENPROX,ענבים,2.0,1996-01-01T00:00:00,,89,ענבים,התאמה מדויקת,101,ETOFENPROX,התאמה מדויקת
ETOFENPROX,תות שדה לפרי,2.0,1996-01-01T00:00:00,,133,תות שדה לפרי,התאמה מדויקת,101,ETOFENPROX,התאמה מדויקת
ETOFENPROX,פרי הדר,0.2,1996-01-01T00:00:00,,103,פרי הדר,התאמה מדויקת,101,ETOFENPROX,התאמה מדויקת
ETOFENPROX,מלפפון,2.0,1996-01-01T00:00:00,,72,מלפפון,התאמה מדויקת,101,ETOFENPROX,התאמה מדויקת
ETOFENPROX,חציל,2.0,1996-01-01T00:00:00,,47,חציל,התאמה מדויקת,101,ETOFENPROX,התאמה מדויקת
ETOFENPROX,שקד,2.0,1996-01-01T00:00:00,,131,שקד,התאמה מדויקת,101,ETOFENPROX,התאמה מדויקת
ETOFENPROX,תפוח עץ,1.0,1996-01-01T00:00:00,,140,תפוח עץ,התאמה מדויקת,101,ETOFENPROX,התאמה מדויקת
ETOFENPROX,אגס,1.0,1996-01-01T00:00:00,,4,אגס,התאמה מדויקת,101,ETOFENPROX,התאמה מדויקת
ETOFENPROX,שזיף,1.0,1996-01-01T00:00:00,,126,שזיף,התאמה מדויקת,101,ETOFENPROX,התאמה מדויקת
ETOFENPROX,נקטרינה,1.0,2004-07-13T00:00:00,,77,נקטרינה,התאמה מדויקת,101,ETOFENPROX,התאמה מדויקת
ETOFENPROX,אפרסק,1.0,1996-01-01T00:00:00,,13,אפרסק,התאמה מדויקת,101,ETOFENPROX,התאמה מדויקת
ETOFENPROX,זית אירופאי,1.0,2005-09-14T00:00:00,,37,זית אירופאי,התאמה מדויקת,101,ETOFENPROX,התאמה מדויקת
ETOXAZOLE,קורנית,2.0,2013-09-15T00:00:00,,110,קורנית,התאמה מדויקת,102,ETOXAZOLE,התאמה מדויקת
ETOXAZOLE,פרי הדר,0.05,2000-01-01T00:00:00,,103,פרי הדר,התאמה מדויקת,102,ETOXAZOLE,התאמה מדויקת
ETOXAZOLE,מליסה,2.0,2013-09-15T00:00:00,,71,מליסה,התאמה מדויקת,102,ETOXAZOLE,התאמה מדויקת
ETOXAZOLE,כרפס/סלרי (שורש ועלים),0.2,2013-09-15T00:00:00,,62,כרפס/סלרי (שורש ועלים),התאמה מדויקת,102,ETOXAZOLE,התאמה מדויקת
ETOXAZOLE,מלון,0.02,2001-07-15T00:00:00,,70,מלון,התאמה מדויקת,102,ETOXAZOLE,התאמה מדויקת
ETOXAZOLE,מלפפון,0.02,2001-07-15T00:00:00,,72,מלפפון,התאמה מדויקת,102,ETOXAZOLE,התאמה מדויקת
ETOXAZOLE,דלעת,0.02,2015-11-16T00:00:00,,35,דלעת,התאמה מדויקת,102,ETOXAZOLE,התאמה מדויקת
ETOXAZOLE,אבטיח,0.02,2001-07-15T00:00:00,,2,אבטיח,התאמה מדויקת,102,ETOXAZOLE,התאמה מדויקת
ETOXAZOLE,כוסברה (גד השדה),0.2,2013-09-15T00:00:00,,55,כוסברה (גד השדה),התאמה מדויקת,102,ETOXAZOLE,התאמה מדויקת
ETOXAZOLE,פלפל,0.05,2001-05-24T00:00:00,,99,פלפל,התאמה מדויקת,102,ETOXAZOLE,התאמה מדויקת
ETOXAZOLE,חציל,0.05,2001-05-24T00:00:00,,47,חציל,התאמה מדויקת,102,ETOXAZOLE,התאמה מדויקת
ETOXAZOLE,עגבניה,0.02,2001-07-15T00:00:00,,84,עגבניה,התאמה מדויקת,102,ETOXAZOLE,התאמה מדויקת
ETOXAZOLE,דלורית,0.02,2015-11-16T00:00:00,,34,דלורית,התאמה מדויקת,102,ETOXAZOLE,התאמה מדויקת
ETOXAZOLE,תפוח עץ,0.02,2000-01-01T00:00:00,,140,תפוח עץ,התאמה מדויקת,102,ETOXAZOLE,התאמה מדויקת
ETOXAZOLE,ריחן מצוי / בזיל,2.0,2013-09-15T00:00:00,,120,ריחן מצוי / בזיל,התאמה מדויקת,102,ETOXAZOLE,התאמה מדויקת
ETOXAZOLE,עירית בצלית,0.2,2013-09-15T00:00:00,,85,עירית בצלית,התאמה מדויקת,102,ETOXAZOLE,התאמה מדויקת
ETOXAZOLE,שמיר (שבת),0.2,2013-09-15T00:00:00,,127,שמיר (שבת),התאמה מדויקת,102,ETOXAZOLE,התאמה מדויקת
ETOXAZOLE,מיורם,2.0,2013-09-15T00:00:00,,68,מיורם,התאמה מדויקת,102,ETOXAZOLE,התאמה מדויקת
ETOXAZOLE,מנטה,2.0,2013-09-15T00:00:00,,74,מנטה,התאמה מדויקת,102,ETOXAZOLE,התאמה מדויקת
ETOXAZOLE,פטרוסלינון (שורש ועלים),0.2,2013-09-15T00:00:00,,93,פטרוסלינון (שורש ועלים),התאמה מדויקת,102,ETOXAZOLE,התאמה מדויקת
ETOXAZOLE,רוזמרין,2.0,2013-09-15T00:00:00,,117,רוזמרין,התאמה מדויקת,102,ETOXAZOLE,התאמה מדויקת
ETOXAZOLE,מרווה,2.0,2013-09-15T00:00:00,,75,מרווה,התאמה מדויקת,102,ETOXAZOLE,התאמה מדויקת
ETOXAZOLE,טרגון,2.0,2013-09-15T00:00:00,,50,טרגון,התאמה מדויקת,102,ETOXAZOLE,התאמה מדויקת
ETOXAZOLE,רוקט (בן חרדל),,2019-04-11T00:00:00,0.200,119,רוקט (בן חרדל),התאמה מדויקת,102,ETOXAZOLE,התאמה מדויקת
ETOXAZOLE,רוקולה,0.2,2013-09-15T00:00:00,,118,רוקולה,התאמה מדויקת,102,ETOXAZOLE,התאמה מדויקת
ETOXAZOLE,בצל ירוק,0.2,2013-09-15T00:00:00,,18,בצל ירוק,התאמה מדויקת,102,ETOXAZOLE,התאמה מדויקת
FAMOXADONE,פרי הדר,0.05,2005-09-14T00:00:00,,103,פרי הדר,התאמה מדויקת,103,FAMOXADONE,התאמה מדויקת
FAMOXADONE,תפוח אדמה,0.05,2006-04-02T00:00:00,0.010,139,תפוח אדמה,התאמה מדויקת,103,FAMOXADONE,התאמה מדויקת
FAMOXADONE,מלפפון,,2023-06-04T00:00:00,0.100,72,מלפפון,התאמה מדויקת,103,FAMOXADONE,התאמה מדויקת
FAMOXADONE,קישוא,,2023-07-12T00:00:00,0.050,115,קישוא,התאמה מדויקת,103,FAMOXADONE,התאמה מדויקת
FAMOXADONE,חימצה (חומוס),0.05,2005-09-14T00:00:00,,43,חימצה (חומוס),התאמה מדויקת,103,FAMOXADONE,התאמה מדויקת
FAMOXADONE,עגבניה,0.05,2005-09-14T00:00:00,1.000,84,עגבניה,התאמה מדויקת,103,FAMOXADONE,התאמה מדויקת
FAMOXADONE,בצל,,2023-06-04T00:00:00,0.010,17,בצל,התאמה מדויקת,103,FAMOXADONE,התאמה מדויקת
FAMOXADONE,כותנה,0.05,2005-09-14T00:00:00,,56,כותנה,התאמה מדויקת,103,FAMOXADONE,התאמה מדויקת
FENAMIDONE,ענבים,0.5,2006-07-09T00:00:00,,89,ענבים,התאמה מדויקת,104,FENAMIDONE,התאמה מדויקת
FENAMIDONE,תפוח אדמה,0.05,2005-09-15T00:00:00,,139,תפוח אדמה,התאמה מדויקת,104,FENAMIDONE,התאמה מדויקת
FENAMIDONE,מלון,5.0,2015-11-12T00:00:00,,70,מלון,התאמה מדויקת,104,FENAMIDONE,התאמה מדויקת
FENAMIDONE,מלפפון,0.05,2005-09-15T00:00:00,,72,מלפפון,התאמה מדויקת,104,FENAMIDONE,התאמה מדויקת
FENAMIDONE,דלעת,0.1,2015-11-15T00:00:00,,35,דלעת,התאמה מדויקת,104,FENAMIDONE,התאמה מדויקת
FENAMIDONE,דלורית,0.1,2015-11-15T00:00:00,,34,דלורית,התאמה מדויקת,104,FENAMIDONE,התאמה מדויקת
FENAMIDONE,בצל,0.05,2005-09-15T00:00:00,,17,בצל,התאמה מדויקת,104,FENAMIDONE,התאמה מדויקת
FENAMIDONE,ריחן מצוי / בזיל,,2017-04-05T00:00:00,5.000,120,ריחן מצוי / בזיל,התאמה מדויקת,104,FENAMIDONE,התאמה מדויקת
FENAMIPHOS,ענבים,0.02,1996-01-01T00:00:00,,89,ענבים,התאמה מדויקת,105,FENAMIPHOS,התאמה מדויקת
FENAMIPHOS,גזר,0.1,2013-06-30T00:00:00,,28,גזר,התאמה מדויקת,105,FENAMIPHOS,התאמה מדויקת
FENAMIPHOS,בצל,0.05,1996-01-01T00:00:00,,17,בצל,התאמה מדויקת,105,FENAMIPHOS,התאמה מדויקת
FENAMIPHOS,שום,0.05,1996-01-01T00:00:00,,123,שום,התאמה מדויקת,105,FENAMIPHOS,התאמה מדויקת
FENAMIPHOS,שזיף,0.05,1996-01-01T00:00:00,,126,שזיף,התאמה מדויקת,105,FENAMIPHOS,התאמה מדויקת
FENARIMOL,ענבים,0.3,1998-11-01T00:00:00,יתבטל,89,ענבים,התאמה מדויקת,106,FENARIMOL,התאמה מדויקת
FENARIMOL,מלון,0.05,1998-11-01T00:00:00,יתבטל,70,מלון,התאמה מדויקת,106,FENARIMOL,התאמה מדויקת
FENARIMOL,מלפפון,0.05,1998-11-01T00:00:00,יתבטל,72,מלפפון,התאמה מדויקת,106,FENARIMOL,התאמה מדויקת
FENARIMOL,קישוא,0.5,1998-11-01T00:00:00,יתבטל,115,קישוא,התאמה מדויקת,106,FENARIMOL,התאמה מדויקת
FENARIMOL,אבטיח,0.05,1998-11-01T00:00:00,יתבטל,2,אבטיח,התאמה מדויקת,106,FENARIMOL,התאמה מדויקת
FENARIMOL,פלפל,0.5,1998-11-01T00:00:00,יתבטל,99,פלפל,התאמה מדויקת,106,FENARIMOL,התאמה מדויקת
FENARIMOL,חציל,0.5,1998-11-01T00:00:00,יתבטל,47,חציל,התאמה מדויקת,106,FENARIMOL,התאמה מדויקת
FENARIMOL,עגבניה,0.5,1998-11-01T00:00:00,יתבטל,84,עגבניה,התאמה מדויקת,106,FENARIMOL,התאמה מדויקת
FENARIMOL,מנגו,0.3,1998-11-01T00:00:00,יתבטל,73,מנגו,התאמה מדויקת,106,FENARIMOL,התאמה מדויקת
FENARIMOL,נקטרינה,0.5,2004-07-13T00:00:00,יתבטל,77,נקטרינה,התאמה מדויקת,106,FENARIMOL,התאמה מדויקת
FENARIMOL,אפרסק,0.5,1998-11-01T00:00:00,יתבטל,13,אפרסק,התאמה מדויקת,106,FENARIMOL,התאמה מדויקת
FENAZAQUIN,פרי הדר,0.1,1999-01-01T00:00:00,,103,פרי הדר,התאמה מדויקת,107,FENAZAQUIN,התאמה מדויקת
FENAZAQUIN,מלפפון,0.1,1996-01-01T00:00:00,,72,מלפפון,התאמה מדויקת,107,FENAZAQUIN,התאמה מדויקת
FENAZAQUIN,אבטיח,0.1,1996-01-01T00:00:00,,2,אבטיח,התאמה מדויקת,107,FENAZAQUIN,התאמה מדויקת
FENAZAQUIN,חציל,0.1,1996-01-01T00:00:00,,47,חציל,התאמה מדויקת,107,FENAZAQUIN,התאמה מדויקת
FENAZAQUIN,עגבניה,0.1,1996-01-01T00:00:00,,84,עגבניה,התאמה מדויקת,107,FENAZAQUIN,התאמה מדויקת
FENAZAQUIN,תפוח עץ,0.1,1996-01-01T00:00:00,,140,תפוח עץ,התאמה מדויקת,107,FENAZAQUIN,התאמה מדויקת
FENAZAQUIN,אגס,0.1,2005-09-15T00:00:00,,4,אגס,התאמה מדויקת,107,FENAZAQUIN,התאמה מדויקת
FENAZAQUIN,אפרסק,0.1,2005-09-15T00:00:00,,13,אפרסק,התאמה מדויקת,107,FENAZAQUIN,התאמה מדויקת
FENBUCONAZOLE,ענבים,1.0,1998-11-01T00:00:00,,89,ענבים,התאמה מדויקת,108,FENBUCONAZOLE,התאמה מדויקת
FENBUCONAZOLE,תות שדה לפרי,0.2,1999-01-01T00:00:00,יתבטל,133,תות שדה לפרי,התאמה מדויקת,108,FENBUCONAZOLE,התאמה מדויקת
FENBUCONAZOLE,מלון,0.2,1999-01-01T00:00:00,יתבטל,70,מלון,התאמה מדויקת,108,FENBUCONAZOLE,התאמה מדויקת
FENBUCONAZOLE,מלפפון,0.2,1998-11-01T00:00:00,יתבטל,72,מלפפון,התאמה מדויקת,108,FENBUCONAZOLE,התאמה מדויקת
FENBUCONAZOLE,קישוא,0.2,1999-01-01T00:00:00,יתבטל,115,קישוא,התאמה מדויקת,108,FENBUCONAZOLE,התאמה מדויקת
FENBUCONAZOLE,אבטיח,0.2,1999-01-01T00:00:00,יתבטל,2,אבטיח,התאמה מדויקת,108,FENBUCONAZOLE,התאמה מדויקת
FENBUCONAZOLE,פלפל,0.2,1996-01-01T00:00:00,יתבטל,99,פלפל,התאמה מדויקת,108,FENBUCONAZOLE,התאמה מדויקת
FENBUCONAZOLE,חציל,0.5,2006-01-11T00:00:00,,47,חציל,התאמה מדויקת,108,FENBUCONAZOLE,התאמה מדויקת
FENBUCONAZOLE,עגבניה,0.2,1996-01-01T00:00:00,יתבטל,84,עגבניה,התאמה מדויקת,108,FENBUCONAZOLE,התאמה מדויקת
FENBUCONAZOLE,אגוז אדמה,0.2,1999-01-01T00:00:00,,3,אגוז אדמה,התאמה מדויקת,108,FENBUCONAZOLE,התאמה מדויקת
FENBUCONAZOLE,שקד,0.2,1996-01-01T00:00:00,,131,שקד,התאמה מדויקת,108,FENBUCONAZOLE,התאמה מדויקת
FENBUCONAZOLE,מנגו,0.5,1999-01-01T00:00:00,,73,מנגו,התאמה מדויקת,108,FENBUCONAZOLE,התאמה מדויקת
FENBUCONAZOLE,תפוח עץ,0.1,1998-11-01T00:00:00,,140,תפוח עץ,התאמה מדויקת,108,FENBUCONAZOLE,התאמה מדויקת
FENBUCONAZOLE,שסק,0.5,1999-01-01T00:00:00,,128,שסק,התאמה מדויקת,108,FENBUCONAZOLE,התאמה מדויקת
FENBUCONAZOLE,אגס,0.1,1998-11-01T00:00:00,,4,אגס,התאמה מדויקת,108,FENBUCONAZOLE,התאמה מדויקת
FENBUCONAZOLE,שזיף,0.5,1998-11-01T00:00:00,,126,שזיף,התאמה מדויקת,108,FENBUCONAZOLE,התאמה מדויקת
FENBUCONAZOLE,משמש,0.5,1998-11-01T00:00:00,,76,משמש,התאמה מדויקת,108,FENBUCONAZOLE,התאמה מדויקת
FENBUCONAZOLE,נקטרינה,0.5,1998-11-01T00:00:00,,77,נקטרינה,התאמה מדויקת,108,FENBUCONAZOLE,התאמה מדויקת
FENBUCONAZOLE,אפרסק,0.5,1998-11-01T00:00:00,,13,אפרסק,התאמה מדויקת,108,FENBUCONAZOLE,התאמה מדויקת
FENBUCONAZOLE,חיטה,0.1,1998-11-01T00:00:00,,42,חיטה,התאמה מדויקת,108,FENBUCONAZOLE,התאמה מדויקת
FENBUTATIN OXIDE,פרי הדר,5.0,1999-01-01T00:00:00,יתבטל,103,פרי הדר,התאמה מדויקת,109,FENBUTATIN OXIDE,התאמה מדויקת
FENBUTATIN OXIDE,מלון,0.5,1999-01-01T00:00:00,יתבטל,70,מלון,התאמה מדויקת,109,FENBUTATIN OXIDE,התאמה מדויקת
FENBUTATIN OXIDE,מלפפון,0.5,1999-01-01T00:00:00,יתבטל,72,מלפפון,התאמה מדויקת,109,FENBUTATIN OXIDE,התאמה מדויקת
FENBUTATIN OXIDE,אבטיח,0.5,1999-01-01T00:00:00,יתבטל,2,אבטיח,התאמה מדויקת,109,FENBUTATIN OXIDE,התאמה מדויקת
FENBUTATIN OXIDE,חציל,0.5,1999-01-01T00:00:00,יתבטל,47,חציל,התאמה מדויקת,109,FENBUTATIN OXIDE,התאמה מדויקת
FENBUTATIN OXIDE,שקד,0.5,2013-01-15T00:00:00,יתבטל,131,שקד,התאמה מדויקת,109,FENBUTATIN OXIDE,התאמה מדויקת
FENBUTATIN OXIDE,אפרסמון,3.0,2005-09-15T00:00:00,יתבטל,12,אפרסמון,התאמה מדויקת,109,FENBUTATIN OXIDE,התאמה מדויקת
FENBUTATIN OXIDE,תפוח עץ,5.0,2013-01-15T00:00:00,יתבטל,140,תפוח עץ,התאמה מדויקת,109,FENBUTATIN OXIDE,התאמה מדויקת
FENBUTATIN OXIDE,שזיף,10.0,2013-01-15T00:00:00,יתבטל,126,שזיף,התאמה מדויקת,109,FENBUTATIN OXIDE,התאמה מדויקת
FENBUTATIN OXIDE,נקטרינה,7.0,2013-01-15T00:00:00,יתבטל,77,נקטרינה,התאמה מדויקת,109,FENBUTATIN OXIDE,התאמה מדויקת
FENBUTATIN OXIDE,אפרסק,7.0,2013-01-15T00:00:00,יתבטל,13,אפרסק,התאמה מדויקת,109,FENBUTATIN OXIDE,התאמה מדויקת
FENBUTATIN OXIDE,תמר,0.5,2005-09-15T00:00:00,יתבטל,138,תמר,התאמה מדויקת,109,FENBUTATIN OXIDE,התאמה מדויקת
FENHEXAMID,ענבים,4.0,2012-11-13T00:00:00,,89,ענבים,התאמה מדויקת,110,FENHEXAMID,התאמה מדויקת
FENHEXAMID,תות שדה לפרי,4.0,2001-03-26T00:00:00,,133,תות שדה לפרי,התאמה מדויקת,110,FENHEXAMID,התאמה מדויקת
FENHEXAMID,מלפפון,0.5,2000-01-01T00:00:00,,72,מלפפון,התאמה מדויקת,110,FENHEXAMID,התאמה מדויקת
FENHEXAMID,פלפל,0.5,2006-04-05T00:00:00,,99,פלפל,התאמה מדויקת,110,FENHEXAMID,התאמה מדויקת
FENHEXAMID,חציל,0.5,2001-01-15T00:00:00,,47,חציל,התאמה מדויקת,110,FENHEXAMID,התאמה מדויקת
FENHEXAMID,עגבניה,0.5,2001-03-21T00:00:00,,84,עגבניה,התאמה מדויקת,110,FENHEXAMID,התאמה מדויקת
FENHEXAMID,בצל,0.05,2009-06-23T00:00:00,,17,בצל,התאמה מדויקת,110,FENHEXAMID,התאמה מדויקת
FENHEXAMID,שקד,0.02,2001-03-26T00:00:00,,131,שקד,התאמה מדויקת,110,FENHEXAMID,התאמה מדויקת
FENHEXAMID,אורגנו,0.5,2005-09-15T00:00:00,,5,אורגנו,התאמה מדויקת,110,FENHEXAMID,התאמה מדויקת
FENHEXAMID,ריחן מצוי / בזיל,0.5,2005-09-15T00:00:00,,120,ריחן מצוי / בזיל,התאמה מדויקת,110,FENHEXAMID,התאמה מדויקת
FENHEXAMID,אזוב מצוי (ראה גם זעתר),0.5,2005-09-15T00:00:00,,6,אזוב מצוי (ראה גם זעתר),התאמה מדויקת,110,FENHEXAMID,התאמה מדויקת
FENOXAPROP-P-ETHYL,חיטה,0.02,2013-01-16T00:00:00,יתבטל,42,חיטה,התאמה מדויקת,111,FENOXAPROP-P-ETHYL,התאמה מדויקת
FENOXYCARB,ענבים,2.5,2013-05-19T00:00:00,,89,ענבים,התאמה מדויקת,112,FENOXYCARB,התאמה מדויקת
FENOXYCARB,גזר,,2020-07-28T00:00:00,0.200,28,גזר,התאמה מדויקת,112,FENOXYCARB,התאמה מדויקת
FENOXYCARB,רימון,,2024-01-29T00:00:00,0.500,121,רימון,התאמה מדויקת,112,FENOXYCARB,התאמה מדויקת
FENOXYCARB,תפוח עץ,0.05,1996-01-01T00:00:00,0.250,140,תפוח עץ,התאמה מדויקת,112,FENOXYCARB,התאמה מדויקת
FENOXYCARB,אגס,0.05,1996-01-01T00:00:00,,4,אגס,התאמה מדויקת,112,FENOXYCARB,התאמה מדויקת
FENPYRAZAMINE,תות שדה לפרי,,2019-06-16T00:00:00,1.000,133,תות שדה לפרי,התאמה מדויקת,113,FENPYRAZAMINE,התאמה מדויקת
FENPYRAZAMINE,פלפל,,2021-11-23T00:00:00,0.800,99,פלפל,התאמה מדויקת,113,FENPYRAZAMINE,התאמה מדויקת
FENPYRAZAMINE,חציל,,2021-11-23T00:00:00,0.700,47,חציל,התאמה מדויקת,113,FENPYRAZAMINE,התאמה מדויקת
FENPYRAZAMINE,עגבניה,,2021-11-23T00:00:00,1.800,84,עגבניה,התאמה מדויקת,113,FENPYRAZAMINE,התאמה מדויקת
FENPYROXIMATE,ענבים,0.05,1996-01-01T00:00:00,,89,ענבים,התאמה מדויקת,114,FENPYROXIMATE,התאמה מדויקת
FENPYROXIMATE,תות שדה לפרי,0.05,1996-01-01T00:00:00,,133,תות שדה לפרי,התאמה מדויקת,114,FENPYROXIMATE,התאמה מדויקת
FENPYROXIMATE,פרי הדר,0.05,1999-01-01T00:00:00,,103,פרי הדר,התאמה מדויקת,114,FENPYROXIMATE,התאמה מדויקת
FENPYROXIMATE,מלפפון,0.05,1996-01-01T00:00:00,,72,מלפפון,התאמה מדויקת,114,FENPYROXIMATE,התאמה מדויקת
FENPYROXIMATE,אבטיח,0.05,1996-01-01T00:00:00,,2,אבטיח,התאמה מדויקת,114,FENPYROXIMATE,התאמה מדויקת
FENPYROXIMATE,פלפל,0.05,1996-01-01T00:00:00,,99,פלפל,התאמה מדויקת,114,FENPYROXIMATE,התאמה מדויקת
FENPYROXIMATE,חציל,0.05,1996-01-01T00:00:00,,47,חציל,התאמה מדויקת,114,FENPYROXIMATE,התאמה מדויקת
FENPYROXIMATE,עגבניה,0.05,1996-01-01T00:00:00,,84,עגבניה,התאמה מדויקת,114,FENPYROXIMATE,התאמה מדויקת
FENPYROXIMATE,שעועית ירוקה,0.05,1996-01-01T00:00:00,,129,שעועית ירוקה,התאמה מדויקת,114,FENPYROXIMATE,התאמה מדויקת
FENPYROXIMATE,תפוח עץ,0.1,1996-01-01T00:00:00,,140,תפוח עץ,התאמה מדויקת,114,FENPYROXIMATE,התאמה מדויקת
FENPYROXIMATE,אגס,0.1,1996-01-01T00:00:00,,4,אגס,התאמה מדויקת,114,FENPYROXIMATE,התאמה מדויקת
FENPYROXIMATE,נקטרינה,0.1,1996-01-01T00:00:00,,77,נקטרינה,התאמה מדויקת,114,FENPYROXIMATE,התאמה מדויקת
FENPYROXIMATE,אפרסק,0.1,1996-01-01T00:00:00,,13,אפרסק,התאמה מדויקת,114,FENPYROXIMATE,התאמה מדויקת
FLAZASULFURON,ענבים,,2024-05-13T00:00:00,0.010,89,ענבים,התאמה מדויקת,115,FLAZASULFURON,התאמה מדויקת
FLAZASULFURON,פרי הדר,,2024-05-13T00:00:00,0.010,103,פרי הדר,התאמה מדויקת,115,FLAZASULFURON,התאמה מדויקת
FLONICAMID,ענבים,0.5,2012-01-10T00:00:00,,89,ענבים,התאמה מדויקת,116,FLONICAMID,התאמה מדויקת
FLONICAMID,תות שדה לפרי,0.2,2012-07-26T00:00:00,,133,תות שדה לפרי,התאמה מדויקת,116,FLONICAMID,התאמה מדויקת
FLONICAMID,פרי הדר,0.1,2015-11-17T00:00:00,,103,פרי הדר,התאמה מדויקת,116,FLONICAMID,התאמה מדויקת
FLONICAMID,תפוח אדמה,0.2,2012-07-26T00:00:00,,139,תפוח אדמה,התאמה מדויקת,116,FLONICAMID,התאמה מדויקת
FLONICAMID,קינרס (ארטישוק),0.1,2014-08-04T00:00:00,,114,קינרס (ארטישוק),התאמה מדויקת,116,FLONICAMID,התאמה מדויקת
FLONICAMID,מלון,0.05,2012-11-18T00:00:00,,70,מלון,התאמה מדויקת,116,FLONICAMID,התאמה מדויקת
FLONICAMID,מלפפון,0.05,2012-11-18T00:00:00,,72,מלפפון,התאמה מדויקת,116,FLONICAMID,התאמה מדויקת
FLONICAMID,דלעת,0.05,2012-11-18T00:00:00,,35,דלעת,התאמה מדויקת,116,FLONICAMID,התאמה מדויקת
FLONICAMID,קישוא,0.05,2012-11-18T00:00:00,,115,קישוא,התאמה מדויקת,116,FLONICAMID,התאמה מדויקת
FLONICAMID,אבטיח,0.05,2012-11-18T00:00:00,,2,אבטיח,התאמה מדויקת,116,FLONICAMID,התאמה מדויקת
FLONICAMID,פלפל,0.2,2011-07-25T00:00:00,,99,פלפל,התאמה מדויקת,116,FLONICAMID,התאמה מדויקת
FLONICAMID,דלורית,0.05,2012-11-18T00:00:00,,34,דלורית,התאמה מדויקת,116,FLONICAMID,התאמה מדויקת
FLONICAMID,כותנה,,2018-02-18T00:00:00,0.020,56,כותנה,התאמה מדויקת,116,FLONICAMID,התאמה מדויקת
FLONICAMID,שקד,0.05,2013-09-23T00:00:00,,131,שקד,התאמה מדויקת,116,FLONICAMID,התאמה מדויקת
FLONICAMID,פקאן תרבותי,0.05,2014-02-16T00:00:00,,102,פקאן תרבותי,התאמה מדויקת,116,FLONICAMID,התאמה מדויקת
FLONICAMID,אפרסמון,0.2,2011-07-25T00:00:00,,12,אפרסמון,התאמה מדויקת,116,FLONICAMID,התאמה מדויקת
FLONICAMID,רימון,0.3,2011-07-25T00:00:00,,121,רימון,התאמה מדויקת,116,FLONICAMID,התאמה מדויקת
FLONICAMID,תפוח עץ,0.2,2012-01-10T00:00:00,,140,תפוח עץ,התאמה מדויקת,116,FLONICAMID,התאמה מדויקת
FLONICAMID,אגס,0.2,2012-02-23T00:00:00,,4,אגס,התאמה מדויקת,116,FLONICAMID,התאמה מדויקת
FLONICAMID,נקטרינה,0.6,2012-01-10T00:00:00,,77,נקטרינה,התאמה מדויקת,116,FLONICAMID,התאמה מדויקת
FLONICAMID,אפרסק,0.6,2012-01-10T00:00:00,,13,אפרסק,התאמה מדויקת,116,FLONICAMID,התאמה מדויקת
FLONICAMID,תירס,0.05,2015-11-15T00:00:00,,134,תירס,התאמה מדויקת,116,FLONICAMID,התאמה מדויקת
FLORASULAM,שעורה תרבותית,0.01,2015-11-12T00:00:00,,130,שעורה תרבותית,התאמה מדויקת,117,FLORASULAM,התאמה מדויקת
FLORASULAM,שבולת שועל,0.01,2005-09-18T00:00:00,,122,שבולת שועל,התאמה מדויקת,117,FLORASULAM,התאמה מדויקת
FLORASULAM,חיטה,0.01,1999-01-01T00:00:00,,42,חיטה,התאמה מדויקת,117,FLORASULAM,התאמה מדויקת
FLUAZIFOP-P-BUTYL,אספסת,0.1,2006-10-18T00:00:00,,8,אספסת,התאמה מדויקת,118,FLUAZIFOP-P-BUTYL,התאמה מדויקת
FLUAZIFOP-P-BUTYL,תלתן,0.1,2006-10-18T00:00:00,,137,תלתן,התאמה מדויקת,118,FLUAZIFOP-P-BUTYL,התאמה מדויקת
FLUAZIFOP-P-BUTYL,בקיה,0.1,2006-10-18T00:00:00,,19,בקיה,התאמה מדויקת,118,FLUAZIFOP-P-BUTYL,התאמה מדויקת
FLUAZIFOP-P-BUTYL,סלק מספוא,0.1,2006-10-18T00:00:00,,81,סלק מספוא,התאמה מדויקת,118,FLUAZIFOP-P-BUTYL,התאמה מדויקת
FLUAZIFOP-P-BUTYL,ענבים,0.1,2006-10-18T00:00:00,,89,ענבים,התאמה מדויקת,118,FLUAZIFOP-P-BUTYL,התאמה מדויקת
FLUAZIFOP-P-BUTYL,תפוח אדמה,0.1,2006-10-18T00:00:00,,139,תפוח אדמה,התאמה מדויקת,118,FLUAZIFOP-P-BUTYL,התאמה מדויקת
FLUAZIFOP-P-BUTYL,כרפס/סלרי (שורש ועלים),0.1,2006-10-18T00:00:00,,62,כרפס/סלרי (שורש ועלים),התאמה מדויקת,118,FLUAZIFOP-P-BUTYL,התאמה מדויקת
FLUAZIFOP-P-BUTYL,כרוב,0.1,2013-01-16T00:00:00,,57,כרוב,התאמה מדויקת,118,FLUAZIFOP-P-BUTYL,התאמה מדויקת
FLUAZIFOP-P-BUTYL,כרובית,0.1,2013-01-16T00:00:00,,61,כרובית,התאמה מדויקת,118,FLUAZIFOP-P-BUTYL,התאמה מדויקת
FLUAZIFOP-P-BUTYL,מלון,0.1,2006-10-18T00:00:00,,70,מלון,התאמה מדויקת,118,FLUAZIFOP-P-BUTYL,התאמה מדויקת
FLUAZIFOP-P-BUTYL,מלפפון,0.1,2006-10-18T00:00:00,,72,מלפפון,התאמה מדויקת,118,FLUAZIFOP-P-BUTYL,התאמה מדויקת
FLUAZIFOP-P-BUTYL,קישוא,0.1,2006-10-18T00:00:00,,115,קישוא,התאמה מדויקת,118,FLUAZIFOP-P-BUTYL,התאמה מדויקת
FLUAZIFOP-P-BUTYL,אבטיח,0.1,2013-01-16T00:00:00,,2,אבטיח,התאמה מדויקת,118,FLUAZIFOP-P-BUTYL,התאמה מדויקת
FLUAZIFOP-P-BUTYL,חימצה (חומוס),0.1,2006-10-18T00:00:00,,43,חימצה (חומוס),התאמה מדויקת,118,FLUAZIFOP-P-BUTYL,התאמה מדויקת
FLUAZIFOP-P-BUTYL,חסה,0.1,2006-10-18T00:00:00,,46,חסה,התאמה מדויקת,118,FLUAZIFOP-P-BUTYL,התאמה מדויקת
FLUAZIFOP-P-BUTYL,פלפל,0.1,2006-10-18T00:00:00,,99,פלפל,התאמה מדויקת,118,FLUAZIFOP-P-BUTYL,התאמה מדויקת
FLUAZIFOP-P-BUTYL,עגבניה,0.1,2006-10-18T00:00:00,,84,עגבניה,התאמה מדויקת,118,FLUAZIFOP-P-BUTYL,התאמה מדויקת
FLUAZIFOP-P-BUTYL,אפון,0.1,2006-10-18T00:00:00,,10,אפון,התאמה מדויקת,118,FLUAZIFOP-P-BUTYL,התאמה מדויקת
FLUAZIFOP-P-BUTYL,סלק אדום (שורש ועלים),0.1,2006-10-18T00:00:00,,80,סלק אדום (שורש ועלים),התאמה מדויקת,118,FLUAZIFOP-P-BUTYL,התאמה מדויקת
FLUAZIFOP-P-BUTYL,גזר,0.1,2006-10-18T00:00:00,,28,גזר,התאמה מדויקת,118,FLUAZIFOP-P-BUTYL,התאמה מדויקת
FLUAZIFOP-P-BUTYL,בצל,0.1,2006-10-18T00:00:00,,17,בצל,התאמה מדויקת,118,FLUAZIFOP-P-BUTYL,התאמה מדויקת
FLUAZIFOP-P-BUTYL,כותנה,0.1,2006-10-18T00:00:00,,56,כותנה,התאמה מדויקת,118,FLUAZIFOP-P-BUTYL,התאמה מדויקת
FLUAZIFOP-P-BUTYL,אגוז אדמה,0.1,2006-10-18T00:00:00,,3,אגוז אדמה,התאמה מדויקת,118,FLUAZIFOP-P-BUTYL,התאמה מדויקת
FLUAZIFOP-P-BUTYL,חמנית מצויה,0.1,2006-10-18T00:00:00,,45,חמנית מצויה,התאמה מדויקת,118,FLUAZIFOP-P-BUTYL,התאמה מדויקת
FLUAZIFOP-P-BUTYL,שום,0.1,2006-10-18T00:00:00,,123,שום,התאמה מדויקת,118,FLUAZIFOP-P-BUTYL,התאמה מדויקת
FLUAZIFOP-P-BUTYL,תפוח עץ,0.1,2006-10-18T00:00:00,,140,תפוח עץ,התאמה מדויקת,118,FLUAZIFOP-P-BUTYL,התאמה מדויקת
FLUAZIFOP-P-BUTYL,אגס,0.1,2006-10-18T00:00:00,,4,אגס,התאמה מדויקת,118,FLUAZIFOP-P-BUTYL,התאמה מדויקת
FLUAZINAM,ענבים,0.2,2014-02-16T00:00:00,,89,ענבים,התאמה מדויקת,119,FLUAZINAM,התאמה מדויקת
FLUAZINAM,תפוח אדמה,0.05,1999-01-01T00:00:00,,139,תפוח אדמה,התאמה מדויקת,119,FLUAZINAM,התאמה מדויקת
FLUAZINAM,מלון,0.05,1999-01-01T00:00:00,,70,מלון,התאמה מדויקת,119,FLUAZINAM,התאמה מדויקת
FLUAZINAM,מלפפון,,2017-07-24T00:00:00,0.050,72,מלפפון,התאמה מדויקת,119,FLUAZINAM,התאמה מדויקת
FLUAZINAM,קישוא,,2020-02-26T00:00:00,0.050,115,קישוא,התאמה מדויקת,119,FLUAZINAM,התאמה מדויקת
FLUAZINAM,חסה,0.9,2016-05-23T00:00:00,,46,חסה,התאמה מדויקת,119,FLUAZINAM,התאמה מדויקת
FLUAZINAM,עגבניה,0.01,2017-12-28T00:00:00,,84,עגבניה,התאמה מדויקת,119,FLUAZINAM,התאמה מדויקת
FLUAZINAM,אגוז אדמה,0.05,1999-01-01T00:00:00,,3,אגוז אדמה,התאמה מדויקת,119,FLUAZINAM,התאמה מדויקת
FLUBENDIAMIDE,ענבים,1.0,2011-11-14T00:00:00,,89,ענבים,התאמה מדויקת,120,FLUBENDIAMIDE,התאמה מדויקת
FLUBENDIAMIDE,תות שדה לפרי,0.01,2015-11-12T00:00:00,0.100,133,תות שדה לפרי,התאמה מדויקת,120,FLUBENDIAMIDE,התאמה מדויקת
FLUBENDIAMIDE,תפוח אדמה,0.02,2014-08-06T00:00:00,,139,תפוח אדמה,התאמה מדויקת,120,FLUBENDIAMIDE,התאמה מדויקת
FLUBENDIAMIDE,צנונית,0.05,2014-02-16T00:00:00,,107,צנונית,התאמה מדויקת,120,FLUBENDIAMIDE,התאמה מדויקת
FLUBENDIAMIDE,כרוב,0.4,2014-02-16T00:00:00,,57,כרוב,התאמה מדויקת,120,FLUBENDIAMIDE,התאמה מדויקת
FLUBENDIAMIDE,ברוקולי,0.4,2014-02-16T00:00:00,,21,ברוקולי,התאמה מדויקת,120,FLUBENDIAMIDE,התאמה מדויקת
FLUBENDIAMIDE,כרובית,0.4,2014-02-16T00:00:00,,61,כרובית,התאמה מדויקת,120,FLUBENDIAMIDE,התאמה מדויקת
FLUBENDIAMIDE,מלפפון,0.01,2013-05-13T00:00:00,,72,מלפפון,התאמה מדויקת,120,FLUBENDIAMIDE,התאמה מדויקת
FLUBENDIAMIDE,קישוא,0.01,2013-09-16T00:00:00,,115,קישוא,התאמה מדויקת,120,FLUBENDIAMIDE,התאמה מדויקת
FLUBENDIAMIDE,חימצה (חומוס),0.15,2014-08-06T00:00:00,,43,חימצה (חומוס),התאמה מדויקת,120,FLUBENDIAMIDE,התאמה מדויקת
FLUBENDIAMIDE,חסה,0.4,2014-02-16T00:00:00,,46,חסה,התאמה מדויקת,120,FLUBENDIAMIDE,התאמה מדויקת
FLUBENDIAMIDE,פלפל,0.1,2013-05-13T00:00:00,,99,פלפל,התאמה מדויקת,120,FLUBENDIAMIDE,התאמה מדויקת
FLUBENDIAMIDE,עגבניה,0.3,2011-11-14T00:00:00,,84,עגבניה,התאמה מדויקת,120,FLUBENDIAMIDE,התאמה מדויקת
FLUBENDIAMIDE,שעועית ירוקה,0.01,2014-08-04T00:00:00,,129,שעועית ירוקה,התאמה מדויקת,120,FLUBENDIAMIDE,התאמה מדויקת
FLUBENDIAMIDE,גזר,0.02,2014-02-16T00:00:00,,28,גזר,התאמה מדויקת,120,FLUBENDIAMIDE,התאמה מדויקת
FLUBENDIAMIDE,אגוז אדמה,0.02,2014-02-16T00:00:00,,3,אגוז אדמה,התאמה מדויקת,120,FLUBENDIAMIDE,התאמה מדויקת
FLUBENDIAMIDE,רימון,0.07,2015-11-12T00:00:00,,121,רימון,התאמה מדויקת,120,FLUBENDIAMIDE,התאמה מדויקת
FLUBENDIAMIDE,תפוח עץ,0.03,2011-07-25T00:00:00,,140,תפוח עץ,התאמה מדויקת,120,FLUBENDIAMIDE,התאמה מדויקת
FLUBENDIAMIDE,אגס,0.2,2014-02-16T00:00:00,,4,אגס,התאמה מדויקת,120,FLUBENDIAMIDE,התאמה מדויקת
FLUBENDIAMIDE,זית אירופאי,0.02,2014-02-16T00:00:00,,37,זית אירופאי,התאמה מדויקת,120,FLUBENDIAMIDE,התאמה מדויקת
FLUBENDIAMIDE,תירס,0.02,2012-12-02T00:00:00,,134,תירס,התאמה מדויקת,120,FLUBENDIAMIDE,התאמה מדויקת
FLUBENDIAMIDE,מנטה,1.0,2013-05-13T00:00:00,,74,מנטה,התאמה מדויקת,120,FLUBENDIAMIDE,התאמה מדויקת
FLUDIOXONIL,קורנית,1.0,2011-12-19T00:00:00,,110,קורנית,התאמה מדויקת,121,FLUDIOXONIL,התאמה מדויקת
FLUDIOXONIL,ענבים,1.0,2005-09-19T00:00:00,,89,ענבים,התאמה מדויקת,121,FLUDIOXONIL,התאמה מדויקת
FLUDIOXONIL,תות שדה לפרי,0.5,1999-01-02T00:00:00,,133,תות שדה לפרי,התאמה מדויקת,121,FLUDIOXONIL,התאמה מדויקת
FLUDIOXONIL,פרי הדר,1.0,2009-06-01T00:00:00,,103,פרי הדר,התאמה מדויקת,121,FLUDIOXONIL,התאמה מדויקת
FLUDIOXONIL,תפוח אדמה,0.01,2000-01-01T00:00:00,,139,תפוח אדמה,התאמה מדויקת,121,FLUDIOXONIL,התאמה מדויקת
FLUDIOXONIL,מלפפון,0.2,2014-03-09T00:00:00,,72,מלפפון,התאמה מדויקת,121,FLUDIOXONIL,התאמה מדויקת
FLUDIOXONIL,קישוא,0.2,2014-03-09T00:00:00,,115,קישוא,התאמה מדויקת,121,FLUDIOXONIL,התאמה מדויקת
FLUDIOXONIL,כוסברה (גד השדה),1.0,2011-12-19T00:00:00,,55,כוסברה (גד השדה),התאמה מדויקת,121,FLUDIOXONIL,התאמה מדויקת
FLUDIOXONIL,חסה,1.0,2013-09-17T00:00:00,,46,חסה,התאמה מדויקת,121,FLUDIOXONIL,התאמה מדויקת
FLUDIOXONIL,פלפל,0.5,2011-11-16T00:00:00,,99,פלפל,התאמה מדויקת,121,FLUDIOXONIL,התאמה מדויקת
FLUDIOXONIL,חציל,0.3,2005-09-19T00:00:00,,47,חציל,התאמה מדויקת,121,FLUDIOXONIL,התאמה מדויקת
FLUDIOXONIL,עגבניה,0.3,1999-01-02T00:00:00,,84,עגבניה,התאמה מדויקת,121,FLUDIOXONIL,התאמה מדויקת
FLUDIOXONIL,בטטה,,2024-02-28T00:00:00,3.000,14,בטטה,התאמה מדויקת,121,FLUDIOXONIL,התאמה מדויקת
FLUDIOXONIL,גזר,0.3,2011-11-16T00:00:00,3.000,28,גזר,התאמה מדויקת,121,FLUDIOXONIL,התאמה מדויקת
FLUDIOXONIL,אבוקדו,,2021-02-28T00:00:00,0.500,1,אבוקדו,התאמה מדויקת,121,FLUDIOXONIL,התאמה מדויקת
FLUDIOXONIL,קיווי,12.0,2008-03-25T00:00:00,,112,קיווי,התאמה מדויקת,121,FLUDIOXONIL,התאמה מדויקת
FLUDIOXONIL,מנגו,,2018-06-18T00:00:00,2.000,73,מנגו,התאמה מדויקת,121,FLUDIOXONIL,התאמה מדויקת
FLUDIOXONIL,רימון,1.0,2010-01-04T00:00:00,,121,רימון,התאמה מדויקת,121,FLUDIOXONIL,התאמה מדויקת
FLUDIOXONIL,תפוח עץ,1.0,2009-06-01T00:00:00,,140,תפוח עץ,התאמה מדויקת,121,FLUDIOXONIL,התאמה מדויקת
FLUDIOXONIL,אגס,1.0,2008-03-25T00:00:00,,4,אגס,התאמה מדויקת,121,FLUDIOXONIL,התאמה מדויקת
FLUDIOXONIL,שזיף,0.2,2010-06-21T00:00:00,,126,שזיף,התאמה מדויקת,121,FLUDIOXONIL,התאמה מדויקת
FLUDIOXONIL,משמש,0.2,2010-06-24T00:00:00,,76,משמש,התאמה מדויקת,121,FLUDIOXONIL,התאמה מדויקת
FLUDIOXONIL,דובדבן,0.2,2011-11-16T00:00:00,,31,דובדבן,התאמה מדויקת,121,FLUDIOXONIL,התאמה מדויקת
FLUDIOXONIL,נקטרינה,0.2,2007-06-12T00:00:00,,77,נקטרינה,התאמה מדויקת,121,FLUDIOXONIL,התאמה מדויקת
FLUDIOXONIL,אפרסק,0.2,2007-07-11T00:00:00,,13,אפרסק,התאמה מדויקת,121,FLUDIOXONIL,התאמה מדויקת
FLUDIOXONIL,חיטה,0.01,2014-08-04T00:00:00,,42,חיטה,התאמה מדויקת,121,FLUDIOXONIL,התאמה מדויקת
FLUDIOXONIL,ריחן מצוי / בזיל,1.0,2005-09-19T00:00:00,,120,ריחן מצוי / בזיל,התאמה מדויקת,121,FLUDIOXONIL,התאמה מדויקת
FLUDIOXONIL,עירית בצלית,1.0,2011-12-19T00:00:00,,85,עירית בצלית,התאמה מדויקת,121,FLUDIOXONIL,התאמה מדויקת
FLUDIOXONIL,שמיר (שבת),1.0,2011-12-19T00:00:00,,127,שמיר (שבת),התאמה מדויקת,121,FLUDIOXONIL,התאמה מדויקת
FLUDIOXONIL,שומר,1.0,2005-09-19T00:00:00,,124,שומר,התאמה מדויקת,121,FLUDIOXONIL,התאמה מדויקת
FLUDIOXONIL,מנטה,1.0,2005-09-19T00:00:00,,74,מנטה,התאמה מדויקת,121,FLUDIOXONIL,התאמה מדויקת
FLUDIOXONIL,פטרוסלינון (שורש ועלים),1.0,2011-12-19T00:00:00,,93,פטרוסלינון (שורש ועלים),התאמה מדויקת,121,FLUDIOXONIL,התאמה מדויקת
FLUDIOXONIL,רוזמרין,1.0,2011-12-19T00:00:00,,117,רוזמרין,התאמה מדויקת,121,FLUDIOXONIL,התאמה מדויקת
FLUDIOXONIL,טרגון,1.0,2011-12-19T00:00:00,,50,טרגון,התאמה מדויקת,121,FLUDIOXONIL,התאמה מדויקת
FLUDIOXONIL,רוקולה,1.0,2011-12-19T00:00:00,,118,רוקולה,התאמה מדויקת,121,FLUDIOXONIL,התאמה מדויקת
FLUDIOXONIL,בצל ירוק,1.0,2011-12-19T00:00:00,,18,בצל ירוק,התאמה מדויקת,121,FLUDIOXONIL,התאמה מדויקת
FLUENSULFONE,תות שדה לפרי,,2023-11-14T00:00:00,0.090,133,תות שדה לפרי,התאמה מדויקת,122,FLUENSULFONE,התאמה מדויקת
FLUENSULFONE,מלון,0.2,2013-09-16T00:00:00,,70,מלון,התאמה מדויקת,122,FLUENSULFONE,התאמה מדויקת
FLUENSULFONE,מלפפון,0.2,2013-09-16T00:00:00,0.150,72,מלפפון,התאמה מדויקת,122,FLUENSULFONE,התאמה מדויקת
FLUENSULFONE,קישוא,0.2,2015-11-12T00:00:00,0.150,115,קישוא,התאמה מדויקת,122,FLUENSULFONE,התאמה מדויקת
FLUENSULFONE,חסה,0.05,2011-11-14T00:00:00,0.800,46,חסה,התאמה מדויקת,122,FLUENSULFONE,התאמה מדויקת
FLUENSULFONE,פלפל,0.2,2013-09-16T00:00:00,0.300,99,פלפל,התאמה מדויקת,122,FLUENSULFONE,התאמה מדויקת
FLUENSULFONE,חציל,0.05,2011-11-14T00:00:00,0.300,47,חציל,התאמה מדויקת,122,FLUENSULFONE,התאמה מדויקת
FLUENSULFONE,עגבניה,0.05,2011-11-14T00:00:00,0.300,84,עגבניה,התאמה מדויקת,122,FLUENSULFONE,התאמה מדויקת
FLUENSULFONE,גזר,0.7,2015-11-12T00:00:00,,28,גזר,התאמה מדויקת,122,FLUENSULFONE,התאמה מדויקת
FLUFENACET,תירס מספוא,0.02,2013-01-16T00:00:00,יתבטל,135,תירס מספוא,התאמה מדויקת,123,FLUFENACET,התאמה מדויקת
FLUFENACET,ענבים,0.02,2013-01-16T00:00:00,יתבטל,89,ענבים,התאמה מדויקת,123,FLUFENACET,התאמה מדויקת
FLUFENACET,פרי הדר,0.02,2013-01-16T00:00:00,יתבטל,103,פרי הדר,התאמה מדויקת,123,FLUFENACET,התאמה מדויקת
FLUFENACET,תפוח אדמה,0.02,2013-01-16T00:00:00,יתבטל,139,תפוח אדמה,התאמה מדויקת,123,FLUFENACET,התאמה מדויקת
FLUFENACET,חימצה (חומוס),0.02,2013-01-16T00:00:00,יתבטל,43,חימצה (חומוס),התאמה מדויקת,123,FLUFENACET,התאמה מדויקת
FLUFENACET,תירס מתוק,0.02,2013-01-16T00:00:00,יתבטל,136,תירס מתוק,התאמה מדויקת,123,FLUFENACET,התאמה מדויקת
FLUFENACET,חמנית מצויה,0.02,2013-01-16T00:00:00,יתבטל,45,חמנית מצויה,התאמה מדויקת,123,FLUFENACET,התאמה מדויקת
FLUFENACET,שקד,0.02,2013-01-16T00:00:00,יתבטל,131,שקד,התאמה מדויקת,123,FLUFENACET,התאמה מדויקת
FLUFENACET,אבוקדו,0.02,2013-01-16T00:00:00,יתבטל,1,אבוקדו,התאמה מדויקת,123,FLUFENACET,התאמה מדויקת
FLUFENACET,בננה,0.02,2013-01-16T00:00:00,יתבטל,16,בננה,התאמה מדויקת,123,FLUFENACET,התאמה מדויקת
FLUFENACET,אפרסמון,0.02,2013-01-16T00:00:00,יתבטל,12,אפרסמון,התאמה מדויקת,123,FLUFENACET,התאמה מדויקת
FLUFENACET,רימון,0.02,2013-01-16T00:00:00,יתבטל,121,רימון,התאמה מדויקת,123,FLUFENACET,התאמה מדויקת
FLUFENACET,שזיף,0.02,2013-01-16T00:00:00,יתבטל,126,שזיף,התאמה מדויקת,123,FLUFENACET,התאמה מדויקת
FLUFENACET,משמש,0.02,2013-01-16T00:00:00,יתבטל,76,משמש,התאמה מדויקת,123,FLUFENACET,התאמה מדויקת
FLUFENACET,נקטרינה,0.02,2013-01-16T00:00:00,יתבטל,77,נקטרינה,התאמה מדויקת,123,FLUFENACET,התאמה מדויקת
FLUFENACET,אפרסק,0.02,2013-01-16T00:00:00,יתבטל,13,אפרסק,התאמה מדויקת,123,FLUFENACET,התאמה מדויקת
FLUFENACET,תירס,0.01,2017-12-28T00:00:00,יתבטל,134,תירס,התאמה מדויקת,123,FLUFENACET,התאמה מדויקת
FLUFENOXURON,ענבים,2.0,1997-12-18T00:00:00,יתבטל,89,ענבים,התאמה מדויקת,124,FLUFENOXURON,התאמה מדויקת
FLUFENOXURON,רימון,0.2,2005-09-20T00:00:00,יתבטל,121,רימון,התאמה מדויקת,124,FLUFENOXURON,התאמה מדויקת
FLUFENOXURON,תפוח עץ,0.2,2001-05-24T00:00:00,יתבטל,140,תפוח עץ,התאמה מדויקת,124,FLUFENOXURON,התאמה מדויקת
FLUFENOXURON,אגס,0.2,2001-05-24T00:00:00,יתבטל,4,אגס,התאמה מדויקת,124,FLUFENOXURON,התאמה מדויקת
FLUMETSULAM,תלתן,0.01,2013-01-16T00:00:00,,137,תלתן,התאמה מדויקת,125,FLUMETSULAM,התאמה מדויקת
FLUMETSULAM,בקיה,0.01,2013-01-16T00:00:00,,19,בקיה,התאמה מדויקת,125,FLUMETSULAM,התאמה מדויקת
FLUMETSULAM,חימצה (חומוס),0.01,2013-01-16T00:00:00,,43,חימצה (חומוס),התאמה מדויקת,125,FLUMETSULAM,התאמה מדויקת
FLUMETSULAM,שבולת שועל,0.01,2005-09-20T00:00:00,,122,שבולת שועל,התאמה מדויקת,125,FLUMETSULAM,התאמה מדויקת
FLUMETSULAM,חיטה,0.01,1999-01-01T00:00:00,,42,חיטה,התאמה מדויקת,125,FLUMETSULAM,התאמה מדויקת
FLUMETSULAM,שומר,0.01,2011-11-16T00:00:00,,124,שומר,התאמה מדויקת,125,FLUMETSULAM,התאמה מדויקת
FLUMIOXAZIN,ענבים,0.01,1999-01-01T00:00:00,,89,ענבים,התאמה מדויקת,126,FLUMIOXAZIN,התאמה מדויקת
FLUMIOXAZIN,פרי הדר,0.01,1999-01-01T00:00:00,,103,פרי הדר,התאמה מדויקת,126,FLUMIOXAZIN,התאמה מדויקת
FLUMIOXAZIN,פקאן תרבותי,0.01,1999-01-01T00:00:00,,102,פקאן תרבותי,התאמה מדויקת,126,FLUMIOXAZIN,התאמה מדויקת
FLUMIOXAZIN,אבוקדו,0.01,1999-01-01T00:00:00,,1,אבוקדו,התאמה מדויקת,126,FLUMIOXAZIN,התאמה מדויקת
FLUMIOXAZIN,קיווי,0.01,1999-01-01T00:00:00,,112,קיווי,התאמה מדויקת,126,FLUMIOXAZIN,התאמה מדויקת
FLUMIOXAZIN,מנגו,0.01,1999-01-01T00:00:00,,73,מנגו,התאמה מדויקת,126,FLUMIOXAZIN,התאמה מדויקת
FLUMIOXAZIN,אפרסמון,0.01,1999-01-01T00:00:00,,12,אפרסמון,התאמה מדויקת,126,FLUMIOXAZIN,התאמה מדויקת
FLUMIOXAZIN,תפוח עץ,0.01,1999-01-01T00:00:00,,140,תפוח עץ,התאמה מדויקת,126,FLUMIOXAZIN,התאמה מדויקת
FLUMIOXAZIN,אגס,0.01,1999-01-01T00:00:00,,4,אגס,התאמה מדויקת,126,FLUMIOXAZIN,התאמה מדויקת
FLUMIOXAZIN,שזיף,0.01,1999-01-01T00:00:00,,126,שזיף,התאמה מדויקת,126,FLUMIOXAZIN,התאמה מדויקת
FLUMIOXAZIN,נקטרינה,0.01,2004-07-13T00:00:00,,77,נקטרינה,התאמה מדויקת,126,FLUMIOXAZIN,התאמה מדויקת
FLUMIOXAZIN,אפרסק,0.01,1999-01-01T00:00:00,,13,אפרסק,התאמה מדויקת,126,FLUMIOXAZIN,התאמה מדויקת
FLUMIOXAZIN,גויאבה,0.01,1999-01-01T00:00:00,,27,גויאבה,התאמה מדויקת,126,FLUMIOXAZIN,התאמה מדויקת
FLUMIOXAZIN,אנונה,0.01,1999-01-01T00:00:00,,7,אנונה,התאמה מדויקת,126,FLUMIOXAZIN,התאמה מדויקת
FLUOMETURON,כותנה,0.1,1999-01-01T00:00:00,,56,כותנה,התאמה מדויקת,127,FLUOMETURON,התאמה מדויקת
FLUOPICOLIDE,תפוח אדמה,0.05,2012-02-15T00:00:00,,139,תפוח אדמה,התאמה מדויקת,128,FLUOPICOLIDE,התאמה מדויקת
FLUOPICOLIDE,מלון,0.1,2013-12-23T00:00:00,,70,מלון,התאמה מדויקת,128,FLUOPICOLIDE,התאמה מדויקת
FLUOPICOLIDE,מלפפון,0.1,2012-08-13T00:00:00,,72,מלפפון,התאמה מדויקת,128,FLUOPICOLIDE,התאמה מדויקת
FLUOPICOLIDE,דלעת,0.05,2015-11-12T00:00:00,,35,דלעת,התאמה מדויקת,128,FLUOPICOLIDE,התאמה מדויקת
FLUOPICOLIDE,עגבניה,0.1,2012-02-15T00:00:00,,84,עגבניה,התאמה מדויקת,128,FLUOPICOLIDE,התאמה מדויקת
FLUOPICOLIDE,דלורית,0.05,2015-11-12T00:00:00,,34,דלורית,התאמה מדויקת,128,FLUOPICOLIDE,התאמה מדויקת
FLUOPYRAM,ענבים,0.4,2015-11-12T00:00:00,,89,ענבים,התאמה מדויקת,129,FLUOPYRAM,התאמה מדויקת
FLUOPYRAM,תות שדה לפרי,0.4,2016-05-23T00:00:00,,133,תות שדה לפרי,התאמה מדויקת,129,FLUOPYRAM,התאמה מדויקת
FLUOPYRAM,מלון,0.05,2015-11-12T00:00:00,,70,מלון,התאמה מדויקת,129,FLUOPYRAM,התאמה מדויקת
FLUOPYRAM,מלפפון,0.2,2016-06-05T00:00:00,0.300,72,מלפפון,התאמה מדויקת,129,FLUOPYRAM,התאמה מדויקת
FLUOPYRAM,קישוא,0.05,2015-11-12T00:00:00,,115,קישוא,התאמה מדויקת,129,FLUOPYRAM,התאמה מדויקת
FLUOPYRAM,אבטיח,0.05,2015-11-12T00:00:00,,2,אבטיח,התאמה מדויקת,129,FLUOPYRAM,התאמה מדויקת
FLUOPYRAM,פלפל,,2021-04-26T00:00:00,0.700,99,פלפל,התאמה מדויקת,129,FLUOPYRAM,התאמה מדויקת
FLUOPYRAM,חציל,,2021-11-23T00:00:00,0.100,47,חציל,התאמה מדויקת,129,FLUOPYRAM,התאמה מדויקת
FLUOPYRAM,עגבניה,0.35,2016-06-05T00:00:00,,84,עגבניה,התאמה מדויקת,129,FLUOPYRAM,התאמה מדויקת
FLUOPYRAM,בטטה,,2025-06-26T00:00:00,0.150,14,בטטה,התאמה מדויקת,129,FLUOPYRAM,התאמה מדויקת
FLUOPYRAM,גזר,0.05,2016-05-16T00:00:00,0.400,28,גזר,התאמה מדויקת,129,FLUOPYRAM,התאמה מדויקת
FLUOPYRAM,שקד,0.05,2015-11-12T00:00:00,,131,שקד,התאמה מדויקת,129,FLUOPYRAM,התאמה מדויקת
FLUOPYRAM,תפוח עץ,0.2,2015-11-12T00:00:00,,140,תפוח עץ,התאמה מדויקת,129,FLUOPYRAM,התאמה מדויקת
FLUOPYRAM,אגס,0.2,2015-11-12T00:00:00,,4,אגס,התאמה מדויקת,129,FLUOPYRAM,התאמה מדויקת
FLUOPYRAM,שזיף,,2020-02-26T00:00:00,0.050,126,שזיף,התאמה מדויקת,129,FLUOPYRAM,התאמה מדויקת
FLUOPYRAM,משמש,0.7,2015-11-12T00:00:00,,76,משמש,התאמה מדויקת,129,FLUOPYRAM,התאמה מדויקת
FLUOPYRAM,דובדבן,,2021-04-26T00:00:00,1.000,31,דובדבן,התאמה מדויקת,129,FLUOPYRAM,התאמה מדויקת
FLUOPYRAM,נקטרינה,0.7,2015-11-12T00:00:00,,77,נקטרינה,התאמה מדויקת,129,FLUOPYRAM,התאמה מדויקת
FLUOPYRAM,אפרסק,0.7,2015-11-12T00:00:00,,13,אפרסק,התאמה מדויקת,129,FLUOPYRAM,התאמה מדויקת
FLUOPYRAM,חבוש,0.2,2015-11-12T00:00:00,,39,חבוש,התאמה מדויקת,129,FLUOPYRAM,התאמה מדויקת
FLUOXASTROBIN,פלפל,0.01,2021-04-26T00:00:00,,99,פלפל,התאמה מדויקת,130,FLUOXASTROBIN,התאמה מדויקת
FLUPYRADIFURONE,ענבי שועל,3.0,2025-07-24T00:00:00,יתבטל,88,ענבי שועל,התאמה מדויקת,131,FLUPYRADIFURONE,התאמה מדויקת
FLUPYRADIFURONE,ענבים,,2025-07-24T00:00:00,3.000,89,ענבים,התאמה מדויקת,131,FLUPYRADIFURONE,התאמה מדויקת
FLUPYRADIFURONE,כרוב,,2021-01-20T00:00:00,0.050,57,כרוב,התאמה מדויקת,131,FLUPYRADIFURONE,התאמה מדויקת
FLUPYRADIFURONE,ברוקולי,,2022-10-06T00:00:00,0.010,21,ברוקולי,התאמה מדויקת,131,FLUPYRADIFURONE,התאמה מדויקת
FLUPYRADIFURONE,כרובית,,2022-10-06T00:00:00,0.010,61,כרובית,התאמה מדויקת,131,FLUPYRADIFURONE,התאמה מדויקת
FLUPYRADIFURONE,מלון,,2021-01-20T00:00:00,0.100,70,מלון,התאמה מדויקת,131,FLUPYRADIFURONE,התאמה מדויקת
FLUPYRADIFURONE,מלפפון,,2021-01-20T00:00:00,0.300,72,מלפפון,התאמה מדויקת,131,FLUPYRADIFURONE,התאמה מדויקת
FLUPYRADIFURONE,קישוא,,2021-01-20T00:00:00,0.300,115,קישוא,התאמה מדויקת,131,FLUPYRADIFURONE,התאמה מדויקת
FLUPYRADIFURONE,אבטיח,,2021-01-20T00:00:00,0.050,2,אבטיח,התאמה מדויקת,131,FLUPYRADIFURONE,התאמה מדויקת
FLUPYRADIFURONE,חסה,,2022-10-06T00:00:00,2.500,46,חסה,התאמה מדויקת,131,FLUPYRADIFURONE,התאמה מדויקת
FLUPYRADIFURONE,פלפל,,2021-01-20T00:00:00,0.300,99,פלפל,התאמה מדויקת,131,FLUPYRADIFURONE,התאמה מדויקת
FLUPYRADIFURONE,חציל,,2021-01-20T00:00:00,0.300,47,חציל,התאמה מדויקת,131,FLUPYRADIFURONE,התאמה מדויקת
FLUPYRADIFURONE,עגבניה,,2021-01-20T00:00:00,0.300,84,עגבניה,התאמה מדויקת,131,FLUPYRADIFURONE,התאמה מדויקת
FLUPYRADIFURONE,שעועית ירוקה,,2024-10-29T00:00:00,0.200,129,שעועית ירוקה,התאמה מדויקת,131,FLUPYRADIFURONE,התאמה מדויקת
FLUPYRADIFURONE,שקד,,2022-12-26T00:00:00,0.300,131,שקד,התאמה מדויקת,131,FLUPYRADIFURONE,התאמה מדויקת
FLUPYRADIFURONE,תפוח עץ,,2022-10-06T00:00:00,0.300,140,תפוח עץ,התאמה מדויקת,131,FLUPYRADIFURONE,התאמה מדויקת
FLUPYRADIFURONE,אגס,,2024-01-29T00:00:00,0.150,4,אגס,התאמה מדויקת,131,FLUPYRADIFURONE,התאמה מדויקת
FLUPYRADIFURONE,שזיף,,2022-10-06T00:00:00,0.150,126,שזיף,התאמה מדויקת,131,FLUPYRADIFURONE,התאמה מדויקת
FLUROCHLORIDONE,חימצה (חומוס),0.01,2013-01-16T00:00:00,,43,חימצה (חומוס),התאמה מדויקת,132,FLUROCHLORIDONE,התאמה מדויקת
FLUROCHLORIDONE,כוסברה (גד השדה),0.01,2013-01-16T00:00:00,,55,כוסברה (גד השדה),התאמה מדויקת,132,FLUROCHLORIDONE,התאמה מדויקת
FLUROCHLORIDONE,בטטה,0.01,2009-12-03T00:00:00,,14,בטטה,התאמה מדויקת,132,FLUROCHLORIDONE,התאמה מדויקת
FLUROCHLORIDONE,גזר,0.01,2007-08-30T00:00:00,,28,גזר,התאמה מדויקת,132,FLUROCHLORIDONE,התאמה מדויקת
FLUROCHLORIDONE,כותנה,0.01,2013-01-16T00:00:00,,56,כותנה,התאמה מדויקת,132,FLUROCHLORIDONE,התאמה מדויקת
FLUROCHLORIDONE,אגוז אדמה,0.01,2011-01-09T00:00:00,,3,אגוז אדמה,התאמה מדויקת,132,FLUROCHLORIDONE,התאמה מדויקת
FLUROCHLORIDONE,חמנית מצויה,0.01,2013-01-16T00:00:00,,45,חמנית מצויה,התאמה מדויקת,132,FLUROCHLORIDONE,התאמה מדויקת
FLUROCHLORIDONE,שמיר (שבת),0.01,2013-01-16T00:00:00,,127,שמיר (שבת),התאמה מדויקת,132,FLUROCHLORIDONE,התאמה מדויקת
FLUROCHLORIDONE,פטרוסלינון (שורש ועלים),0.01,2013-01-16T00:00:00,,93,פטרוסלינון (שורש ועלים),התאמה מדויקת,132,FLUROCHLORIDONE,התאמה מדויקת
FLUROXYPYR,פרי הדר,0.01,1999-01-01T00:00:00,,103,פרי הדר,התאמה מדויקת,133,FLUROXYPYR,התאמה מדויקת
FLUROXYPYR,חוחובה,0.01,2013-01-16T00:00:00,,40,חוחובה,התאמה מדויקת,133,FLUROXYPYR,התאמה מדויקת
FLUROXYPYR,פקאן תרבותי,0.01,1999-01-01T00:00:00,,102,פקאן תרבותי,התאמה מדויקת,133,FLUROXYPYR,התאמה מדויקת
FLUROXYPYR,פיג'ואה,0.01,1999-01-01T00:00:00,,94,פיג'ואה,התאמה מדויקת,133,FLUROXYPYR,התאמה מדויקת
FLUROXYPYR,מנגו,0.01,1999-01-01T00:00:00,,73,מנגו,התאמה מדויקת,133,FLUROXYPYR,התאמה מדויקת
FLUROXYPYR,אפרסמון,0.01,2005-09-20T00:00:00,,12,אפרסמון,התאמה מדויקת,133,FLUROXYPYR,התאמה מדויקת
FLUROXYPYR,רימון,0.01,2013-01-16T00:00:00,,121,רימון,התאמה מדויקת,133,FLUROXYPYR,התאמה מדויקת
FLUROXYPYR,תפוח עץ,0.01,1999-01-01T00:00:00,,140,תפוח עץ,התאמה מדויקת,133,FLUROXYPYR,התאמה מדויקת
FLUROXYPYR,אגס,0.01,1999-01-01T00:00:00,,4,אגס,התאמה מדויקת,133,FLUROXYPYR,התאמה מדויקת
FLUROXYPYR,שזיף,0.01,1999-01-01T00:00:00,,126,שזיף,התאמה מדויקת,133,FLUROXYPYR,התאמה מדויקת
FLUROXYPYR,משמש,0.01,1999-01-01T00:00:00,,76,משמש,התאמה מדויקת,133,FLUROXYPYR,התאמה מדויקת
FLUROXYPYR,נקטרינה,0.01,2004-07-13T00:00:00,,77,נקטרינה,התאמה מדויקת,133,FLUROXYPYR,התאמה מדויקת
FLUROXYPYR,אפרסק,0.01,1999-01-01T00:00:00,,13,אפרסק,התאמה מדויקת,133,FLUROXYPYR,התאמה מדויקת
FLUROXYPYR,תמר,0.01,1999-01-01T00:00:00,,138,תמר,התאמה מדויקת,133,FLUROXYPYR,התאמה מדויקת
FLUROXYPYR,זית אירופאי,0.01,2005-09-20T00:00:00,,37,זית אירופאי,התאמה מדויקת,133,FLUROXYPYR,התאמה מדויקת
FLUROXYPYR,תירס,0.01,2017-12-28T00:00:00,,134,תירס,התאמה מדויקת,133,FLUROXYPYR,התאמה מדויקת
FLUROXYPYR,חיטה,,2017-07-24T00:00:00,0.010,42,חיטה,התאמה מדויקת,133,FLUROXYPYR,התאמה מדויקת
FLUROXYPYR,אנונה,0.01,1999-01-01T00:00:00,,7,אנונה,התאמה מדויקת,133,FLUROXYPYR,התאמה מדויקת
FLURPRIMIDOL,אבוקדו,0.05,2006-11-06T00:00:00,,1,אבוקדו,התאמה מדויקת,134,FLURPRIMIDOL,התאמה מדויקת
FLUSULFAMIDE,תפוח אדמה,,2018-01-09T00:00:00,0.020,139,תפוח אדמה,התאמה מדויקת,135,FLUSULFAMIDE,התאמה מדויקת
FLUTOLANIL,תפוח אדמה,0.1,2005-12-07T00:00:00,,139,תפוח אדמה,התאמה מדויקת,136,FLUTOLANIL,התאמה מדויקת
FLUTRIAFOL,פרי הדר,0.2,1998-05-15T00:00:00,,103,פרי הדר,התאמה מדויקת,137,FLUTRIAFOL,התאמה מדויקת
FLUTRIAFOL,תפוח אדמה,0.2,1999-01-01T00:00:00,,139,תפוח אדמה,התאמה מדויקת,137,FLUTRIAFOL,התאמה מדויקת
FLUTRIAFOL,פלפל,0.2,2010-06-21T00:00:00,,99,פלפל,התאמה מדויקת,137,FLUTRIAFOL,התאמה מדויקת
FLUTRIAFOL,חציל,0.02,2010-06-21T00:00:00,,47,חציל,התאמה מדויקת,137,FLUTRIAFOL,התאמה מדויקת
FLUTRIAFOL,גזר,0.2,1999-01-01T00:00:00,,28,גזר,התאמה מדויקת,137,FLUTRIAFOL,התאמה מדויקת
FLUTRIAFOL,מנגו,0.03,2015-11-15T00:00:00,,73,מנגו,התאמה מדויקת,137,FLUTRIAFOL,התאמה מדויקת
FLUTRIAFOL,אפרסק,0.05,2015-11-12T00:00:00,,13,אפרסק,התאמה מדויקת,137,FLUTRIAFOL,התאמה מדויקת
FLUXAPYROXAD,ענבים,,2022-05-12T00:00:00,0.400,89,ענבים,התאמה מדויקת,138,FLUXAPYROXAD,התאמה מדויקת
FLUXAPYROXAD,תפוח אדמה,,2025-06-25T00:00:00,0.010,139,תפוח אדמה,התאמה מדויקת,138,FLUXAPYROXAD,התאמה מדויקת
FLUXAPYROXAD,מלפפון,,2024-01-29T00:00:00,0.200,72,מלפפון,התאמה מדויקת,138,FLUXAPYROXAD,התאמה מדויקת
FLUXAPYROXAD,גזר,,2023-12-11T00:00:00,0.080,28,גזר,התאמה מדויקת,138,FLUXAPYROXAD,התאמה מדויקת
FLUXAPYROXAD,מנגו,,2022-12-04T00:00:00,0.010,73,מנגו,התאמה מדויקת,138,FLUXAPYROXAD,התאמה מדויקת
FLUXAPYROXAD,תפוח עץ,,2022-12-04T00:00:00,0.300,140,תפוח עץ,התאמה מדויקת,138,FLUXAPYROXAD,התאמה מדויקת
FLUXAPYROXAD,משמש,,2022-12-04T00:00:00,0.300,76,משמש,התאמה מדויקת,138,FLUXAPYROXAD,התאמה מדויקת
FLUXAPYROXAD,נקטרינה,,2022-05-12T00:00:00,0.300,77,נקטרינה,התאמה מדויקת,138,FLUXAPYROXAD,התאמה מדויקת
FLUXAPYROXAD,אפרסק,,2022-05-12T00:00:00,0.300,13,אפרסק,התאמה מדויקת,138,FLUXAPYROXAD,התאמה מדויקת
FOLPET,ענבים,7.0,2011-07-25T00:00:00,,89,ענבים,התאמה מדויקת,139,FOLPET,התאמה מדויקת
FOLPET,תפוח אדמה,0.02,1996-01-01T00:00:00,,139,תפוח אדמה,התאמה מדויקת,139,FOLPET,התאמה מדויקת
FOLPET,מלפפון,0.5,1996-01-01T00:00:00,,72,מלפפון,התאמה מדויקת,139,FOLPET,התאמה מדויקת
FOLPET,עגבניה,0.5,1999-01-01T00:00:00,,84,עגבניה,התאמה מדויקת,139,FOLPET,התאמה מדויקת
FOLPET,גזר,0.02,1996-01-01T00:00:00,,28,גזר,התאמה מדויקת,139,FOLPET,התאמה מדויקת
FOLPET,בצל,1.0,2013-01-17T00:00:00,,17,בצל,התאמה מדויקת,139,FOLPET,התאמה מדויקת
FOLPET,שקד,0.5,1999-01-01T00:00:00,,131,שקד,התאמה מדויקת,139,FOLPET,התאמה מדויקת
FOLPET,תפוח עץ,10.0,1996-01-01T00:00:00,,140,תפוח עץ,התאמה מדויקת,139,FOLPET,התאמה מדויקת
FOLPET,אגס,10.0,1996-01-01T00:00:00,,4,אגס,התאמה מדויקת,139,FOLPET,התאמה מדויקת
FOLPET,נקטרינה,5.0,2005-09-20T00:00:00,,77,נקטרינה,התאמה מדויקת,139,FOLPET,התאמה מדויקת
FOLPET,אפרסק,5.0,2005-09-20T00:00:00,,13,אפרסק,התאמה מדויקת,139,FOLPET,התאמה מדויקת
FOMESAFEN,חימצה (חומוס),0.01,2013-01-17T00:00:00,,43,חימצה (חומוס),התאמה מדויקת,140,FOMESAFEN,התאמה מדויקת
FOMESAFEN,אפון,0.01,2000-01-01T00:00:00,,10,אפון,התאמה מדויקת,140,FOMESAFEN,התאמה מדויקת
FOMESAFEN,שעועית ירוקה,0.01,2000-01-01T00:00:00,,129,שעועית ירוקה,התאמה מדויקת,140,FOMESAFEN,התאמה מדויקת
FORAMSULFURON,תירס,0.05,2017-12-28T00:00:00,,134,תירס,התאמה מדויקת,141,FORAMSULFURON,התאמה מדויקת
FORCHLORFENURON,ענבים,0.01,2000-10-15T00:00:00,,89,ענבים,התאמה מדויקת,142,FORCHLORFENURON,התאמה מדויקת
FORCHLORFENURON,קיווי,0.01,2000-10-15T00:00:00,,112,קיווי,התאמה מדויקת,142,FORCHLORFENURON,התאמה מדויקת
FORCHLORFENURON,אגס,0.01,2000-10-15T00:00:00,,4,אגס,התאמה מדויקת,142,FORCHLORFENURON,התאמה מדויקת
FORMETANATE HCL,כרוב,0.05,2013-01-16T00:00:00,,57,כרוב,התאמה מדויקת,143,FORMETANATE HCL,התאמה מדויקת
FORMETANATE HCL,ברוקולי,0.05,2013-01-16T00:00:00,,21,ברוקולי,התאמה מדויקת,143,FORMETANATE HCL,התאמה מדויקת
FORMETANATE HCL,כרובית,0.05,2012-05-06T00:00:00,,61,כרובית,התאמה מדויקת,143,FORMETANATE HCL,התאמה מדויקת
FORMETANATE HCL,קולרבי,0.05,2013-01-16T00:00:00,,108,קולרבי,התאמה מדויקת,143,FORMETANATE HCL,התאמה מדויקת
FORMETANATE HCL,מלפפון,0.2,2012-08-26T00:00:00,,72,מלפפון,התאמה מדויקת,143,FORMETANATE HCL,התאמה מדויקת
FORMETANATE HCL,פלפל,0.5,2012-05-06T00:00:00,,99,פלפל,התאמה מדויקת,143,FORMETANATE HCL,התאמה מדויקת
FORMETANATE HCL,חציל,0.5,2012-05-06T00:00:00,,47,חציל,התאמה מדויקת,143,FORMETANATE HCL,התאמה מדויקת
FORMETANATE HCL,עגבניה,0.5,2012-05-06T00:00:00,,84,עגבניה,התאמה מדויקת,143,FORMETANATE HCL,התאמה מדויקת
FORMETANATE HCL,בצל,0.3,2012-01-08T00:00:00,,17,בצל,התאמה מדויקת,143,FORMETANATE HCL,התאמה מדויקת
FORMETANATE HCL,שום,0.3,2012-01-08T00:00:00,,123,שום,התאמה מדויקת,143,FORMETANATE HCL,התאמה מדויקת
FORMETANATE HCL,משמש,0.01,2012-08-26T00:00:00,,76,משמש,התאמה מדויקת,143,FORMETANATE HCL,התאמה מדויקת
FORMETANATE HCL,נקטרינה,0.01,2011-07-25T00:00:00,,77,נקטרינה,התאמה מדויקת,143,FORMETANATE HCL,התאמה מדויקת
FORMETANATE HCL,אפרסק,0.01,2011-07-25T00:00:00,,13,אפרסק,התאמה מדויקת,143,FORMETANATE HCL,התאמה מדויקת
FOSETYL AL,ענבים,5.0,1996-01-01T00:00:00,,89,ענבים,התאמה מדויקת,144,FOSETYL AL,התאמה מדויקת
FOSETYL AL,פרי הדר,5.0,1996-01-01T00:00:00,,103,פרי הדר,התאמה מדויקת,144,FOSETYL AL,התאמה מדויקת
FOSETYL AL,מלון,1.0,1996-01-01T00:00:00,,70,מלון,התאמה מדויקת,144,FOSETYL AL,התאמה מדויקת
FOSETYL AL,מלפפון,2.0,1996-01-01T00:00:00,,72,מלפפון,התאמה מדויקת,144,FOSETYL AL,התאמה מדויקת
FOSETYL AL,דלעת,0.5,2015-11-15T00:00:00,,35,דלעת,התאמה מדויקת,144,FOSETYL AL,התאמה מדויקת
FOSETYL AL,קישוא,,2017-03-13T00:00:00,2.000,115,קישוא,התאמה מדויקת,144,FOSETYL AL,התאמה מדויקת
FOSETYL AL,חסה,1.0,1996-01-01T00:00:00,,46,חסה,התאמה מדויקת,144,FOSETYL AL,התאמה מדויקת
FOSETYL AL,דלורית,0.5,2015-11-15T00:00:00,,34,דלורית,התאמה מדויקת,144,FOSETYL AL,התאמה מדויקת
FOSETYL AL,בצל,0.5,2015-11-12T00:00:00,,17,בצל,התאמה מדויקת,144,FOSETYL AL,התאמה מדויקת
GLUFOSINATE AMMONIUM,ירקות,0.01,2013-01-17T00:00:00,,51,ירקות,התאמה מדויקת,145,GLUFOSINATE AMMONIUM,התאמה מדויקת
GLUFOSINATE AMMONIUM,פירות,0.01,2013-01-17T00:00:00,,95,פירות,התאמה מדויקת,145,GLUFOSINATE AMMONIUM,התאמה מדויקת
GLUFOSINATE AMMONIUM,ענבים,0.01,2013-01-17T00:00:00,,89,ענבים,התאמה מדויקת,145,GLUFOSINATE AMMONIUM,התאמה מדויקת
GLUFOSINATE AMMONIUM,פרי הדר,0.01,2013-01-17T00:00:00,,103,פרי הדר,התאמה מדויקת,145,GLUFOSINATE AMMONIUM,התאמה מדויקת
GLUFOSINATE AMMONIUM,תפוח אדמה,0.01,2013-01-17T00:00:00,,139,תפוח אדמה,התאמה מדויקת,145,GLUFOSINATE AMMONIUM,התאמה מדויקת
GLUFOSINATE AMMONIUM,כותנה,0.01,2013-01-17T00:00:00,,56,כותנה,התאמה מדויקת,145,GLUFOSINATE AMMONIUM,התאמה מדויקת
GLUFOSINATE AMMONIUM,אבוקדו,0.01,2013-01-17T00:00:00,,1,אבוקדו,התאמה מדויקת,145,GLUFOSINATE AMMONIUM,התאמה מדויקת
GLUFOSINATE AMMONIUM,מנגו,0.01,2013-01-17T00:00:00,,73,מנגו,התאמה מדויקת,145,GLUFOSINATE AMMONIUM,התאמה מדויקת
GLUFOSINATE AMMONIUM,אפרסמון,0.01,2013-01-17T00:00:00,,12,אפרסמון,התאמה מדויקת,145,GLUFOSINATE AMMONIUM,התאמה מדויקת
GLUFOSINATE AMMONIUM,תפוח עץ,0.01,2013-01-17T00:00:00,,140,תפוח עץ,התאמה מדויקת,145,GLUFOSINATE AMMONIUM,התאמה מדויקת
GLUFOSINATE AMMONIUM,שסק,0.01,2013-01-17T00:00:00,,128,שסק,התאמה מדויקת,145,GLUFOSINATE AMMONIUM,התאמה מדויקת
GLUFOSINATE AMMONIUM,שזיף,0.01,2013-01-17T00:00:00,,126,שזיף,התאמה מדויקת,145,GLUFOSINATE AMMONIUM,התאמה מדויקת
GLUFOSINATE AMMONIUM,נקטרינה,0.01,2013-01-17T00:00:00,,77,נקטרינה,התאמה מדויקת,145,GLUFOSINATE AMMONIUM,התאמה מדויקת
GLUFOSINATE AMMONIUM,אפרסק,0.01,2013-01-17T00:00:00,,13,אפרסק,התאמה מדויקת,145,GLUFOSINATE AMMONIUM,התאמה מדויקת
GLUFOSINATE AMMONIUM,תמר,0.01,2013-01-17T00:00:00,,138,תמר,התאמה מדויקת,145,GLUFOSINATE AMMONIUM,התאמה מדויקת
GLUFOSINATE AMMONIUM,זית אירופאי,0.01,2013-01-17T00:00:00,,37,זית אירופאי,התאמה מדויקת,145,GLUFOSINATE AMMONIUM,התאמה מדויקת
GLYPHOSATE,בקיה,0.1,1999-01-01T00:00:00,,19,בקיה,התאמה מדויקת,146,GLYPHOSATE,התאמה מדויקת
GLYPHOSATE,ירקות,0.1,2005-09-20T00:00:00,,51,ירקות,התאמה מדויקת,146,GLYPHOSATE,התאמה מדויקת
GLYPHOSATE,פירות,0.2,2005-09-20T00:00:00,,95,פירות,התאמה מדויקת,146,GLYPHOSATE,התאמה מדויקת
GLYPHOSATE,ענבים,0.2,1999-01-01T00:00:00,,89,ענבים,התאמה מדויקת,146,GLYPHOSATE,התאמה מדויקת
GLYPHOSATE,פרי הדר,0.2,1999-01-01T00:00:00,,103,פרי הדר,התאמה מדויקת,146,GLYPHOSATE,התאמה מדויקת
GLYPHOSATE,מלון,0.5,1999-01-01T00:00:00,,70,מלון,התאמה מדויקת,146,GLYPHOSATE,התאמה מדויקת
GLYPHOSATE,אבטיח,0.5,1999-01-01T00:00:00,,2,אבטיח,התאמה מדויקת,146,GLYPHOSATE,התאמה מדויקת
GLYPHOSATE,חימצה (חומוס),0.1,2013-01-17T00:00:00,,43,חימצה (חומוס),התאמה מדויקת,146,GLYPHOSATE,התאמה מדויקת
GLYPHOSATE,בצל,0.1,2013-01-17T00:00:00,,17,בצל,התאמה מדויקת,146,GLYPHOSATE,התאמה מדויקת
GLYPHOSATE,כותנה,0.5,1999-01-01T00:00:00,,56,כותנה,התאמה מדויקת,146,GLYPHOSATE,התאמה מדויקת
GLYPHOSATE,אגוז אדמה,0.1,1999-01-01T00:00:00,,3,אגוז אדמה,התאמה מדויקת,146,GLYPHOSATE,התאמה מדויקת
GLYPHOSATE,חמנית מצויה,0.2,1999-01-01T00:00:00,,45,חמנית מצויה,התאמה מדויקת,146,GLYPHOSATE,התאמה מדויקת
GLYPHOSATE,שקד,1.0,1999-01-01T00:00:00,,131,שקד,התאמה מדויקת,146,GLYPHOSATE,התאמה מדויקת
GLYPHOSATE,פקאן תרבותי,0.2,1999-01-01T00:00:00,,102,פקאן תרבותי,התאמה מדויקת,146,GLYPHOSATE,התאמה מדויקת
GLYPHOSATE,אבוקדו,0.2,1999-01-01T00:00:00,,1,אבוקדו,התאמה מדויקת,146,GLYPHOSATE,התאמה מדויקת
GLYPHOSATE,בננה,0.2,1999-01-01T00:00:00,,16,בננה,התאמה מדויקת,146,GLYPHOSATE,התאמה מדויקת
GLYPHOSATE,זית אירופאי,0.2,1999-01-01T00:00:00,,37,זית אירופאי,התאמה מדויקת,146,GLYPHOSATE,התאמה מדויקת
GLYPHOSATE,דגניים,0.1,1999-01-01T00:00:00,,30,דגניים,התאמה מדויקת,146,GLYPHOSATE,התאמה מדויקת
GLYPHOSATE,שעורה תרבותית,0.1,2013-01-17T00:00:00,,130,שעורה תרבותית,התאמה מדויקת,146,GLYPHOSATE,התאמה מדויקת
GLYPHOSATE,תירס,0.1,1999-01-01T00:00:00,,134,תירס,התאמה מדויקת,146,GLYPHOSATE,התאמה מדויקת
GLYPHOSATE,שבולת שועל,0.1,2013-01-17T00:00:00,,122,שבולת שועל,התאמה מדויקת,146,GLYPHOSATE,התאמה מדויקת
GLYPHOSATE,דורה-סורגום,0.1,2013-01-17T00:00:00,,32,דורה-סורגום,התאמה מדויקת,146,GLYPHOSATE,התאמה מדויקת
GLYPHOSATE,חיטה,5.0,1999-01-01T00:00:00,,42,חיטה,התאמה מדויקת,146,GLYPHOSATE,התאמה מדויקת
GUAZATINE,פרי הדר,5.0,1996-01-01T00:00:00,יתבטל,103,פרי הדר,התאמה מדויקת,147,GUAZATINE,התאמה מדויקת
HALAUXIFEN METHYL,שעורה תרבותית,0.01,2015-11-12T00:00:00,,130,שעורה תרבותית,התאמה מדויקת,148,HALAUXIFEN METHYL,התאמה מדויקת
HALAUXIFEN METHYL,שבולת שועל,0.01,2015-11-12T00:00:00,,122,שבולת שועל,התאמה מדויקת,148,HALAUXIFEN METHYL,התאמה מדויקת
HALAUXIFEN METHYL,חיטה,0.01,2015-11-12T00:00:00,,42,חיטה,התאמה מדויקת,148,HALAUXIFEN METHYL,התאמה מדויקת
HALOXYFOP R METHYL,תלתן,0.02,2013-01-17T00:00:00,,137,תלתן,התאמה מדויקת,149,HALOXYFOP R METHYL,התאמה מדויקת
HALOXYFOP R METHYL,בקיה,0.02,2013-01-17T00:00:00,,19,בקיה,התאמה מדויקת,149,HALOXYFOP R METHYL,התאמה מדויקת
HALOXYFOP R METHYL,ענבים,0.02,2013-01-17T00:00:00,,89,ענבים,התאמה מדויקת,149,HALOXYFOP R METHYL,התאמה מדויקת
HALOXYFOP R METHYL,כרפס/סלרי (שורש ועלים),0.02,2013-01-17T00:00:00,,62,כרפס/סלרי (שורש ועלים),התאמה מדויקת,149,HALOXYFOP R METHYL,התאמה מדויקת
HALOXYFOP R METHYL,כרוב,0.02,2013-01-17T00:00:00,,57,כרוב,התאמה מדויקת,149,HALOXYFOP R METHYL,התאמה מדויקת
HALOXYFOP R METHYL,ברוקולי,0.02,2013-01-17T00:00:00,,21,ברוקולי,התאמה מדויקת,149,HALOXYFOP R METHYL,התאמה מדויקת
HALOXYFOP R METHYL,כרובית,0.02,2013-01-17T00:00:00,,61,כרובית,התאמה מדויקת,149,HALOXYFOP R METHYL,התאמה מדויקת
HALOXYFOP R METHYL,אבטיח,0.02,2013-01-17T00:00:00,,2,אבטיח,התאמה מדויקת,149,HALOXYFOP R METHYL,התאמה מדויקת
HALOXYFOP R METHYL,חימצה (חומוס),0.02,2013-01-17T00:00:00,,43,חימצה (חומוס),התאמה מדויקת,149,HALOXYFOP R METHYL,התאמה מדויקת
HALOXYFOP R METHYL,חסה,0.02,2013-01-17T00:00:00,,46,חסה,התאמה מדויקת,149,HALOXYFOP R METHYL,התאמה מדויקת
HALOXYFOP R METHYL,פלפל,0.02,2013-01-17T00:00:00,,99,פלפל,התאמה מדויקת,149,HALOXYFOP R METHYL,התאמה מדויקת
HALOXYFOP R METHYL,עגבניה,0.02,2013-01-17T00:00:00,,84,עגבניה,התאמה מדויקת,149,HALOXYFOP R METHYL,התאמה מדויקת
HALOXYFOP R METHYL,אפון,0.02,2013-01-17T00:00:00,,10,אפון,התאמה מדויקת,149,HALOXYFOP R METHYL,התאמה מדויקת
HALOXYFOP R METHYL,סלק אדום (שורש ועלים),0.02,2013-01-17T00:00:00,,80,סלק אדום (שורש ועלים),התאמה מדויקת,149,HALOXYFOP R METHYL,התאמה מדויקת
HALOXYFOP R METHYL,בצל,0.02,2013-01-17T00:00:00,,17,בצל,התאמה מדויקת,149,HALOXYFOP R METHYL,התאמה מדויקת
HALOXYFOP R METHYL,כותנה,0.02,2013-01-17T00:00:00,,56,כותנה,התאמה מדויקת,149,HALOXYFOP R METHYL,התאמה מדויקת
HALOXYFOP R METHYL,אגוז אדמה,0.02,2013-01-17T00:00:00,,3,אגוז אדמה,התאמה מדויקת,149,HALOXYFOP R METHYL,התאמה מדויקת
HALOXYFOP R METHYL,חריע,0.02,2013-01-17T00:00:00,,49,חריע,התאמה מדויקת,149,HALOXYFOP R METHYL,התאמה מדויקת
HALOXYFOP R METHYL,חמנית מצויה,0.02,2013-01-17T00:00:00,,45,חמנית מצויה,התאמה מדויקת,149,HALOXYFOP R METHYL,התאמה מדויקת
HALOXYFOP R METHYL,שום,0.02,2013-01-17T00:00:00,,123,שום,התאמה מדויקת,149,HALOXYFOP R METHYL,התאמה מדויקת
HEPTACHLOR,חלב,0.006,1999-01-01T00:00:00,,44,חלב,התאמה מדויקת,150,HEPTACHLOR,התאמה מדויקת
HEPTACHLOR,בשר,0.2,1999-01-01T00:00:00,,22,בשר,התאמה מדויקת,150,HEPTACHLOR,התאמה מדויקת
HEPTACHLOR,ביצים,0.05,1999-01-01T00:00:00,,15,ביצים,התאמה מדויקת,150,HEPTACHLOR,התאמה מדויקת
HEPTACHLOR,בשר עוף,0.2,1999-01-01T00:00:00,,23,בשר עוף,התאמה מדויקת,150,HEPTACHLOR,התאמה מדויקת
HEPTACHLOR,כותנה,0.02,1996-01-01T00:00:00,,56,כותנה,התאמה מדויקת,150,HEPTACHLOR,התאמה מדויקת
HEPTACHLOR,דגניים,0.02,1996-01-01T00:00:00,,30,דגניים,התאמה מדויקת,150,HEPTACHLOR,התאמה מדויקת
HYMEXAZOL,מלפפון,0.05,2013-01-17T00:00:00,,72,מלפפון,התאמה מדויקת,151,HYMEXAZOL,התאמה מדויקת
HYMEXAZOL,עגבניה,0.05,2013-01-17T00:00:00,,84,עגבניה,התאמה מדויקת,151,HYMEXAZOL,התאמה מדויקת
IMAZALIL,פרי הדר,5.0,1996-01-01T00:00:00,,103,פרי הדר,התאמה מדויקת,152,IMAZALIL,התאמה מדויקת
IMAZALIL,תפוח אדמה,5.0,2005-09-21T00:00:00,,139,תפוח אדמה,התאמה מדויקת,152,IMAZALIL,התאמה מדויקת
IMAZALIL,מלון,2.0,1996-01-01T00:00:00,,70,מלון,התאמה מדויקת,152,IMAZALIL,התאמה מדויקת
IMAZALIL,בננה,2.0,1999-01-01T00:00:00,,16,בננה,התאמה מדויקת,152,IMAZALIL,התאמה מדויקת
IMAZALIL,אפרסמון,0.01,2013-01-17T00:00:00,,12,אפרסמון,התאמה מדויקת,152,IMAZALIL,התאמה מדויקת
IMAZALIL,תפוח עץ,0.01,2013-01-17T00:00:00,,140,תפוח עץ,התאמה מדויקת,152,IMAZALIL,התאמה מדויקת
IMAZALIL,שזיף,0.01,2013-01-17T00:00:00,,126,שזיף,התאמה מדויקת,152,IMAZALIL,התאמה מדויקת
IMAZALIL,משמש,0.01,2013-01-17T00:00:00,,76,משמש,התאמה מדויקת,152,IMAZALIL,התאמה מדויקת
IMAZALIL,אפרסק,0.01,2013-01-17T00:00:00,,13,אפרסק,התאמה מדויקת,152,IMAZALIL,התאמה מדויקת
IMAZALIL,חיטה,0.01,2013-01-17T00:00:00,,42,חיטה,התאמה מדויקת,152,IMAZALIL,התאמה מדויקת
IMAZAMOX,אספסת,0.01,2013-01-17T00:00:00,,8,אספסת,התאמה מדויקת,153,IMAZAMOX,התאמה מדויקת
IMAZAMOX,תלתן,0.01,2013-01-17T00:00:00,,137,תלתן,התאמה מדויקת,153,IMAZAMOX,התאמה מדויקת
IMAZAMOX,בקיה,0.01,2013-01-17T00:00:00,,19,בקיה,התאמה מדויקת,153,IMAZAMOX,התאמה מדויקת
IMAZAMOX,אפון,0.01,2013-01-17T00:00:00,,10,אפון,התאמה מדויקת,153,IMAZAMOX,התאמה מדויקת
IMAZAMOX,שעועית ירוקה,0.01,2013-01-17T00:00:00,,129,שעועית ירוקה,התאמה מדויקת,153,IMAZAMOX,התאמה מדויקת
IMAZAMOX,אגוז אדמה,0.01,2013-01-17T00:00:00,,3,אגוז אדמה,התאמה מדויקת,153,IMAZAMOX,התאמה מדויקת
IMAZAPIC,עגבניה,0.1,2016-05-29T00:00:00,,84,עגבניה,התאמה מדויקת,154,IMAZAPIC,התאמה מדויקת
IMAZAPIC,אגוז אדמה,0.01,2013-01-17T00:00:00,,3,אגוז אדמה,התאמה מדויקת,154,IMAZAPIC,התאמה מדויקת
IMAZAPYR,תמר,0.01,1999-01-01T00:00:00,,138,תמר,התאמה מדויקת,155,IMAZAPYR,התאמה מדויקת
IMAZETHAPYR,אפון,0.01,1999-01-01T00:00:00,,10,אפון,התאמה מדויקת,156,IMAZETHAPYR,התאמה מדויקת
IMIDACLOPRID,קורנית,2.0,2011-12-19T00:00:00,,110,קורנית,התאמה מדויקת,157,IMIDACLOPRID,התאמה מדויקת
IMIDACLOPRID,ענבים,0.1,1998-05-01T00:00:00,,89,ענבים,התאמה מדויקת,157,IMIDACLOPRID,התאמה מדויקת
IMIDACLOPRID,תות שדה לפרי,0.1,2000-07-10T00:00:00,,133,תות שדה לפרי,התאמה מדויקת,157,IMIDACLOPRID,התאמה מדויקת
IMIDACLOPRID,פרי הדר,0.5,1996-01-01T00:00:00,,103,פרי הדר,התאמה מדויקת,157,IMIDACLOPRID,התאמה מדויקת
IMIDACLOPRID,תפוח אדמה,0.5,2005-09-21T00:00:00,,139,תפוח אדמה,התאמה מדויקת,157,IMIDACLOPRID,התאמה מדויקת
IMIDACLOPRID,כרוב,0.5,2014-03-02T00:00:00,,57,כרוב,התאמה מדויקת,157,IMIDACLOPRID,התאמה מדויקת
IMIDACLOPRID,ברוקולי,0.5,2014-03-02T00:00:00,,21,ברוקולי,התאמה מדויקת,157,IMIDACLOPRID,התאמה מדויקת
IMIDACLOPRID,כרובית,0.5,2014-03-02T00:00:00,,61,כרובית,התאמה מדויקת,157,IMIDACLOPRID,התאמה מדויקת
IMIDACLOPRID,קולרבי,0.5,2014-03-02T00:00:00,,108,קולרבי,התאמה מדויקת,157,IMIDACLOPRID,התאמה מדויקת
IMIDACLOPRID,מלון,0.1,1996-01-01T00:00:00,,70,מלון,התאמה מדויקת,157,IMIDACLOPRID,התאמה מדויקת
IMIDACLOPRID,מלפפון,1.0,2012-12-02T00:00:00,,72,מלפפון,התאמה מדויקת,157,IMIDACLOPRID,התאמה מדויקת
IMIDACLOPRID,קישוא,1.0,2012-12-02T00:00:00,,115,קישוא,התאמה מדויקת,157,IMIDACLOPRID,התאמה מדויקת
IMIDACLOPRID,אבטיח,0.1,1996-01-01T00:00:00,,2,אבטיח,התאמה מדויקת,157,IMIDACLOPRID,התאמה מדויקת
IMIDACLOPRID,חימצה (חומוס),0.3,2013-01-17T00:00:00,,43,חימצה (חומוס),התאמה מדויקת,157,IMIDACLOPRID,התאמה מדויקת
IMIDACLOPRID,סלק עלים,2.0,2014-03-19T00:00:00,,83,סלק עלים,התאמה מדויקת,157,IMIDACLOPRID,התאמה מדויקת
IMIDACLOPRID,כוסברה (גד השדה),2.0,2011-12-19T00:00:00,,55,כוסברה (גד השדה),התאמה מדויקת,157,IMIDACLOPRID,התאמה מדויקת
IMIDACLOPRID,כרוב סיני,0.5,2005-09-21T00:00:00,,59,כרוב סיני,התאמה מדויקת,157,IMIDACLOPRID,התאמה מדויקת
IMIDACLOPRID,תרד,2.0,2014-03-19T00:00:00,,141,תרד,התאמה מדויקת,157,IMIDACLOPRID,התאמה מדויקת
IMIDACLOPRID,פלפל,0.3,2001-03-21T00:00:00,,99,פלפל,התאמה מדויקת,157,IMIDACLOPRID,התאמה מדויקת
IMIDACLOPRID,חציל,0.3,2014-02-16T00:00:00,,47,חציל,התאמה מדויקת,157,IMIDACLOPRID,התאמה מדויקת
IMIDACLOPRID,עגבניה,3.0,2001-10-21T00:00:00,,84,עגבניה,התאמה מדויקת,157,IMIDACLOPRID,התאמה מדויקת
IMIDACLOPRID,גזר,0.05,2011-05-17T00:00:00,,28,גזר,התאמה מדויקת,157,IMIDACLOPRID,התאמה מדויקת
IMIDACLOPRID,בצל,0.3,1999-01-01T00:00:00,,17,בצל,התאמה מדויקת,157,IMIDACLOPRID,התאמה מדויקת
IMIDACLOPRID,כותנה,0.1,1999-01-01T00:00:00,,56,כותנה,התאמה מדויקת,157,IMIDACLOPRID,התאמה מדויקת
IMIDACLOPRID,שקד,0.3,1996-01-01T00:00:00,,131,שקד,התאמה מדויקת,157,IMIDACLOPRID,התאמה מדויקת
IMIDACLOPRID,פקאן תרבותי,0.3,2005-09-21T00:00:00,,102,פקאן תרבותי,התאמה מדויקת,157,IMIDACLOPRID,התאמה מדויקת
IMIDACLOPRID,אורגנו,2.0,2011-12-19T00:00:00,,5,אורגנו,התאמה מדויקת,157,IMIDACLOPRID,התאמה מדויקת
IMIDACLOPRID,בננה,0.05,2015-11-12T00:00:00,,16,בננה,התאמה מדויקת,157,IMIDACLOPRID,התאמה מדויקת
IMIDACLOPRID,מנגו,0.2,2010-04-18T00:00:00,,73,מנגו,התאמה מדויקת,157,IMIDACLOPRID,התאמה מדויקת
IMIDACLOPRID,אפרסמון,0.05,2011-03-01T00:00:00,,12,אפרסמון,התאמה מדויקת,157,IMIDACLOPRID,התאמה מדויקת
IMIDACLOPRID,רימון,1.0,2013-01-17T00:00:00,,121,רימון,התאמה מדויקת,157,IMIDACLOPRID,התאמה מדויקת
IMIDACLOPRID,תפוח עץ,0.3,1996-01-01T00:00:00,,140,תפוח עץ,התאמה מדויקת,157,IMIDACLOPRID,התאמה מדויקת
IMIDACLOPRID,אגס,0.3,1999-01-01T00:00:00,,4,אגס,התאמה מדויקת,157,IMIDACLOPRID,התאמה מדויקת
IMIDACLOPRID,שזיף,0.3,2014-03-02T00:00:00,,126,שזיף,התאמה מדויקת,157,IMIDACLOPRID,התאמה מדויקת
IMIDACLOPRID,משמש,0.5,2013-01-17T00:00:00,,76,משמש,התאמה מדויקת,157,IMIDACLOPRID,התאמה מדויקת
IMIDACLOPRID,נקטרינה,0.3,2004-07-13T00:00:00,,77,נקטרינה,התאמה מדויקת,157,IMIDACLOPRID,התאמה מדויקת
IMIDACLOPRID,אפרסק,0.3,1996-01-01T00:00:00,,13,אפרסק,התאמה מדויקת,157,IMIDACLOPRID,התאמה מדויקת
IMIDACLOPRID,תמר,0.05,2005-02-01T00:00:00,,138,תמר,התאמה מדויקת,157,IMIDACLOPRID,התאמה מדויקת
IMIDACLOPRID,זית אירופאי,1.0,2010-07-18T00:00:00,,37,זית אירופאי,התאמה מדויקת,157,IMIDACLOPRID,התאמה מדויקת
IMIDACLOPRID,תירס,0.01,2005-12-11T00:00:00,,134,תירס,התאמה מדויקת,157,IMIDACLOPRID,התאמה מדויקת
IMIDACLOPRID,חיטה,0.3,2013-01-17T00:00:00,,42,חיטה,התאמה מדויקת,157,IMIDACLOPRID,התאמה מדויקת
IMIDACLOPRID,ריחן מצוי / בזיל,2.0,2011-12-19T00:00:00,,120,ריחן מצוי / בזיל,התאמה מדויקת,157,IMIDACLOPRID,התאמה מדויקת
IMIDACLOPRID,עירית בצלית,0.3,2012-07-02T00:00:00,,85,עירית בצלית,התאמה מדויקת,157,IMIDACLOPRID,התאמה מדויקת
IMIDACLOPRID,שמיר (שבת),2.0,2011-12-19T00:00:00,,127,שמיר (שבת),התאמה מדויקת,157,IMIDACLOPRID,התאמה מדויקת
IMIDACLOPRID,מיורם,2.0,2011-12-19T00:00:00,,68,מיורם,התאמה מדויקת,157,IMIDACLOPRID,התאמה מדויקת
IMIDACLOPRID,מנטה,2.0,2011-12-19T00:00:00,,74,מנטה,התאמה מדויקת,157,IMIDACLOPRID,התאמה מדויקת
IMIDACLOPRID,פטרוסלינון (שורש ועלים),2.0,2011-12-19T00:00:00,,93,פטרוסלינון (שורש ועלים),התאמה מדויקת,157,IMIDACLOPRID,התאמה מדויקת
IMIDACLOPRID,רוזמרין,2.0,2011-12-19T00:00:00,,117,רוזמרין,התאמה מדויקת,157,IMIDACLOPRID,התאמה מדויקת
IMIDACLOPRID,מרווה,2.0,2011-12-19T00:00:00,,75,מרווה,התאמה מדויקת,157,IMIDACLOPRID,התאמה מדויקת
IMIDACLOPRID,טרגון,2.0,2011-12-19T00:00:00,,50,טרגון,התאמה מדויקת,157,IMIDACLOPRID,התאמה מדויקת
IMIDACLOPRID,רוקט (בן חרדל),,2019-04-18T00:00:00,2.500,119,רוקט (בן חרדל),התאמה מדויקת,157,IMIDACLOPRID,התאמה מדויקת
IMIDACLOPRID,רוקולה,2.5,2006-03-21T00:00:00,,118,רוקולה,התאמה מדויקת,157,IMIDACLOPRID,התאמה מדויקת
IMIDACLOPRID,מיזונה (כרוב רפה),2.0,2014-03-19T00:00:00,,69,מיזונה (כרוב רפה),התאמה מדויקת,157,IMIDACLOPRID,התאמה מדויקת
IMIDACLOPRID,בצל ירוק,2.0,2011-12-19T00:00:00,,18,בצל ירוק,התאמה מדויקת,157,IMIDACLOPRID,התאמה מדויקת
IMIDACLOPRID,חומעת הגינה,2.0,2011-12-19T00:00:00,,41,חומעת הגינה,התאמה מדויקת,157,IMIDACLOPRID,התאמה מדויקת
IMIDACLOPRID,עלי טטסוי,2.0,2014-03-19T00:00:00,,87,עלי טטסוי,התאמה מדויקת,157,IMIDACLOPRID,התאמה מדויקת
IN ACCREDITATION=,שונות,0.0,2005-01-23T00:00:00,,125,שונות,התאמה מדויקת,158,IN ACCREDITATION=,התאמה מדויקת
INDOXACARB,קורנית,2.0,2012-11-27T00:00:00,,110,קורנית,התאמה מדויקת,159,INDOXACARB,התאמה מדויקת
INDOXACARB,ענבים,1.0,2005-09-22T00:00:00,,89,ענבים,התאמה מדויקת,159,INDOXACARB,התאמה מדויקת
INDOXACARB,תות שדה לפרי,0.2,2006-04-02T00:00:00,,133,תות שדה לפרי,התאמה מדויקת,159,INDOXACARB,התאמה מדויקת
INDOXACARB,מליסה,2.0,2012-11-27T00:00:00,,71,מליסה,התאמה מדויקת,159,INDOXACARB,התאמה מדויקת
INDOXACARB,תפוח אדמה,0.02,2005-09-22T00:00:00,,139,תפוח אדמה,התאמה מדויקת,159,INDOXACARB,התאמה מדויקת
INDOXACARB,כרפס/סלרי (שורש ועלים),2.0,2012-11-27T00:00:00,,62,כרפס/סלרי (שורש ועלים),התאמה מדויקת,159,INDOXACARB,התאמה מדויקת
INDOXACARB,כרוב,0.02,2001-05-24T00:00:00,,57,כרוב,התאמה מדויקת,159,INDOXACARB,התאמה מדויקת
INDOXACARB,כרובית,0.02,2001-05-24T00:00:00,,61,כרובית,התאמה מדויקת,159,INDOXACARB,התאמה מדויקת
INDOXACARB,מלון,0.02,2012-08-26T00:00:00,,70,מלון,התאמה מדויקת,159,INDOXACARB,התאמה מדויקת
INDOXACARB,אבטיח,0.02,2001-05-24T00:00:00,,2,אבטיח,התאמה מדויקת,159,INDOXACARB,התאמה מדויקת
INDOXACARB,חימצה (חומוס),0.02,2010-06-21T00:00:00,,43,חימצה (חומוס),התאמה מדויקת,159,INDOXACARB,התאמה מדויקת
INDOXACARB,כוסברה (גד השדה),2.0,2012-11-27T00:00:00,,55,כוסברה (גד השדה),התאמה מדויקת,159,INDOXACARB,התאמה מדויקת
INDOXACARB,חסה,0.02,2005-09-22T00:00:00,,46,חסה,התאמה מדויקת,159,INDOXACARB,התאמה מדויקת
INDOXACARB,פלפל,0.02,2001-05-24T00:00:00,,99,פלפל,התאמה מדויקת,159,INDOXACARB,התאמה מדויקת
INDOXACARB,עגבניה,0.2,2011-07-25T00:00:00,,84,עגבניה,התאמה מדויקת,159,INDOXACARB,התאמה מדויקת
INDOXACARB,אפון,0.02,2008-03-05T00:00:00,,10,אפון,התאמה מדויקת,159,INDOXACARB,התאמה מדויקת
INDOXACARB,שעועית ירוקה,0.02,2009-05-27T00:00:00,,129,שעועית ירוקה,התאמה מדויקת,159,INDOXACARB,התאמה מדויקת
INDOXACARB,גזר,0.05,2012-08-26T00:00:00,,28,גזר,התאמה מדויקת,159,INDOXACARB,התאמה מדויקת
INDOXACARB,כותנה,0.02,2001-05-24T00:00:00,,56,כותנה,התאמה מדויקת,159,INDOXACARB,התאמה מדויקת
INDOXACARB,אגוז אדמה,0.02,2005-09-22T00:00:00,,3,אגוז אדמה,התאמה מדויקת,159,INDOXACARB,התאמה מדויקת
INDOXACARB,אורגנו,2.0,2012-11-27T00:00:00,,5,אורגנו,התאמה מדויקת,159,INDOXACARB,התאמה מדויקת
INDOXACARB,רימון,0.1,2012-08-26T00:00:00,,121,רימון,התאמה מדויקת,159,INDOXACARB,התאמה מדויקת
INDOXACARB,תירס,0.02,2001-05-24T00:00:00,,134,תירס,התאמה מדויקת,159,INDOXACARB,התאמה מדויקת
INDOXACARB,ריחן מצוי / בזיל,2.0,2012-11-27T00:00:00,,120,ריחן מצוי / בזיל,התאמה מדויקת,159,INDOXACARB,התאמה מדויקת
INDOXACARB,עירית בצלית,2.0,2012-11-27T00:00:00,,85,עירית בצלית,התאמה מדויקת,159,INDOXACARB,התאמה מדויקת
INDOXACARB,שמיר (שבת),2.0,2012-11-27T00:00:00,,127,שמיר (שבת),התאמה מדויקת,159,INDOXACARB,התאמה מדויקת
INDOXACARB,מיורם,2.0,2012-11-27T00:00:00,,68,מיורם,התאמה מדויקת,159,INDOXACARB,התאמה מדויקת
INDOXACARB,מנטה,2.0,2012-11-27T00:00:00,,74,מנטה,התאמה מדויקת,159,INDOXACARB,התאמה מדויקת
INDOXACARB,פטרוסלינון (שורש ועלים),2.0,2012-11-27T00:00:00,,93,פטרוסלינון (שורש ועלים),התאמה מדויקת,159,INDOXACARB,התאמה מדויקת
INDOXACARB,רוזמרין,2.0,2012-11-27T00:00:00,,117,רוזמרין,התאמה מדויקת,159,INDOXACARB,התאמה מדויקת
INDOXACARB,מרווה,2.0,2012-11-27T00:00:00,,75,מרווה,התאמה מדויקת,159,INDOXACARB,התאמה מדויקת
INDOXACARB,טרגון,2.0,2012-11-27T00:00:00,,50,טרגון,התאמה מדויקת,159,INDOXACARB,התאמה מדויקת
INDOXACARB,רוקט (בן חרדל),,2019-04-11T00:00:00,2.000,119,רוקט (בן חרדל),התאמה מדויקת,159,INDOXACARB,התאמה מדויקת
INDOXACARB,רוקולה,2.0,2012-11-27T00:00:00,,118,רוקולה,התאמה מדויקת,159,INDOXACARB,התאמה מדויקת
INDOXACARB,בצל ירוק,2.0,2012-11-27T00:00:00,,18,בצל ירוק,התאמה מדויקת,159,INDOXACARB,התאמה מדויקת
INDOXACARB,אפונת שלג,0.02,2010-07-15T00:00:00,,11,אפונת שלג,התאמה מדויקת,159,INDOXACARB,התאמה מדויקת
IODOSULFURON METHYL SODIUM,חיטה,0.05,2005-09-22T00:00:00,,42,חיטה,התאמה מדויקת,160,IODOSULFURON METHYL SODIUM,התאמה מדויקת
IPRODIONE,ענבים,10.0,1996-01-01T00:00:00,יתבטל,89,ענבים,התאמה מדויקת,161,IPRODIONE,התאמה מדויקת
IPRODIONE,תות שדה לפרי,10.0,1996-01-01T00:00:00,יתבטל,133,תות שדה לפרי,התאמה מדויקת,161,IPRODIONE,התאמה מדויקת
IPRODIONE,פרי הדר,1.0,1996-01-01T00:00:00,יתבטל,103,פרי הדר,התאמה מדויקת,161,IPRODIONE,התאמה מדויקת
IPRODIONE,תפוח אדמה,0.1,1996-01-01T00:00:00,יתבטל,139,תפוח אדמה,התאמה מדויקת,161,IPRODIONE,התאמה מדויקת
IPRODIONE,כרפס/סלרי (שורש ועלים),5.0,1996-01-01T00:00:00,יתבטל,62,כרפס/סלרי (שורש ועלים),התאמה מדויקת,161,IPRODIONE,התאמה מדויקת
IPRODIONE,ברוקולי,5.0,2000-01-01T00:00:00,יתבטל,21,ברוקולי,התאמה מדויקת,161,IPRODIONE,התאמה מדויקת
IPRODIONE,כרובית,5.0,1996-01-01T00:00:00,יתבטל,61,כרובית,התאמה מדויקת,161,IPRODIONE,התאמה מדויקת
IPRODIONE,מלון,2.0,1999-01-01T00:00:00,יתבטל,70,מלון,התאמה מדויקת,161,IPRODIONE,התאמה מדויקת
IPRODIONE,מלפפון,2.0,1998-11-01T00:00:00,יתבטל,72,מלפפון,התאמה מדויקת,161,IPRODIONE,התאמה מדויקת
IPRODIONE,קישוא,5.0,1996-01-01T00:00:00,יתבטל,115,קישוא,התאמה מדויקת,161,IPRODIONE,התאמה מדויקת
IPRODIONE,כרוב סיני,5.0,1996-01-01T00:00:00,יתבטל,59,כרוב סיני,התאמה מדויקת,161,IPRODIONE,התאמה מדויקת
IPRODIONE,חסה,10.0,1996-01-01T00:00:00,יתבטל,46,חסה,התאמה מדויקת,161,IPRODIONE,התאמה מדויקת
IPRODIONE,פלפל,5.0,2005-05-26T00:00:00,יתבטל,99,פלפל,התאמה מדויקת,161,IPRODIONE,התאמה מדויקת
IPRODIONE,חציל,5.0,1996-01-01T00:00:00,יתבטל,47,חציל,התאמה מדויקת,161,IPRODIONE,התאמה מדויקת
IPRODIONE,עגבניה,5.0,1996-01-01T00:00:00,יתבטל,84,עגבניה,התאמה מדויקת,161,IPRODIONE,התאמה מדויקת
IPRODIONE,בטטה,0.1,1999-01-01T00:00:00,יתבטל,14,בטטה,התאמה מדויקת,161,IPRODIONE,התאמה מדויקת
IPRODIONE,גזר,10.0,1998-11-01T00:00:00,יתבטל,28,גזר,התאמה מדויקת,161,IPRODIONE,התאמה מדויקת
IPRODIONE,בצל,0.2,1998-11-01T00:00:00,יתבטל,17,בצל,התאמה מדויקת,161,IPRODIONE,התאמה מדויקת
IPRODIONE,מנגו,5.0,1996-01-01T00:00:00,יתבטל,73,מנגו,התאמה מדויקת,161,IPRODIONE,התאמה מדויקת
IPRODIONE,תפוח עץ,10.0,1996-01-01T00:00:00,יתבטל,140,תפוח עץ,התאמה מדויקת,161,IPRODIONE,התאמה מדויקת
IPRODIONE,אגס,10.0,1996-01-01T00:00:00,יתבטל,4,אגס,התאמה מדויקת,161,IPRODIONE,התאמה מדויקת
IPRODIONE,שזיף,1.0,2011-04-14T00:00:00,יתבטל,126,שזיף,התאמה מדויקת,161,IPRODIONE,התאמה מדויקת
IPRODIONE,משמש,1.0,2009-07-01T00:00:00,יתבטל,76,משמש,התאמה מדויקת,161,IPRODIONE,התאמה מדויקת
IPRODIONE,נקטרינה,1.0,2008-01-13T00:00:00,יתבטל,77,נקטרינה,התאמה מדויקת,161,IPRODIONE,התאמה מדויקת
IPRODIONE,תירס,5.0,2017-12-28T00:00:00,יתבטל,134,תירס,התאמה מדויקת,161,IPRODIONE,התאמה מדויקת
IPROVALICARB,ענבים,0.05,2001-10-21T00:00:00,יתבטל,89,ענבים,התאמה מדויקת,162,IPROVALICARB,התאמה מדויקת
IPROVALICARB,תפוח אדמה,0.05,2001-10-21T00:00:00,יתבטל,139,תפוח אדמה,התאמה מדויקת,162,IPROVALICARB,התאמה מדויקת
IPROVALICARB,מלון,0.05,2001-10-21T00:00:00,יתבטל,70,מלון,התאמה מדויקת,162,IPROVALICARB,התאמה מדויקת
IPROVALICARB,מלפפון,0.05,2001-10-21T00:00:00,יתבטל,72,מלפפון,התאמה מדויקת,162,IPROVALICARB,התאמה מדויקת
IPROVALICARB,עגבניה,0.05,2001-10-21T00:00:00,יתבטל,84,עגבניה,התאמה מדויקת,162,IPROVALICARB,התאמה מדויקת
IPROVALICARB,בצל,0.05,2001-10-21T00:00:00,יתבטל,17,בצל,התאמה מדויקת,162,IPROVALICARB,התאמה מדויקת
IPROVALICARB,עירית בצלית,1.5,2005-09-26T00:00:00,יתבטל,85,עירית בצלית,התאמה מדויקת,162,IPROVALICARB,התאמה מדויקת
IPROVALICARB,פטרוסלינון (שורש ועלים),2.0,2005-10-30T00:00:00,יתבטל,93,פטרוסלינון (שורש ועלים),התאמה מדויקת,162,IPROVALICARB,התאמה מדויקת
ISOFETAMID,ענבים,,2024-01-29T00:00:00,3.000,89,ענבים,התאמה מדויקת,163,ISOFETAMID,התאמה מדויקת
ISOFETAMID,תות שדה לפרי,,2023-02-12T00:00:00,2.000,133,תות שדה לפרי,התאמה מדויקת,163,ISOFETAMID,התאמה מדויקת
ISOFETAMID,תפוח אדמה,,2025-07-08T00:00:00,0.010,139,תפוח אדמה,התאמה מדויקת,163,ISOFETAMID,התאמה מדויקת
ISOFETAMID,מלפפון,,2023-02-12T00:00:00,0.800,72,מלפפון,התאמה מדויקת,163,ISOFETAMID,התאמה מדויקת
ISOFETAMID,קישוא,,2023-02-12T00:00:00,0.500,115,קישוא,התאמה מדויקת,163,ISOFETAMID,התאמה מדויקת
ISOFETAMID,כוסברה (גד השדה),,2023-02-12T00:00:00,3.500,55,כוסברה (גד השדה),התאמה מדויקת,163,ISOFETAMID,התאמה מדויקת
ISOFETAMID,פלפל,,2023-02-12T00:00:00,0.800,99,פלפל,התאמה מדויקת,163,ISOFETAMID,התאמה מדויקת
ISOFETAMID,חציל,,2023-02-12T00:00:00,0.700,47,חציל,התאמה מדויקת,163,ISOFETAMID,התאמה מדויקת
ISOFETAMID,עגבניה,,2023-02-12T00:00:00,1.000,84,עגבניה,התאמה מדויקת,163,ISOFETAMID,התאמה מדויקת
ISOFETAMID,ריחן מצוי / בזיל,,2023-02-12T00:00:00,20.000,120,ריחן מצוי / בזיל,התאמה מדויקת,163,ISOFETAMID,התאמה מדויקת
ISOFETAMID,שמיר (שבת),,2023-02-12T00:00:00,13.000,127,שמיר (שבת),התאמה מדויקת,163,ISOFETAMID,התאמה מדויקת
ISOFETAMID,פטרוסלינון (שורש ועלים),,2023-02-12T00:00:00,11.000,93,פטרוסלינון (שורש ועלים),התאמה מדויקת,163,ISOFETAMID,התאמה מדויקת
ISOXABEN,פרי הדר,0.01,1999-01-01T00:00:00,יתבטל,103,פרי הדר,התאמה מדויקת,164,ISOXABEN,התאמה מדויקת
ISOXADIFEN ETHYL,תירס,0.05,2017-12-28T00:00:00,,134,תירס,התאמה מדויקת,165,ISOXADIFEN ETHYL,התאמה מדויקת
ISOXAFLUTOLE,חימצה (חומוס),0.01,2013-01-17T00:00:00,,43,חימצה (חומוס),התאמה מדויקת,166,ISOXAFLUTOLE,התאמה מדויקת
ISOXAFLUTOLE,תירס,0.01,2017-12-28T00:00:00,,134,תירס,התאמה מדויקת,166,ISOXAFLUTOLE,התאמה מדויקת
ISOXAFLUTOLE,חיטה,0.01,2013-01-17T00:00:00,,42,חיטה,התאמה מדויקת,166,ISOXAFLUTOLE,התאמה מדויקת
KRESOXIM METHYL,ענבים,0.5,1998-11-01T00:00:00,,89,ענבים,התאמה מדויקת,167,KRESOXIM METHYL,התאמה מדויקת
KRESOXIM METHYL,תות שדה לפרי,0.1,2008-03-24T00:00:00,,133,תות שדה לפרי,התאמה מדויקת,167,KRESOXIM METHYL,התאמה מדויקת
KRESOXIM METHYL,מלון,0.1,2005-09-26T00:00:00,,70,מלון,התאמה מדויקת,167,KRESOXIM METHYL,התאמה מדויקת
KRESOXIM METHYL,מלפפון,0.1,1998-05-15T00:00:00,,72,מלפפון,התאמה מדויקת,167,KRESOXIM METHYL,התאמה מדויקת
KRESOXIM METHYL,דלעת,0.1,2011-12-12T00:00:00,,35,דלעת,התאמה מדויקת,167,KRESOXIM METHYL,התאמה מדויקת
KRESOXIM METHYL,קישוא,0.1,1999-01-01T00:00:00,,115,קישוא,התאמה מדויקת,167,KRESOXIM METHYL,התאמה מדויקת
KRESOXIM METHYL,אבטיח,0.1,1998-05-15T00:00:00,,2,אבטיח,התאמה מדויקת,167,KRESOXIM METHYL,התאמה מדויקת
KRESOXIM METHYL,גזר,0.02,2008-11-24T00:00:00,,28,גזר,התאמה מדויקת,167,KRESOXIM METHYL,התאמה מדויקת
KRESOXIM METHYL,מנגו,0.5,1999-01-01T00:00:00,,73,מנגו,התאמה מדויקת,167,KRESOXIM METHYL,התאמה מדויקת
KRESOXIM METHYL,אפרסמון,0.05,2010-06-21T00:00:00,,12,אפרסמון,התאמה מדויקת,167,KRESOXIM METHYL,התאמה מדויקת
KRESOXIM METHYL,תפוח עץ,0.01,1998-11-01T00:00:00,,140,תפוח עץ,התאמה מדויקת,167,KRESOXIM METHYL,התאמה מדויקת
KRESOXIM METHYL,שזיף,0.1,2008-03-25T00:00:00,,126,שזיף,התאמה מדויקת,167,KRESOXIM METHYL,התאמה מדויקת
KRESOXIM METHYL,משמש,0.1,2008-06-10T00:00:00,,76,משמש,התאמה מדויקת,167,KRESOXIM METHYL,התאמה מדויקת
KRESOXIM METHYL,נקטרינה,0.1,2000-01-01T00:00:00,,77,נקטרינה,התאמה מדויקת,167,KRESOXIM METHYL,התאמה מדויקת
KRESOXIM METHYL,אפרסק,0.1,2000-01-01T00:00:00,,13,אפרסק,התאמה מדויקת,167,KRESOXIM METHYL,התאמה מדויקת
LAMBDA CYHALOTHRIN,ענבים,0.2,2005-08-24T00:00:00,,89,ענבים,התאמה מדויקת,168,LAMBDA CYHALOTHRIN,התאמה מדויקת
LAMBDA CYHALOTHRIN,תפוח אדמה,0.02,2005-08-24T00:00:00,,139,תפוח אדמה,התאמה מדויקת,168,LAMBDA CYHALOTHRIN,התאמה מדויקת
LAMBDA CYHALOTHRIN,צנונית,0.05,2014-08-04T00:00:00,,107,צנונית,התאמה מדויקת,168,LAMBDA CYHALOTHRIN,התאמה מדויקת
LAMBDA CYHALOTHRIN,כרוב,0.02,2014-03-02T00:00:00,,57,כרוב,התאמה מדויקת,168,LAMBDA CYHALOTHRIN,התאמה מדויקת
LAMBDA CYHALOTHRIN,ברוקולי,0.02,2014-03-02T00:00:00,,21,ברוקולי,התאמה מדויקת,168,LAMBDA CYHALOTHRIN,התאמה מדויקת
LAMBDA CYHALOTHRIN,כרובית,0.02,2014-03-02T00:00:00,0.070,61,כרובית,התאמה מדויקת,168,LAMBDA CYHALOTHRIN,התאמה מדויקת
LAMBDA CYHALOTHRIN,קולרבי,0.02,2014-03-02T00:00:00,,108,קולרבי,התאמה מדויקת,168,LAMBDA CYHALOTHRIN,התאמה מדויקת
LAMBDA CYHALOTHRIN,מלון,0.02,2014-03-02T00:00:00,,70,מלון,התאמה מדויקת,168,LAMBDA CYHALOTHRIN,התאמה מדויקת
LAMBDA CYHALOTHRIN,מלפפון,0.02,2014-02-16T00:00:00,,72,מלפפון,התאמה מדויקת,168,LAMBDA CYHALOTHRIN,התאמה מדויקת
LAMBDA CYHALOTHRIN,קישוא,0.02,2014-03-02T00:00:00,,115,קישוא,התאמה מדויקת,168,LAMBDA CYHALOTHRIN,התאמה מדויקת
LAMBDA CYHALOTHRIN,חימצה (חומוס),0.05,2015-11-15T00:00:00,,43,חימצה (חומוס),התאמה מדויקת,168,LAMBDA CYHALOTHRIN,התאמה מדויקת
LAMBDA CYHALOTHRIN,חסה,0.2,2011-11-16T00:00:00,,46,חסה,התאמה מדויקת,168,LAMBDA CYHALOTHRIN,התאמה מדויקת
LAMBDA CYHALOTHRIN,פלפל,0.2,2005-08-24T00:00:00,,99,פלפל,התאמה מדויקת,168,LAMBDA CYHALOTHRIN,התאמה מדויקת
LAMBDA CYHALOTHRIN,חציל,0.2,2005-08-24T00:00:00,,47,חציל,התאמה מדויקת,168,LAMBDA CYHALOTHRIN,התאמה מדויקת
LAMBDA CYHALOTHRIN,עגבניה,0.1,2005-08-24T00:00:00,,84,עגבניה,התאמה מדויקת,168,LAMBDA CYHALOTHRIN,התאמה מדויקת
LAMBDA CYHALOTHRIN,פפריקה,0.02,2015-11-17T00:00:00,,101,פפריקה,התאמה מדויקת,168,LAMBDA CYHALOTHRIN,התאמה מדויקת
LAMBDA CYHALOTHRIN,שעועית ירוקה,,2019-06-16T00:00:00,0.050,129,שעועית ירוקה,התאמה מדויקת,168,LAMBDA CYHALOTHRIN,התאמה מדויקת
LAMBDA CYHALOTHRIN,בטטה,0.05,2012-05-06T00:00:00,,14,בטטה,התאמה מדויקת,168,LAMBDA CYHALOTHRIN,התאמה מדויקת
LAMBDA CYHALOTHRIN,גזר,0.05,2012-05-06T00:00:00,,28,גזר,התאמה מדויקת,168,LAMBDA CYHALOTHRIN,התאמה מדויקת
LAMBDA CYHALOTHRIN,בצל,0.05,2012-11-18T00:00:00,,17,בצל,התאמה מדויקת,168,LAMBDA CYHALOTHRIN,התאמה מדויקת
LAMBDA CYHALOTHRIN,כותנה,0.05,2004-06-13T00:00:00,,56,כותנה,התאמה מדויקת,168,LAMBDA CYHALOTHRIN,התאמה מדויקת
LAMBDA CYHALOTHRIN,אגוז אדמה,0.05,2011-11-14T00:00:00,,3,אגוז אדמה,התאמה מדויקת,168,LAMBDA CYHALOTHRIN,התאמה מדויקת
LAMBDA CYHALOTHRIN,חמנית מצויה,0.01,2015-11-17T00:00:00,,45,חמנית מצויה,התאמה מדויקת,168,LAMBDA CYHALOTHRIN,התאמה מדויקת
LAMBDA CYHALOTHRIN,שקד,0.05,2015-11-15T00:00:00,,131,שקד,התאמה מדויקת,168,LAMBDA CYHALOTHRIN,התאמה מדויקת
LAMBDA CYHALOTHRIN,רימון,0.1,2014-02-16T00:00:00,,121,רימון,התאמה מדויקת,168,LAMBDA CYHALOTHRIN,התאמה מדויקת
LAMBDA CYHALOTHRIN,שזיף,0.02,2014-03-02T00:00:00,,126,שזיף,התאמה מדויקת,168,LAMBDA CYHALOTHRIN,התאמה מדויקת
LAMBDA CYHALOTHRIN,משמש,0.05,2012-12-12T00:00:00,,76,משמש,התאמה מדויקת,168,LAMBDA CYHALOTHRIN,התאמה מדויקת
LAMBDA CYHALOTHRIN,נקטרינה,0.02,2014-02-16T00:00:00,,77,נקטרינה,התאמה מדויקת,168,LAMBDA CYHALOTHRIN,התאמה מדויקת
LAMBDA CYHALOTHRIN,אפרסק,0.02,2014-03-02T00:00:00,,13,אפרסק,התאמה מדויקת,168,LAMBDA CYHALOTHRIN,התאמה מדויקת
LAMBDA CYHALOTHRIN,תמר,0.01,2015-11-17T00:00:00,,138,תמר,התאמה מדויקת,168,LAMBDA CYHALOTHRIN,התאמה מדויקת
LAMBDA CYHALOTHRIN,תאנה,0.02,2008-07-30T00:00:00,,132,תאנה,התאמה מדויקת,168,LAMBDA CYHALOTHRIN,התאמה מדויקת
LAMBDA CYHALOTHRIN,זית אירופאי,0.5,2004-06-08T00:00:00,,37,זית אירופאי,התאמה מדויקת,168,LAMBDA CYHALOTHRIN,התאמה מדויקת
LAMBDA CYHALOTHRIN,תירס,0.05,2011-07-25T00:00:00,,134,תירס,התאמה מדויקת,168,LAMBDA CYHALOTHRIN,התאמה מדויקת
LINDANE,חלב,0.01,1999-01-01T00:00:00,,44,חלב,התאמה מדויקת,169,LINDANE,התאמה מדויקת
LINDANE,בשר,0.1,2005-09-26T00:00:00,,22,בשר,התאמה מדויקת,169,LINDANE,התאמה מדויקת
LINDANE,"בשר, חלקי פנים",0.01,2005-09-26T00:00:00,,25,"בשר, חלקי פנים",התאמה מדויקת,169,LINDANE,התאמה מדויקת
LINDANE,ביצים,0.01,2005-09-26T00:00:00,,15,ביצים,התאמה מדויקת,169,LINDANE,התאמה מדויקת
LINDANE,בשר עוף,0.05,2005-09-26T00:00:00,,23,בשר עוף,התאמה מדויקת,169,LINDANE,התאמה מדויקת
LINDANE,"בשר עוף, חלקי פנים",0.01,2005-09-26T00:00:00,,24,"בשר עוף, חלקי פנים",התאמה מדויקת,169,LINDANE,התאמה מדויקת
LINURON,ענבים,0.05,2013-01-20T00:00:00,,89,ענבים,התאמה מדויקת,170,LINURON,התאמה מדויקת
LINURON,תפוח אדמה,0.05,2013-01-20T00:00:00,,139,תפוח אדמה,התאמה מדויקת,170,LINURON,התאמה מדויקת
LINURON,כרפס/סלרי (שורש ועלים),0.05,2013-01-20T00:00:00,,62,כרפס/סלרי (שורש ועלים),התאמה מדויקת,170,LINURON,התאמה מדויקת
LINURON,גזר,0.05,2013-01-20T00:00:00,,28,גזר,התאמה מדויקת,170,LINURON,התאמה מדויקת
LINURON,כותנה,0.05,2013-01-20T00:00:00,,56,כותנה,התאמה מדויקת,170,LINURON,התאמה מדויקת
LINURON,שקד,0.05,2013-01-20T00:00:00,,131,שקד,התאמה מדויקת,170,LINURON,התאמה מדויקת
LINURON,אגס,0.05,2013-01-20T00:00:00,,4,אגס,התאמה מדויקת,170,LINURON,התאמה מדויקת
LINURON,שזיף,0.05,2013-01-20T00:00:00,,126,שזיף,התאמה מדויקת,170,LINURON,התאמה מדויקת
LINURON,משמש,0.05,2013-01-20T00:00:00,,76,משמש,התאמה מדויקת,170,LINURON,התאמה מדויקת
LINURON,אפרסק,0.05,2013-01-20T00:00:00,,13,אפרסק,התאמה מדויקת,170,LINURON,התאמה מדויקת
LINURON,פטרוסלינון (שורש ועלים),0.05,2013-01-20T00:00:00,,93,פטרוסלינון (שורש ועלים),התאמה מדויקת,170,LINURON,התאמה מדויקת
LUFENURON,קורנית,0.05,2010-10-04T00:00:00,,110,קורנית,התאמה מדויקת,171,LUFENURON,התאמה מדויקת
LUFENURON,ענבים,3.0,2013-05-19T00:00:00,,89,ענבים,התאמה מדויקת,171,LUFENURON,התאמה מדויקת
LUFENURON,תות שדה לפרי,0.2,2011-07-25T00:00:00,,133,תות שדה לפרי,התאמה מדויקת,171,LUFENURON,התאמה מדויקת
LUFENURON,תפוח אדמה,0.05,1999-01-01T00:00:00,,139,תפוח אדמה,התאמה מדויקת,171,LUFENURON,התאמה מדויקת
LUFENURON,קינרס (ארטישוק),0.05,1996-01-01T00:00:00,,114,קינרס (ארטישוק),התאמה מדויקת,171,LUFENURON,התאמה מדויקת
LUFENURON,כרפס/סלרי (שורש ועלים),0.05,2013-06-19T00:00:00,,62,כרפס/סלרי (שורש ועלים),התאמה מדויקת,171,LUFENURON,התאמה מדויקת
LUFENURON,כרוב,0.1,2011-07-25T00:00:00,,57,כרוב,התאמה מדויקת,171,LUFENURON,התאמה מדויקת
LUFENURON,ברוקולי,0.1,2011-07-25T00:00:00,,21,ברוקולי,התאמה מדויקת,171,LUFENURON,התאמה מדויקת
LUFENURON,כרובית,0.1,2011-07-25T00:00:00,,61,כרובית,התאמה מדויקת,171,LUFENURON,התאמה מדויקת
LUFENURON,קולרבי,0.1,2015-11-15T00:00:00,,108,קולרבי,התאמה מדויקת,171,LUFENURON,התאמה מדויקת
LUFENURON,סלק עלים,0.05,2014-03-19T00:00:00,,83,סלק עלים,התאמה מדויקת,171,LUFENURON,התאמה מדויקת
LUFENURON,כוסברה (גד השדה),0.05,2013-01-20T00:00:00,,55,כוסברה (גד השדה),התאמה מדויקת,171,LUFENURON,התאמה מדויקת
LUFENURON,כרוב סיני,0.05,2005-10-31T00:00:00,,59,כרוב סיני,התאמה מדויקת,171,LUFENURON,התאמה מדויקת
LUFENURON,חסה,0.1,2012-11-13T00:00:00,,46,חסה,התאמה מדויקת,171,LUFENURON,התאמה מדויקת
LUFENURON,תרד,0.05,2014-03-19T00:00:00,,141,תרד,התאמה מדויקת,171,LUFENURON,התאמה מדויקת
LUFENURON,פלפל,0.2,2011-07-25T00:00:00,,99,פלפל,התאמה מדויקת,171,LUFENURON,התאמה מדויקת
LUFENURON,חציל,0.2,2013-05-19T00:00:00,,47,חציל,התאמה מדויקת,171,LUFENURON,התאמה מדויקת
LUFENURON,עגבניה,0.2,2011-07-25T00:00:00,,84,עגבניה,התאמה מדויקת,171,LUFENURON,התאמה מדויקת
LUFENURON,שעועית ירוקה,0.1,2011-07-25T00:00:00,,129,שעועית ירוקה,התאמה מדויקת,171,LUFENURON,התאמה מדויקת
LUFENURON,בטטה,0.05,2011-07-25T00:00:00,,14,בטטה,התאמה מדויקת,171,LUFENURON,התאמה מדויקת
LUFENURON,סלק אדום (שורש ועלים),0.05,1996-01-01T00:00:00,,80,סלק אדום (שורש ועלים),התאמה מדויקת,171,LUFENURON,התאמה מדויקת
LUFENURON,גזר,0.05,2005-10-31T00:00:00,,28,גזר,התאמה מדויקת,171,LUFENURON,התאמה מדויקת
LUFENURON,כותנה,0.05,1999-01-01T00:00:00,,56,כותנה,התאמה מדויקת,171,LUFENURON,התאמה מדויקת
LUFENURON,רימון,0.5,2013-05-19T00:00:00,,121,רימון,התאמה מדויקת,171,LUFENURON,התאמה מדויקת
LUFENURON,תפוח עץ,0.05,1999-01-01T00:00:00,,140,תפוח עץ,התאמה מדויקת,171,LUFENURON,התאמה מדויקת
LUFENURON,אגס,0.05,2012-08-26T00:00:00,,4,אגס,התאמה מדויקת,171,LUFENURON,התאמה מדויקת
LUFENURON,חבוש,0.05,2016-05-11T00:00:00,,39,חבוש,התאמה מדויקת,171,LUFENURON,התאמה מדויקת
LUFENURON,משמש,0.15,2012-08-26T00:00:00,,76,משמש,התאמה מדויקת,171,LUFENURON,התאמה מדויקת
LUFENURON,נקטרינה,,2020-01-30T00:00:00,0.050,77,נקטרינה,התאמה מדויקת,171,LUFENURON,התאמה מדויקת
LUFENURON,אפרסק,0.15,2013-11-25T00:00:00,,13,אפרסק,התאמה מדויקת,171,LUFENURON,התאמה מדויקת
LUFENURON,תירס,0.1,2013-05-19T00:00:00,,134,תירס,התאמה מדויקת,171,LUFENURON,התאמה מדויקת
LUFENURON,ריחן מצוי / בזיל,0.05,1999-01-01T00:00:00,,120,ריחן מצוי / בזיל,התאמה מדויקת,171,LUFENURON,התאמה מדויקת
LUFENURON,עירית בצלית,0.05,2005-10-30T00:00:00,,85,עירית בצלית,התאמה מדויקת,171,LUFENURON,התאמה מדויקת
LUFENURON,שמיר (שבת),0.05,2005-10-30T00:00:00,,127,שמיר (שבת),התאמה מדויקת,171,LUFENURON,התאמה מדויקת
LUFENURON,מנטה,0.05,2005-10-30T00:00:00,,74,מנטה,התאמה מדויקת,171,LUFENURON,התאמה מדויקת
LUFENURON,פטרוסלינון (שורש ועלים),0.05,2013-01-20T00:00:00,,93,פטרוסלינון (שורש ועלים),התאמה מדויקת,171,LUFENURON,התאמה מדויקת
LUFENURON,רוזמרין,0.05,2005-10-30T00:00:00,,117,רוזמרין,התאמה מדויקת,171,LUFENURON,התאמה מדויקת
LUFENURON,מרווה,0.05,2010-10-04T00:00:00,,75,מרווה,התאמה מדויקת,171,LUFENURON,התאמה מדויקת
LUFENURON,טרגון,0.05,2005-10-30T00:00:00,,50,טרגון,התאמה מדויקת,171,LUFENURON,התאמה מדויקת
LUFENURON,רוקט (בן חרדל),0.05,2014-03-19T00:00:00,,119,רוקט (בן חרדל),התאמה מדויקת,171,LUFENURON,התאמה מדויקת
LUFENURON,רוקולה,0.05,2010-10-04T00:00:00,,118,רוקולה,התאמה מדויקת,171,LUFENURON,התאמה מדויקת
LUFENURON,מיזונה (כרוב רפה),0.05,2014-03-19T00:00:00,,69,מיזונה (כרוב רפה),התאמה מדויקת,171,LUFENURON,התאמה מדויקת
LUFENURON,בצל ירוק,0.05,2010-01-13T00:00:00,,18,בצל ירוק,התאמה מדויקת,171,LUFENURON,התאמה מדויקת
LUFENURON,עלי טטסוי,0.05,2014-03-19T00:00:00,,87,עלי טטסוי,התאמה מדויקת,171,LUFENURON,התאמה מדויקת
MALATHION,פרי הדר,2.0,2005-05-24T00:00:00,,103,פרי הדר,התאמה מדויקת,172,MALATHION,התאמה מדויקת
MALATHION,צנונית,0.5,1996-01-01T00:00:00,,107,צנונית,התאמה מדויקת,172,MALATHION,התאמה מדויקת
MALATHION,קינרס (ארטישוק),5.0,1996-01-01T00:00:00,,114,קינרס (ארטישוק),התאמה מדויקת,172,MALATHION,התאמה מדויקת
MALATHION,כרפס/סלרי (שורש ועלים),1.0,1996-01-01T00:00:00,,62,כרפס/סלרי (שורש ועלים),התאמה מדויקת,172,MALATHION,התאמה מדויקת
MALATHION,כרוביים,1.0,1999-01-01T00:00:00,,60,כרוביים,התאמה מדויקת,172,MALATHION,התאמה מדויקת
MALATHION,כרוב,1.0,1996-01-01T00:00:00,,57,כרוב,התאמה מדויקת,172,MALATHION,התאמה מדויקת
MALATHION,מלון,3.0,1996-01-01T00:00:00,,70,מלון,התאמה מדויקת,172,MALATHION,התאמה מדויקת
MALATHION,מלפפון,3.0,1996-01-01T00:00:00,,72,מלפפון,התאמה מדויקת,172,MALATHION,התאמה מדויקת
MALATHION,קישוא,3.0,1996-01-01T00:00:00,,115,קישוא,התאמה מדויקת,172,MALATHION,התאמה מדויקת
MALATHION,אבטיח,3.0,1996-01-01T00:00:00,,2,אבטיח,התאמה מדויקת,172,MALATHION,התאמה מדויקת
MALATHION,חסה,1.0,1996-01-01T00:00:00,,46,חסה,התאמה מדויקת,172,MALATHION,התאמה מדויקת
MALATHION,פלפל,0.5,1996-01-01T00:00:00,,99,פלפל,התאמה מדויקת,172,MALATHION,התאמה מדויקת
MALATHION,חציל,0.5,1996-01-01T00:00:00,,47,חציל,התאמה מדויקת,172,MALATHION,התאמה מדויקת
MALATHION,עגבניה,3.0,1996-01-01T00:00:00,,84,עגבניה,התאמה מדויקת,172,MALATHION,התאמה מדויקת
MALATHION,אפון,0.5,1996-01-01T00:00:00,,10,אפון,התאמה מדויקת,172,MALATHION,התאמה מדויקת
MALATHION,שעועית ירוקה,2.0,1996-01-01T00:00:00,,129,שעועית ירוקה,התאמה מדויקת,172,MALATHION,התאמה מדויקת
MALATHION,צנון,0.5,1996-01-01T00:00:00,,106,צנון,התאמה מדויקת,172,MALATHION,התאמה מדויקת
MALATHION,סלק אדום (שורש ועלים),0.5,1996-01-01T00:00:00,,80,סלק אדום (שורש ועלים),התאמה מדויקת,172,MALATHION,התאמה מדויקת
MALATHION,בצל,0.5,1996-01-01T00:00:00,,17,בצל,התאמה מדויקת,172,MALATHION,התאמה מדויקת
MALATHION,שום,0.5,1996-01-01T00:00:00,,123,שום,התאמה מדויקת,172,MALATHION,התאמה מדויקת
MALATHION,מנגו,2.0,2005-10-31T00:00:00,,73,מנגו,התאמה מדויקת,172,MALATHION,התאמה מדויקת
MALATHION,אפרסמון,2.0,2005-10-31T00:00:00,,12,אפרסמון,התאמה מדויקת,172,MALATHION,התאמה מדויקת
MALATHION,תפוח עץ,2.0,1996-01-01T00:00:00,,140,תפוח עץ,התאמה מדויקת,172,MALATHION,התאמה מדויקת
MALATHION,אגס,2.0,1996-01-01T00:00:00,,4,אגס,התאמה מדויקת,172,MALATHION,התאמה מדויקת
MALATHION,חבוש,2.0,1996-01-01T00:00:00,,39,חבוש,התאמה מדויקת,172,MALATHION,התאמה מדויקת
MALATHION,שזיף,2.0,2018-07-31T00:00:00,יתבטל,126,שזיף,התאמה מדויקת,172,MALATHION,התאמה מדויקת
MALATHION,דובדבן,2.0,2005-10-31T00:00:00,,31,דובדבן,התאמה מדויקת,172,MALATHION,התאמה מדויקת
MALATHION,נקטרינה,2.0,2004-07-13T00:00:00,,77,נקטרינה,התאמה מדויקת,172,MALATHION,התאמה מדויקת
MALATHION,תאנה,2.0,2005-10-31T00:00:00,,132,תאנה,התאמה מדויקת,172,MALATHION,התאמה מדויקת
MALATHION,זית אירופאי,2.0,1996-01-01T00:00:00,,37,זית אירופאי,התאמה מדויקת,172,MALATHION,התאמה מדויקת
MALATHION,גויאבה,2.0,2005-10-31T00:00:00,,27,גויאבה,התאמה מדויקת,172,MALATHION,התאמה מדויקת
MALATHION,תירס,0.01,2005-12-11T00:00:00,,134,תירס,התאמה מדויקת,172,MALATHION,התאמה מדויקת
MALEIC HYDRAZIDE,תפוח אדמה,50.0,2010-10-04T00:00:00,,139,תפוח אדמה,התאמה מדויקת,173,MALEIC HYDRAZIDE,התאמה מדויקת
MALEIC HYDRAZIDE,עגבניה,0.5,2014-02-16T00:00:00,יתבטל,84,עגבניה,התאמה מדויקת,173,MALEIC HYDRAZIDE,התאמה מדויקת
MALEIC HYDRAZIDE,בצל,15.0,1996-01-01T00:00:00,,17,בצל,התאמה מדויקת,173,MALEIC HYDRAZIDE,התאמה מדויקת
MANDIPROPAMID,ענבים,,2025-11-04T00:00:00,2.000,89,ענבים,התאמה מדויקת,174,MANDIPROPAMID,התאמה מדויקת
MANDIPROPAMID,תפוח אדמה,0.05,2009-10-13T00:00:00,,139,תפוח אדמה,התאמה מדויקת,174,MANDIPROPAMID,התאמה מדויקת
MANDIPROPAMID,מלון,0.05,2009-10-13T00:00:00,,70,מלון,התאמה מדויקת,174,MANDIPROPAMID,התאמה מדויקת
MANDIPROPAMID,מלפפון,,2025-11-04T00:00:00,0.200,72,מלפפון,התאמה מדויקת,174,MANDIPROPAMID,התאמה מדויקת
MANDIPROPAMID,קישוא,0.05,2010-07-15T00:00:00,,115,קישוא,התאמה מדויקת,174,MANDIPROPAMID,התאמה מדויקת
MANDIPROPAMID,עגבניה,0.3,2014-03-02T00:00:00,,84,עגבניה,התאמה מדויקת,174,MANDIPROPAMID,התאמה מדויקת
MANDIPROPAMID,ריחן מצוי / בזיל,10.0,2015-11-12T00:00:00,,120,ריחן מצוי / בזיל,התאמה מדויקת,174,MANDIPROPAMID,התאמה מדויקת
MANDIPROPAMID,מנטה,10.0,2015-11-12T00:00:00,,74,מנטה,התאמה מדויקת,174,MANDIPROPAMID,התאמה מדויקת
MANDIPROPAMID,פטרוסלינון (שורש ועלים),2.0,2015-11-12T00:00:00,,93,פטרוסלינון (שורש ועלים),התאמה מדויקת,174,MANDIPROPAMID,התאמה מדויקת
MANDIPROPAMID,רוזמרין,10.0,2015-11-12T00:00:00,,117,רוזמרין,התאמה מדויקת,174,MANDIPROPAMID,התאמה מדויקת
MANDIPROPAMID,מרווה,10.0,2015-11-12T00:00:00,,75,מרווה,התאמה מדויקת,174,MANDIPROPAMID,התאמה מדויקת
MANDIPROPAMID,רוקולה,5.0,2015-11-12T00:00:00,,118,רוקולה,התאמה מדויקת,174,MANDIPROPAMID,התאמה מדויקת
MCPA,וידן,0.5,2013-01-20T00:00:00,,36,וידן,התאמה מדויקת,175,MCPA,התאמה מדויקת
MCPA,דגניים,0.5,2005-10-03T00:00:00,,30,דגניים,התאמה מדויקת,175,MCPA,התאמה מדויקת
MCPA,תירס,0.5,2005-10-31T00:00:00,,134,תירס,התאמה מדויקת,175,MCPA,התאמה מדויקת
MECOPROP-P,שבולת שועל,0.01,2005-10-31T00:00:00,,122,שבולת שועל,התאמה מדויקת,176,MECOPROP-P,התאמה מדויקת
MECOPROP-P,חיטה,0.01,2000-04-29T00:00:00,,42,חיטה,התאמה מדויקת,176,MECOPROP-P,התאמה מדויקת
MEFENPYR DIETHYL,חיטה,0.05,2005-11-02T00:00:00,,42,חיטה,התאמה מדויקת,177,MEFENPYR DIETHYL,התאמה מדויקת
MEPANIPYRIM,תות שדה לפרי,0.2,1997-03-06T00:00:00,,133,תות שדה לפרי,התאמה מדויקת,178,MEPANIPYRIM,התאמה מדויקת
MEPANIPYRIM,מלפפון,0.1,1997-03-06T00:00:00,,72,מלפפון,התאמה מדויקת,178,MEPANIPYRIM,התאמה מדויקת
MEPANIPYRIM,פלפל,0.1,1999-01-01T00:00:00,,99,פלפל,התאמה מדויקת,178,MEPANIPYRIM,התאמה מדויקת
MEPANIPYRIM,עגבניה,0.1,1997-03-06T00:00:00,,84,עגבניה,התאמה מדויקת,178,MEPANIPYRIM,התאמה מדויקת
MEPTYLDINOCAP,ענבים,0.1,2010-06-21T00:00:00,,89,ענבים,התאמה מדויקת,179,MEPTYLDINOCAP,התאמה מדויקת
MEPTYLDINOCAP,מלון,0.2,2010-06-21T00:00:00,,70,מלון,התאמה מדויקת,179,MEPTYLDINOCAP,התאמה מדויקת
MEPTYLDINOCAP,קישוא,0.2,2012-05-24T00:00:00,,115,קישוא,התאמה מדויקת,179,MEPTYLDINOCAP,התאמה מדויקת
MEPTYLDINOCAP,אבטיח,0.2,2012-05-24T00:00:00,,2,אבטיח,התאמה מדויקת,179,MEPTYLDINOCAP,התאמה מדויקת
MEPTYLDINOCAP,גזר,0.1,2010-07-15T00:00:00,,28,גזר,התאמה מדויקת,179,MEPTYLDINOCAP,התאמה מדויקת
MEPTYLDINOCAP,מנגו,0.05,2013-11-25T00:00:00,,73,מנגו,התאמה מדויקת,179,MEPTYLDINOCAP,התאמה מדויקת
MEPTYLDINOCAP,תפוח עץ,0.05,2010-06-21T00:00:00,,140,תפוח עץ,התאמה מדויקת,179,MEPTYLDINOCAP,התאמה מדויקת
MEPTYLDINOCAP,אגס,0.05,2013-01-20T00:00:00,,4,אגס,התאמה מדויקת,179,MEPTYLDINOCAP,התאמה מדויקת
MEPTYLDINOCAP,משמש,0.2,2009-04-16T00:00:00,,76,משמש,התאמה מדויקת,179,MEPTYLDINOCAP,התאמה מדויקת
MEPTYLDINOCAP,נקטרינה,0.2,2009-04-05T00:00:00,,77,נקטרינה,התאמה מדויקת,179,MEPTYLDINOCAP,התאמה מדויקת
MEPTYLDINOCAP,אפרסק,0.2,2009-04-05T00:00:00,,13,אפרסק,התאמה מדויקת,179,MEPTYLDINOCAP,התאמה מדויקת
MESOSULFURON-METHYL,חיטה,0.05,2013-01-20T00:00:00,,42,חיטה,התאמה מדויקת,180,MESOSULFURON-METHYL,התאמה מדויקת
MESOTRIONE,תירס מספוא,,2024-10-29T00:00:00,0.010,135,תירס מספוא,התאמה מדויקת,181,MESOTRIONE,התאמה מדויקת
MESOTRIONE,תירס מתוק,,2024-10-29T00:00:00,0.010,136,תירס מתוק,התאמה מדויקת,181,MESOTRIONE,התאמה מדויקת
MESOTRIONE,תירס,,2024-10-29T00:00:00,0.010,134,תירס,התאמה מדויקת,181,MESOTRIONE,התאמה מדויקת
METAFLUMIZONE,ענבים,,2023-08-28T00:00:00,0.300,89,ענבים,התאמה מדויקת,182,METAFLUMIZONE,התאמה מדויקת
METAFLUMIZONE,תפוח אדמה,0.01,2016-06-07T00:00:00,,139,תפוח אדמה,התאמה מדויקת,182,METAFLUMIZONE,התאמה מדויקת
METAFLUMIZONE,כרוב,0.02,2019-06-16T00:00:00,0.700,57,כרוב,התאמה מדויקת,182,METAFLUMIZONE,התאמה מדויקת
METAFLUMIZONE,חימצה (חומוס),,2019-07-23T00:00:00,0.020,43,חימצה (חומוס),התאמה מדויקת,182,METAFLUMIZONE,התאמה מדויקת
METAFLUMIZONE,עגבניה,0.3,2016-06-07T00:00:00,,84,עגבניה,התאמה מדויקת,182,METAFLUMIZONE,התאמה מדויקת
METAFLUMIZONE,שעועית ירוקה,,2019-06-16T00:00:00,1.000,129,שעועית ירוקה,התאמה מדויקת,182,METAFLUMIZONE,התאמה מדויקת
METAFLUMIZONE,כותנה,,2017-07-24T00:00:00,0.020,56,כותנה,התאמה מדויקת,182,METAFLUMIZONE,התאמה מדויקת
METAFLUMIZONE,שקד,,2023-08-28T00:00:00,0.040,131,שקד,התאמה מדויקת,182,METAFLUMIZONE,התאמה מדויקת
METAFLUMIZONE,תפוח עץ,,2023-08-28T00:00:00,0.500,140,תפוח עץ,התאמה מדויקת,182,METAFLUMIZONE,התאמה מדויקת
METAFLUMIZONE,אפרסק,,2023-08-28T00:00:00,0.100,13,אפרסק,התאמה מדויקת,182,METAFLUMIZONE,התאמה מדויקת
METAFLUMIZONE,תירס,0.01,2016-06-07T00:00:00,,134,תירס,התאמה מדויקת,182,METAFLUMIZONE,התאמה מדויקת
METALAXYL,ענבים,1.0,1996-01-01T00:00:00,,89,ענבים,התאמה מדויקת,183,METALAXYL,התאמה מדויקת
METALAXYL,תות שדה לפרי,0.5,2005-10-31T00:00:00,,133,תות שדה לפרי,התאמה מדויקת,183,METALAXYL,התאמה מדויקת
METALAXYL,פרי הדר,5.0,1996-01-01T00:00:00,,103,פרי הדר,התאמה מדויקת,183,METALAXYL,התאמה מדויקת
METALAXYL,מליסה,0.5,2013-01-20T00:00:00,,71,מליסה,התאמה מדויקת,183,METALAXYL,התאמה מדויקת
METALAXYL,תפוח אדמה,0.05,1996-01-01T00:00:00,,139,תפוח אדמה,התאמה מדויקת,183,METALAXYL,התאמה מדויקת
METALAXYL,צנונית,0.02,2013-01-20T00:00:00,,107,צנונית,התאמה מדויקת,183,METALAXYL,התאמה מדויקת
METALAXYL,כרוביים,0.5,1996-01-01T00:00:00,,60,כרוביים,התאמה מדויקת,183,METALAXYL,התאמה מדויקת
METALAXYL,כרוב,0.5,2021-08-17T00:00:00,,57,כרוב,התאמה מדויקת,183,METALAXYL,התאמה מדויקת
METALAXYL,מלון,0.2,2005-10-31T00:00:00,,70,מלון,התאמה מדויקת,183,METALAXYL,התאמה מדויקת
METALAXYL,מלפפון,0.5,1996-01-01T00:00:00,,72,מלפפון,התאמה מדויקת,183,METALAXYL,התאמה מדויקת
METALAXYL,קישוא,,2017-08-17T00:00:00,0.500,115,קישוא,התאמה מדויקת,183,METALAXYL,התאמה מדויקת
METALAXYL,חימצה (חומוס),0.05,2009-10-13T00:00:00,,43,חימצה (חומוס),התאמה מדויקת,183,METALAXYL,התאמה מדויקת
METALAXYL,סלק עלים,0.5,2014-03-19T00:00:00,,83,סלק עלים,התאמה מדויקת,183,METALAXYL,התאמה מדויקת
METALAXYL,כוסברה (גד השדה),0.5,2013-01-20T00:00:00,,55,כוסברה (גד השדה),התאמה מדויקת,183,METALAXYL,התאמה מדויקת
METALAXYL,כרוב סיני,0.5,1996-01-01T00:00:00,,59,כרוב סיני,התאמה מדויקת,183,METALAXYL,התאמה מדויקת
METALAXYL,חסה,2.0,1996-01-01T00:00:00,,46,חסה,התאמה מדויקת,183,METALAXYL,התאמה מדויקת
METALAXYL,תרד,0.5,2014-03-19T00:00:00,,141,תרד,התאמה מדויקת,183,METALAXYL,התאמה מדויקת
METALAXYL,פלפל,0.01,2013-01-20T00:00:00,,99,פלפל,התאמה מדויקת,183,METALAXYL,התאמה מדויקת
METALAXYL,עגבניה,0.5,1996-01-01T00:00:00,,84,עגבניה,התאמה מדויקת,183,METALAXYL,התאמה מדויקת
METALAXYL,אפון,0.05,2009-10-13T00:00:00,,10,אפון,התאמה מדויקת,183,METALAXYL,התאמה מדויקת
METALAXYL,גזר,0.05,1996-01-01T00:00:00,,28,גזר,התאמה מדויקת,183,METALAXYL,התאמה מדויקת
METALAXYL,בצל,2.0,1996-01-01T00:00:00,,17,בצל,התאמה מדויקת,183,METALAXYL,התאמה מדויקת
METALAXYL,כותנה,0.05,2013-01-20T00:00:00,,56,כותנה,התאמה מדויקת,183,METALAXYL,התאמה מדויקת
METALAXYL,ריחן מצוי / בזיל,0.5,2013-01-20T00:00:00,,120,ריחן מצוי / בזיל,התאמה מדויקת,183,METALAXYL,התאמה מדויקת
METALAXYL,עירית בצלית,0.5,2013-01-20T00:00:00,,85,עירית בצלית,התאמה מדויקת,183,METALAXYL,התאמה מדויקת
METALAXYL,שמיר (שבת),0.5,2013-01-20T00:00:00,,127,שמיר (שבת),התאמה מדויקת,183,METALAXYL,התאמה מדויקת
METALAXYL,מנטה,0.5,2013-01-20T00:00:00,,74,מנטה,התאמה מדויקת,183,METALAXYL,התאמה מדויקת
METALAXYL,פטרוסלינון (שורש ועלים),0.5,2013-01-20T00:00:00,,93,פטרוסלינון (שורש ועלים),התאמה מדויקת,183,METALAXYL,התאמה מדויקת
METALAXYL,רוזמרין,0.5,2013-01-20T00:00:00,,117,רוזמרין,התאמה מדויקת,183,METALAXYL,התאמה מדויקת
METALAXYL,מרווה,0.5,2013-01-20T00:00:00,,75,מרווה,התאמה מדויקת,183,METALAXYL,התאמה מדויקת
METALAXYL,רוקט (בן חרדל),0.5,2014-03-19T00:00:00,,119,רוקט (בן חרדל),התאמה מדויקת,183,METALAXYL,התאמה מדויקת
METALAXYL,רוקולה,0.5,2013-01-20T00:00:00,,118,רוקולה,התאמה מדויקת,183,METALAXYL,התאמה מדויקת
METALAXYL,מיזונה (כרוב רפה),0.5,2014-03-19T00:00:00,,69,מיזונה (כרוב רפה),התאמה מדויקת,183,METALAXYL,התאמה מדויקת
METALAXYL,בצל ירוק,0.5,2013-01-20T00:00:00,,18,בצל ירוק,התאמה מדויקת,183,METALAXYL,התאמה מדויקת
METALAXYL,עלי טטסוי,0.5,2014-03-19T00:00:00,,87,עלי טטסוי,התאמה מדויקת,183,METALAXYL,התאמה מדויקת
METAM SODIUM,תות שדה לפרי,,2018-08-05T00:00:00,0.050,133,תות שדה לפרי,התאמה מדויקת,184,METAM SODIUM,התאמה מדויקת
METAM SODIUM,פרי הדר,0.05,1999-01-01T00:00:00,,103,פרי הדר,התאמה מדויקת,184,METAM SODIUM,התאמה מדויקת
METAM SODIUM,תפוח אדמה,0.05,1999-01-01T00:00:00,,139,תפוח אדמה,התאמה מדויקת,184,METAM SODIUM,התאמה מדויקת
METAM SODIUM,מלון,0.05,1996-01-01T00:00:00,,70,מלון,התאמה מדויקת,184,METAM SODIUM,התאמה מדויקת
METAM SODIUM,מלפפון,0.05,1996-01-01T00:00:00,,72,מלפפון,התאמה מדויקת,184,METAM SODIUM,התאמה מדויקת
METAM SODIUM,אבטיח,0.05,1996-01-01T00:00:00,,2,אבטיח,התאמה מדויקת,184,METAM SODIUM,התאמה מדויקת
METAM SODIUM,חסה,0.05,1996-01-01T00:00:00,,46,חסה,התאמה מדויקת,184,METAM SODIUM,התאמה מדויקת
METAM SODIUM,פלפל,0.05,1996-01-01T00:00:00,,99,פלפל,התאמה מדויקת,184,METAM SODIUM,התאמה מדויקת
METAM SODIUM,חציל,0.05,1996-01-01T00:00:00,,47,חציל,התאמה מדויקת,184,METAM SODIUM,התאמה מדויקת
METAM SODIUM,עגבניה,0.05,1996-01-01T00:00:00,,84,עגבניה,התאמה מדויקת,184,METAM SODIUM,התאמה מדויקת
METAM SODIUM,בצל,0.05,1996-01-01T00:00:00,,17,בצל,התאמה מדויקת,184,METAM SODIUM,התאמה מדויקת
METAM SODIUM,אגוז אדמה,0.05,1996-01-01T00:00:00,,3,אגוז אדמה,התאמה מדויקת,184,METAM SODIUM,התאמה מדויקת
METAM SODIUM,אבוקדו,0.05,1996-01-01T00:00:00,,1,אבוקדו,התאמה מדויקת,184,METAM SODIUM,התאמה מדויקת
METAM SODIUM,פירות גרעיניים,0.05,2013-01-20T00:00:00,,97,פירות גרעיניים,התאמה מדויקת,184,METAM SODIUM,התאמה מדויקת
METAM SODIUM,פירות גלעיניים,0.05,2013-01-20T00:00:00,,96,פירות גלעיניים,התאמה מדויקת,184,METAM SODIUM,התאמה מדויקת
METAMITRON,סלק מספוא,0.01,1999-01-01T00:00:00,,81,סלק מספוא,התאמה מדויקת,185,METAMITRON,התאמה מדויקת
METAMITRON,פרי הדר,,2025-06-26T00:00:00,0.010,103,פרי הדר,התאמה מדויקת,185,METAMITRON,התאמה מדויקת
METAMITRON,סלק אדום (שורש ועלים),0.01,1999-01-02T00:00:00,,80,סלק אדום (שורש ועלים),התאמה מדויקת,185,METAMITRON,התאמה מדויקת
METAMITRON,תפוח עץ,0.02,2014-08-04T00:00:00,,140,תפוח עץ,התאמה מדויקת,185,METAMITRON,התאמה מדויקת
METAZACHLOR,חימצה (חומוס),0.05,2013-01-20T00:00:00,,43,חימצה (חומוס),התאמה מדויקת,186,METAZACHLOR,התאמה מדויקת
METHIOCARB,אספסת,0.05,1999-01-01T00:00:00,יתבטל,8,אספסת,התאמה מדויקת,187,METHIOCARB,התאמה מדויקת
METHIOCARB,תלתן,0.05,1999-01-01T00:00:00,יתבטל,137,תלתן,התאמה מדויקת,187,METHIOCARB,התאמה מדויקת
METHIOCARB,בקיה,0.05,1999-01-01T00:00:00,יתבטל,19,בקיה,התאמה מדויקת,187,METHIOCARB,התאמה מדויקת
METHIOCARB,סלק מספוא,0.05,1996-01-01T00:00:00,יתבטל,81,סלק מספוא,התאמה מדויקת,187,METHIOCARB,התאמה מדויקת
METHIOCARB,קורנית,1.0,2011-12-19T00:00:00,יתבטל,110,קורנית,התאמה מדויקת,187,METHIOCARB,התאמה מדויקת
METHIOCARB,ענבים,0.05,1996-01-01T00:00:00,יתבטל,89,ענבים,התאמה מדויקת,187,METHIOCARB,התאמה מדויקת
METHIOCARB,פרי הדר,0.05,1996-01-01T00:00:00,יתבטל,103,פרי הדר,התאמה מדויקת,187,METHIOCARB,התאמה מדויקת
METHIOCARB,תפוח אדמה,0.05,1996-01-01T00:00:00,יתבטל,139,תפוח אדמה,התאמה מדויקת,187,METHIOCARB,התאמה מדויקת
METHIOCARB,קינרס (ארטישוק),0.05,1996-01-01T00:00:00,יתבטל,114,קינרס (ארטישוק),התאמה מדויקת,187,METHIOCARB,התאמה מדויקת
METHIOCARB,כרפס/סלרי (שורש ועלים),1.0,2013-01-20T00:00:00,יתבטל,62,כרפס/סלרי (שורש ועלים),התאמה מדויקת,187,METHIOCARB,התאמה מדויקת
METHIOCARB,חימצה (חומוס),0.05,1996-01-01T00:00:00,יתבטל,43,חימצה (חומוס),התאמה מדויקת,187,METHIOCARB,התאמה מדויקת
METHIOCARB,סלק עלים,1.0,2014-03-19T00:00:00,יתבטל,83,סלק עלים,התאמה מדויקת,187,METHIOCARB,התאמה מדויקת
METHIOCARB,כוסברה (גד השדה),1.0,2011-12-19T00:00:00,יתבטל,55,כוסברה (גד השדה),התאמה מדויקת,187,METHIOCARB,התאמה מדויקת
METHIOCARB,תרד,1.0,2014-03-19T00:00:00,יתבטל,141,תרד,התאמה מדויקת,187,METHIOCARB,התאמה מדויקת
METHIOCARB,פלפל,0.05,1996-01-01T00:00:00,יתבטל,99,פלפל,התאמה מדויקת,187,METHIOCARB,התאמה מדויקת
METHIOCARB,אפון,0.05,1996-01-01T00:00:00,יתבטל,10,אפון,התאמה מדויקת,187,METHIOCARB,התאמה מדויקת
METHIOCARB,צנון,0.05,1996-01-01T00:00:00,יתבטל,106,צנון,התאמה מדויקת,187,METHIOCARB,התאמה מדויקת
METHIOCARB,סלק אדום (שורש ועלים),0.05,1996-01-01T00:00:00,יתבטל,80,סלק אדום (שורש ועלים),התאמה מדויקת,187,METHIOCARB,התאמה מדויקת
METHIOCARB,בצל,0.05,2005-11-02T00:00:00,יתבטל,17,בצל,התאמה מדויקת,187,METHIOCARB,התאמה מדויקת
METHIOCARB,שקד,0.05,1999-01-01T00:00:00,יתבטל,131,שקד,התאמה מדויקת,187,METHIOCARB,התאמה מדויקת
METHIOCARB,אורגנו,1.0,2011-12-19T00:00:00,יתבטל,5,אורגנו,התאמה מדויקת,187,METHIOCARB,התאמה מדויקת
METHIOCARB,מנגו,0.05,1996-01-01T00:00:00,יתבטל,73,מנגו,התאמה מדויקת,187,METHIOCARB,התאמה מדויקת
METHIOCARB,תפוח עץ,0.05,1999-01-01T00:00:00,יתבטל,140,תפוח עץ,התאמה מדויקת,187,METHIOCARB,התאמה מדויקת
METHIOCARB,אגס,0.05,1999-01-01T00:00:00,יתבטל,4,אגס,התאמה מדויקת,187,METHIOCARB,התאמה מדויקת
METHIOCARB,חבוש,0.05,1999-01-01T00:00:00,יתבטל,39,חבוש,התאמה מדויקת,187,METHIOCARB,התאמה מדויקת
METHIOCARB,שזיף,0.05,1999-01-01T00:00:00,יתבטל,126,שזיף,התאמה מדויקת,187,METHIOCARB,התאמה מדויקת
METHIOCARB,משמש,0.05,1999-01-01T00:00:00,יתבטל,76,משמש,התאמה מדויקת,187,METHIOCARB,התאמה מדויקת
METHIOCARB,נקטרינה,0.05,1999-01-01T00:00:00,יתבטל,77,נקטרינה,התאמה מדויקת,187,METHIOCARB,התאמה מדויקת
METHIOCARB,אפרסק,0.05,1996-01-01T00:00:00,יתבטל,13,אפרסק,התאמה מדויקת,187,METHIOCARB,התאמה מדויקת
METHIOCARB,ריחן מצוי / בזיל,1.0,2011-12-19T00:00:00,יתבטל,120,ריחן מצוי / בזיל,התאמה מדויקת,187,METHIOCARB,התאמה מדויקת
METHIOCARB,עירית בצלית,1.0,2011-12-19T00:00:00,יתבטל,85,עירית בצלית,התאמה מדויקת,187,METHIOCARB,התאמה מדויקת
METHIOCARB,שמיר (שבת),1.0,2011-12-19T00:00:00,יתבטל,127,שמיר (שבת),התאמה מדויקת,187,METHIOCARB,התאמה מדויקת
METHIOCARB,מיורם,1.0,2011-12-19T00:00:00,יתבטל,68,מיורם,התאמה מדויקת,187,METHIOCARB,התאמה מדויקת
METHIOCARB,מנטה,1.0,2011-12-19T00:00:00,יתבטל,74,מנטה,התאמה מדויקת,187,METHIOCARB,התאמה מדויקת
METHIOCARB,פטרוסלינון (שורש ועלים),1.0,2011-12-19T00:00:00,יתבטל,93,פטרוסלינון (שורש ועלים),התאמה מדויקת,187,METHIOCARB,התאמה מדויקת
METHIOCARB,רוזמרין,1.0,2011-12-19T00:00:00,יתבטל,117,רוזמרין,התאמה מדויקת,187,METHIOCARB,התאמה מדויקת
METHIOCARB,מרווה,1.0,2011-12-19T00:00:00,יתבטל,75,מרווה,התאמה מדויקת,187,METHIOCARB,התאמה מדויקת
METHIOCARB,טרגון,1.0,2011-12-19T00:00:00,יתבטל,50,טרגון,התאמה מדויקת,187,METHIOCARB,התאמה מדויקת
METHIOCARB,רוקט (בן חרדל),1.0,2019-04-11T00:00:00,יתבטל,119,רוקט (בן חרדל),התאמה מדויקת,187,METHIOCARB,התאמה מדויקת
METHIOCARB,רוקולה,1.0,2011-12-19T00:00:00,יתבטל,118,רוקולה,התאמה מדויקת,187,METHIOCARB,התאמה מדויקת
METHIOCARB,מיזונה (כרוב רפה),1.0,2014-03-19T00:00:00,יתבטל,69,מיזונה (כרוב רפה),התאמה מדויקת,187,METHIOCARB,התאמה מדויקת
METHIOCARB,עשב לימון,1.0,2011-12-19T00:00:00,יתבטל,90,עשב לימון,התאמה מדויקת,187,METHIOCARB,התאמה מדויקת
METHIOCARB,בצל ירוק,1.0,2011-12-19T00:00:00,יתבטל,18,בצל ירוק,התאמה מדויקת,187,METHIOCARB,התאמה מדויקת
METHIOCARB,חומעת הגינה,1.0,2011-12-19T00:00:00,יתבטל,41,חומעת הגינה,התאמה מדויקת,187,METHIOCARB,התאמה מדויקת
METHIOCARB,עלי טטסוי,1.0,2014-03-19T00:00:00,יתבטל,87,עלי טטסוי,התאמה מדויקת,187,METHIOCARB,התאמה מדויקת
METHOMYL,אספסת,10.0,1996-01-01T00:00:00,,8,אספסת,התאמה מדויקת,188,METHOMYL,התאמה מדויקת
METHOMYL,סלק מספוא,0.1,1996-01-01T00:00:00,,81,סלק מספוא,התאמה מדויקת,188,METHOMYL,התאמה מדויקת
METHOMYL,קורנית,0.6,2013-01-20T00:00:00,,110,קורנית,התאמה מדויקת,188,METHOMYL,התאמה מדויקת
METHOMYL,וידן,10.0,2013-01-20T00:00:00,,36,וידן,התאמה מדויקת,188,METHOMYL,התאמה מדויקת
METHOMYL,עשב רודס,10.0,2013-01-20T00:00:00,,91,עשב רודס,התאמה מדויקת,188,METHOMYL,התאמה מדויקת
METHOMYL,תפוח אדמה,0.1,1996-01-01T00:00:00,,139,תפוח אדמה,התאמה מדויקת,188,METHOMYL,התאמה מדויקת
METHOMYL,צנונית,0.1,1996-01-01T00:00:00,,107,צנונית,התאמה מדויקת,188,METHOMYL,התאמה מדויקת
METHOMYL,סלק סוכר,0.1,1996-01-01T00:00:00,,82,סלק סוכר,התאמה מדויקת,188,METHOMYL,התאמה מדויקת
METHOMYL,קינרס (ארטישוק),2.0,1996-01-01T00:00:00,,114,קינרס (ארטישוק),התאמה מדויקת,188,METHOMYL,התאמה מדויקת
METHOMYL,כרפס/סלרי (שורש ועלים),2.0,1996-01-01T00:00:00,,62,כרפס/סלרי (שורש ועלים),התאמה מדויקת,188,METHOMYL,התאמה מדויקת
METHOMYL,כרוב,5.0,1996-01-01T00:00:00,,57,כרוב,התאמה מדויקת,188,METHOMYL,התאמה מדויקת
METHOMYL,כרובית,2.0,1996-01-01T00:00:00,,61,כרובית,התאמה מדויקת,188,METHOMYL,התאמה מדויקת
METHOMYL,מלון,0.2,1996-01-01T00:00:00,,70,מלון,התאמה מדויקת,188,METHOMYL,התאמה מדויקת
METHOMYL,מלפפון,0.2,1996-01-01T00:00:00,,72,מלפפון,התאמה מדויקת,188,METHOMYL,התאמה מדויקת
METHOMYL,קישוא,0.2,2007-10-09T00:00:00,,115,קישוא,התאמה מדויקת,188,METHOMYL,התאמה מדויקת
METHOMYL,אבטיח,0.2,1996-01-01T00:00:00,,2,אבטיח,התאמה מדויקת,188,METHOMYL,התאמה מדויקת
METHOMYL,כוסברה (גד השדה),0.6,2013-01-20T00:00:00,,55,כוסברה (גד השדה),התאמה מדויקת,188,METHOMYL,התאמה מדויקת
METHOMYL,פלפל,1.0,1996-01-01T00:00:00,,99,פלפל,התאמה מדויקת,188,METHOMYL,התאמה מדויקת
METHOMYL,חציל,0.2,1996-01-01T00:00:00,,47,חציל,התאמה מדויקת,188,METHOMYL,התאמה מדויקת
METHOMYL,עגבניה,1.0,1996-01-01T00:00:00,,84,עגבניה,התאמה מדויקת,188,METHOMYL,התאמה מדויקת
METHOMYL,צנון,0.1,1996-01-01T00:00:00,,106,צנון,התאמה מדויקת,188,METHOMYL,התאמה מדויקת
METHOMYL,סלק אדום (שורש ועלים),0.1,1996-01-01T00:00:00,,80,סלק אדום (שורש ועלים),התאמה מדויקת,188,METHOMYL,התאמה מדויקת
METHOMYL,גזר,0.1,1996-01-01T00:00:00,,28,גזר,התאמה מדויקת,188,METHOMYL,התאמה מדויקת
METHOMYL,חלב,0.02,1996-01-01T00:00:00,,44,חלב,התאמה מדויקת,188,METHOMYL,התאמה מדויקת
METHOMYL,בשר,0.02,1996-01-01T00:00:00,,22,בשר,התאמה מדויקת,188,METHOMYL,התאמה מדויקת
METHOMYL,"בשר, חלקי פנים",0.02,2005-11-02T00:00:00,,25,"בשר, חלקי פנים",התאמה מדויקת,188,METHOMYL,התאמה מדויקת
METHOMYL,ביצים,0.02,2005-11-02T00:00:00,,15,ביצים,התאמה מדויקת,188,METHOMYL,התאמה מדויקת
METHOMYL,בשר עוף,0.02,2005-11-02T00:00:00,,23,בשר עוף,התאמה מדויקת,188,METHOMYL,התאמה מדויקת
METHOMYL,כותנה,0.5,1996-01-01T00:00:00,,56,כותנה,התאמה מדויקת,188,METHOMYL,התאמה מדויקת
METHOMYL,אורגנו,0.6,2013-01-20T00:00:00,,5,אורגנו,התאמה מדויקת,188,METHOMYL,התאמה מדויקת
METHOMYL,אבוקדו,0.02,2012-10-16T00:00:00,,1,אבוקדו,התאמה מדויקת,188,METHOMYL,התאמה מדויקת
METHOMYL,תירס,0.02,2017-12-28T00:00:00,,134,תירס,התאמה מדויקת,188,METHOMYL,התאמה מדויקת
METHOMYL,ריחן מצוי / בזיל,0.6,2013-01-20T00:00:00,,120,ריחן מצוי / בזיל,התאמה מדויקת,188,METHOMYL,התאמה מדויקת
METHOMYL,עירית בצלית,0.6,2013-01-20T00:00:00,,85,עירית בצלית,התאמה מדויקת,188,METHOMYL,התאמה מדויקת
METHOMYL,שמיר (שבת),0.6,2013-01-20T00:00:00,,127,שמיר (שבת),התאמה מדויקת,188,METHOMYL,התאמה מדויקת
METHOMYL,שומר,0.6,2013-01-20T00:00:00,,124,שומר,התאמה מדויקת,188,METHOMYL,התאמה מדויקת
METHOMYL,מיורם,0.6,2013-01-20T00:00:00,,68,מיורם,התאמה מדויקת,188,METHOMYL,התאמה מדויקת
METHOMYL,מנטה,0.6,2013-01-20T00:00:00,,74,מנטה,התאמה מדויקת,188,METHOMYL,התאמה מדויקת
METHOMYL,פטרוסלינון (שורש ועלים),0.6,2013-01-20T00:00:00,,93,פטרוסלינון (שורש ועלים),התאמה מדויקת,188,METHOMYL,התאמה מדויקת
METHOMYL,רוזמרין,0.6,2013-01-20T00:00:00,,117,רוזמרין,התאמה מדויקת,188,METHOMYL,התאמה מדויקת
METHOMYL,מרווה,0.6,2013-01-20T00:00:00,,75,מרווה,התאמה מדויקת,188,METHOMYL,התאמה מדויקת
METHOMYL,טרגון,0.6,2013-01-20T00:00:00,,50,טרגון,התאמה מדויקת,188,METHOMYL,התאמה מדויקת
METHOMYL,רוקט (בן חרדל),,2019-04-11T00:00:00,0.100,119,רוקט (בן חרדל),התאמה מדויקת,188,METHOMYL,התאמה מדויקת
METHOMYL,רוקולה,0.1,2009-01-14T00:00:00,,118,רוקולה,התאמה מדויקת,188,METHOMYL,התאמה מדויקת
METHOMYL,"בשר עוף, חלקי פנים",0.02,2005-11-02T00:00:00,,24,"בשר עוף, חלקי פנים",התאמה מדויקת,188,METHOMYL,התאמה מדויקת
METHOMYL,עשב לימון,0.6,2013-01-20T00:00:00,,90,עשב לימון,התאמה מדויקת,188,METHOMYL,התאמה מדויקת
METHOXYFENOZIDE,אספסת,1.0,2001-03-21T00:00:00,,8,אספסת,התאמה מדויקת,189,METHOXYFENOZIDE,התאמה מדויקת
METHOXYFENOZIDE,ענבים,2.0,2000-06-19T00:00:00,,89,ענבים,התאמה מדויקת,189,METHOXYFENOZIDE,התאמה מדויקת
METHOXYFENOZIDE,תות שדה לפרי,0.5,2006-11-23T00:00:00,,133,תות שדה לפרי,התאמה מדויקת,189,METHOXYFENOZIDE,התאמה מדויקת
METHOXYFENOZIDE,פרי הדר,,2018-05-02T00:00:00,0.020,103,פרי הדר,התאמה מדויקת,189,METHOXYFENOZIDE,התאמה מדויקת
METHOXYFENOZIDE,תפוח אדמה,0.05,2005-11-03T00:00:00,,139,תפוח אדמה,התאמה מדויקת,189,METHOXYFENOZIDE,התאמה מדויקת
METHOXYFENOZIDE,קינרס (ארטישוק),0.05,2005-11-03T00:00:00,,114,קינרס (ארטישוק),התאמה מדויקת,189,METHOXYFENOZIDE,התאמה מדויקת
METHOXYFENOZIDE,כרפס/סלרי (שורש ועלים),0.05,2001-01-15T00:00:00,,62,כרפס/סלרי (שורש ועלים),התאמה מדויקת,189,METHOXYFENOZIDE,התאמה מדויקת
METHOXYFENOZIDE,כרוביים,0.05,2006-01-04T00:00:00,יתבטל,60,כרוביים,התאמה מדויקת,189,METHOXYFENOZIDE,התאמה מדויקת
METHOXYFENOZIDE,כרוב,,2016-08-09T00:00:00,0.050,57,כרוב,התאמה מדויקת,189,METHOXYFENOZIDE,התאמה מדויקת
METHOXYFENOZIDE,ברוקולי,,2016-08-09T00:00:00,0.050,21,ברוקולי,התאמה מדויקת,189,METHOXYFENOZIDE,התאמה מדויקת
METHOXYFENOZIDE,כרובית,,2005-11-03T00:00:00,0.050,61,כרובית,התאמה מדויקת,189,METHOXYFENOZIDE,התאמה מדויקת
METHOXYFENOZIDE,קולרבי,,2018-02-18T00:00:00,0.050,108,קולרבי,התאמה מדויקת,189,METHOXYFENOZIDE,התאמה מדויקת
METHOXYFENOZIDE,חסה,0.05,2005-11-03T00:00:00,,46,חסה,התאמה מדויקת,189,METHOXYFENOZIDE,התאמה מדויקת
METHOXYFENOZIDE,פלפל,0.5,2001-01-15T00:00:00,,99,פלפל,התאמה מדויקת,189,METHOXYFENOZIDE,התאמה מדויקת
METHOXYFENOZIDE,עגבניה,0.5,2005-11-03T00:00:00,,84,עגבניה,התאמה מדויקת,189,METHOXYFENOZIDE,התאמה מדויקת
METHOXYFENOZIDE,שעועית ירוקה,1.0,2001-01-15T00:00:00,,129,שעועית ירוקה,התאמה מדויקת,189,METHOXYFENOZIDE,התאמה מדויקת
METHOXYFENOZIDE,חלב,0.01,2013-01-23T00:00:00,,44,חלב,התאמה מדויקת,189,METHOXYFENOZIDE,התאמה מדויקת
METHOXYFENOZIDE,בשר,0.05,2013-01-23T00:00:00,,22,בשר,התאמה מדויקת,189,METHOXYFENOZIDE,התאמה מדויקת
METHOXYFENOZIDE,כותנה,0.5,2006-08-02T00:00:00,,56,כותנה,התאמה מדויקת,189,METHOXYFENOZIDE,התאמה מדויקת
METHOXYFENOZIDE,שקד,,2025-12-23T00:00:00,0.100,131,שקד,התאמה מדויקת,189,METHOXYFENOZIDE,התאמה מדויקת
METHOXYFENOZIDE,רימון,0.3,2007-02-28T00:00:00,,121,רימון,התאמה מדויקת,189,METHOXYFENOZIDE,התאמה מדויקת
METHOXYFENOZIDE,תפוח עץ,0.5,2016-09-19T00:00:00,,140,תפוח עץ,התאמה מדויקת,189,METHOXYFENOZIDE,התאמה מדויקת
METHOXYFENOZIDE,אגס,0.05,2006-04-03T00:00:00,0.500,4,אגס,התאמה מדויקת,189,METHOXYFENOZIDE,התאמה מדויקת
METHOXYFENOZIDE,שזיף,,2024-05-13T00:00:00,0.250,126,שזיף,התאמה מדויקת,189,METHOXYFENOZIDE,התאמה מדויקת
METHOXYFENOZIDE,משמש,,2024-05-13T00:00:00,0.250,76,משמש,התאמה מדויקת,189,METHOXYFENOZIDE,התאמה מדויקת
METHOXYFENOZIDE,נקטרינה,,2024-05-13T00:00:00,0.250,77,נקטרינה,התאמה מדויקת,189,METHOXYFENOZIDE,התאמה מדויקת
METHOXYFENOZIDE,אפרסק,,2021-06-08T00:00:00,0.250,13,אפרסק,התאמה מדויקת,189,METHOXYFENOZIDE,התאמה מדויקת
METHOXYFENOZIDE,זית אירופאי,0.05,2005-11-03T00:00:00,,37,זית אירופאי,התאמה מדויקת,189,METHOXYFENOZIDE,התאמה מדויקת
METHOXYFENOZIDE,תירס,0.05,2001-01-15T00:00:00,,134,תירס,התאמה מדויקת,189,METHOXYFENOZIDE,התאמה מדויקת
METHOXYFENOZIDE,ריחן מצוי / בזיל,0.1,2005-10-30T00:00:00,,120,ריחן מצוי / בזיל,התאמה מדויקת,189,METHOXYFENOZIDE,התאמה מדויקת
METOBROMURON,תפוח אדמה,,2024-12-29T00:00:00,0.030,139,תפוח אדמה,התאמה מדויקת,190,METOBROMURON,התאמה מדויקת
METOLACHLOR,תירס מספוא,0.1,1999-01-01T00:00:00,,135,תירס מספוא,התאמה מדויקת,191,METOLACHLOR,התאמה מדויקת
METOLACHLOR,תפוח אדמה,0.1,1999-01-01T00:00:00,,139,תפוח אדמה,התאמה מדויקת,191,METOLACHLOR,התאמה מדויקת
METOLACHLOR,אבטיח,0.02,2009-10-13T00:00:00,,2,אבטיח,התאמה מדויקת,191,METOLACHLOR,התאמה מדויקת
METOLACHLOR,חימצה (חומוס),0.1,1999-01-01T00:00:00,,43,חימצה (חומוס),התאמה מדויקת,191,METOLACHLOR,התאמה מדויקת
METOLACHLOR,תירס מתוק,0.1,1999-01-01T00:00:00,,136,תירס מתוק,התאמה מדויקת,191,METOLACHLOR,התאמה מדויקת
METOLACHLOR,פפריקה,0.1,1999-01-01T00:00:00,,101,פפריקה,התאמה מדויקת,191,METOLACHLOR,התאמה מדויקת
METOLACHLOR,שעועית ירוקה,0.1,1999-01-01T00:00:00,,129,שעועית ירוקה,התאמה מדויקת,191,METOLACHLOR,התאמה מדויקת
METOLACHLOR,חלב,0.02,1999-01-01T00:00:00,,44,חלב,התאמה מדויקת,191,METOLACHLOR,התאמה מדויקת
METOLACHLOR,בשר,0.02,1999-01-01T00:00:00,,22,בשר,התאמה מדויקת,191,METOLACHLOR,התאמה מדויקת
METOLACHLOR,"בשר, חלקי פנים",0.02,1999-01-02T00:00:00,,25,"בשר, חלקי פנים",התאמה מדויקת,191,METOLACHLOR,התאמה מדויקת
METOLACHLOR,ביצים,0.02,1999-01-01T00:00:00,,15,ביצים,התאמה מדויקת,191,METOLACHLOR,התאמה מדויקת
METOLACHLOR,אגוז אדמה,0.5,1999-01-01T00:00:00,,3,אגוז אדמה,התאמה מדויקת,191,METOLACHLOR,התאמה מדויקת
METOLACHLOR,חמנית מצויה,0.1,1999-01-01T00:00:00,,45,חמנית מצויה,התאמה מדויקת,191,METOLACHLOR,התאמה מדויקת
METOLACHLOR,תפוח עץ,0.12,2017-12-28T00:00:00,יתבטל,140,תפוח עץ,התאמה מדויקת,191,METOLACHLOR,התאמה מדויקת
METOMINOSTROBIN,ענבים,0.2,2003-11-05T00:00:00,,89,ענבים,התאמה מדויקת,192,METOMINOSTROBIN,התאמה מדויקת
METOMINOSTROBIN,תות שדה לפרי,0.1,2006-12-05T00:00:00,,133,תות שדה לפרי,התאמה מדויקת,192,METOMINOSTROBIN,התאמה מדויקת
METOMINOSTROBIN,פלפל,0.2,2003-11-05T00:00:00,,99,פלפל,התאמה מדויקת,192,METOMINOSTROBIN,התאמה מדויקת
METOMINOSTROBIN,חציל,0.2,2010-01-03T00:00:00,,47,חציל,התאמה מדויקת,192,METOMINOSTROBIN,התאמה מדויקת
METOMINOSTROBIN,עגבניה,0.2,2004-06-22T00:00:00,,84,עגבניה,התאמה מדויקת,192,METOMINOSTROBIN,התאמה מדויקת
METOMINOSTROBIN,פפריקה,0.2,2013-01-20T00:00:00,,101,פפריקה,התאמה מדויקת,192,METOMINOSTROBIN,התאמה מדויקת
METOMINOSTROBIN,גזר,0.05,2008-03-25T00:00:00,,28,גזר,התאמה מדויקת,192,METOMINOSTROBIN,התאמה מדויקת
METOMINOSTROBIN,בצל,0.05,2008-06-02T00:00:00,,17,בצל,התאמה מדויקת,192,METOMINOSTROBIN,התאמה מדויקת
METOMINOSTROBIN,שום,0.05,2006-12-05T00:00:00,,123,שום,התאמה מדויקת,192,METOMINOSTROBIN,התאמה מדויקת
METOMINOSTROBIN,תפוח עץ,0.2,2003-11-05T00:00:00,,140,תפוח עץ,התאמה מדויקת,192,METOMINOSTROBIN,התאמה מדויקת
METOMINOSTROBIN,שזיף,0.1,2006-05-14T00:00:00,,126,שזיף,התאמה מדויקת,192,METOMINOSTROBIN,התאמה מדויקת
METOMINOSTROBIN,נקטרינה,0.1,2003-11-05T00:00:00,,77,נקטרינה,התאמה מדויקת,192,METOMINOSTROBIN,התאמה מדויקת
METOMINOSTROBIN,אפרסק,0.1,2003-03-23T00:00:00,,13,אפרסק,התאמה מדויקת,192,METOMINOSTROBIN,התאמה מדויקת
METRAFENONE,ענבים,5.0,2013-03-13T00:00:00,,89,ענבים,התאמה מדויקת,193,METRAFENONE,התאמה מדויקת
METRAFENONE,תות שדה לפרי,0.5,2013-03-13T00:00:00,,133,תות שדה לפרי,התאמה מדויקת,193,METRAFENONE,התאמה מדויקת
METRAFENONE,מלון,0.3,2013-03-13T00:00:00,,70,מלון,התאמה מדויקת,193,METRAFENONE,התאמה מדויקת
METRAFENONE,מלפפון,0.3,2015-11-12T00:00:00,,72,מלפפון,התאמה מדויקת,193,METRAFENONE,התאמה מדויקת
METRAFENONE,דלעת,0.3,2013-03-13T00:00:00,,35,דלעת,התאמה מדויקת,193,METRAFENONE,התאמה מדויקת
METRAFENONE,קישוא,0.3,2013-03-13T00:00:00,,115,קישוא,התאמה מדויקת,193,METRAFENONE,התאמה מדויקת
METRAFENONE,אבטיח,0.05,2013-03-13T00:00:00,,2,אבטיח,התאמה מדויקת,193,METRAFENONE,התאמה מדויקת
METRAFENONE,פלפל,,2019-07-23T00:00:00,0.150,99,פלפל,התאמה מדויקת,193,METRAFENONE,התאמה מדויקת
METRAFENONE,חציל,,2022-02-15T00:00:00,0.150,47,חציל,התאמה מדויקת,193,METRAFENONE,התאמה מדויקת
METRAFENONE,עגבניה,,2019-06-16T00:00:00,0.200,84,עגבניה,התאמה מדויקת,193,METRAFENONE,התאמה מדויקת
METRAFENONE,דלורית,0.3,2013-03-13T00:00:00,,34,דלורית,התאמה מדויקת,193,METRAFENONE,התאמה מדויקת
METRAFENONE,מנגו,0.01,2013-03-13T00:00:00,,73,מנגו,התאמה מדויקת,193,METRAFENONE,התאמה מדויקת
METRAFENONE,תפוח עץ,,2018-02-13T00:00:00,0.100,140,תפוח עץ,התאמה מדויקת,193,METRAFENONE,התאמה מדויקת
METRIBUZIN,תפוח אדמה,0.01,2013-01-20T00:00:00,,139,תפוח אדמה,התאמה מדויקת,194,METRIBUZIN,התאמה מדויקת
METRIBUZIN,עגבניה,0.01,2013-01-20T00:00:00,,84,עגבניה,התאמה מדויקת,194,METRIBUZIN,התאמה מדויקת
METRIBUZIN,גזר,0.01,2013-01-20T00:00:00,,28,גזר,התאמה מדויקת,194,METRIBUZIN,התאמה מדויקת
METRIBUZIN,חיטה,0.01,2013-01-20T00:00:00,,42,חיטה,התאמה מדויקת,194,METRIBUZIN,התאמה מדויקת
MILBEMECTIN,פרי הדר,0.05,2010-08-02T00:00:00,,103,פרי הדר,התאמה מדויקת,195,MILBEMECTIN,התאמה מדויקת
MILBEMECTIN,מלון,0.01,2010-07-20T00:00:00,,70,מלון,התאמה מדויקת,195,MILBEMECTIN,התאמה מדויקת
MILBEMECTIN,מלפפון,0.01,2010-06-21T00:00:00,,72,מלפפון,התאמה מדויקת,195,MILBEMECTIN,התאמה מדויקת
MILBEMECTIN,אבטיח,0.01,2010-06-21T00:00:00,,2,אבטיח,התאמה מדויקת,195,MILBEMECTIN,התאמה מדויקת
MILBEMECTIN,פלפל,0.05,2009-01-14T00:00:00,,99,פלפל,התאמה מדויקת,195,MILBEMECTIN,התאמה מדויקת
MILBEMECTIN,חציל,0.05,2009-01-14T00:00:00,,47,חציל,התאמה מדויקת,195,MILBEMECTIN,התאמה מדויקת
MILBEMECTIN,עגבניה,0.05,2009-01-14T00:00:00,,84,עגבניה,התאמה מדויקת,195,MILBEMECTIN,התאמה מדויקת
MILBEMECTIN,תפוח עץ,0.05,2009-01-14T00:00:00,,140,תפוח עץ,התאמה מדויקת,195,MILBEMECTIN,התאמה מדויקת
MILBEMECTIN,אגס,0.05,2009-02-05T00:00:00,,4,אגס,התאמה מדויקת,195,MILBEMECTIN,התאמה מדויקת
MSMA,פירות,0.01,1999-01-01T00:00:00,,95,פירות,התאמה מדויקת,196,MSMA,התאמה מדויקת
MSMA,פרי הדר,0.01,2005-11-03T00:00:00,,103,פרי הדר,התאמה מדויקת,196,MSMA,התאמה מדויקת
MSMA,כותנה,0.01,1999-01-01T00:00:00,,56,כותנה,התאמה מדויקת,196,MSMA,התאמה מדויקת
MYCLOBUTANIL,ענבים,1.0,1996-01-01T00:00:00,,89,ענבים,התאמה מדויקת,197,MYCLOBUTANIL,התאמה מדויקת
MYCLOBUTANIL,פרי הדר,3.0,2009-06-23T00:00:00,,103,פרי הדר,התאמה מדויקת,197,MYCLOBUTANIL,התאמה מדויקת
MYCLOBUTANIL,מלון,0.3,1996-01-01T00:00:00,,70,מלון,התאמה מדויקת,197,MYCLOBUTANIL,התאמה מדויקת
MYCLOBUTANIL,מלפפון,0.3,1996-01-01T00:00:00,יתבטל,72,מלפפון,התאמה מדויקת,197,MYCLOBUTANIL,התאמה מדויקת
MYCLOBUTANIL,קישוא,0.3,1996-01-01T00:00:00,,115,קישוא,התאמה מדויקת,197,MYCLOBUTANIL,התאמה מדויקת
MYCLOBUTANIL,אבטיח,0.3,1996-01-01T00:00:00,,2,אבטיח,התאמה מדויקת,197,MYCLOBUTANIL,התאמה מדויקת
MYCLOBUTANIL,פלפל,0.5,1996-01-01T00:00:00,יתבטל,99,פלפל,התאמה מדויקת,197,MYCLOBUTANIL,התאמה מדויקת
MYCLOBUTANIL,חציל,0.3,1996-01-01T00:00:00,,47,חציל,התאמה מדויקת,197,MYCLOBUTANIL,התאמה מדויקת
MYCLOBUTANIL,עגבניה,0.3,1996-01-01T00:00:00,,84,עגבניה,התאמה מדויקת,197,MYCLOBUTANIL,התאמה מדויקת
MYCLOBUTANIL,פפריקה,0.1,2009-11-09T00:00:00,,101,פפריקה,התאמה מדויקת,197,MYCLOBUTANIL,התאמה מדויקת
MYCLOBUTANIL,שעועית ירוקה,0.02,2016-08-04T00:00:00,,129,שעועית ירוקה,התאמה מדויקת,197,MYCLOBUTANIL,התאמה מדויקת
MYCLOBUTANIL,שקד,0.2,1996-01-01T00:00:00,,131,שקד,התאמה מדויקת,197,MYCLOBUTANIL,התאמה מדויקת
MYCLOBUTANIL,שום,0.3,1996-01-01T00:00:00,,123,שום,התאמה מדויקת,197,MYCLOBUTANIL,התאמה מדויקת
MYCLOBUTANIL,מנגו,0.5,1996-01-01T00:00:00,,73,מנגו,התאמה מדויקת,197,MYCLOBUTANIL,התאמה מדויקת
MYCLOBUTANIL,תפוח עץ,0.5,1996-01-01T00:00:00,,140,תפוח עץ,התאמה מדויקת,197,MYCLOBUTANIL,התאמה מדויקת
MYCLOBUTANIL,אגס,0.5,1996-01-01T00:00:00,,4,אגס,התאמה מדויקת,197,MYCLOBUTANIL,התאמה מדויקת
MYCLOBUTANIL,שזיף,0.2,1996-01-01T00:00:00,,126,שזיף,התאמה מדויקת,197,MYCLOBUTANIL,התאמה מדויקת
MYCLOBUTANIL,משמש,0.2,1996-01-01T00:00:00,,76,משמש,התאמה מדויקת,197,MYCLOBUTANIL,התאמה מדויקת
MYCLOBUTANIL,נקטרינה,0.5,1996-01-01T00:00:00,,77,נקטרינה,התאמה מדויקת,197,MYCLOBUTANIL,התאמה מדויקת
MYCLOBUTANIL,אפרסק,0.5,1996-01-01T00:00:00,,13,אפרסק,התאמה מדויקת,197,MYCLOBUTANIL,התאמה מדויקת
MYCLOBUTANIL,תאנה,0.01,2005-05-26T00:00:00,,132,תאנה,התאמה מדויקת,197,MYCLOBUTANIL,התאמה מדויקת
NOVALURON,אספסת,2.0,2001-05-24T00:00:00,,8,אספסת,התאמה מדויקת,198,NOVALURON,התאמה מדויקת
NOVALURON,תות שדה לפרי,0.1,2006-01-17T00:00:00,,133,תות שדה לפרי,התאמה מדויקת,198,NOVALURON,התאמה מדויקת
NOVALURON,תפוח אדמה,0.02,2001-03-21T00:00:00,,139,תפוח אדמה,התאמה מדויקת,198,NOVALURON,התאמה מדויקת
NOVALURON,קינרס (ארטישוק),0.02,2001-07-15T00:00:00,,114,קינרס (ארטישוק),התאמה מדויקת,198,NOVALURON,התאמה מדויקת
NOVALURON,כרפס/סלרי (שורש ועלים),1.0,2006-10-31T00:00:00,,62,כרפס/סלרי (שורש ועלים),התאמה מדויקת,198,NOVALURON,התאמה מדויקת
NOVALURON,כרוביים,0.02,2001-03-21T00:00:00,,60,כרוביים,התאמה מדויקת,198,NOVALURON,התאמה מדויקת
NOVALURON,כרוב,0.02,2021-08-17T00:00:00,,57,כרוב,התאמה מדויקת,198,NOVALURON,התאמה מדויקת
NOVALURON,ברוקולי,0.02,2021-08-17T00:00:00,,21,ברוקולי,התאמה מדויקת,198,NOVALURON,התאמה מדויקת
NOVALURON,כרובית,0.02,2021-08-17T00:00:00,,61,כרובית,התאמה מדויקת,198,NOVALURON,התאמה מדויקת
NOVALURON,חסה,0.5,2014-08-06T00:00:00,,46,חסה,התאמה מדויקת,198,NOVALURON,התאמה מדויקת
NOVALURON,חציל,0.05,2005-12-07T00:00:00,,47,חציל,התאמה מדויקת,198,NOVALURON,התאמה מדויקת
NOVALURON,עגבניה,0.2,2006-10-05T00:00:00,,84,עגבניה,התאמה מדויקת,198,NOVALURON,התאמה מדויקת
NOVALURON,שעועית ירוקה,0.02,2001-05-24T00:00:00,,129,שעועית ירוקה,התאמה מדויקת,198,NOVALURON,התאמה מדויקת
NOVALURON,גזר,0.02,2003-05-04T00:00:00,,28,גזר,התאמה מדויקת,198,NOVALURON,התאמה מדויקת
NOVALURON,כותנה,0.02,2001-03-21T00:00:00,,56,כותנה,התאמה מדויקת,198,NOVALURON,התאמה מדויקת
NOVALURON,אגוז אדמה,0.02,2006-10-05T00:00:00,,3,אגוז אדמה,התאמה מדויקת,198,NOVALURON,התאמה מדויקת
NOVALURON,שקד,,2017-01-30T00:00:00,0.040,131,שקד,התאמה מדויקת,198,NOVALURON,התאמה מדויקת
NOVALURON,תפוח עץ,0.1,2012-12-02T00:00:00,,140,תפוח עץ,התאמה מדויקת,198,NOVALURON,התאמה מדויקת
NOVALURON,אגס,0.1,2012-12-02T00:00:00,,4,אגס,התאמה מדויקת,198,NOVALURON,התאמה מדויקת
NOVALURON,שזיף,0.05,2015-11-12T00:00:00,,126,שזיף,התאמה מדויקת,198,NOVALURON,התאמה מדויקת
NOVALURON,משמש,0.05,2015-11-12T00:00:00,,76,משמש,התאמה מדויקת,198,NOVALURON,התאמה מדויקת
NOVALURON,נקטרינה,0.05,2015-11-12T00:00:00,,77,נקטרינה,התאמה מדויקת,198,NOVALURON,התאמה מדויקת
NOVALURON,אפרסק,0.05,2015-11-12T00:00:00,,13,אפרסק,התאמה מדויקת,198,NOVALURON,התאמה מדויקת
NOVALURON,זית אירופאי,0.5,2006-10-31T00:00:00,,37,זית אירופאי,התאמה מדויקת,198,NOVALURON,התאמה מדויקת
NOVALURON,תירס,0.02,2001-03-21T00:00:00,,134,תירס,התאמה מדויקת,198,NOVALURON,התאמה מדויקת
NOVALURON,פטרוסלינון (שורש ועלים),2.0,2008-12-03T00:00:00,,93,פטרוסלינון (שורש ועלים),התאמה מדויקת,198,NOVALURON,התאמה מדויקת
ORTHO PHENYLPHENOL,פרי הדר,10.0,1996-01-01T00:00:00,,103,פרי הדר,התאמה מדויקת,199,ORTHO PHENYLPHENOL,התאמה מדויקת
OXADIARGYL,אבטיח,0.01,1999-01-01T00:00:00,,2,אבטיח,התאמה מדויקת,200,OXADIARGYL,התאמה מדויקת
OXADIARGYL,עגבניה,0.01,1999-01-01T00:00:00,,84,עגבניה,התאמה מדויקת,200,OXADIARGYL,התאמה מדויקת
OXADIARGYL,שום,0.01,1999-01-01T00:00:00,,123,שום,התאמה מדויקת,200,OXADIARGYL,התאמה מדויקת
OXADIAZON,פירות,0.02,2013-01-20T00:00:00,,95,פירות,התאמה מדויקת,201,OXADIAZON,התאמה מדויקת
OXADIAZON,ענבים,0.02,2013-01-20T00:00:00,,89,ענבים,התאמה מדויקת,201,OXADIAZON,התאמה מדויקת
OXADIAZON,תות שדה לפרי,0.02,2013-01-20T00:00:00,,133,תות שדה לפרי,התאמה מדויקת,201,OXADIAZON,התאמה מדויקת
OXADIAZON,פרי הדר,0.02,2013-01-20T00:00:00,,103,פרי הדר,התאמה מדויקת,201,OXADIAZON,התאמה מדויקת
OXADIAZON,כרפס/סלרי (שורש ועלים),0.02,2013-01-20T00:00:00,,62,כרפס/סלרי (שורש ועלים),התאמה מדויקת,201,OXADIAZON,התאמה מדויקת
OXADIAZON,כרוביים,0.02,2013-01-20T00:00:00,,60,כרוביים,התאמה מדויקת,201,OXADIAZON,התאמה מדויקת
OXADIAZON,כרוב,0.02,2013-01-20T00:00:00,,57,כרוב,התאמה מדויקת,201,OXADIAZON,התאמה מדויקת
OXADIAZON,כרובית,0.02,2013-01-20T00:00:00,,61,כרובית,התאמה מדויקת,201,OXADIAZON,התאמה מדויקת
OXADIAZON,ירקות עלים,0.02,2013-01-20T00:00:00,,52,ירקות עלים,התאמה מדויקת,201,OXADIAZON,התאמה מדויקת
OXADIAZON,פלפל,0.02,2013-01-20T00:00:00,,99,פלפל,התאמה מדויקת,201,OXADIAZON,התאמה מדויקת
OXADIAZON,חציל,0.02,2013-01-20T00:00:00,,47,חציל,התאמה מדויקת,201,OXADIAZON,התאמה מדויקת
OXADIAZON,עגבניה,0.02,2013-01-20T00:00:00,,84,עגבניה,התאמה מדויקת,201,OXADIAZON,התאמה מדויקת
OXADIAZON,ירקות שורש,0.02,2013-01-20T00:00:00,,53,ירקות שורש,התאמה מדויקת,201,OXADIAZON,התאמה מדויקת
OXADIAZON,בטטה,0.02,2013-01-20T00:00:00,,14,בטטה,התאמה מדויקת,201,OXADIAZON,התאמה מדויקת
OXADIAZON,בצל,0.02,2013-01-20T00:00:00,,17,בצל,התאמה מדויקת,201,OXADIAZON,התאמה מדויקת
OXADIAZON,שום,0.02,2013-01-20T00:00:00,,123,שום,התאמה מדויקת,201,OXADIAZON,התאמה מדויקת
OXADIAZON,אבוקדו,0.02,2013-01-20T00:00:00,,1,אבוקדו,התאמה מדויקת,201,OXADIAZON,התאמה מדויקת
OXADIAZON,בננה,0.02,2013-01-20T00:00:00,,16,בננה,התאמה מדויקת,201,OXADIAZON,התאמה מדויקת
OXADIAZON,זית אירופאי,0.02,2013-01-20T00:00:00,,37,זית אירופאי,התאמה מדויקת,201,OXADIAZON,התאמה מדויקת
OXADIAZON,צמחי תבלין,0.02,2013-01-20T00:00:00,,105,צמחי תבלין,התאמה מדויקת,201,OXADIAZON,התאמה מדויקת
OXAMYL,מלפפון,0.01,2017-12-28T00:00:00,,72,מלפפון,התאמה מדויקת,202,OXAMYL,התאמה מדויקת
OXAMYL,פלפל,0.01,2017-12-28T00:00:00,,99,פלפל,התאמה מדויקת,202,OXAMYL,התאמה מדויקת
OXAMYL,חציל,2.0,2017-12-28T00:00:00,0.010,47,חציל,התאמה מדויקת,202,OXAMYL,התאמה מדויקת
OXAMYL,עגבניה,0.01,2017-12-28T00:00:00,,84,עגבניה,התאמה מדויקת,202,OXAMYL,התאמה מדויקת
OXAMYL,גזר,0.01,2005-12-12T00:00:00,,28,גזר,התאמה מדויקת,202,OXAMYL,התאמה מדויקת
OXAMYL,בצל,0.005,2015-11-15T00:00:00,,17,בצל,התאמה מדויקת,202,OXAMYL,התאמה מדויקת
OXAMYL,שום,0.005,2015-11-15T00:00:00,,123,שום,התאמה מדויקת,202,OXAMYL,התאמה מדויקת
OXAMYL,בננה,0.05,2005-11-09T00:00:00,,16,בננה,התאמה מדויקת,202,OXAMYL,התאמה מדויקת
OXATHIAPIPROLIN,ענבים,0.15,2022-08-21T00:00:00,0.700,89,ענבים,התאמה מדויקת,203,OXATHIAPIPROLIN,התאמה מדויקת
OXATHIAPIPROLIN,תפוח אדמה,,2019-06-17T00:00:00,0.010,139,תפוח אדמה,התאמה מדויקת,203,OXATHIAPIPROLIN,התאמה מדויקת
OXATHIAPIPROLIN,כרוב,,2023-07-12T00:00:00,0.070,57,כרוב,התאמה מדויקת,203,OXATHIAPIPROLIN,התאמה מדויקת
OXATHIAPIPROLIN,כרובית,,2023-06-04T00:00:00,0.020,61,כרובית,התאמה מדויקת,203,OXATHIAPIPROLIN,התאמה מדויקת
OXATHIAPIPROLIN,מלון,,2024-09-09T00:00:00,0.200,70,מלון,התאמה מדויקת,203,OXATHIAPIPROLIN,התאמה מדויקת
OXATHIAPIPROLIN,מלפפון,,2023-06-04T00:00:00,0.050,72,מלפפון,התאמה מדויקת,203,OXATHIAPIPROLIN,התאמה מדויקת
OXATHIAPIPROLIN,קישוא,0.02,2023-07-12T00:00:00,0.200,115,קישוא,התאמה מדויקת,203,OXATHIAPIPROLIN,התאמה מדויקת
OXATHIAPIPROLIN,חימצה (חומוס),,2024-09-09T00:00:00,0.250,43,חימצה (חומוס),התאמה מדויקת,203,OXATHIAPIPROLIN,התאמה מדויקת
OXATHIAPIPROLIN,חסה,,2023-07-12T00:00:00,0.700,46,חסה,התאמה מדויקת,203,OXATHIAPIPROLIN,התאמה מדויקת
OXATHIAPIPROLIN,עגבניה,,2020-06-23T00:00:00,0.100,84,עגבניה,התאמה מדויקת,203,OXATHIAPIPROLIN,התאמה מדויקת
OXATHIAPIPROLIN,בצל,,2023-06-04T00:00:00,0.010,17,בצל,התאמה מדויקת,203,OXATHIAPIPROLIN,התאמה מדויקת
OXOLINIC ACID,תפוח עץ,0.01,1999-01-01T00:00:00,,140,תפוח עץ,התאמה מדויקת,204,OXOLINIC ACID,התאמה מדויקת
OXOLINIC ACID,שסק,0.01,1999-01-01T00:00:00,,128,שסק,התאמה מדויקת,204,OXOLINIC ACID,התאמה מדויקת
OXOLINIC ACID,אגס,0.01,1999-01-01T00:00:00,,4,אגס,התאמה מדויקת,204,OXOLINIC ACID,התאמה מדויקת
OXOLINIC ACID,חבוש,0.01,1999-01-01T00:00:00,,39,חבוש,התאמה מדויקת,204,OXOLINIC ACID,התאמה מדויקת
OXYFLUORFEN,ירקות,0.02,2013-01-21T00:00:00,,51,ירקות,התאמה מדויקת,205,OXYFLUORFEN,התאמה מדויקת
OXYFLUORFEN,פירות,0.02,2013-01-21T00:00:00,,95,פירות,התאמה מדויקת,205,OXYFLUORFEN,התאמה מדויקת
OXYFLUORFEN,ענבים,0.02,2013-01-21T00:00:00,,89,ענבים,התאמה מדויקת,205,OXYFLUORFEN,התאמה מדויקת
OXYFLUORFEN,תות שדה לפרי,0.02,2013-01-21T00:00:00,,133,תות שדה לפרי,התאמה מדויקת,205,OXYFLUORFEN,התאמה מדויקת
OXYFLUORFEN,פרי הדר,0.02,2013-01-21T00:00:00,,103,פרי הדר,התאמה מדויקת,205,OXYFLUORFEN,התאמה מדויקת
OXYFLUORFEN,תפוח אדמה,,2018-03-14T00:00:00,0.010,139,תפוח אדמה,התאמה מדויקת,205,OXYFLUORFEN,התאמה מדויקת
OXYFLUORFEN,קינרס (ארטישוק),0.02,2013-01-21T00:00:00,,114,קינרס (ארטישוק),התאמה מדויקת,205,OXYFLUORFEN,התאמה מדויקת
OXYFLUORFEN,כרפס/סלרי (שורש ועלים),0.02,2013-01-21T00:00:00,,62,כרפס/סלרי (שורש ועלים),התאמה מדויקת,205,OXYFLUORFEN,התאמה מדויקת
OXYFLUORFEN,כרוב,0.02,2013-01-21T00:00:00,,57,כרוב,התאמה מדויקת,205,OXYFLUORFEN,התאמה מדויקת
OXYFLUORFEN,כרובית,0.02,2013-01-21T00:00:00,,61,כרובית,התאמה מדויקת,205,OXYFLUORFEN,התאמה מדויקת
OXYFLUORFEN,אבטיח,0.02,2013-01-21T00:00:00,,2,אבטיח,התאמה מדויקת,205,OXYFLUORFEN,התאמה מדויקת
OXYFLUORFEN,חציל,0.02,2013-01-21T00:00:00,,47,חציל,התאמה מדויקת,205,OXYFLUORFEN,התאמה מדויקת
OXYFLUORFEN,עגבניה,0.02,2013-01-21T00:00:00,,84,עגבניה,התאמה מדויקת,205,OXYFLUORFEN,התאמה מדויקת
OXYFLUORFEN,ירקות שורש,0.02,2013-01-21T00:00:00,,53,ירקות שורש,התאמה מדויקת,205,OXYFLUORFEN,התאמה מדויקת
OXYFLUORFEN,בטטה,,2018-03-14T00:00:00,0.010,14,בטטה,התאמה מדויקת,205,OXYFLUORFEN,התאמה מדויקת
OXYFLUORFEN,בצל,0.02,2013-01-21T00:00:00,,17,בצל,התאמה מדויקת,205,OXYFLUORFEN,התאמה מדויקת
OXYFLUORFEN,כותנה,0.02,2013-01-21T00:00:00,,56,כותנה,התאמה מדויקת,205,OXYFLUORFEN,התאמה מדויקת
OXYFLUORFEN,חמנית מצויה,0.02,2013-01-21T00:00:00,,45,חמנית מצויה,התאמה מדויקת,205,OXYFLUORFEN,התאמה מדויקת
OXYFLUORFEN,שקד,0.02,2013-01-21T00:00:00,,131,שקד,התאמה מדויקת,205,OXYFLUORFEN,התאמה מדויקת
OXYFLUORFEN,פקאן תרבותי,0.02,2013-01-21T00:00:00,,102,פקאן תרבותי,התאמה מדויקת,205,OXYFLUORFEN,התאמה מדויקת
OXYFLUORFEN,שום,0.02,2013-01-21T00:00:00,,123,שום,התאמה מדויקת,205,OXYFLUORFEN,התאמה מדויקת
OXYFLUORFEN,אבוקדו,0.02,2013-01-21T00:00:00,,1,אבוקדו,התאמה מדויקת,205,OXYFLUORFEN,התאמה מדויקת
OXYFLUORFEN,בננה,0.02,2013-01-21T00:00:00,,16,בננה,התאמה מדויקת,205,OXYFLUORFEN,התאמה מדויקת
OXYFLUORFEN,רימון,0.02,2013-01-21T00:00:00,,121,רימון,התאמה מדויקת,205,OXYFLUORFEN,התאמה מדויקת
OXYFLUORFEN,זית אירופאי,0.02,2013-01-21T00:00:00,,37,זית אירופאי,התאמה מדויקת,205,OXYFLUORFEN,התאמה מדויקת
PACLOBUTRAZOLE,אבוקדו,0.05,1996-01-01T00:00:00,,1,אבוקדו,התאמה מדויקת,206,PACLOBUTRAZOLE,התאמה מדויקת
PARAQUAT,ירקות,0.02,2013-01-21T00:00:00,יתבטל,51,ירקות,התאמה מדויקת,207,PARAQUAT,התאמה מדויקת
PARAQUAT,פירות,0.02,2013-01-21T00:00:00,יתבטל,95,פירות,התאמה מדויקת,207,PARAQUAT,התאמה מדויקת
PARAQUAT,פרי הדר,0.02,2013-01-21T00:00:00,יתבטל,103,פרי הדר,התאמה מדויקת,207,PARAQUAT,התאמה מדויקת
PARAQUAT,תפוח אדמה,0.02,2013-01-21T00:00:00,יתבטל,139,תפוח אדמה,התאמה מדויקת,207,PARAQUAT,התאמה מדויקת
PARAQUAT,קטניות,0.02,2013-01-21T00:00:00,יתבטל,111,קטניות,התאמה מדויקת,207,PARAQUAT,התאמה מדויקת
PARAQUAT,כותנה,0.02,2013-01-21T00:00:00,יתבטל,56,כותנה,התאמה מדויקת,207,PARAQUAT,התאמה מדויקת
PARAQUAT,חמנית מצויה,0.02,2013-01-21T00:00:00,יתבטל,45,חמנית מצויה,התאמה מדויקת,207,PARAQUAT,התאמה מדויקת
PARAQUAT,דגניים,0.02,2013-01-21T00:00:00,יתבטל,30,דגניים,התאמה מדויקת,207,PARAQUAT,התאמה מדויקת
PARAQUAT,תירס,0.02,2013-01-21T00:00:00,יתבטל,134,תירס,התאמה מדויקת,207,PARAQUAT,התאמה מדויקת
PCNB (QUINTOZENE),סלק מספוא,0.2,1996-01-01T00:00:00,,81,סלק מספוא,התאמה מדויקת,208,PCNB (QUINTOZENE),התאמה מדויקת
PCNB (QUINTOZENE),תפוח אדמה,0.2,1996-01-01T00:00:00,,139,תפוח אדמה,התאמה מדויקת,208,PCNB (QUINTOZENE),התאמה מדויקת
PCNB (QUINTOZENE),שעועית ירוקה,0.01,1996-01-01T00:00:00,,129,שעועית ירוקה,התאמה מדויקת,208,PCNB (QUINTOZENE),התאמה מדויקת
PCNB (QUINTOZENE),כותנה,0.03,1996-01-01T00:00:00,,56,כותנה,התאמה מדויקת,208,PCNB (QUINTOZENE),התאמה מדויקת
PCNB (QUINTOZENE),אגוז אדמה,0.5,2013-01-21T00:00:00,,3,אגוז אדמה,התאמה מדויקת,208,PCNB (QUINTOZENE),התאמה מדויקת
PENCONAZOLE,ענבים,0.2,1996-01-01T00:00:00,,89,ענבים,התאמה מדויקת,209,PENCONAZOLE,התאמה מדויקת
PENCONAZOLE,תות שדה לפרי,0.1,1999-01-01T00:00:00,,133,תות שדה לפרי,התאמה מדויקת,209,PENCONAZOLE,התאמה מדויקת
PENCONAZOLE,מלון,0.1,1999-01-01T00:00:00,,70,מלון,התאמה מדויקת,209,PENCONAZOLE,התאמה מדויקת
PENCONAZOLE,מלפפון,0.1,1999-01-01T00:00:00,,72,מלפפון,התאמה מדויקת,209,PENCONAZOLE,התאמה מדויקת
PENCONAZOLE,קישוא,0.1,1999-01-01T00:00:00,,115,קישוא,התאמה מדויקת,209,PENCONAZOLE,התאמה מדויקת
PENCONAZOLE,אבטיח,0.1,2013-01-21T00:00:00,,2,אבטיח,התאמה מדויקת,209,PENCONAZOLE,התאמה מדויקת
PENCONAZOLE,פלפל,0.2,1999-01-01T00:00:00,,99,פלפל,התאמה מדויקת,209,PENCONAZOLE,התאמה מדויקת
PENCONAZOLE,חציל,0.2,1999-01-01T00:00:00,,47,חציל,התאמה מדויקת,209,PENCONAZOLE,התאמה מדויקת
PENCONAZOLE,עגבניה,0.2,1999-01-01T00:00:00,,84,עגבניה,התאמה מדויקת,209,PENCONAZOLE,התאמה מדויקת
PENCONAZOLE,פפריקה,0.2,2005-11-10T00:00:00,,101,פפריקה,התאמה מדויקת,209,PENCONAZOLE,התאמה מדויקת
PENCONAZOLE,גזר,0.05,2005-11-10T00:00:00,,28,גזר,התאמה מדויקת,209,PENCONAZOLE,התאמה מדויקת
PENCONAZOLE,מנגו,0.1,1999-01-01T00:00:00,,73,מנגו,התאמה מדויקת,209,PENCONAZOLE,התאמה מדויקת
PENCONAZOLE,תפוח עץ,0.2,1999-01-01T00:00:00,,140,תפוח עץ,התאמה מדויקת,209,PENCONAZOLE,התאמה מדויקת
PENCONAZOLE,אגס,0.2,2013-01-21T00:00:00,,4,אגס,התאמה מדויקת,209,PENCONAZOLE,התאמה מדויקת
PENCONAZOLE,נקטרינה,0.1,2005-11-10T00:00:00,,77,נקטרינה,התאמה מדויקת,209,PENCONAZOLE,התאמה מדויקת
PENCONAZOLE,אפרסק,0.1,2005-11-10T00:00:00,,13,אפרסק,התאמה מדויקת,209,PENCONAZOLE,התאמה מדויקת
PENCONAZOLE,מנטה,0.5,2005-10-30T00:00:00,,74,מנטה,התאמה מדויקת,209,PENCONAZOLE,התאמה מדויקת
PENCYCURON,תפוח אדמה,0.05,2005-12-07T00:00:00,,139,תפוח אדמה,התאמה מדויקת,210,PENCYCURON,התאמה מדויקת
PENDIMETHALIN,תפוח אדמה,0.1,1999-01-01T00:00:00,,139,תפוח אדמה,התאמה מדויקת,211,PENDIMETHALIN,התאמה מדויקת
PENDIMETHALIN,כוסברה (גד השדה),0.2,2009-06-02T00:00:00,,55,כוסברה (גד השדה),התאמה מדויקת,211,PENDIMETHALIN,התאמה מדויקת
PENDIMETHALIN,חסה,,2019-06-17T00:00:00,0.200,46,חסה,התאמה מדויקת,211,PENDIMETHALIN,התאמה מדויקת
PENDIMETHALIN,שעועית ירוקה,0.1,1999-01-01T00:00:00,,129,שעועית ירוקה,התאמה מדויקת,211,PENDIMETHALIN,התאמה מדויקת
PENDIMETHALIN,גזר,0.1,1999-01-01T00:00:00,,28,גזר,התאמה מדויקת,211,PENDIMETHALIN,התאמה מדויקת
PENDIMETHALIN,בצל,0.1,1999-01-01T00:00:00,,17,בצל,התאמה מדויקת,211,PENDIMETHALIN,התאמה מדויקת
PENDIMETHALIN,כותנה,0.1,1999-01-01T00:00:00,,56,כותנה,התאמה מדויקת,211,PENDIMETHALIN,התאמה מדויקת
PENDIMETHALIN,חמנית מצויה,0.1,1999-01-01T00:00:00,,45,חמנית מצויה,התאמה מדויקת,211,PENDIMETHALIN,התאמה מדויקת
PENDIMETHALIN,שום,0.1,1999-01-01T00:00:00,,123,שום,התאמה מדויקת,211,PENDIMETHALIN,התאמה מדויקת
PENDIMETHALIN,שמיר (שבת),0.2,2009-06-02T00:00:00,,127,שמיר (שבת),התאמה מדויקת,211,PENDIMETHALIN,התאמה מדויקת
PENDIMETHALIN,פטרוסלינון (שורש ועלים),0.2,2017-12-28T00:00:00,,93,פטרוסלינון (שורש ועלים),התאמה מדויקת,211,PENDIMETHALIN,התאמה מדויקת
PENFLUFEN,תפוח אדמה,,2020-06-23T00:00:00,0.020,139,תפוח אדמה,התאמה מדויקת,212,PENFLUFEN,התאמה מדויקת
PENTHIOPYRAD,ענבים,,2018-07-05T00:00:00,0.150,89,ענבים,התאמה מדויקת,213,PENTHIOPYRAD,התאמה מדויקת
PENTHIOPYRAD,תות שדה לפרי,,2020-06-23T00:00:00,1.500,133,תות שדה לפרי,התאמה מדויקת,213,PENTHIOPYRAD,התאמה מדויקת
PENTHIOPYRAD,מלון,,2019-07-23T00:00:00,0.050,70,מלון,התאמה מדויקת,213,PENTHIOPYRAD,התאמה מדויקת
PENTHIOPYRAD,מלפפון,,2019-07-23T00:00:00,0.150,72,מלפפון,התאמה מדויקת,213,PENTHIOPYRAD,התאמה מדויקת
PENTHIOPYRAD,אבטיח,,2018-07-05T00:00:00,0.010,2,אבטיח,התאמה מדויקת,213,PENTHIOPYRAD,התאמה מדויקת
PENTHIOPYRAD,פלפל,,2019-07-23T00:00:00,0.200,99,פלפל,התאמה מדויקת,213,PENTHIOPYRAD,התאמה מדויקת
PENTHIOPYRAD,חציל,,2024-10-29T00:00:00,0.200,47,חציל,התאמה מדויקת,213,PENTHIOPYRAD,התאמה מדויקת
PENTHIOPYRAD,עגבניה,,2020-06-23T00:00:00,0.150,84,עגבניה,התאמה מדויקת,213,PENTHIOPYRAD,התאמה מדויקת
PENTHIOPYRAD,תפוח עץ,,2018-07-05T00:00:00,0.150,140,תפוח עץ,התאמה מדויקת,213,PENTHIOPYRAD,התאמה מדויקת
PENTHIOPYRAD,דובדבן,,2023-03-15T00:00:00,1.500,31,דובדבן,התאמה מדויקת,213,PENTHIOPYRAD,התאמה מדויקת
PERMETHRIN,"בשר, שומן",3.0,2005-11-10T00:00:00,,26,"בשר, שומן",התאמה מדויקת,214,PERMETHRIN,התאמה מדויקת
PERMETHRIN,חלב,0.1,2005-11-10T00:00:00,,44,חלב,התאמה מדויקת,214,PERMETHRIN,התאמה מדויקת
PERMETHRIN,בשר,1.0,2005-11-10T00:00:00,,22,בשר,התאמה מדויקת,214,PERMETHRIN,התאמה מדויקת
PERMETHRIN,"בשר, חלקי פנים",0.1,2005-11-10T00:00:00,,25,"בשר, חלקי פנים",התאמה מדויקת,214,PERMETHRIN,התאמה מדויקת
PERMETHRIN,ביצים,0.1,2005-11-10T00:00:00,,15,ביצים,התאמה מדויקת,214,PERMETHRIN,התאמה מדויקת
PERMETHRIN,בשר עוף,0.1,2005-11-10T00:00:00,,23,בשר עוף,התאמה מדויקת,214,PERMETHRIN,התאמה מדויקת
PERMETHRIN,"בשר עוף, חלקי פנים",0.1,2005-11-10T00:00:00,,24,"בשר עוף, חלקי פנים",התאמה מדויקת,214,PERMETHRIN,התאמה מדויקת
PHOSMET,שקד,0.05,2012-12-02T00:00:00,,131,שקד,התאמה מדויקת,215,PHOSMET,התאמה מדויקת
PHOSMET,תפוח עץ,0.5,2005-05-26T00:00:00,,140,תפוח עץ,התאמה מדויקת,215,PHOSMET,התאמה מדויקת
PHOSMET,אגס,0.5,2006-11-23T00:00:00,,4,אגס,התאמה מדויקת,215,PHOSMET,התאמה מדויקת
PHOSMET,שזיף,0.5,2005-05-26T00:00:00,,126,שזיף,התאמה מדויקת,215,PHOSMET,התאמה מדויקת
PHOSMET,משמש,0.5,2009-05-31T00:00:00,,76,משמש,התאמה מדויקת,215,PHOSMET,התאמה מדויקת
PHOSMET,נקטרינה,0.5,2005-05-26T00:00:00,,77,נקטרינה,התאמה מדויקת,215,PHOSMET,התאמה מדויקת
PHOSMET,אפרסק,0.5,2005-05-26T00:00:00,,13,אפרסק,התאמה מדויקת,215,PHOSMET,התאמה מדויקת
PICOXYSTROBIN,ענבים,,2019-07-23T00:00:00,0.150,89,ענבים,התאמה מדויקת,216,PICOXYSTROBIN,התאמה מדויקת
PICOXYSTROBIN,שקד,0.01,2016-12-20T00:00:00,,131,שקד,התאמה מדויקת,216,PICOXYSTROBIN,התאמה מדויקת
PICOXYSTROBIN,תפוח עץ,0.05,2016-05-16T00:00:00,,140,תפוח עץ,התאמה מדויקת,216,PICOXYSTROBIN,התאמה מדויקת
PICOXYSTROBIN,אגס,,2019-06-19T00:00:00,0.050,4,אגס,התאמה מדויקת,216,PICOXYSTROBIN,התאמה מדויקת
PICOXYSTROBIN,שזיף,0.1,2016-08-04T00:00:00,,126,שזיף,התאמה מדויקת,216,PICOXYSTROBIN,התאמה מדויקת
PICOXYSTROBIN,דובדבן,,2023-03-15T00:00:00,0.200,31,דובדבן,התאמה מדויקת,216,PICOXYSTROBIN,התאמה מדויקת
PICOXYSTROBIN,נקטרינה,0.1,2016-08-04T00:00:00,,77,נקטרינה,התאמה מדויקת,216,PICOXYSTROBIN,התאמה מדויקת
PICOXYSTROBIN,אפרסק,0.1,2016-08-04T00:00:00,,13,אפרסק,התאמה מדויקת,216,PICOXYSTROBIN,התאמה מדויקת
PINOXADEN,שעורה תרבותית,0.01,2013-05-19T00:00:00,,130,שעורה תרבותית,התאמה מדויקת,217,PINOXADEN,התאמה מדויקת
PINOXADEN,חיטה,0.01,2009-01-14T00:00:00,,42,חיטה,התאמה מדויקת,217,PINOXADEN,התאמה מדויקת
PIPERONYL BUTOXIDE,חלב,0.25,2016-08-04T00:00:00,,44,חלב,התאמה מדויקת,218,PIPERONYL BUTOXIDE,התאמה מדויקת
PIPERONYL BUTOXIDE,בשר,0.1,2017-12-28T00:00:00,,22,בשר,התאמה מדויקת,218,PIPERONYL BUTOXIDE,התאמה מדויקת
PIPERONYL BUTOXIDE,בקר,0.1,2017-12-28T00:00:00,,20,בקר,התאמה מדויקת,218,PIPERONYL BUTOXIDE,התאמה מדויקת
PIPERONYL BUTOXIDE,כבשים,0.1,2017-12-28T00:00:00,,54,כבשים,התאמה מדויקת,218,PIPERONYL BUTOXIDE,התאמה מדויקת
PIRIMICARB,תירס מספוא,0.05,1996-01-01T00:00:00,,135,תירס מספוא,התאמה מדויקת,219,PIRIMICARB,התאמה מדויקת
PIRIMICARB,קורנית,1.0,2011-12-19T00:00:00,,110,קורנית,התאמה מדויקת,219,PIRIMICARB,התאמה מדויקת
PIRIMICARB,קינרס (ארטישוק),1.0,1996-01-01T00:00:00,,114,קינרס (ארטישוק),התאמה מדויקת,219,PIRIMICARB,התאמה מדויקת
PIRIMICARB,כרפס/סלרי (שורש ועלים),1.0,2013-01-21T00:00:00,,62,כרפס/סלרי (שורש ועלים),התאמה מדויקת,219,PIRIMICARB,התאמה מדויקת
PIRIMICARB,כרוב,1.0,1996-01-01T00:00:00,,57,כרוב,התאמה מדויקת,219,PIRIMICARB,התאמה מדויקת
PIRIMICARB,מלון,1.0,1996-01-01T00:00:00,,70,מלון,התאמה מדויקת,219,PIRIMICARB,התאמה מדויקת
PIRIMICARB,מלפפון,1.0,1996-01-01T00:00:00,,72,מלפפון,התאמה מדויקת,219,PIRIMICARB,התאמה מדויקת
PIRIMICARB,כוסברה (גד השדה),1.0,2011-12-19T00:00:00,,55,כוסברה (גד השדה),התאמה מדויקת,219,PIRIMICARB,התאמה מדויקת
PIRIMICARB,חסה,1.0,1996-01-01T00:00:00,,46,חסה,התאמה מדויקת,219,PIRIMICARB,התאמה מדויקת
PIRIMICARB,תירס מתוק,0.05,1996-01-01T00:00:00,,136,תירס מתוק,התאמה מדויקת,219,PIRIMICARB,התאמה מדויקת
PIRIMICARB,עגבניה,1.0,1996-01-01T00:00:00,,84,עגבניה,התאמה מדויקת,219,PIRIMICARB,התאמה מדויקת
PIRIMICARB,שעועית ירוקה,0.2,2012-05-06T00:00:00,,129,שעועית ירוקה,התאמה מדויקת,219,PIRIMICARB,התאמה מדויקת
PIRIMICARB,כותנה,0.05,1996-01-01T00:00:00,,56,כותנה,התאמה מדויקת,219,PIRIMICARB,התאמה מדויקת
PIRIMICARB,אורגנו,1.0,2011-12-19T00:00:00,,5,אורגנו,התאמה מדויקת,219,PIRIMICARB,התאמה מדויקת
PIRIMICARB,שמיר (שבת),1.0,2011-12-19T00:00:00,,127,שמיר (שבת),התאמה מדויקת,219,PIRIMICARB,התאמה מדויקת
PIRIMICARB,מיורם,1.0,2011-12-19T00:00:00,,68,מיורם,התאמה מדויקת,219,PIRIMICARB,התאמה מדויקת
PIRIMICARB,מנטה,1.0,2011-12-19T00:00:00,,74,מנטה,התאמה מדויקת,219,PIRIMICARB,התאמה מדויקת
PIRIMICARB,פטרוסלינון (שורש ועלים),1.0,2011-12-19T00:00:00,,93,פטרוסלינון (שורש ועלים),התאמה מדויקת,219,PIRIMICARB,התאמה מדויקת
PIRIMICARB,רוזמרין,1.0,2011-12-19T00:00:00,,117,רוזמרין,התאמה מדויקת,219,PIRIMICARB,התאמה מדויקת
PIRIMICARB,מרווה,1.0,2011-12-19T00:00:00,,75,מרווה,התאמה מדויקת,219,PIRIMICARB,התאמה מדויקת
PIRIMICARB,טרגון,1.0,2011-12-19T00:00:00,,50,טרגון,התאמה מדויקת,219,PIRIMICARB,התאמה מדויקת
PIRIMICARB,רוקט (בן חרדל),1.0,2020-11-11T00:00:00,,119,רוקט (בן חרדל),התאמה מדויקת,219,PIRIMICARB,התאמה מדויקת
PIRIMICARB,רוקולה,1.0,2011-12-19T00:00:00,,118,רוקולה,התאמה מדויקת,219,PIRIMICARB,התאמה מדויקת
PIRIMICARB,עשב לימון,1.0,2011-12-19T00:00:00,,90,עשב לימון,התאמה מדויקת,219,PIRIMICARB,התאמה מדויקת
PIRIMIPHOS-METHYL,חלב,0.01,2013-01-23T00:00:00,,44,חלב,התאמה מדויקת,220,PIRIMIPHOS-METHYL,התאמה מדויקת
PIRIMIPHOS-METHYL,בשר,0.01,2013-01-23T00:00:00,,22,בשר,התאמה מדויקת,220,PIRIMIPHOS-METHYL,התאמה מדויקת
PIRIMIPHOS-METHYL,ביצים,0.01,2013-01-23T00:00:00,,15,ביצים,התאמה מדויקת,220,PIRIMIPHOS-METHYL,התאמה מדויקת
PIRIMIPHOS-METHYL,דגניים,5.0,2013-06-30T00:00:00,,30,דגניים,התאמה מדויקת,220,PIRIMIPHOS-METHYL,התאמה מדויקת
PROCHLORAZ,תות שדה לפרי,0.5,1999-01-01T00:00:00,,133,תות שדה לפרי,התאמה מדויקת,221,PROCHLORAZ,התאמה מדויקת
PROCHLORAZ,מלון,0.05,2010-06-21T00:00:00,,70,מלון,התאמה מדויקת,221,PROCHLORAZ,התאמה מדויקת
PROCHLORAZ,מלפפון,0.02,2005-12-07T00:00:00,,72,מלפפון,התאמה מדויקת,221,PROCHLORAZ,התאמה מדויקת
PROCHLORAZ,חציל,5.0,1996-01-01T00:00:00,,47,חציל,התאמה מדויקת,221,PROCHLORAZ,התאמה מדויקת
PROCHLORAZ,עגבניה,5.0,2013-01-21T00:00:00,,84,עגבניה,התאמה מדויקת,221,PROCHLORAZ,התאמה מדויקת
PROCHLORAZ,שקד,1.0,1996-01-01T00:00:00,,131,שקד,התאמה מדויקת,221,PROCHLORAZ,התאמה מדויקת
PROCHLORAZ,אבוקדו,5.0,1996-01-01T00:00:00,,1,אבוקדו,התאמה מדויקת,221,PROCHLORAZ,התאמה מדויקת
PROCHLORAZ,מנגו,2.0,1996-01-01T00:00:00,,73,מנגו,התאמה מדויקת,221,PROCHLORAZ,התאמה מדויקת
PROCHLORAZ,רימון,2.0,2010-01-04T00:00:00,,121,רימון,התאמה מדויקת,221,PROCHLORAZ,התאמה מדויקת
PROCHLORAZ,שזיף,0.05,1996-01-01T00:00:00,,126,שזיף,התאמה מדויקת,221,PROCHLORAZ,התאמה מדויקת
PROCHLORAZ,משמש,1.0,1996-01-01T00:00:00,,76,משמש,התאמה מדויקת,221,PROCHLORAZ,התאמה מדויקת
PROHEXADIONE CALCIUM,תפוח עץ,0.05,2008-03-25T00:00:00,,140,תפוח עץ,התאמה מדויקת,222,PROHEXADIONE CALCIUM,התאמה מדויקת
PROHEXADIONE CALCIUM,אגס,0.05,2013-01-21T00:00:00,,4,אגס,התאמה מדויקת,222,PROHEXADIONE CALCIUM,התאמה מדויקת
PROHEXADIONE CALCIUM,שזיף,0.05,2015-11-12T00:00:00,,126,שזיף,התאמה מדויקת,222,PROHEXADIONE CALCIUM,התאמה מדויקת
PROMETRYNE,כרפס/סלרי (שורש ועלים),0.2,1999-01-01T00:00:00,,62,כרפס/סלרי (שורש ועלים),התאמה מדויקת,223,PROMETRYNE,התאמה מדויקת
PROMETRYNE,אבטיח,0.02,2009-10-13T00:00:00,,2,אבטיח,התאמה מדויקת,223,PROMETRYNE,התאמה מדויקת
PROMETRYNE,שמיר (שבת),0.2,2005-11-21T00:00:00,,127,שמיר (שבת),התאמה מדויקת,223,PROMETRYNE,התאמה מדויקת
PROMETRYNE,פטרוסלינון (שורש ועלים),0.2,2005-11-21T00:00:00,,93,פטרוסלינון (שורש ועלים),התאמה מדויקת,223,PROMETRYNE,התאמה מדויקת
PROPAMOCARB HCL,תות שדה לפרי,2.0,2013-01-21T00:00:00,,133,תות שדה לפרי,התאמה מדויקת,224,PROPAMOCARB HCL,התאמה מדויקת
PROPAMOCARB HCL,תפוח אדמה,0.2,2008-03-16T00:00:00,,139,תפוח אדמה,התאמה מדויקת,224,PROPAMOCARB HCL,התאמה מדויקת
PROPAMOCARB HCL,כרוביים,0.2,2008-03-16T00:00:00,,60,כרוביים,התאמה מדויקת,224,PROPAMOCARB HCL,התאמה מדויקת
PROPAMOCARB HCL,כרוב,0.2,2021-08-01T00:00:00,,57,כרוב,התאמה מדויקת,224,PROPAMOCARB HCL,התאמה מדויקת
PROPAMOCARB HCL,ברוקולי,0.2,2021-08-01T00:00:00,,21,ברוקולי,התאמה מדויקת,224,PROPAMOCARB HCL,התאמה מדויקת
PROPAMOCARB HCL,כרובית,0.2,2021-08-01T00:00:00,,61,כרובית,התאמה מדויקת,224,PROPAMOCARB HCL,התאמה מדויקת
PROPAMOCARB HCL,קולרבי,,2021-08-01T00:00:00,0.200,108,קולרבי,התאמה מדויקת,224,PROPAMOCARB HCL,התאמה מדויקת
PROPAMOCARB HCL,מלון,2.0,2008-03-16T00:00:00,,70,מלון,התאמה מדויקת,224,PROPAMOCARB HCL,התאמה מדויקת
PROPAMOCARB HCL,מלפפון,2.0,2008-03-16T00:00:00,,72,מלפפון,התאמה מדויקת,224,PROPAMOCARB HCL,התאמה מדויקת
PROPAMOCARB HCL,דלעת,0.1,2015-11-12T00:00:00,0.500,35,דלעת,התאמה מדויקת,224,PROPAMOCARB HCL,התאמה מדויקת
PROPAMOCARB HCL,קישוא,,2017-03-13T00:00:00,2.000,115,קישוא,התאמה מדויקת,224,PROPAMOCARB HCL,התאמה מדויקת
PROPAMOCARB HCL,חסה,10.0,2008-03-16T00:00:00,,46,חסה,התאמה מדויקת,224,PROPAMOCARB HCL,התאמה מדויקת
PROPAMOCARB HCL,עגבניה,0.2,2012-02-15T00:00:00,,84,עגבניה,התאמה מדויקת,224,PROPAMOCARB HCL,התאמה מדויקת
PROPAMOCARB HCL,דלורית,0.1,2015-11-12T00:00:00,0.500,34,דלורית,התאמה מדויקת,224,PROPAMOCARB HCL,התאמה מדויקת
PROPAMOCARB HCL,בצל,0.2,2013-01-21T00:00:00,,17,בצל,התאמה מדויקת,224,PROPAMOCARB HCL,התאמה מדויקת
PROPAQUIZAFOP,אספסת,0.01,1999-01-01T00:00:00,,8,אספסת,התאמה מדויקת,225,PROPAQUIZAFOP,התאמה מדויקת
PROPAQUIZAFOP,תלתן,0.01,1999-01-01T00:00:00,,137,תלתן,התאמה מדויקת,225,PROPAQUIZAFOP,התאמה מדויקת
PROPAQUIZAFOP,בקיה,0.01,1999-01-01T00:00:00,,19,בקיה,התאמה מדויקת,225,PROPAQUIZAFOP,התאמה מדויקת
PROPAQUIZAFOP,פירות,0.01,1999-01-01T00:00:00,,95,פירות,התאמה מדויקת,225,PROPAQUIZAFOP,התאמה מדויקת
PROPAQUIZAFOP,ענבים,0.01,1999-01-01T00:00:00,,89,ענבים,התאמה מדויקת,225,PROPAQUIZAFOP,התאמה מדויקת
PROPAQUIZAFOP,תפוח אדמה,0.01,1999-01-01T00:00:00,,139,תפוח אדמה,התאמה מדויקת,225,PROPAQUIZAFOP,התאמה מדויקת
PROPAQUIZAFOP,אבטיח,0.01,1999-01-01T00:00:00,,2,אבטיח,התאמה מדויקת,225,PROPAQUIZAFOP,התאמה מדויקת
PROPAQUIZAFOP,חימצה (חומוס),0.01,1999-01-01T00:00:00,,43,חימצה (חומוס),התאמה מדויקת,225,PROPAQUIZAFOP,התאמה מדויקת
PROPAQUIZAFOP,עגבניה,0.01,1999-01-01T00:00:00,,84,עגבניה,התאמה מדויקת,225,PROPAQUIZAFOP,התאמה מדויקת
PROPAQUIZAFOP,אפון,0.01,1999-01-01T00:00:00,,10,אפון,התאמה מדויקת,225,PROPAQUIZAFOP,התאמה מדויקת
PROPAQUIZAFOP,גזר,0.01,1999-01-01T00:00:00,,28,גזר,התאמה מדויקת,225,PROPAQUIZAFOP,התאמה מדויקת
PROPAQUIZAFOP,בצל,0.01,1999-01-01T00:00:00,,17,בצל,התאמה מדויקת,225,PROPAQUIZAFOP,התאמה מדויקת
PROPAQUIZAFOP,כותנה,0.01,1999-01-01T00:00:00,,56,כותנה,התאמה מדויקת,225,PROPAQUIZAFOP,התאמה מדויקת
PROPAQUIZAFOP,אגוז אדמה,0.01,1999-01-01T00:00:00,,3,אגוז אדמה,התאמה מדויקת,225,PROPAQUIZAFOP,התאמה מדויקת
PROPAQUIZAFOP,חמנית מצויה,0.01,1999-01-01T00:00:00,,45,חמנית מצויה,התאמה מדויקת,225,PROPAQUIZAFOP,התאמה מדויקת
PROPAQUIZAFOP,שום,0.01,1999-01-01T00:00:00,,123,שום,התאמה מדויקת,225,PROPAQUIZAFOP,התאמה מדויקת
PROPARGITE,דלועיים,0.5,2005-11-22T00:00:00,יתבטל,33,דלועיים,התאמה מדויקת,226,PROPARGITE,התאמה מדויקת
PROPARGITE,מלון,0.5,1996-01-01T00:00:00,יתבטל,70,מלון,התאמה מדויקת,226,PROPARGITE,התאמה מדויקת
PROPARGITE,מלפפון,0.5,1996-01-01T00:00:00,יתבטל,72,מלפפון,התאמה מדויקת,226,PROPARGITE,התאמה מדויקת
PROPARGITE,קישוא,0.5,1996-01-01T00:00:00,יתבטל,115,קישוא,התאמה מדויקת,226,PROPARGITE,התאמה מדויקת
PROPARGITE,אבטיח,0.5,1996-01-01T00:00:00,יתבטל,2,אבטיח,התאמה מדויקת,226,PROPARGITE,התאמה מדויקת
PROPARGITE,פלפל,1.0,1996-01-01T00:00:00,יתבטל,99,פלפל,התאמה מדויקת,226,PROPARGITE,התאמה מדויקת
PROPARGITE,חציל,0.5,1996-01-01T00:00:00,יתבטל,47,חציל,התאמה מדויקת,226,PROPARGITE,התאמה מדויקת
PROPARGITE,עגבניה,2.0,1996-01-01T00:00:00,יתבטל,84,עגבניה,התאמה מדויקת,226,PROPARGITE,התאמה מדויקת
PROPARGITE,שעועית ירוקה,2.0,1996-01-01T00:00:00,יתבטל,129,שעועית ירוקה,התאמה מדויקת,226,PROPARGITE,התאמה מדויקת
PROPARGITE,כותנה,0.1,1996-01-01T00:00:00,יתבטל,56,כותנה,התאמה מדויקת,226,PROPARGITE,התאמה מדויקת
PROPARGITE,אגוז אדמה,0.1,1996-01-01T00:00:00,יתבטל,3,אגוז אדמה,התאמה מדויקת,226,PROPARGITE,התאמה מדויקת
PROPARGITE,תפוח עץ,5.0,1996-01-01T00:00:00,יתבטל,140,תפוח עץ,התאמה מדויקת,226,PROPARGITE,התאמה מדויקת
PROPARGITE,שזיף,7.0,2005-11-22T00:00:00,יתבטל,126,שזיף,התאמה מדויקת,226,PROPARGITE,התאמה מדויקת
PROPARGITE,נקטרינה,7.0,2005-11-22T00:00:00,יתבטל,77,נקטרינה,התאמה מדויקת,226,PROPARGITE,התאמה מדויקת
PROPOXYCARBAZONE-SODIUM,חיטה,0.05,2005-11-21T00:00:00,,42,חיטה,התאמה מדויקת,227,PROPOXYCARBAZONE-SODIUM,התאמה מדויקת
PROPYZAMIDE,אספסת,0.02,2013-01-21T00:00:00,,8,אספסת,התאמה מדויקת,228,PROPYZAMIDE,התאמה מדויקת
PROPYZAMIDE,תלתן,0.02,2013-01-21T00:00:00,,137,תלתן,התאמה מדויקת,228,PROPYZAMIDE,התאמה מדויקת
PROPYZAMIDE,בקיה,0.02,2013-01-21T00:00:00,,19,בקיה,התאמה מדויקת,228,PROPYZAMIDE,התאמה מדויקת
PROPYZAMIDE,ענבים,0.02,2013-01-21T00:00:00,,89,ענבים,התאמה מדויקת,228,PROPYZAMIDE,התאמה מדויקת
PROPYZAMIDE,פרי הדר,0.02,2013-01-21T00:00:00,,103,פרי הדר,התאמה מדויקת,228,PROPYZAMIDE,התאמה מדויקת
PROPYZAMIDE,קינרס (ארטישוק),0.02,2013-01-21T00:00:00,,114,קינרס (ארטישוק),התאמה מדויקת,228,PROPYZAMIDE,התאמה מדויקת
PROPYZAMIDE,חימצה (חומוס),0.02,2013-01-21T00:00:00,,43,חימצה (חומוס),התאמה מדויקת,228,PROPYZAMIDE,התאמה מדויקת
PROPYZAMIDE,חסה,0.02,2013-01-21T00:00:00,,46,חסה,התאמה מדויקת,228,PROPYZAMIDE,התאמה מדויקת
PROPYZAMIDE,קטניות,0.02,2013-01-21T00:00:00,,111,קטניות,התאמה מדויקת,228,PROPYZAMIDE,התאמה מדויקת
PROPYZAMIDE,אפון,0.02,2013-01-21T00:00:00,,10,אפון,התאמה מדויקת,228,PROPYZAMIDE,התאמה מדויקת
PROPYZAMIDE,חריע,0.02,2013-01-21T00:00:00,,49,חריע,התאמה מדויקת,228,PROPYZAMIDE,התאמה מדויקת
PROPYZAMIDE,אבוקדו,0.02,2013-01-21T00:00:00,,1,אבוקדו,התאמה מדויקת,228,PROPYZAMIDE,התאמה מדויקת
PROPYZAMIDE,מנגו,0.02,2013-01-21T00:00:00,,73,מנגו,התאמה מדויקת,228,PROPYZAMIDE,התאמה מדויקת
PROPYZAMIDE,אפרסמון,0.02,2013-01-21T00:00:00,,12,אפרסמון,התאמה מדויקת,228,PROPYZAMIDE,התאמה מדויקת
PROPYZAMIDE,תפוח עץ,0.02,2013-01-21T00:00:00,,140,תפוח עץ,התאמה מדויקת,228,PROPYZAMIDE,התאמה מדויקת
PROPYZAMIDE,אגס,0.02,2013-01-21T00:00:00,,4,אגס,התאמה מדויקת,228,PROPYZAMIDE,התאמה מדויקת
PROPYZAMIDE,שזיף,0.02,2013-01-21T00:00:00,,126,שזיף,התאמה מדויקת,228,PROPYZAMIDE,התאמה מדויקת
PROPYZAMIDE,נקטרינה,0.02,2013-01-21T00:00:00,,77,נקטרינה,התאמה מדויקת,228,PROPYZAMIDE,התאמה מדויקת
PROPYZAMIDE,אפרסק,0.02,2013-01-21T00:00:00,,13,אפרסק,התאמה מדויקת,228,PROPYZAMIDE,התאמה מדויקת
PROPYZAMIDE,זית אירופאי,0.02,2013-01-21T00:00:00,,37,זית אירופאי,התאמה מדויקת,228,PROPYZAMIDE,התאמה מדויקת
PROQUINAZID,ענבים,0.05,2007-05-06T00:00:00,0.500,89,ענבים,התאמה מדויקת,229,PROQUINAZID,התאמה מדויקת
PROQUINAZID,מלון,0.05,2011-05-17T00:00:00,,70,מלון,התאמה מדויקת,229,PROQUINAZID,התאמה מדויקת
PROQUINAZID,מלפפון,,2024-01-29T00:00:00,0.050,72,מלפפון,התאמה מדויקת,229,PROQUINAZID,התאמה מדויקת
PROQUINAZID,קישוא,,2024-01-29T00:00:00,0.050,115,קישוא,התאמה מדויקת,229,PROQUINAZID,התאמה מדויקת
PROQUINAZID,אבטיח,0.05,2013-01-21T00:00:00,,2,אבטיח,התאמה מדויקת,229,PROQUINAZID,התאמה מדויקת
PROQUINAZID,פלפל,,2024-01-29T00:00:00,0.100,99,פלפל,התאמה מדויקת,229,PROQUINAZID,התאמה מדויקת
PROQUINAZID,חציל,,2024-01-29T00:00:00,0.050,47,חציל,התאמה מדויקת,229,PROQUINAZID,התאמה מדויקת
PROQUINAZID,עגבניה,,2024-01-29T00:00:00,0.100,84,עגבניה,התאמה מדויקת,229,PROQUINAZID,התאמה מדויקת
PROQUINAZID,תפוח עץ,0.05,2011-05-17T00:00:00,,140,תפוח עץ,התאמה מדויקת,229,PROQUINAZID,התאמה מדויקת
PROQUINAZID,נקטרינה,0.05,2011-05-17T00:00:00,,77,נקטרינה,התאמה מדויקת,229,PROQUINAZID,התאמה מדויקת
PROQUINAZID,אפרסק,0.05,2011-05-17T00:00:00,,13,אפרסק,התאמה מדויקת,229,PROQUINAZID,התאמה מדויקת
PROTHIOCONAZOLE,אגוז אדמה,,2017-01-30T00:00:00,0.020,3,אגוז אדמה,התאמה מדויקת,230,PROTHIOCONAZOLE,התאמה מדויקת
PYMETROZINE,קורנית,1.0,2010-12-15T00:00:00,,110,קורנית,התאמה מדויקת,231,PYMETROZINE,התאמה מדויקת
PYMETROZINE,תות שדה לפרי,0.5,2006-11-23T00:00:00,,133,תות שדה לפרי,התאמה מדויקת,231,PYMETROZINE,התאמה מדויקת
PYMETROZINE,פרי הדר,0.1,2005-12-30T00:00:00,,103,פרי הדר,התאמה מדויקת,231,PYMETROZINE,התאמה מדויקת
PYMETROZINE,תפוח אדמה,0.05,2008-06-19T00:00:00,,139,תפוח אדמה,התאמה מדויקת,231,PYMETROZINE,התאמה מדויקת
PYMETROZINE,כרפס/סלרי (שורש ועלים),1.0,2012-07-02T00:00:00,,62,כרפס/סלרי (שורש ועלים),התאמה מדויקת,231,PYMETROZINE,התאמה מדויקת
PYMETROZINE,כרוביים,0.1,2006-11-23T00:00:00,,60,כרוביים,התאמה מדויקת,231,PYMETROZINE,התאמה מדויקת
PYMETROZINE,כרוב,0.1,2021-08-17T00:00:00,,57,כרוב,התאמה מדויקת,231,PYMETROZINE,התאמה מדויקת
PYMETROZINE,ברוקולי,0.1,2021-08-17T00:00:00,,21,ברוקולי,התאמה מדויקת,231,PYMETROZINE,התאמה מדויקת
PYMETROZINE,קולרבי,0.1,2021-08-17T00:00:00,,108,קולרבי,התאמה מדויקת,231,PYMETROZINE,התאמה מדויקת
PYMETROZINE,מלון,0.02,2008-07-30T00:00:00,,70,מלון,התאמה מדויקת,231,PYMETROZINE,התאמה מדויקת
PYMETROZINE,אבטיח,0.05,2008-12-03T00:00:00,,2,אבטיח,התאמה מדויקת,231,PYMETROZINE,התאמה מדויקת
PYMETROZINE,סלק עלים,1.0,2014-03-19T00:00:00,,83,סלק עלים,התאמה מדויקת,231,PYMETROZINE,התאמה מדויקת
PYMETROZINE,כוסברה (גד השדה),1.0,2010-12-31T00:00:00,,55,כוסברה (גד השדה),התאמה מדויקת,231,PYMETROZINE,התאמה מדויקת
PYMETROZINE,כרוב סיני,0.1,2021-08-17T00:00:00,,59,כרוב סיני,התאמה מדויקת,231,PYMETROZINE,התאמה מדויקת
PYMETROZINE,תרד,1.0,2014-03-19T00:00:00,,141,תרד,התאמה מדויקת,231,PYMETROZINE,התאמה מדויקת
PYMETROZINE,פלפל,0.1,2006-11-23T00:00:00,,99,פלפל,התאמה מדויקת,231,PYMETROZINE,התאמה מדויקת
PYMETROZINE,אורגנו,1.0,2010-12-15T00:00:00,,5,אורגנו,התאמה מדויקת,231,PYMETROZINE,התאמה מדויקת
PYMETROZINE,ריחן מצוי / בזיל,1.0,2010-12-15T00:00:00,,120,ריחן מצוי / בזיל,התאמה מדויקת,231,PYMETROZINE,התאמה מדויקת
PYMETROZINE,שמיר (שבת),1.0,2010-12-15T00:00:00,,127,שמיר (שבת),התאמה מדויקת,231,PYMETROZINE,התאמה מדויקת
PYMETROZINE,מיורם,1.0,2010-12-15T00:00:00,,68,מיורם,התאמה מדויקת,231,PYMETROZINE,התאמה מדויקת
PYMETROZINE,מנטה,1.0,2010-12-15T00:00:00,,74,מנטה,התאמה מדויקת,231,PYMETROZINE,התאמה מדויקת
PYMETROZINE,פטרוסלינון (שורש ועלים),1.0,2010-12-15T00:00:00,,93,פטרוסלינון (שורש ועלים),התאמה מדויקת,231,PYMETROZINE,התאמה מדויקת
PYMETROZINE,רוזמרין,1.0,2010-12-15T00:00:00,,117,רוזמרין,התאמה מדויקת,231,PYMETROZINE,התאמה מדויקת
PYMETROZINE,מרווה,1.0,2010-12-15T00:00:00,,75,מרווה,התאמה מדויקת,231,PYMETROZINE,התאמה מדויקת
PYMETROZINE,טרגון,1.0,2010-12-15T00:00:00,,50,טרגון,התאמה מדויקת,231,PYMETROZINE,התאמה מדויקת
PYMETROZINE,רוקט (בן חרדל),1.0,2020-11-10T00:00:00,,119,רוקט (בן חרדל),התאמה מדויקת,231,PYMETROZINE,התאמה מדויקת
PYMETROZINE,רוקולה,1.0,2010-12-15T00:00:00,,118,רוקולה,התאמה מדויקת,231,PYMETROZINE,התאמה מדויקת
PYMETROZINE,מיזונה (כרוב רפה),1.0,2014-03-19T00:00:00,,69,מיזונה (כרוב רפה),התאמה מדויקת,231,PYMETROZINE,התאמה מדויקת
PYMETROZINE,עלי טטסוי,0.1,2014-03-19T00:00:00,,87,עלי טטסוי,התאמה מדויקת,231,PYMETROZINE,התאמה מדויקת
PYRACLOSTROBIN,קורנית,2.0,2013-06-11T00:00:00,,110,קורנית,התאמה מדויקת,232,PYRACLOSTROBIN,התאמה מדויקת
PYRACLOSTROBIN,ענבים,2.0,2013-03-13T00:00:00,,89,ענבים,התאמה מדויקת,232,PYRACLOSTROBIN,התאמה מדויקת
PYRACLOSTROBIN,תות שדה לפרי,0.2,2006-08-02T00:00:00,,133,תות שדה לפרי,התאמה מדויקת,232,PYRACLOSTROBIN,התאמה מדויקת
PYRACLOSTROBIN,פרי הדר,0.03,2003-11-05T00:00:00,,103,פרי הדר,התאמה מדויקת,232,PYRACLOSTROBIN,התאמה מדויקת
PYRACLOSTROBIN,מליסה,2.0,2013-06-11T00:00:00,,71,מליסה,התאמה מדויקת,232,PYRACLOSTROBIN,התאמה מדויקת
PYRACLOSTROBIN,תפוח אדמה,0.03,2003-11-05T00:00:00,,139,תפוח אדמה,התאמה מדויקת,232,PYRACLOSTROBIN,התאמה מדויקת
PYRACLOSTROBIN,צנונית,,2020-01-08T00:00:00,0.050,107,צנונית,התאמה מדויקת,232,PYRACLOSTROBIN,התאמה מדויקת
PYRACLOSTROBIN,כרפס/סלרי (שורש ועלים),0.2,2006-08-23T00:00:00,,62,כרפס/סלרי (שורש ועלים),התאמה מדויקת,232,PYRACLOSTROBIN,התאמה מדויקת
PYRACLOSTROBIN,כרוב,0.05,2013-03-13T00:00:00,,57,כרוב,התאמה מדויקת,232,PYRACLOSTROBIN,התאמה מדויקת
PYRACLOSTROBIN,ברוקולי,,2021-08-23T00:00:00,0.150,21,ברוקולי,התאמה מדויקת,232,PYRACLOSTROBIN,התאמה מדויקת
PYRACLOSTROBIN,כרובית,0.05,2021-08-17T00:00:00,,61,כרובית,התאמה מדויקת,232,PYRACLOSTROBIN,התאמה מדויקת
PYRACLOSTROBIN,מלון,2.0,2013-03-13T00:00:00,,70,מלון,התאמה מדויקת,232,PYRACLOSTROBIN,התאמה מדויקת
PYRACLOSTROBIN,מלפפון,2.0,2010-06-21T00:00:00,,72,מלפפון,התאמה מדויקת,232,PYRACLOSTROBIN,התאמה מדויקת
PYRACLOSTROBIN,דלעת,0.1,2010-06-21T00:00:00,,35,דלעת,התאמה מדויקת,232,PYRACLOSTROBIN,התאמה מדויקת
PYRACLOSTROBIN,קישוא,2.0,2010-06-21T00:00:00,,115,קישוא,התאמה מדויקת,232,PYRACLOSTROBIN,התאמה מדויקת
PYRACLOSTROBIN,אבטיח,0.05,2013-03-13T00:00:00,,2,אבטיח,התאמה מדויקת,232,PYRACLOSTROBIN,התאמה מדויקת
PYRACLOSTROBIN,חימצה (חומוס),0.05,2010-10-04T00:00:00,,43,חימצה (חומוס),התאמה מדויקת,232,PYRACLOSTROBIN,התאמה מדויקת
PYRACLOSTROBIN,כוסברה (גד השדה),2.0,2009-06-02T00:00:00,,55,כוסברה (גד השדה),התאמה מדויקת,232,PYRACLOSTROBIN,התאמה מדויקת
PYRACLOSTROBIN,חסה,1.0,2013-03-13T00:00:00,,46,חסה,התאמה מדויקת,232,PYRACLOSTROBIN,התאמה מדויקת
PYRACLOSTROBIN,פלפל,0.4,2009-04-05T00:00:00,,99,פלפל,התאמה מדויקת,232,PYRACLOSTROBIN,התאמה מדויקת
PYRACLOSTROBIN,חציל,0.03,2003-11-04T00:00:00,,47,חציל,התאמה מדויקת,232,PYRACLOSTROBIN,התאמה מדויקת
PYRACLOSTROBIN,עגבניה,0.05,2003-11-05T00:00:00,,84,עגבניה,התאמה מדויקת,232,PYRACLOSTROBIN,התאמה מדויקת
PYRACLOSTROBIN,אפון,0.02,2010-06-21T00:00:00,,10,אפון,התאמה מדויקת,232,PYRACLOSTROBIN,התאמה מדויקת
PYRACLOSTROBIN,דלורית,0.1,2010-06-21T00:00:00,,34,דלורית,התאמה מדויקת,232,PYRACLOSTROBIN,התאמה מדויקת
PYRACLOSTROBIN,בטטה,0.5,2008-06-10T00:00:00,,14,בטטה,התאמה מדויקת,232,PYRACLOSTROBIN,התאמה מדויקת
PYRACLOSTROBIN,גזר,0.1,2009-04-05T00:00:00,,28,גזר,התאמה מדויקת,232,PYRACLOSTROBIN,התאמה מדויקת
PYRACLOSTROBIN,בצל,0.3,2009-04-05T00:00:00,,17,בצל,התאמה מדויקת,232,PYRACLOSTROBIN,התאמה מדויקת
PYRACLOSTROBIN,כותנה,0.2,2003-11-05T00:00:00,,56,כותנה,התאמה מדויקת,232,PYRACLOSTROBIN,התאמה מדויקת
PYRACLOSTROBIN,אגוז אדמה,0.05,2011-01-11T00:00:00,,3,אגוז אדמה,התאמה מדויקת,232,PYRACLOSTROBIN,התאמה מדויקת
PYRACLOSTROBIN,שקד,1.5,2012-08-26T00:00:00,,131,שקד,התאמה מדויקת,232,PYRACLOSTROBIN,התאמה מדויקת
PYRACLOSTROBIN,שום,0.3,2009-04-05T00:00:00,,123,שום,התאמה מדויקת,232,PYRACLOSTROBIN,התאמה מדויקת
PYRACLOSTROBIN,אפרסמון,0.02,2010-06-21T00:00:00,,12,אפרסמון,התאמה מדויקת,232,PYRACLOSTROBIN,התאמה מדויקת
PYRACLOSTROBIN,תפוח עץ,0.5,2008-12-03T00:00:00,,140,תפוח עץ,התאמה מדויקת,232,PYRACLOSTROBIN,התאמה מדויקת
PYRACLOSTROBIN,אגס,,2019-07-08T00:00:00,0.500,4,אגס,התאמה מדויקת,232,PYRACLOSTROBIN,התאמה מדויקת
PYRACLOSTROBIN,נקטרינה,0.2,2011-01-11T00:00:00,,77,נקטרינה,התאמה מדויקת,232,PYRACLOSTROBIN,התאמה מדויקת
PYRACLOSTROBIN,אפרסק,0.2,2011-01-11T00:00:00,,13,אפרסק,התאמה מדויקת,232,PYRACLOSTROBIN,התאמה מדויקת
PYRACLOSTROBIN,ריחן מצוי / בזיל,2.0,2006-10-23T00:00:00,,120,ריחן מצוי / בזיל,התאמה מדויקת,232,PYRACLOSTROBIN,התאמה מדויקת
PYRACLOSTROBIN,עירית בצלית,0.2,2006-10-23T00:00:00,,85,עירית בצלית,התאמה מדויקת,232,PYRACLOSTROBIN,התאמה מדויקת
PYRACLOSTROBIN,שמיר (שבת),2.0,2009-06-02T00:00:00,,127,שמיר (שבת),התאמה מדויקת,232,PYRACLOSTROBIN,התאמה מדויקת
PYRACLOSTROBIN,מיורם,2.0,2013-06-11T00:00:00,,68,מיורם,התאמה מדויקת,232,PYRACLOSTROBIN,התאמה מדויקת
PYRACLOSTROBIN,מנטה,2.0,2013-06-11T00:00:00,,74,מנטה,התאמה מדויקת,232,PYRACLOSTROBIN,התאמה מדויקת
PYRACLOSTROBIN,פטרוסלינון (שורש ועלים),2.0,2006-08-23T00:00:00,,93,פטרוסלינון (שורש ועלים),התאמה מדויקת,232,PYRACLOSTROBIN,התאמה מדויקת
PYRACLOSTROBIN,רוזמרין,2.0,2013-06-11T00:00:00,,117,רוזמרין,התאמה מדויקת,232,PYRACLOSTROBIN,התאמה מדויקת
PYRACLOSTROBIN,מרווה,2.0,2013-06-11T00:00:00,,75,מרווה,התאמה מדויקת,232,PYRACLOSTROBIN,התאמה מדויקת
PYRACLOSTROBIN,טרגון,2.0,2013-06-11T00:00:00,,50,טרגון,התאמה מדויקת,232,PYRACLOSTROBIN,התאמה מדויקת
PYRACLOSTROBIN,רוקולה,2.0,2011-11-16T00:00:00,,118,רוקולה,התאמה מדויקת,232,PYRACLOSTROBIN,התאמה מדויקת
PYRACLOSTROBIN,בצל ירוק,,2023-02-01T00:00:00,0.050,18,בצל ירוק,התאמה מדויקת,232,PYRACLOSTROBIN,התאמה מדויקת
PYRAFLUFEN-ETHYL,בקיה,0.05,2006-01-10T00:00:00,,19,בקיה,התאמה מדויקת,233,PYRAFLUFEN-ETHYL,התאמה מדויקת
PYRAFLUFEN-ETHYL,בצל,0.02,2010-02-18T00:00:00,,17,בצל,התאמה מדויקת,233,PYRAFLUFEN-ETHYL,התאמה מדויקת
PYRAFLUFEN-ETHYL,אגוז אדמה,0.01,2011-11-14T00:00:00,,3,אגוז אדמה,התאמה מדויקת,233,PYRAFLUFEN-ETHYL,התאמה מדויקת
PYRAFLUFEN-ETHYL,תפוח עץ,0.02,2009-02-05T00:00:00,,140,תפוח עץ,התאמה מדויקת,233,PYRAFLUFEN-ETHYL,התאמה מדויקת
PYRAFLUFEN-ETHYL,אגס,0.02,2013-01-21T00:00:00,,4,אגס,התאמה מדויקת,233,PYRAFLUFEN-ETHYL,התאמה מדויקת
PYRAFLUFEN-ETHYL,נקטרינה,0.02,2009-02-05T00:00:00,,77,נקטרינה,התאמה מדויקת,233,PYRAFLUFEN-ETHYL,התאמה מדויקת
PYRAFLUFEN-ETHYL,אפרסק,0.02,2009-02-05T00:00:00,,13,אפרסק,התאמה מדויקת,233,PYRAFLUFEN-ETHYL,התאמה מדויקת
PYRAFLUFEN-ETHYL,תמר,0.02,2013-01-21T00:00:00,,138,תמר,התאמה מדויקת,233,PYRAFLUFEN-ETHYL,התאמה מדויקת
PYRAFLUFEN-ETHYL,חיטה,0.1,2005-11-22T00:00:00,,42,חיטה,התאמה מדויקת,233,PYRAFLUFEN-ETHYL,התאמה מדויקת
PYRIDABEN,פרי הדר,,2021-10-11T00:00:00,0.200,103,פרי הדר,התאמה מדויקת,234,PYRIDABEN,התאמה מדויקת
PYRIDABEN,מלפפון,0.05,2010-11-29T00:00:00,,72,מלפפון,התאמה מדויקת,234,PYRIDABEN,התאמה מדויקת
PYRIDABEN,פלפל,0.05,2010-10-25T00:00:00,,99,פלפל,התאמה מדויקת,234,PYRIDABEN,התאמה מדויקת
PYRIDABEN,חציל,0.05,1997-01-12T00:00:00,,47,חציל,התאמה מדויקת,234,PYRIDABEN,התאמה מדויקת
PYRIDABEN,עגבניה,0.05,2010-11-29T00:00:00,0.200,84,עגבניה,התאמה מדויקת,234,PYRIDABEN,התאמה מדויקת
PYRIDABEN,תפוח עץ,0.1,1997-01-12T00:00:00,,140,תפוח עץ,התאמה מדויקת,234,PYRIDABEN,התאמה מדויקת
PYRIDALYL,תות שדה לפרי,1.0,2014-08-04T00:00:00,,133,תות שדה לפרי,התאמה מדויקת,235,PYRIDALYL,התאמה מדויקת
PYRIDALYL,תפוח אדמה,0.01,2010-10-04T00:00:00,,139,תפוח אדמה,התאמה מדויקת,235,PYRIDALYL,התאמה מדויקת
PYRIDALYL,כרוביים,0.05,2006-11-26T00:00:00,,60,כרוביים,התאמה מדויקת,235,PYRIDALYL,התאמה מדויקת
PYRIDALYL,כרוב,0.05,2021-08-17T00:00:00,,57,כרוב,התאמה מדויקת,235,PYRIDALYL,התאמה מדויקת
PYRIDALYL,ברוקולי,0.05,2021-08-17T00:00:00,,21,ברוקולי,התאמה מדויקת,235,PYRIDALYL,התאמה מדויקת
PYRIDALYL,כרובית,0.05,2021-08-17T00:00:00,,61,כרובית,התאמה מדויקת,235,PYRIDALYL,התאמה מדויקת
PYRIDALYL,מלפפון,0.1,2018-02-18T00:00:00,0.200,72,מלפפון,התאמה מדויקת,235,PYRIDALYL,התאמה מדויקת
PYRIDALYL,חימצה (חומוס),1.0,2013-11-25T00:00:00,,43,חימצה (חומוס),התאמה מדויקת,235,PYRIDALYL,התאמה מדויקת
PYRIDALYL,כוסברה (גד השדה),1.0,2011-07-07T00:00:00,,55,כוסברה (גד השדה),התאמה מדויקת,235,PYRIDALYL,התאמה מדויקת
PYRIDALYL,חסה,0.02,2009-02-05T00:00:00,,46,חסה,התאמה מדויקת,235,PYRIDALYL,התאמה מדויקת
PYRIDALYL,פלפל,,2008-06-10T00:00:00,0.200,99,פלפל,התאמה מדויקת,235,PYRIDALYL,התאמה מדויקת
PYRIDALYL,עגבניה,0.2,2007-08-30T00:00:00,,84,עגבניה,התאמה מדויקת,235,PYRIDALYL,התאמה מדויקת
PYRIDALYL,פפריקה,0.2,2009-03-31T00:00:00,,101,פפריקה,התאמה מדויקת,235,PYRIDALYL,התאמה מדויקת
PYRIDALYL,בטטה,0.05,2011-05-17T00:00:00,,14,בטטה,התאמה מדויקת,235,PYRIDALYL,התאמה מדויקת
PYRIDALYL,גזר,0.5,2012-07-26T00:00:00,,28,גזר,התאמה מדויקת,235,PYRIDALYL,התאמה מדויקת
PYRIDALYL,כותנה,0.05,2014-03-02T00:00:00,,56,כותנה,התאמה מדויקת,235,PYRIDALYL,התאמה מדויקת
PYRIDALYL,אגוז אדמה,0.01,2009-03-31T00:00:00,,3,אגוז אדמה,התאמה מדויקת,235,PYRIDALYL,התאמה מדויקת
PYRIDALYL,תירס,0.05,2011-05-17T00:00:00,,134,תירס,התאמה מדויקת,235,PYRIDALYL,התאמה מדויקת
PYRIDALYL,שמיר (שבת),1.0,2011-07-07T00:00:00,,127,שמיר (שבת),התאמה מדויקת,235,PYRIDALYL,התאמה מדויקת
PYRIDALYL,פטרוסלינון (שורש ועלים),1.0,2011-05-17T00:00:00,,93,פטרוסלינון (שורש ועלים),התאמה מדויקת,235,PYRIDALYL,התאמה מדויקת
PYRIDATE,חימצה (חומוס),0.05,1999-01-01T00:00:00,יתבטל,43,חימצה (חומוס),התאמה מדויקת,236,PYRIDATE,התאמה מדויקת
PYRIDATE,אגוז אדמה,0.05,1999-01-01T00:00:00,יתבטל,3,אגוז אדמה,התאמה מדויקת,236,PYRIDATE,התאמה מדויקת
PYRIDATE,תירס,0.05,1999-01-01T00:00:00,יתבטל,134,תירס,התאמה מדויקת,236,PYRIDATE,התאמה מדויקת
PYRIMETHANIL,קורנית,3.0,2011-12-19T00:00:00,,110,קורנית,התאמה מדויקת,237,PYRIMETHANIL,התאמה מדויקת
PYRIMETHANIL,ענבים,2.0,2001-01-15T00:00:00,,89,ענבים,התאמה מדויקת,237,PYRIMETHANIL,התאמה מדויקת
PYRIMETHANIL,תות שדה לפרי,1.0,2001-03-21T00:00:00,,133,תות שדה לפרי,התאמה מדויקת,237,PYRIMETHANIL,התאמה מדויקת
PYRIMETHANIL,פרי הדר,5.0,2010-07-15T00:00:00,,103,פרי הדר,התאמה מדויקת,237,PYRIMETHANIL,התאמה מדויקת
PYRIMETHANIL,מלפפון,1.0,2005-07-04T00:00:00,,72,מלפפון,התאמה מדויקת,237,PYRIMETHANIL,התאמה מדויקת
PYRIMETHANIL,קישוא,,2024-01-29T00:00:00,0.050,115,קישוא,התאמה מדויקת,237,PYRIMETHANIL,התאמה מדויקת
PYRIMETHANIL,כוסברה (גד השדה),3.0,2011-12-19T00:00:00,,55,כוסברה (גד השדה),התאמה מדויקת,237,PYRIMETHANIL,התאמה מדויקת
PYRIMETHANIL,פלפל,,2016-03-09T00:00:00,0.700,99,פלפל,התאמה מדויקת,237,PYRIMETHANIL,התאמה מדויקת
PYRIMETHANIL,חציל,,2020-07-03T00:00:00,1.000,47,חציל,התאמה מדויקת,237,PYRIMETHANIL,התאמה מדויקת
PYRIMETHANIL,עגבניה,1.0,2012-02-09T00:00:00,,84,עגבניה,התאמה מדויקת,237,PYRIMETHANIL,התאמה מדויקת
PYRIMETHANIL,בצל,0.1,2009-04-05T00:00:00,,17,בצל,התאמה מדויקת,237,PYRIMETHANIL,התאמה מדויקת
PYRIMETHANIL,אורגנו,3.0,2011-12-19T00:00:00,,5,אורגנו,התאמה מדויקת,237,PYRIMETHANIL,התאמה מדויקת
PYRIMETHANIL,תפוח עץ,,2022-04-28T00:00:00,0.300,140,תפוח עץ,התאמה מדויקת,237,PYRIMETHANIL,התאמה מדויקת
PYRIMETHANIL,אגס,,2021-05-11T00:00:00,8.500,4,אגס,התאמה מדויקת,237,PYRIMETHANIL,התאמה מדויקת
PYRIMETHANIL,ריחן מצוי / בזיל,3.0,2011-12-19T00:00:00,,120,ריחן מצוי / בזיל,התאמה מדויקת,237,PYRIMETHANIL,התאמה מדויקת
PYRIMETHANIL,שמיר (שבת),3.0,2011-12-19T00:00:00,,127,שמיר (שבת),התאמה מדויקת,237,PYRIMETHANIL,התאמה מדויקת
PYRIMETHANIL,מיורם,3.0,2011-12-19T00:00:00,,68,מיורם,התאמה מדויקת,237,PYRIMETHANIL,התאמה מדויקת
PYRIMETHANIL,מנטה,3.0,2011-12-19T00:00:00,,74,מנטה,התאמה מדויקת,237,PYRIMETHANIL,התאמה מדויקת
PYRIMETHANIL,פטרוסלינון (שורש ועלים),3.0,2011-12-19T00:00:00,,93,פטרוסלינון (שורש ועלים),התאמה מדויקת,237,PYRIMETHANIL,התאמה מדויקת
PYRIMETHANIL,רוזמרין,3.0,2011-12-19T00:00:00,,117,רוזמרין,התאמה מדויקת,237,PYRIMETHANIL,התאמה מדויקת
PYRIMETHANIL,מרווה,3.0,2011-12-19T00:00:00,,75,מרווה,התאמה מדויקת,237,PYRIMETHANIL,התאמה מדויקת
PYRIMETHANIL,טרגון,3.0,2011-12-19T00:00:00,,50,טרגון,התאמה מדויקת,237,PYRIMETHANIL,התאמה מדויקת
PYRIMIDIFEN,אבטיח,0.02,2009-02-05T00:00:00,,2,אבטיח,התאמה מדויקת,238,PYRIMIDIFEN,התאמה מדויקת
PYRIMIDIFEN,פלפל,0.02,2009-02-05T00:00:00,,99,פלפל,התאמה מדויקת,238,PYRIMIDIFEN,התאמה מדויקת
PYRIMIDIFEN,חציל,0.02,2009-02-05T00:00:00,,47,חציל,התאמה מדויקת,238,PYRIMIDIFEN,התאמה מדויקת
PYRIMIDIFEN,עגבניה,0.02,2009-02-05T00:00:00,,84,עגבניה,התאמה מדויקת,238,PYRIMIDIFEN,התאמה מדויקת
PYRIMIDIFEN,תפוח עץ,0.1,2000-05-15T00:00:00,,140,תפוח עץ,התאמה מדויקת,238,PYRIMIDIFEN,התאמה מדויקת
PYRIOFENONE,ענבים,,2019-06-16T00:00:00,0.500,89,ענבים,התאמה מדויקת,239,PYRIOFENONE,התאמה מדויקת
PYRIOFENONE,תות שדה לפרי,,2022-07-06T00:00:00,0.150,133,תות שדה לפרי,התאמה מדויקת,239,PYRIOFENONE,התאמה מדויקת
PYRIOFENONE,מלון,,2019-07-23T00:00:00,0.050,70,מלון,התאמה מדויקת,239,PYRIOFENONE,התאמה מדויקת
PYRIOFENONE,מלפפון,0.05,2019-06-13T00:00:00,0.100,72,מלפפון,התאמה מדויקת,239,PYRIOFENONE,התאמה מדויקת
PYRIOFENONE,דלעת,,2020-01-30T00:00:00,0.100,35,דלעת,התאמה מדויקת,239,PYRIOFENONE,התאמה מדויקת
PYRIOFENONE,קישוא,0.01,2018-09-04T00:00:00,0.100,115,קישוא,התאמה מדויקת,239,PYRIOFENONE,התאמה מדויקת
PYRIOFENONE,אבטיח,,2018-09-04T00:00:00,0.010,2,אבטיח,התאמה מדויקת,239,PYRIOFENONE,התאמה מדויקת
PYRIOFENONE,פלפל,,2022-06-14T00:00:00,0.300,99,פלפל,התאמה מדויקת,239,PYRIOFENONE,התאמה מדויקת
PYRIOFENONE,חציל,,2022-06-14T00:00:00,0.100,47,חציל,התאמה מדויקת,239,PYRIOFENONE,התאמה מדויקת
PYRIOFENONE,עגבניה,,2022-06-14T00:00:00,0.800,84,עגבניה,התאמה מדויקת,239,PYRIOFENONE,התאמה מדויקת
PYRIOFENONE,גזר,,2022-07-06T00:00:00,0.080,28,גזר,התאמה מדויקת,239,PYRIOFENONE,התאמה מדויקת
PYRIOFENONE,מנגו,,2022-07-06T00:00:00,0.020,73,מנגו,התאמה מדויקת,239,PYRIOFENONE,התאמה מדויקת
PYRIOFENONE,נקטרינה,,2022-07-06T00:00:00,0.150,77,נקטרינה,התאמה מדויקת,239,PYRIOFENONE,התאמה מדויקת
PYRIOFENONE,אפרסק,,2022-07-06T00:00:00,0.300,13,אפרסק,התאמה מדויקת,239,PYRIOFENONE,התאמה מדויקת
PYRIPROXYFEN,פרי הדר,0.5,2001-07-15T00:00:00,,103,פרי הדר,התאמה מדויקת,240,PYRIPROXYFEN,התאמה מדויקת
PYRIPROXYFEN,כרוב,0.02,2009-02-05T00:00:00,,57,כרוב,התאמה מדויקת,240,PYRIPROXYFEN,התאמה מדויקת
PYRIPROXYFEN,מלון,0.02,2009-02-05T00:00:00,,70,מלון,התאמה מדויקת,240,PYRIPROXYFEN,התאמה מדויקת
PYRIPROXYFEN,חציל,0.02,2009-02-05T00:00:00,,47,חציל,התאמה מדויקת,240,PYRIPROXYFEN,התאמה מדויקת
PYRIPROXYFEN,עגבניה,,2025-07-15T00:00:00,0.700,84,עגבניה,התאמה מדויקת,240,PYRIPROXYFEN,התאמה מדויקת
PYRIPROXYFEN,כותנה,0.02,2009-02-05T00:00:00,,56,כותנה,התאמה מדויקת,240,PYRIPROXYFEN,התאמה מדויקת
PYRIPROXYFEN,מנגו,,2024-02-28T00:00:00,0.020,73,מנגו,התאמה מדויקת,240,PYRIPROXYFEN,התאמה מדויקת
PYRIPROXYFEN,אפרסמון,0.02,2009-02-05T00:00:00,,12,אפרסמון,התאמה מדויקת,240,PYRIPROXYFEN,התאמה מדויקת
PYRIPROXYFEN,תפוח עץ,0.02,2009-02-05T00:00:00,,140,תפוח עץ,התאמה מדויקת,240,PYRIPROXYFEN,התאמה מדויקת
PYRIPROXYFEN,אגס,0.02,2009-02-05T00:00:00,,4,אגס,התאמה מדויקת,240,PYRIPROXYFEN,התאמה מדויקת
PYRIPROXYFEN,שזיף,0.02,2009-02-05T00:00:00,,126,שזיף,התאמה מדויקת,240,PYRIPROXYFEN,התאמה מדויקת
PYRIPROXYFEN,נקטרינה,0.02,2009-02-05T00:00:00,,77,נקטרינה,התאמה מדויקת,240,PYRIPROXYFEN,התאמה מדויקת
PYRIPROXYFEN,אפרסק,0.02,2009-02-05T00:00:00,,13,אפרסק,התאמה מדויקת,240,PYRIPROXYFEN,התאמה מדויקת
PYRIPROXYFEN,זית אירופאי,0.02,2009-02-05T00:00:00,,37,זית אירופאי,התאמה מדויקת,240,PYRIPROXYFEN,התאמה מדויקת
PYRITHIOBAC SODIUM,כותנה,0.05,2005-11-22T00:00:00,,56,כותנה,התאמה מדויקת,241,PYRITHIOBAC SODIUM,התאמה מדויקת
PYROXASULFONE,חימצה (חומוס),,2019-06-13T00:00:00,0.010,43,חימצה (חומוס),התאמה מדויקת,242,PYROXASULFONE,התאמה מדויקת
PYROXASULFONE,אגוז אדמה,,2023-02-01T00:00:00,0.010,3,אגוז אדמה,התאמה מדויקת,242,PYROXASULFONE,התאמה מדויקת
PYROXASULFONE,חיטה,,2019-06-13T00:00:00,0.010,42,חיטה,התאמה מדויקת,242,PYROXASULFONE,התאמה מדויקת
QUINOXYFEN,ענבים,0.5,1997-02-25T00:00:00,,89,ענבים,התאמה מדויקת,243,QUINOXYFEN,התאמה מדויקת
QUINOXYFEN,אבטיח,0.03,1997-02-25T00:00:00,,2,אבטיח,התאמה מדויקת,243,QUINOXYFEN,התאמה מדויקת
QUINOXYFEN,פלפל,0.03,1997-02-25T00:00:00,,99,פלפל,התאמה מדויקת,243,QUINOXYFEN,התאמה מדויקת
QUINOXYFEN,עגבניה,0.03,1999-01-01T00:00:00,,84,עגבניה,התאמה מדויקת,243,QUINOXYFEN,התאמה מדויקת
QUINOXYFEN,פפריקה,0.03,2005-11-23T00:00:00,,101,פפריקה,התאמה מדויקת,243,QUINOXYFEN,התאמה מדויקת
QUINOXYFEN,תפוח עץ,,2018-06-13T00:00:00,0.030,140,תפוח עץ,התאמה מדויקת,243,QUINOXYFEN,התאמה מדויקת
QUINOXYFEN,נקטרינה,0.03,2005-11-23T00:00:00,,77,נקטרינה,התאמה מדויקת,243,QUINOXYFEN,התאמה מדויקת
QUINOXYFEN,אפרסק,0.03,2005-11-23T00:00:00,,13,אפרסק,התאמה מדויקת,243,QUINOXYFEN,התאמה מדויקת
QUIZALOFOP-P-ETHYL,אספסת,0.1,2006-03-21T00:00:00,,8,אספסת,התאמה מדויקת,244,QUIZALOFOP-P-ETHYL,התאמה מדויקת
QUIZALOFOP-P-ETHYL,בקיה,0.1,2006-03-21T00:00:00,,19,בקיה,התאמה מדויקת,244,QUIZALOFOP-P-ETHYL,התאמה מדויקת
QUIZALOFOP-P-ETHYL,פרי הדר,0.1,2006-03-21T00:00:00,,103,פרי הדר,התאמה מדויקת,244,QUIZALOFOP-P-ETHYL,התאמה מדויקת
QUIZALOFOP-P-ETHYL,כרפס/סלרי (שורש ועלים),0.1,2006-03-21T00:00:00,,62,כרפס/סלרי (שורש ועלים),התאמה מדויקת,244,QUIZALOFOP-P-ETHYL,התאמה מדויקת
QUIZALOFOP-P-ETHYL,כרוביים,0.1,2013-01-21T00:00:00,,60,כרוביים,התאמה מדויקת,244,QUIZALOFOP-P-ETHYL,התאמה מדויקת
QUIZALOFOP-P-ETHYL,כרוב,0.1,2006-03-21T00:00:00,,57,כרוב,התאמה מדויקת,244,QUIZALOFOP-P-ETHYL,התאמה מדויקת
QUIZALOFOP-P-ETHYL,כרובית,0.1,2006-03-21T00:00:00,,61,כרובית,התאמה מדויקת,244,QUIZALOFOP-P-ETHYL,התאמה מדויקת
QUIZALOFOP-P-ETHYL,אבטיח,0.1,2006-03-21T00:00:00,,2,אבטיח,התאמה מדויקת,244,QUIZALOFOP-P-ETHYL,התאמה מדויקת
QUIZALOFOP-P-ETHYL,חימצה (חומוס),0.1,2006-03-21T00:00:00,,43,חימצה (חומוס),התאמה מדויקת,244,QUIZALOFOP-P-ETHYL,התאמה מדויקת
QUIZALOFOP-P-ETHYL,חסה,0.1,2006-03-21T00:00:00,,46,חסה,התאמה מדויקת,244,QUIZALOFOP-P-ETHYL,התאמה מדויקת
QUIZALOFOP-P-ETHYL,פלפל,0.1,2006-03-21T00:00:00,,99,פלפל,התאמה מדויקת,244,QUIZALOFOP-P-ETHYL,התאמה מדויקת
QUIZALOFOP-P-ETHYL,עגבניה,0.1,2006-03-21T00:00:00,,84,עגבניה,התאמה מדויקת,244,QUIZALOFOP-P-ETHYL,התאמה מדויקת
QUIZALOFOP-P-ETHYL,פפריקה,0.1,2006-03-21T00:00:00,,101,פפריקה,התאמה מדויקת,244,QUIZALOFOP-P-ETHYL,התאמה מדויקת
QUIZALOFOP-P-ETHYL,אפון,0.1,2006-03-21T00:00:00,,10,אפון,התאמה מדויקת,244,QUIZALOFOP-P-ETHYL,התאמה מדויקת
QUIZALOFOP-P-ETHYL,גזר,0.1,2006-03-21T00:00:00,,28,גזר,התאמה מדויקת,244,QUIZALOFOP-P-ETHYL,התאמה מדויקת
QUIZALOFOP-P-ETHYL,בצל,0.1,2006-03-21T00:00:00,,17,בצל,התאמה מדויקת,244,QUIZALOFOP-P-ETHYL,התאמה מדויקת
QUIZALOFOP-P-ETHYL,כותנה,0.1,2006-03-21T00:00:00,,56,כותנה,התאמה מדויקת,244,QUIZALOFOP-P-ETHYL,התאמה מדויקת
QUIZALOFOP-P-ETHYL,אגוז אדמה,0.1,2006-03-21T00:00:00,,3,אגוז אדמה,התאמה מדויקת,244,QUIZALOFOP-P-ETHYL,התאמה מדויקת
QUIZALOFOP-P-ETHYL,שום,0.1,2006-03-21T00:00:00,,123,שום,התאמה מדויקת,244,QUIZALOFOP-P-ETHYL,התאמה מדויקת
QUIZALOFOP-P-ETHYL,תפוח עץ,0.1,2006-03-21T00:00:00,,140,תפוח עץ,התאמה מדויקת,244,QUIZALOFOP-P-ETHYL,התאמה מדויקת
QUIZALOFOP-P-ETHYL,אגס,0.1,2006-03-21T00:00:00,,4,אגס,התאמה מדויקת,244,QUIZALOFOP-P-ETHYL,התאמה מדויקת
QUIZALOFOP-P-TEFURYL,בקיה,0.1,2005-11-23T00:00:00,,19,בקיה,התאמה מדויקת,245,QUIZALOFOP-P-TEFURYL,התאמה מדויקת
QUIZALOFOP-P-TEFURYL,כרוביים,0.1,2005-11-23T00:00:00,,60,כרוביים,התאמה מדויקת,245,QUIZALOFOP-P-TEFURYL,התאמה מדויקת
QUIZALOFOP-P-TEFURYL,כרוב,0.1,2021-08-17T00:00:00,,57,כרוב,התאמה מדויקת,245,QUIZALOFOP-P-TEFURYL,התאמה מדויקת
QUIZALOFOP-P-TEFURYL,ברוקולי,0.1,2021-08-17T00:00:00,,21,ברוקולי,התאמה מדויקת,245,QUIZALOFOP-P-TEFURYL,התאמה מדויקת
QUIZALOFOP-P-TEFURYL,כרובית,0.1,2021-08-17T00:00:00,,61,כרובית,התאמה מדויקת,245,QUIZALOFOP-P-TEFURYL,התאמה מדויקת
QUIZALOFOP-P-TEFURYL,אבטיח,0.1,2005-11-23T00:00:00,,2,אבטיח,התאמה מדויקת,245,QUIZALOFOP-P-TEFURYL,התאמה מדויקת
QUIZALOFOP-P-TEFURYL,אפון,0.1,2005-11-23T00:00:00,,10,אפון,התאמה מדויקת,245,QUIZALOFOP-P-TEFURYL,התאמה מדויקת
QUIZALOFOP-P-TEFURYL,בצל,0.1,2005-11-23T00:00:00,,17,בצל,התאמה מדויקת,245,QUIZALOFOP-P-TEFURYL,התאמה מדויקת
QUIZALOFOP-P-TEFURYL,כותנה,0.1,2005-11-23T00:00:00,,56,כותנה,התאמה מדויקת,245,QUIZALOFOP-P-TEFURYL,התאמה מדויקת
QUIZALOFOP-P-TEFURYL,אגוז אדמה,0.1,2005-11-23T00:00:00,,3,אגוז אדמה,התאמה מדויקת,245,QUIZALOFOP-P-TEFURYL,התאמה מדויקת
QUIZALOFOP-P-TEFURYL,חמנית מצויה,0.1,2005-11-23T00:00:00,,45,חמנית מצויה,התאמה מדויקת,245,QUIZALOFOP-P-TEFURYL,התאמה מדויקת
RIMSULFURON,עגבניה,0.1,1999-01-01T00:00:00,,84,עגבניה,התאמה מדויקת,246,RIMSULFURON,התאמה מדויקת
RIMSULFURON,תירס,0.1,2017-12-28T00:00:00,,134,תירס,התאמה מדויקת,246,RIMSULFURON,התאמה מדויקת
SAFLUFENACIL,תירס,,2022-12-26T00:00:00,0.020,134,תירס,התאמה מדויקת,247,SAFLUFENACIL,התאמה מדויקת
SPINETORAM,קורנית,0.05,2011-01-11T00:00:00,,110,קורנית,התאמה מדויקת,248,SPINETORAM,התאמה מדויקת
SPINETORAM,ענבים,0.1,2008-08-31T00:00:00,,89,ענבים,התאמה מדויקת,248,SPINETORAM,התאמה מדויקת
SPINETORAM,פרי הדר,0.02,2014-01-30T00:00:00,,103,פרי הדר,התאמה מדויקת,248,SPINETORAM,התאמה מדויקת
SPINETORAM,לובאג',0.05,2011-01-11T00:00:00,,64,לובאג',התאמה מדויקת,248,SPINETORAM,התאמה מדויקת
SPINETORAM,תפוח אדמה,0.01,2009-10-13T00:00:00,,139,תפוח אדמה,התאמה מדויקת,248,SPINETORAM,התאמה מדויקת
SPINETORAM,צנונית,0.05,2010-01-13T00:00:00,,107,צנונית,התאמה מדויקת,248,SPINETORAM,התאמה מדויקת
SPINETORAM,כרפס/סלרי (שורש ועלים),0.1,2010-01-04T00:00:00,,62,כרפס/סלרי (שורש ועלים),התאמה מדויקת,248,SPINETORAM,התאמה מדויקת
SPINETORAM,כרוב,0.1,2008-11-24T00:00:00,,57,כרוב,התאמה מדויקת,248,SPINETORAM,התאמה מדויקת
SPINETORAM,ברוקולי,0.1,2016-07-07T00:00:00,,21,ברוקולי,התאמה מדויקת,248,SPINETORAM,התאמה מדויקת
SPINETORAM,כרובית,0.1,2009-06-23T00:00:00,,61,כרובית,התאמה מדויקת,248,SPINETORAM,התאמה מדויקת
SPINETORAM,קולרבי,0.1,2009-06-23T00:00:00,,108,קולרבי,התאמה מדויקת,248,SPINETORAM,התאמה מדויקת
SPINETORAM,מלון,0.05,2010-10-04T00:00:00,,70,מלון,התאמה מדויקת,248,SPINETORAM,התאמה מדויקת
SPINETORAM,מלפפון,0.05,2013-11-25T00:00:00,,72,מלפפון,התאמה מדויקת,248,SPINETORAM,התאמה מדויקת
SPINETORAM,אבטיח,0.05,2010-10-04T00:00:00,,2,אבטיח,התאמה מדויקת,248,SPINETORAM,התאמה מדויקת
SPINETORAM,חימצה (חומוס),0.01,2009-01-14T00:00:00,,43,חימצה (חומוס),התאמה מדויקת,248,SPINETORAM,התאמה מדויקת
SPINETORAM,סלק עלים,0.05,2011-01-11T00:00:00,,83,סלק עלים,התאמה מדויקת,248,SPINETORAM,התאמה מדויקת
SPINETORAM,כוסברה (גד השדה),0.05,2010-02-18T00:00:00,,55,כוסברה (גד השדה),התאמה מדויקת,248,SPINETORAM,התאמה מדויקת
SPINETORAM,חסה,0.1,2008-11-24T00:00:00,,46,חסה,התאמה מדויקת,248,SPINETORAM,התאמה מדויקת
SPINETORAM,תרד,0.05,2014-03-19T00:00:00,,141,תרד,התאמה מדויקת,248,SPINETORAM,התאמה מדויקת
SPINETORAM,פלפל,0.05,2012-07-26T00:00:00,,99,פלפל,התאמה מדויקת,248,SPINETORAM,התאמה מדויקת
SPINETORAM,עגבניה,0.01,2009-11-09T00:00:00,,84,עגבניה,התאמה מדויקת,248,SPINETORAM,התאמה מדויקת
SPINETORAM,אפון,0.01,2010-11-28T00:00:00,,10,אפון,התאמה מדויקת,248,SPINETORAM,התאמה מדויקת
SPINETORAM,שעועית ירוקה,0.01,2010-10-04T00:00:00,,129,שעועית ירוקה,התאמה מדויקת,248,SPINETORAM,התאמה מדויקת
SPINETORAM,צנון,0.05,2010-01-13T00:00:00,,106,צנון,התאמה מדויקת,248,SPINETORAM,התאמה מדויקת
SPINETORAM,לפת,0.05,2010-01-13T00:00:00,,67,לפת,התאמה מדויקת,248,SPINETORAM,התאמה מדויקת
SPINETORAM,סלק אדום (שורש ועלים),0.05,2010-01-13T00:00:00,,80,סלק אדום (שורש ועלים),התאמה מדויקת,248,SPINETORAM,התאמה מדויקת
SPINETORAM,גזר,0.05,2010-01-04T00:00:00,,28,גזר,התאמה מדויקת,248,SPINETORAM,התאמה מדויקת
SPINETORAM,בצל,0.05,2012-02-15T00:00:00,,17,בצל,התאמה מדויקת,248,SPINETORAM,התאמה מדויקת
SPINETORAM,כותנה,0.01,2009-01-14T00:00:00,,56,כותנה,התאמה מדויקת,248,SPINETORAM,התאמה מדויקת
SPINETORAM,לוף (כרתי/כרש/כרשה),0.05,2009-06-23T00:00:00,,65,לוף (כרתי/כרש/כרשה),התאמה מדויקת,248,SPINETORAM,התאמה מדויקת
SPINETORAM,אבוקדו,0.02,2014-01-30T00:00:00,,1,אבוקדו,התאמה מדויקת,248,SPINETORAM,התאמה מדויקת
SPINETORAM,אפרסמון,0.05,2010-10-04T00:00:00,,12,אפרסמון,התאמה מדויקת,248,SPINETORAM,התאמה מדויקת
SPINETORAM,רימון,0.05,2011-05-17T00:00:00,,121,רימון,התאמה מדויקת,248,SPINETORAM,התאמה מדויקת
SPINETORAM,תפוח עץ,0.1,2009-06-23T00:00:00,,140,תפוח עץ,התאמה מדויקת,248,SPINETORAM,התאמה מדויקת
SPINETORAM,אגס,0.1,2008-08-31T00:00:00,,4,אגס,התאמה מדויקת,248,SPINETORAM,התאמה מדויקת
SPINETORAM,שזיף,0.05,2010-01-04T00:00:00,,126,שזיף,התאמה מדויקת,248,SPINETORAM,התאמה מדויקת
SPINETORAM,משמש,0.05,2010-01-04T00:00:00,,76,משמש,התאמה מדויקת,248,SPINETORAM,התאמה מדויקת
SPINETORAM,דובדבן,,2021-06-08T00:00:00,0.050,31,דובדבן,התאמה מדויקת,248,SPINETORAM,התאמה מדויקת
SPINETORAM,נקטרינה,0.05,2010-01-04T00:00:00,,77,נקטרינה,התאמה מדויקת,248,SPINETORAM,התאמה מדויקת
SPINETORAM,אפרסק,0.05,2010-01-04T00:00:00,,13,אפרסק,התאמה מדויקת,248,SPINETORAM,התאמה מדויקת
SPINETORAM,תאנה,0.01,2015-06-23T00:00:00,,132,תאנה,התאמה מדויקת,248,SPINETORAM,התאמה מדויקת
SPINETORAM,זית אירופאי,0.01,2012-01-10T00:00:00,,37,זית אירופאי,התאמה מדויקת,248,SPINETORAM,התאמה מדויקת
SPINETORAM,תירס,0.01,2008-11-24T00:00:00,,134,תירס,התאמה מדויקת,248,SPINETORAM,התאמה מדויקת
SPINETORAM,ריחן מצוי / בזיל,0.05,2010-02-18T00:00:00,,120,ריחן מצוי / בזיל,התאמה מדויקת,248,SPINETORAM,התאמה מדויקת
SPINETORAM,עירית בצלית,0.05,2008-08-31T00:00:00,,85,עירית בצלית,התאמה מדויקת,248,SPINETORAM,התאמה מדויקת
SPINETORAM,שמיר (שבת),0.05,2010-02-18T00:00:00,,127,שמיר (שבת),התאמה מדויקת,248,SPINETORAM,התאמה מדויקת
SPINETORAM,מנטה,0.05,2011-01-11T00:00:00,,74,מנטה,התאמה מדויקת,248,SPINETORAM,התאמה מדויקת
SPINETORAM,פטרוסלינון (שורש ועלים),0.05,2010-02-18T00:00:00,,93,פטרוסלינון (שורש ועלים),התאמה מדויקת,248,SPINETORAM,התאמה מדויקת
SPINETORAM,רוזמרין,0.05,2011-01-11T00:00:00,,117,רוזמרין,התאמה מדויקת,248,SPINETORAM,התאמה מדויקת
SPINETORAM,מרווה,0.05,2011-01-11T00:00:00,,75,מרווה,התאמה מדויקת,248,SPINETORAM,התאמה מדויקת
SPINETORAM,טרגון,0.05,2011-01-11T00:00:00,,50,טרגון,התאמה מדויקת,248,SPINETORAM,התאמה מדויקת
SPINETORAM,רוקולה,0.05,2010-02-18T00:00:00,,118,רוקולה,התאמה מדויקת,248,SPINETORAM,התאמה מדויקת
SPINETORAM,סייגית (צ'רביל),0.05,2011-01-11T00:00:00,,79,סייגית (צ'רביל),התאמה מדויקת,248,SPINETORAM,התאמה מדויקת
SPINETORAM,בצל ירוק,0.05,2009-06-23T00:00:00,,18,בצל ירוק,התאמה מדויקת,248,SPINETORAM,התאמה מדויקת
SPINETORAM,עלי בוק צ'וי,0.05,2014-03-19T00:00:00,,86,עלי בוק צ'וי,התאמה מדויקת,248,SPINETORAM,התאמה מדויקת
SPINOSAD,קורנית,2.0,2012-04-18T00:00:00,,110,קורנית,התאמה מדויקת,249,SPINOSAD,התאמה מדויקת
SPINOSAD,ענבים,0.2,1999-01-01T00:00:00,,89,ענבים,התאמה מדויקת,249,SPINOSAD,התאמה מדויקת
SPINOSAD,תות שדה לפרי,0.5,1999-01-01T00:00:00,,133,תות שדה לפרי,התאמה מדויקת,249,SPINOSAD,התאמה מדויקת
SPINOSAD,פרי הדר,0.05,2005-11-23T00:00:00,,103,פרי הדר,התאמה מדויקת,249,SPINOSAD,התאמה מדויקת
SPINOSAD,תפוח אדמה,0.05,2000-06-19T00:00:00,,139,תפוח אדמה,התאמה מדויקת,249,SPINOSAD,התאמה מדויקת
SPINOSAD,כרוביים,0.5,2000-01-01T00:00:00,,60,כרוביים,התאמה מדויקת,249,SPINOSAD,התאמה מדויקת
SPINOSAD,כרוב,,2025-11-03T00:00:00,0.500,57,כרוב,התאמה מדויקת,249,SPINOSAD,התאמה מדויקת
SPINOSAD,ברוקולי,,2025-11-03T00:00:00,0.500,21,ברוקולי,התאמה מדויקת,249,SPINOSAD,התאמה מדויקת
SPINOSAD,כרובית,0.5,2021-08-17T00:00:00,,61,כרובית,התאמה מדויקת,249,SPINOSAD,התאמה מדויקת
SPINOSAD,מלון,0.5,1999-01-01T00:00:00,,70,מלון,התאמה מדויקת,249,SPINOSAD,התאמה מדויקת
SPINOSAD,מלפפון,0.5,1999-01-01T00:00:00,,72,מלפפון,התאמה מדויקת,249,SPINOSAD,התאמה מדויקת
SPINOSAD,כוסברה (גד השדה),2.0,2012-04-18T00:00:00,,55,כוסברה (גד השדה),התאמה מדויקת,249,SPINOSAD,התאמה מדויקת
SPINOSAD,חסה,0.5,2004-07-13T00:00:00,,46,חסה,התאמה מדויקת,249,SPINOSAD,התאמה מדויקת
SPINOSAD,פלפל,0.5,1999-01-01T00:00:00,,99,פלפל,התאמה מדויקת,249,SPINOSAD,התאמה מדויקת
SPINOSAD,חציל,0.05,2005-11-23T00:00:00,,47,חציל,התאמה מדויקת,249,SPINOSAD,התאמה מדויקת
SPINOSAD,עגבניה,0.05,2000-06-19T00:00:00,,84,עגבניה,התאמה מדויקת,249,SPINOSAD,התאמה מדויקת
SPINOSAD,שעועית ירוקה,0.1,2001-03-21T00:00:00,,129,שעועית ירוקה,התאמה מדויקת,249,SPINOSAD,התאמה מדויקת
SPINOSAD,בצל,0.05,2001-03-21T00:00:00,,17,בצל,התאמה מדויקת,249,SPINOSAD,התאמה מדויקת
SPINOSAD,אבוקדו,0.05,1999-01-01T00:00:00,,1,אבוקדו,התאמה מדויקת,249,SPINOSAD,התאמה מדויקת
SPINOSAD,ליצי,0.05,2013-01-21T00:00:00,,66,ליצי,התאמה מדויקת,249,SPINOSAD,התאמה מדויקת
SPINOSAD,מנגו,0.05,2005-11-23T00:00:00,,73,מנגו,התאמה מדויקת,249,SPINOSAD,התאמה מדויקת
SPINOSAD,פסיפלורה (שעונית),0.05,2013-01-21T00:00:00,,100,פסיפלורה (שעונית),התאמה מדויקת,249,SPINOSAD,התאמה מדויקת
SPINOSAD,אפרסמון,0.01,2011-01-11T00:00:00,,12,אפרסמון,התאמה מדויקת,249,SPINOSAD,התאמה מדויקת
SPINOSAD,רימון,0.02,2009-02-15T00:00:00,,121,רימון,התאמה מדויקת,249,SPINOSAD,התאמה מדויקת
SPINOSAD,תפוח עץ,0.05,1999-01-01T00:00:00,,140,תפוח עץ,התאמה מדויקת,249,SPINOSAD,התאמה מדויקת
SPINOSAD,אגס,0.05,1999-01-01T00:00:00,,4,אגס,התאמה מדויקת,249,SPINOSAD,התאמה מדויקת
SPINOSAD,שזיף,0.05,1999-01-01T00:00:00,,126,שזיף,התאמה מדויקת,249,SPINOSAD,התאמה מדויקת
SPINOSAD,משמש,0.05,2013-01-21T00:00:00,,76,משמש,התאמה מדויקת,249,SPINOSAD,התאמה מדויקת
SPINOSAD,דובדבן,0.05,2013-01-21T00:00:00,,31,דובדבן,התאמה מדויקת,249,SPINOSAD,התאמה מדויקת
SPINOSAD,נקטרינה,0.05,1999-01-01T00:00:00,,77,נקטרינה,התאמה מדויקת,249,SPINOSAD,התאמה מדויקת
SPINOSAD,אפרסק,0.05,2004-07-13T00:00:00,,13,אפרסק,התאמה מדויקת,249,SPINOSAD,התאמה מדויקת
SPINOSAD,תמר,0.05,2005-11-23T00:00:00,,138,תמר,התאמה מדויקת,249,SPINOSAD,התאמה מדויקת
SPINOSAD,זית אירופאי,0.05,2005-10-31T00:00:00,,37,זית אירופאי,התאמה מדויקת,249,SPINOSAD,התאמה מדויקת
SPINOSAD,תירס,0.05,1999-01-01T00:00:00,,134,תירס,התאמה מדויקת,249,SPINOSAD,התאמה מדויקת
SPINOSAD,ריחן מצוי / בזיל,2.0,2012-04-18T00:00:00,,120,ריחן מצוי / בזיל,התאמה מדויקת,249,SPINOSAD,התאמה מדויקת
SPINOSAD,עירית בצלית,2.0,2012-04-18T00:00:00,,85,עירית בצלית,התאמה מדויקת,249,SPINOSAD,התאמה מדויקת
SPINOSAD,שמיר (שבת),2.0,2012-04-18T00:00:00,,127,שמיר (שבת),התאמה מדויקת,249,SPINOSAD,התאמה מדויקת
SPINOSAD,שומר,2.0,2012-04-18T00:00:00,,124,שומר,התאמה מדויקת,249,SPINOSAD,התאמה מדויקת
SPINOSAD,פטרוסלינון (שורש ועלים),2.0,2012-04-18T00:00:00,,93,פטרוסלינון (שורש ועלים),התאמה מדויקת,249,SPINOSAD,התאמה מדויקת
SPINOSAD,רוזמרין,2.0,2012-04-18T00:00:00,,117,רוזמרין,התאמה מדויקת,249,SPINOSAD,התאמה מדויקת
SPINOSAD,מרווה,2.0,2012-04-18T00:00:00,,75,מרווה,התאמה מדויקת,249,SPINOSAD,התאמה מדויקת
SPINOSAD,טרגון,2.0,2012-04-18T00:00:00,,50,טרגון,התאמה מדויקת,249,SPINOSAD,התאמה מדויקת
SPINOSAD,רוקט (בן חרדל),,2012-04-18T00:00:00,2.000,119,רוקט (בן חרדל),התאמה מדויקת,249,SPINOSAD,התאמה מדויקת
SPINOSAD,רוקולה,2.0,2012-04-18T00:00:00,,118,רוקולה,התאמה מדויקת,249,SPINOSAD,התאמה מדויקת
SPINOSAD,בצל ירוק,2.0,2012-04-18T00:00:00,,18,בצל ירוק,התאמה מדויקת,249,SPINOSAD,התאמה מדויקת
SPIRODICLOFEN,פרי הדר,0.05,2004-06-08T00:00:00,,103,פרי הדר,התאמה מדויקת,250,SPIRODICLOFEN,התאמה מדויקת
SPIRODICLOFEN,מלפפון,0.02,2013-01-23T00:00:00,,72,מלפפון,התאמה מדויקת,250,SPIRODICLOFEN,התאמה מדויקת
SPIRODICLOFEN,שקד,0.3,2009-04-05T00:00:00,,131,שקד,התאמה מדויקת,250,SPIRODICLOFEN,התאמה מדויקת
SPIRODICLOFEN,אבוקדו,0.5,2005-07-07T00:00:00,,1,אבוקדו,התאמה מדויקת,250,SPIRODICLOFEN,התאמה מדויקת
SPIRODICLOFEN,רימון,0.05,2013-01-23T00:00:00,,121,רימון,התאמה מדויקת,250,SPIRODICLOFEN,התאמה מדויקת
SPIRODICLOFEN,תפוח עץ,0.05,2004-06-08T00:00:00,,140,תפוח עץ,התאמה מדויקת,250,SPIRODICLOFEN,התאמה מדויקת
SPIRODICLOFEN,אגס,0.05,2010-06-21T00:00:00,,4,אגס,התאמה מדויקת,250,SPIRODICLOFEN,התאמה מדויקת
SPIRODICLOFEN,שזיף,0.05,2012-02-15T00:00:00,,126,שזיף,התאמה מדויקת,250,SPIRODICLOFEN,התאמה מדויקת
SPIRODICLOFEN,משמש,0.05,2012-02-15T00:00:00,,76,משמש,התאמה מדויקת,250,SPIRODICLOFEN,התאמה מדויקת
SPIRODICLOFEN,דובדבן,0.05,2013-01-23T00:00:00,,31,דובדבן,התאמה מדויקת,250,SPIRODICLOFEN,התאמה מדויקת
SPIRODICLOFEN,נקטרינה,0.05,2012-02-15T00:00:00,,77,נקטרינה,התאמה מדויקת,250,SPIRODICLOFEN,התאמה מדויקת
SPIRODICLOFEN,אפרסק,0.05,2012-02-15T00:00:00,,13,אפרסק,התאמה מדויקת,250,SPIRODICLOFEN,התאמה מדויקת
SPIROMESIFEN,מלון,0.05,2004-06-08T00:00:00,,70,מלון,התאמה מדויקת,251,SPIROMESIFEN,התאמה מדויקת
SPIROMESIFEN,מלפפון,0.02,2012-09-27T00:00:00,,72,מלפפון,התאמה מדויקת,251,SPIROMESIFEN,התאמה מדויקת
SPIROMESIFEN,דלעת,0.05,2015-11-12T00:00:00,,35,דלעת,התאמה מדויקת,251,SPIROMESIFEN,התאמה מדויקת
SPIROMESIFEN,קישוא,0.02,2005-12-07T00:00:00,,115,קישוא,התאמה מדויקת,251,SPIROMESIFEN,התאמה מדויקת
SPIROMESIFEN,אבטיח,0.05,2006-04-04T00:00:00,,2,אבטיח,התאמה מדויקת,251,SPIROMESIFEN,התאמה מדויקת
SPIROMESIFEN,פלפל,1.0,2006-04-27T00:00:00,,99,פלפל,התאמה מדויקת,251,SPIROMESIFEN,התאמה מדויקת
SPIROMESIFEN,חציל,1.0,2005-12-07T00:00:00,,47,חציל,התאמה מדויקת,251,SPIROMESIFEN,התאמה מדויקת
SPIROMESIFEN,עגבניה,1.0,2005-12-07T00:00:00,,84,עגבניה,התאמה מדויקת,251,SPIROMESIFEN,התאמה מדויקת
SPIROMESIFEN,דלורית,0.05,2015-11-12T00:00:00,,34,דלורית,התאמה מדויקת,251,SPIROMESIFEN,התאמה מדויקת
SPIROMESIFEN,כותנה,0.02,2005-12-07T00:00:00,,56,כותנה,התאמה מדויקת,251,SPIROMESIFEN,התאמה מדויקת
SPIROTETRAMAT,קורנית,1.0,2013-04-14T00:00:00,,110,קורנית,התאמה מדויקת,252,SPIROTETRAMAT,התאמה מדויקת
SPIROTETRAMAT,ענבים,0.5,2011-11-16T00:00:00,,89,ענבים,התאמה מדויקת,252,SPIROTETRAMAT,התאמה מדויקת
SPIROTETRAMAT,פרי הדר,0.5,2010-01-03T00:00:00,0.150,103,פרי הדר,התאמה מדויקת,252,SPIROTETRAMAT,התאמה מדויקת
SPIROTETRAMAT,כרפס/סלרי (שורש ועלים),1.0,2013-04-14T00:00:00,,62,כרפס/סלרי (שורש ועלים),התאמה מדויקת,252,SPIROTETRAMAT,התאמה מדויקת
SPIROTETRAMAT,כרוב,0.1,2012-12-23T00:00:00,,57,כרוב,התאמה מדויקת,252,SPIROTETRAMAT,התאמה מדויקת
SPIROTETRAMAT,ברוקולי,0.1,2012-12-23T00:00:00,,21,ברוקולי,התאמה מדויקת,252,SPIROTETRAMAT,התאמה מדויקת
SPIROTETRAMAT,כרוב ניצנים,0.1,2012-12-23T00:00:00,,58,כרוב ניצנים,התאמה מדויקת,252,SPIROTETRAMAT,התאמה מדויקת
SPIROTETRAMAT,כרובית,0.1,2012-12-23T00:00:00,,61,כרובית,התאמה מדויקת,252,SPIROTETRAMAT,התאמה מדויקת
SPIROTETRAMAT,קולרבי,0.05,2016-09-29T00:00:00,,108,קולרבי,התאמה מדויקת,252,SPIROTETRAMAT,התאמה מדויקת
SPIROTETRAMAT,מלון,0.1,2012-11-13T00:00:00,,70,מלון,התאמה מדויקת,252,SPIROTETRAMAT,התאמה מדויקת
SPIROTETRAMAT,דלעת,0.1,2015-11-12T00:00:00,,35,דלעת,התאמה מדויקת,252,SPIROTETRAMAT,התאמה מדויקת
SPIROTETRAMAT,קישוא,0.1,2012-11-13T00:00:00,,115,קישוא,התאמה מדויקת,252,SPIROTETRAMAT,התאמה מדויקת
SPIROTETRAMAT,אבטיח,0.05,2012-11-13T00:00:00,,2,אבטיח,התאמה מדויקת,252,SPIROTETRAMAT,התאמה מדויקת
SPIROTETRAMAT,כוסברה (גד השדה),1.0,2013-04-14T00:00:00,,55,כוסברה (גד השדה),התאמה מדויקת,252,SPIROTETRAMAT,התאמה מדויקת
SPIROTETRAMAT,חסה,0.2,2014-08-06T00:00:00,,46,חסה,התאמה מדויקת,252,SPIROTETRAMAT,התאמה מדויקת
SPIROTETRAMAT,פלפל,0.05,2012-11-13T00:00:00,,99,פלפל,התאמה מדויקת,252,SPIROTETRAMAT,התאמה מדויקת
SPIROTETRAMAT,חציל,0.05,2012-11-13T00:00:00,,47,חציל,התאמה מדויקת,252,SPIROTETRAMAT,התאמה מדויקת
SPIROTETRAMAT,עגבניה,0.05,2013-03-13T00:00:00,,84,עגבניה,התאמה מדויקת,252,SPIROTETRAMAT,התאמה מדויקת
SPIROTETRAMAT,שעועית ירוקה,0.05,2016-09-29T00:00:00,,129,שעועית ירוקה,התאמה מדויקת,252,SPIROTETRAMAT,התאמה מדויקת
SPIROTETRAMAT,דלורית,0.1,2012-11-13T00:00:00,,34,דלורית,התאמה מדויקת,252,SPIROTETRAMAT,התאמה מדויקת
SPIROTETRAMAT,גזר,,2017-01-30T00:00:00,0.010,28,גזר,התאמה מדויקת,252,SPIROTETRAMAT,התאמה מדויקת
SPIROTETRAMAT,בצל,0.1,2010-11-28T00:00:00,,17,בצל,התאמה מדויקת,252,SPIROTETRAMAT,התאמה מדויקת
SPIROTETRAMAT,אבוקדו,0.3,2015-11-12T00:00:00,,1,אבוקדו,התאמה מדויקת,252,SPIROTETRAMAT,התאמה מדויקת
SPIROTETRAMAT,רימון,0.1,2015-11-12T00:00:00,0.150,121,רימון,התאמה מדויקת,252,SPIROTETRAMAT,התאמה מדויקת
SPIROTETRAMAT,תפוח עץ,0.2,2013-03-13T00:00:00,,140,תפוח עץ,התאמה מדויקת,252,SPIROTETRAMAT,התאמה מדויקת
SPIROTETRAMAT,אגס,0.2,2013-03-23T00:00:00,,4,אגס,התאמה מדויקת,252,SPIROTETRAMAT,התאמה מדויקת
SPIROTETRAMAT,ריחן מצוי / בזיל,1.0,2013-04-14T00:00:00,,120,ריחן מצוי / בזיל,התאמה מדויקת,252,SPIROTETRAMAT,התאמה מדויקת
SPIROTETRAMAT,עירית בצלית,1.0,2013-04-14T00:00:00,,85,עירית בצלית,התאמה מדויקת,252,SPIROTETRAMAT,התאמה מדויקת
SPIROTETRAMAT,שמיר (שבת),1.0,2013-04-14T00:00:00,,127,שמיר (שבת),התאמה מדויקת,252,SPIROTETRAMAT,התאמה מדויקת
SPIROTETRAMAT,מנטה,1.0,2013-04-14T00:00:00,,74,מנטה,התאמה מדויקת,252,SPIROTETRAMAT,התאמה מדויקת
SPIROTETRAMAT,פטרוסלינון (שורש ועלים),1.0,2013-04-14T00:00:00,,93,פטרוסלינון (שורש ועלים),התאמה מדויקת,252,SPIROTETRAMAT,התאמה מדויקת
SPIROTETRAMAT,רוזמרין,1.0,2013-04-14T00:00:00,,117,רוזמרין,התאמה מדויקת,252,SPIROTETRAMAT,התאמה מדויקת
SPIROTETRAMAT,מרווה,1.0,2013-04-14T00:00:00,,75,מרווה,התאמה מדויקת,252,SPIROTETRAMAT,התאמה מדויקת
SPIROTETRAMAT,טרגון,1.0,2013-04-14T00:00:00,,50,טרגון,התאמה מדויקת,252,SPIROTETRAMAT,התאמה מדויקת
SPIROTETRAMAT,רוקט (בן חרדל),1.0,2013-04-14T00:00:00,,119,רוקט (בן חרדל),התאמה מדויקת,252,SPIROTETRAMAT,התאמה מדויקת
SPIROTETRAMAT,רוקולה,1.0,2013-04-14T00:00:00,,118,רוקולה,התאמה מדויקת,252,SPIROTETRAMAT,התאמה מדויקת
SPIROTETRAMAT,חבוש,0.2,2013-03-13T00:00:00,,39,חבוש,התאמה מדויקת,252,SPIROTETRAMAT,התאמה מדויקת
SPIROTETRAMAT,בצל ירוק,1.0,2013-04-14T00:00:00,,18,בצל ירוק,התאמה מדויקת,252,SPIROTETRAMAT,התאמה מדויקת
SPIROXAMINE,ענבים,0.05,2005-11-23T00:00:00,,89,ענבים,התאמה מדויקת,253,SPIROXAMINE,התאמה מדויקת
SULFENTRAZONE,חימצה (חומוס),0.01,1999-01-01T00:00:00,,43,חימצה (חומוס),התאמה מדויקת,254,SULFENTRAZONE,התאמה מדויקת
SULFOSULFURON,עגבניה,0.05,2005-12-04T00:00:00,,84,עגבניה,התאמה מדויקת,255,SULFOSULFURON,התאמה מדויקת
SULFOSULFURON,חיטה,0.05,2005-12-04T00:00:00,,42,חיטה,התאמה מדויקת,255,SULFOSULFURON,התאמה מדויקת
SULFOXAFLOR,ענבים,,2018-02-14T00:00:00,0.500,89,ענבים,התאמה מדויקת,256,SULFOXAFLOR,התאמה מדויקת
SULFOXAFLOR,תות שדה לפרי,,2022-06-14T00:00:00,0.300,133,תות שדה לפרי,התאמה מדויקת,256,SULFOXAFLOR,התאמה מדויקת
SULFOXAFLOR,פרי הדר,0.5,2013-11-20T00:00:00,,103,פרי הדר,התאמה מדויקת,256,SULFOXAFLOR,התאמה מדויקת
SULFOXAFLOR,כרוב,0.01,2014-08-04T00:00:00,,57,כרוב,התאמה מדויקת,256,SULFOXAFLOR,התאמה מדויקת
SULFOXAFLOR,ברוקולי,0.01,2014-08-04T00:00:00,,21,ברוקולי,התאמה מדויקת,256,SULFOXAFLOR,התאמה מדויקת
SULFOXAFLOR,כרובית,0.01,2014-08-04T00:00:00,,61,כרובית,התאמה מדויקת,256,SULFOXAFLOR,התאמה מדויקת
SULFOXAFLOR,מלפפון,,2018-09-04T00:00:00,0.150,72,מלפפון,התאמה מדויקת,256,SULFOXAFLOR,התאמה מדויקת
SULFOXAFLOR,דלעת,,2020-07-28T00:00:00,0.060,35,דלעת,התאמה מדויקת,256,SULFOXAFLOR,התאמה מדויקת
SULFOXAFLOR,פלפל,0.1,2015-11-12T00:00:00,,99,פלפל,התאמה מדויקת,256,SULFOXAFLOR,התאמה מדויקת
SULFOXAFLOR,עגבניה,0.1,2015-11-12T00:00:00,,84,עגבניה,התאמה מדויקת,256,SULFOXAFLOR,התאמה מדויקת
SULFOXAFLOR,כותנה,,2018-02-14T00:00:00,0.010,56,כותנה,התאמה מדויקת,256,SULFOXAFLOR,התאמה מדויקת
SULFOXAFLOR,מנגו,0.02,2013-11-25T00:00:00,,73,מנגו,התאמה מדויקת,256,SULFOXAFLOR,התאמה מדויקת
SULFOXAFLOR,רימון,0.02,2013-11-25T00:00:00,,121,רימון,התאמה מדויקת,256,SULFOXAFLOR,התאמה מדויקת
SULFOXAFLOR,תפוח עץ,0.5,2013-11-25T00:00:00,,140,תפוח עץ,התאמה מדויקת,256,SULFOXAFLOR,התאמה מדויקת
SULFOXAFLOR,נקטרינה,0.02,2013-11-25T00:00:00,,77,נקטרינה,התאמה מדויקת,256,SULFOXAFLOR,התאמה מדויקת
SULFOXAFLOR,אפרסק,0.02,2013-11-25T00:00:00,0.100,13,אפרסק,התאמה מדויקת,256,SULFOXAFLOR,התאמה מדויקת
TAU-FLUVALINATE,ענבים,1.0,2012-02-15T00:00:00,,89,ענבים,התאמה מדויקת,257,TAU-FLUVALINATE,התאמה מדויקת
TAU-FLUVALINATE,פרי הדר,0.5,2005-09-20T00:00:00,,103,פרי הדר,התאמה מדויקת,257,TAU-FLUVALINATE,התאמה מדויקת
TAU-FLUVALINATE,מלפפון,,2024-09-09T00:00:00,0.020,72,מלפפון,התאמה מדויקת,257,TAU-FLUVALINATE,התאמה מדויקת
TAU-FLUVALINATE,גזר,0.05,2013-05-13T00:00:00,,28,גזר,התאמה מדויקת,257,TAU-FLUVALINATE,התאמה מדויקת
TAU-FLUVALINATE,אגוז אדמה,0.1,2005-09-20T00:00:00,,3,אגוז אדמה,התאמה מדויקת,257,TAU-FLUVALINATE,התאמה מדויקת
TAU-FLUVALINATE,שקד,0.1,2005-09-20T00:00:00,,131,שקד,התאמה מדויקת,257,TAU-FLUVALINATE,התאמה מדויקת
TAU-FLUVALINATE,פקאן תרבותי,0.1,2005-09-20T00:00:00,,102,פקאן תרבותי,התאמה מדויקת,257,TAU-FLUVALINATE,התאמה מדויקת
TAU-FLUVALINATE,רימון,0.1,2012-01-10T00:00:00,,121,רימון,התאמה מדויקת,257,TAU-FLUVALINATE,התאמה מדויקת
TAU-FLUVALINATE,תפוח עץ,0.02,2015-11-12T00:00:00,0.200,140,תפוח עץ,התאמה מדויקת,257,TAU-FLUVALINATE,התאמה מדויקת
TAU-FLUVALINATE,שזיף,0.5,2005-09-20T00:00:00,,126,שזיף,התאמה מדויקת,257,TAU-FLUVALINATE,התאמה מדויקת
TAU-FLUVALINATE,משמש,0.5,2012-01-10T00:00:00,,76,משמש,התאמה מדויקת,257,TAU-FLUVALINATE,התאמה מדויקת
TAU-FLUVALINATE,נקטרינה,0.5,2012-01-10T00:00:00,,77,נקטרינה,התאמה מדויקת,257,TAU-FLUVALINATE,התאמה מדויקת
TAU-FLUVALINATE,אפרסק,0.5,2005-09-20T00:00:00,,13,אפרסק,התאמה מדויקת,257,TAU-FLUVALINATE,התאמה מדויקת
TEBUCONAZOLE,תירס מספוא,0.2,1996-01-01T00:00:00,,135,תירס מספוא,התאמה מדויקת,258,TEBUCONAZOLE,התאמה מדויקת
TEBUCONAZOLE,תלתן,,2025-06-25T00:00:00,2.000,137,תלתן,התאמה מדויקת,258,TEBUCONAZOLE,התאמה מדויקת
TEBUCONAZOLE,ענבים,2.0,1998-11-01T00:00:00,,89,ענבים,התאמה מדויקת,258,TEBUCONAZOLE,התאמה מדויקת
TEBUCONAZOLE,תות שדה לפרי,0.1,2017-12-28T00:00:00,,133,תות שדה לפרי,התאמה מדויקת,258,TEBUCONAZOLE,התאמה מדויקת
TEBUCONAZOLE,תפוח אדמה,0.2,1998-11-01T00:00:00,,139,תפוח אדמה,התאמה מדויקת,258,TEBUCONAZOLE,התאמה מדויקת
TEBUCONAZOLE,כרפס/סלרי (שורש ועלים),0.2,1998-11-01T00:00:00,,62,כרפס/סלרי (שורש ועלים),התאמה מדויקת,258,TEBUCONAZOLE,התאמה מדויקת
TEBUCONAZOLE,כרוביים,0.2,1999-01-01T00:00:00,,60,כרוביים,התאמה מדויקת,258,TEBUCONAZOLE,התאמה מדויקת
TEBUCONAZOLE,כרוב,0.2,2021-08-17T00:00:00,,57,כרוב,התאמה מדויקת,258,TEBUCONAZOLE,התאמה מדויקת
TEBUCONAZOLE,ברוקולי,0.2,2021-08-17T00:00:00,,21,ברוקולי,התאמה מדויקת,258,TEBUCONAZOLE,התאמה מדויקת
TEBUCONAZOLE,כרובית,0.2,2021-08-17T00:00:00,,61,כרובית,התאמה מדויקת,258,TEBUCONAZOLE,התאמה מדויקת
TEBUCONAZOLE,מלון,0.02,2015-11-12T00:00:00,,70,מלון,התאמה מדויקת,258,TEBUCONAZOLE,התאמה מדויקת
TEBUCONAZOLE,מלפפון,0.02,2015-11-12T00:00:00,0.200,72,מלפפון,התאמה מדויקת,258,TEBUCONAZOLE,התאמה מדויקת
TEBUCONAZOLE,קישוא,0.02,2015-11-12T00:00:00,,115,קישוא,התאמה מדויקת,258,TEBUCONAZOLE,התאמה מדויקת
TEBUCONAZOLE,אבטיח,0.1,2012-11-13T00:00:00,,2,אבטיח,התאמה מדויקת,258,TEBUCONAZOLE,התאמה מדויקת
TEBUCONAZOLE,חימצה (חומוס),0.2,1996-01-01T00:00:00,,43,חימצה (חומוס),התאמה מדויקת,258,TEBUCONAZOLE,התאמה מדויקת
TEBUCONAZOLE,חסה,,2019-07-09T00:00:00,0.500,46,חסה,התאמה מדויקת,258,TEBUCONAZOLE,התאמה מדויקת
TEBUCONAZOLE,פלפל,0.5,2021-04-26T00:00:00,,99,פלפל,התאמה מדויקת,258,TEBUCONAZOLE,התאמה מדויקת
TEBUCONAZOLE,חציל,0.2,2017-12-28T00:00:00,,47,חציל,התאמה מדויקת,258,TEBUCONAZOLE,התאמה מדויקת
TEBUCONAZOLE,תירס מתוק,0.2,1999-01-01T00:00:00,,136,תירס מתוק,התאמה מדויקת,258,TEBUCONAZOLE,התאמה מדויקת
TEBUCONAZOLE,עגבניה,0.2,2005-11-23T00:00:00,0.500,84,עגבניה,התאמה מדויקת,258,TEBUCONAZOLE,התאמה מדויקת
TEBUCONAZOLE,שעועית ירוקה,0.01,2016-05-23T00:00:00,,129,שעועית ירוקה,התאמה מדויקת,258,TEBUCONAZOLE,התאמה מדויקת
TEBUCONAZOLE,גזר,0.2,1998-11-01T00:00:00,,28,גזר,התאמה מדויקת,258,TEBUCONAZOLE,התאמה מדויקת
TEBUCONAZOLE,בצל,0.2,1998-11-01T00:00:00,,17,בצל,התאמה מדויקת,258,TEBUCONAZOLE,התאמה מדויקת
TEBUCONAZOLE,חלב,0.01,1999-01-01T00:00:00,,44,חלב,התאמה מדויקת,258,TEBUCONAZOLE,התאמה מדויקת
TEBUCONAZOLE,בשר,0.05,1999-01-01T00:00:00,,22,בשר,התאמה מדויקת,258,TEBUCONAZOLE,התאמה מדויקת
TEBUCONAZOLE,"בשר, חלקי פנים",0.05,1999-01-01T00:00:00,,25,"בשר, חלקי פנים",התאמה מדויקת,258,TEBUCONAZOLE,התאמה מדויקת
TEBUCONAZOLE,ביצים,0.01,2013-01-23T00:00:00,,15,ביצים,התאמה מדויקת,258,TEBUCONAZOLE,התאמה מדויקת
TEBUCONAZOLE,בשר עוף,0.05,1999-01-01T00:00:00,,23,בשר עוף,התאמה מדויקת,258,TEBUCONAZOLE,התאמה מדויקת
TEBUCONAZOLE,כותנה,0.2,1996-01-01T00:00:00,,56,כותנה,התאמה מדויקת,258,TEBUCONAZOLE,התאמה מדויקת
TEBUCONAZOLE,אגוז אדמה,0.2,1998-11-01T00:00:00,,3,אגוז אדמה,התאמה מדויקת,258,TEBUCONAZOLE,התאמה מדויקת
TEBUCONAZOLE,חמנית מצויה,0.2,1996-01-01T00:00:00,,45,חמנית מצויה,התאמה מדויקת,258,TEBUCONAZOLE,התאמה מדויקת
TEBUCONAZOLE,שקד,0.2,1998-11-01T00:00:00,,131,שקד,התאמה מדויקת,258,TEBUCONAZOLE,התאמה מדויקת
TEBUCONAZOLE,שום,0.2,1998-11-01T00:00:00,,123,שום,התאמה מדויקת,258,TEBUCONAZOLE,התאמה מדויקת
TEBUCONAZOLE,מנגו,0.02,2015-11-12T00:00:00,,73,מנגו,התאמה מדויקת,258,TEBUCONAZOLE,התאמה מדויקת
TEBUCONAZOLE,רימון,0.05,2012-12-02T00:00:00,,121,רימון,התאמה מדויקת,258,TEBUCONAZOLE,התאמה מדויקת
TEBUCONAZOLE,תפוח עץ,0.4,2013-05-13T00:00:00,,140,תפוח עץ,התאמה מדויקת,258,TEBUCONAZOLE,התאמה מדויקת
TEBUCONAZOLE,אגס,0.4,2013-05-13T00:00:00,,4,אגס,התאמה מדויקת,258,TEBUCONAZOLE,התאמה מדויקת
TEBUCONAZOLE,שזיף,0.2,1998-11-01T00:00:00,,126,שזיף,התאמה מדויקת,258,TEBUCONAZOLE,התאמה מדויקת
TEBUCONAZOLE,משמש,0.3,2012-01-10T00:00:00,,76,משמש,התאמה מדויקת,258,TEBUCONAZOLE,התאמה מדויקת
TEBUCONAZOLE,דובדבן,,2023-03-15T00:00:00,0.300,31,דובדבן,התאמה מדויקת,258,TEBUCONAZOLE,התאמה מדויקת
TEBUCONAZOLE,נקטרינה,0.3,2008-12-03T00:00:00,,77,נקטרינה,התאמה מדויקת,258,TEBUCONAZOLE,התאמה מדויקת
TEBUCONAZOLE,אפרסק,0.3,2008-12-03T00:00:00,,13,אפרסק,התאמה מדויקת,258,TEBUCONAZOLE,התאמה מדויקת
TEBUCONAZOLE,תמר,0.02,2015-11-12T00:00:00,,138,תמר,התאמה מדויקת,258,TEBUCONAZOLE,התאמה מדויקת
TEBUCONAZOLE,שעורה תרבותית,,2025-06-25T00:00:00,0.020,130,שעורה תרבותית,התאמה מדויקת,258,TEBUCONAZOLE,התאמה מדויקת
TEBUCONAZOLE,חיטה,0.2,1996-01-01T00:00:00,,42,חיטה,התאמה מדויקת,258,TEBUCONAZOLE,התאמה מדויקת
TEBUCONAZOLE,"בשר עוף, חלקי פנים",0.05,2005-11-23T00:00:00,,24,"בשר עוף, חלקי פנים",התאמה מדויקת,258,TEBUCONAZOLE,התאמה מדויקת
TEBUCONAZOLE,חבוש,0.4,2015-11-12T00:00:00,,39,חבוש,התאמה מדויקת,258,TEBUCONAZOLE,התאמה מדויקת
TEBUFENPYRAD,תות שדה לפרי,0.05,1999-01-01T00:00:00,,133,תות שדה לפרי,התאמה מדויקת,259,TEBUFENPYRAD,התאמה מדויקת
TEBUFENPYRAD,פרי הדר,0.05,2005-12-04T00:00:00,,103,פרי הדר,התאמה מדויקת,259,TEBUFENPYRAD,התאמה מדויקת
TEBUFENPYRAD,מלפפון,0.05,1999-01-01T00:00:00,,72,מלפפון,התאמה מדויקת,259,TEBUFENPYRAD,התאמה מדויקת
TEBUFENPYRAD,אבטיח,0.05,1999-01-01T00:00:00,,2,אבטיח,התאמה מדויקת,259,TEBUFENPYRAD,התאמה מדויקת
TEBUFENPYRAD,פלפל,0.1,2009-04-05T00:00:00,,99,פלפל,התאמה מדויקת,259,TEBUFENPYRAD,התאמה מדויקת
TEBUFENPYRAD,חציל,0.05,1999-01-01T00:00:00,,47,חציל,התאמה מדויקת,259,TEBUFENPYRAD,התאמה מדויקת
TEBUFENPYRAD,עגבניה,0.05,1999-01-01T00:00:00,,84,עגבניה,התאמה מדויקת,259,TEBUFENPYRAD,התאמה מדויקת
TEBUFENPYRAD,תפוח עץ,0.05,1999-01-01T00:00:00,,140,תפוח עץ,התאמה מדויקת,259,TEBUFENPYRAD,התאמה מדויקת
TEBUFENPYRAD,אגס,0.05,1999-01-01T00:00:00,,4,אגס,התאמה מדויקת,259,TEBUFENPYRAD,התאמה מדויקת
TEFLUBENZURON,אספסת,0.2,1999-01-01T00:00:00,,8,אספסת,התאמה מדויקת,260,TEFLUBENZURON,התאמה מדויקת
TEFLUBENZURON,ענבים,1.0,1996-01-01T00:00:00,,89,ענבים,התאמה מדויקת,260,TEFLUBENZURON,התאמה מדויקת
TEFLUBENZURON,פרי הדר,1.0,1999-01-01T00:00:00,,103,פרי הדר,התאמה מדויקת,260,TEFLUBENZURON,התאמה מדויקת
TEFLUBENZURON,תפוח אדמה,0.1,1996-01-01T00:00:00,,139,תפוח אדמה,התאמה מדויקת,260,TEFLUBENZURON,התאמה מדויקת
TEFLUBENZURON,קינרס (ארטישוק),0.2,1999-01-01T00:00:00,,114,קינרס (ארטישוק),התאמה מדויקת,260,TEFLUBENZURON,התאמה מדויקת
TEFLUBENZURON,כרפס/סלרי (שורש ועלים),0.5,1996-01-01T00:00:00,,62,כרפס/סלרי (שורש ועלים),התאמה מדויקת,260,TEFLUBENZURON,התאמה מדויקת
TEFLUBENZURON,כרוביים,0.5,1996-01-01T00:00:00,,60,כרוביים,התאמה מדויקת,260,TEFLUBENZURON,התאמה מדויקת
TEFLUBENZURON,כרוב,0.5,2021-08-17T00:00:00,,57,כרוב,התאמה מדויקת,260,TEFLUBENZURON,התאמה מדויקת
TEFLUBENZURON,כרובית,0.5,2021-08-17T00:00:00,,61,כרובית,התאמה מדויקת,260,TEFLUBENZURON,התאמה מדויקת
TEFLUBENZURON,מלון,0.2,1999-01-01T00:00:00,,70,מלון,התאמה מדויקת,260,TEFLUBENZURON,התאמה מדויקת
TEFLUBENZURON,אבטיח,0.2,1999-01-01T00:00:00,,2,אבטיח,התאמה מדויקת,260,TEFLUBENZURON,התאמה מדויקת
TEFLUBENZURON,פלפל,0.5,1996-01-01T00:00:00,,99,פלפל,התאמה מדויקת,260,TEFLUBENZURON,התאמה מדויקת
TEFLUBENZURON,חציל,0.5,2013-05-19T00:00:00,,47,חציל,התאמה מדויקת,260,TEFLUBENZURON,התאמה מדויקת
TEFLUBENZURON,עגבניה,0.5,1996-01-01T00:00:00,,84,עגבניה,התאמה מדויקת,260,TEFLUBENZURON,התאמה מדויקת
TEFLUBENZURON,שעועית ירוקה,0.2,1996-01-01T00:00:00,,129,שעועית ירוקה,התאמה מדויקת,260,TEFLUBENZURON,התאמה מדויקת
TEFLUBENZURON,בטטה,0.1,1996-01-01T00:00:00,,14,בטטה,התאמה מדויקת,260,TEFLUBENZURON,התאמה מדויקת
TEFLUBENZURON,סלק אדום (שורש ועלים),0.2,1996-01-01T00:00:00,,80,סלק אדום (שורש ועלים),התאמה מדויקת,260,TEFLUBENZURON,התאמה מדויקת
TEFLUBENZURON,כותנה,0.2,1996-01-01T00:00:00,,56,כותנה,התאמה מדויקת,260,TEFLUBENZURON,התאמה מדויקת
TEFLUBENZURON,תפוח עץ,0.2,1996-01-01T00:00:00,,140,תפוח עץ,התאמה מדויקת,260,TEFLUBENZURON,התאמה מדויקת
TEFLUBENZURON,אגס,1.0,1998-11-01T00:00:00,,4,אגס,התאמה מדויקת,260,TEFLUBENZURON,התאמה מדויקת
TEFLUBENZURON,שזיף,0.2,1996-01-01T00:00:00,,126,שזיף,התאמה מדויקת,260,TEFLUBENZURON,התאמה מדויקת
TEFLUBENZURON,תמר,2.0,1996-01-01T00:00:00,,138,תמר,התאמה מדויקת,260,TEFLUBENZURON,התאמה מדויקת
TEFLUBENZURON,זית אירופאי,0.1,1996-01-01T00:00:00,,37,זית אירופאי,התאמה מדויקת,260,TEFLUBENZURON,התאמה מדויקת
TEFLUBENZURON,תירס,0.2,2017-12-28T00:00:00,,134,תירס,התאמה מדויקת,260,TEFLUBENZURON,התאמה מדויקת
TEFLUBENZURON,ריחן מצוי / בזיל,3.0,2005-10-30T00:00:00,,120,ריחן מצוי / בזיל,התאמה מדויקת,260,TEFLUBENZURON,התאמה מדויקת
TERBACIL,מנטה,0.02,2013-01-23T00:00:00,,74,מנטה,התאמה מדויקת,261,TERBACIL,התאמה מדויקת
TERBUTHYLAZINE,תירס מספוא,,2024-10-29T00:00:00,0.010,135,תירס מספוא,התאמה מדויקת,262,TERBUTHYLAZINE,התאמה מדויקת
TERBUTHYLAZINE,תירס מתוק,,2024-10-29T00:00:00,0.010,136,תירס מתוק,התאמה מדויקת,262,TERBUTHYLAZINE,התאמה מדויקת
TERBUTHYLAZINE,תירס,,2024-10-29T00:00:00,0.010,134,תירס,התאמה מדויקת,262,TERBUTHYLAZINE,התאמה מדויקת
TERBUTRYN,חימצה (חומוס),0.02,2013-01-23T00:00:00,,43,חימצה (חומוס),התאמה מדויקת,263,TERBUTRYN,התאמה מדויקת
TERBUTRYN,אפון,0.02,2013-01-23T00:00:00,,10,אפון,התאמה מדויקת,263,TERBUTRYN,התאמה מדויקת
TERBUTRYN,אגוז אדמה,0.02,2013-01-23T00:00:00,,3,אגוז אדמה,התאמה מדויקת,263,TERBUTRYN,התאמה מדויקת
TERBUTRYN,חמנית מצויה,0.02,2013-01-23T00:00:00,,45,חמנית מצויה,התאמה מדויקת,263,TERBUTRYN,התאמה מדויקת
TETRACONAZOLE,ענבים,0.5,2016-07-11T00:00:00,,89,ענבים,התאמה מדויקת,264,TETRACONAZOLE,התאמה מדויקת
TETRACONAZOLE,תות שדה לפרי,0.2,2000-01-01T00:00:00,,133,תות שדה לפרי,התאמה מדויקת,264,TETRACONAZOLE,התאמה מדויקת
TETRACONAZOLE,כרפס/סלרי (שורש ועלים),0.05,1999-01-01T00:00:00,,62,כרפס/סלרי (שורש ועלים),התאמה מדויקת,264,TETRACONAZOLE,התאמה מדויקת
TETRACONAZOLE,מלון,0.05,1999-01-01T00:00:00,,70,מלון,התאמה מדויקת,264,TETRACONAZOLE,התאמה מדויקת
TETRACONAZOLE,מלפפון,0.1,1999-01-01T00:00:00,,72,מלפפון,התאמה מדויקת,264,TETRACONAZOLE,התאמה מדויקת
TETRACONAZOLE,קישוא,0.1,1999-01-01T00:00:00,,115,קישוא,התאמה מדויקת,264,TETRACONAZOLE,התאמה מדויקת
TETRACONAZOLE,אבטיח,0.05,1999-01-01T00:00:00,,2,אבטיח,התאמה מדויקת,264,TETRACONAZOLE,התאמה מדויקת
TETRACONAZOLE,כוסברה (גד השדה),0.02,2005-10-30T00:00:00,,55,כוסברה (גד השדה),התאמה מדויקת,264,TETRACONAZOLE,התאמה מדויקת
TETRACONAZOLE,עגבניה,0.05,2005-12-05T00:00:00,,84,עגבניה,התאמה מדויקת,264,TETRACONAZOLE,התאמה מדויקת
TETRACONAZOLE,גזר,0.05,2005-12-05T00:00:00,,28,גזר,התאמה מדויקת,264,TETRACONAZOLE,התאמה מדויקת
TETRACONAZOLE,אגוז אדמה,0.05,1999-01-01T00:00:00,,3,אגוז אדמה,התאמה מדויקת,264,TETRACONAZOLE,התאמה מדויקת
TETRACONAZOLE,מנגו,0.05,1999-01-01T00:00:00,,73,מנגו,התאמה מדויקת,264,TETRACONAZOLE,התאמה מדויקת
TETRACONAZOLE,תפוח עץ,0.05,1999-01-01T00:00:00,,140,תפוח עץ,התאמה מדויקת,264,TETRACONAZOLE,התאמה מדויקת
TETRACONAZOLE,שזיף,0.05,1999-01-01T00:00:00,,126,שזיף,התאמה מדויקת,264,TETRACONAZOLE,התאמה מדויקת
TETRACONAZOLE,דובדבן,,2023-03-15T00:00:00,0.300,31,דובדבן,התאמה מדויקת,264,TETRACONAZOLE,התאמה מדויקת
TETRACONAZOLE,נקטרינה,0.05,1999-01-01T00:00:00,,77,נקטרינה,התאמה מדויקת,264,TETRACONAZOLE,התאמה מדויקת
TETRACONAZOLE,אפרסק,0.05,1999-01-01T00:00:00,,13,אפרסק,התאמה מדויקת,264,TETRACONAZOLE,התאמה מדויקת
TETRADIFON,סלק מספוא,1.0,1999-01-01T00:00:00,יתבטל,81,סלק מספוא,התאמה מדויקת,265,TETRADIFON,התאמה מדויקת
TETRADIFON,פרי הדר,2.0,1996-01-01T00:00:00,יתבטל,103,פרי הדר,התאמה מדויקת,265,TETRADIFON,התאמה מדויקת
TETRADIFON,מלון,1.0,2005-12-05T00:00:00,יתבטל,70,מלון,התאמה מדויקת,265,TETRADIFON,התאמה מדויקת
TETRADIFON,מלפפון,1.0,1996-01-01T00:00:00,יתבטל,72,מלפפון,התאמה מדויקת,265,TETRADIFON,התאמה מדויקת
TETRADIFON,קישוא,1.0,2005-12-05T00:00:00,יתבטל,115,קישוא,התאמה מדויקת,265,TETRADIFON,התאמה מדויקת
TETRADIFON,אבטיח,1.0,2005-12-05T00:00:00,יתבטל,2,אבטיח,התאמה מדויקת,265,TETRADIFON,התאמה מדויקת
TETRADIFON,פלפל,1.0,1999-01-01T00:00:00,יתבטל,99,פלפל,התאמה מדויקת,265,TETRADIFON,התאמה מדויקת
TETRADIFON,חציל,1.0,1996-01-01T00:00:00,יתבטל,47,חציל,התאמה מדויקת,265,TETRADIFON,התאמה מדויקת
TETRADIFON,עגבניה,1.0,1996-01-01T00:00:00,יתבטל,84,עגבניה,התאמה מדויקת,265,TETRADIFON,התאמה מדויקת
TETRADIFON,שעועית ירוקה,1.0,1999-01-01T00:00:00,יתבטל,129,שעועית ירוקה,התאמה מדויקת,265,TETRADIFON,התאמה מדויקת
TETRADIFON,כותנה,1.0,1999-01-01T00:00:00,יתבטל,56,כותנה,התאמה מדויקת,265,TETRADIFON,התאמה מדויקת
TETRADIFON,אגוז אדמה,1.0,1999-01-01T00:00:00,יתבטל,3,אגוז אדמה,התאמה מדויקת,265,TETRADIFON,התאמה מדויקת
TETRADIFON,תפוח עץ,5.0,1996-01-01T00:00:00,יתבטל,140,תפוח עץ,התאמה מדויקת,265,TETRADIFON,התאמה מדויקת
TETRADIFON,שזיף,1.0,1999-01-01T00:00:00,יתבטל,126,שזיף,התאמה מדויקת,265,TETRADIFON,התאמה מדויקת
TETRADIFON,נקטרינה,1.0,2004-07-13T00:00:00,יתבטל,77,נקטרינה,התאמה מדויקת,265,TETRADIFON,התאמה מדויקת
TETRADIFON,אפרסק,1.0,1999-01-01T00:00:00,יתבטל,13,אפרסק,התאמה מדויקת,265,TETRADIFON,התאמה מדויקת
TETRADIFON,תמר,0.5,2005-12-05T00:00:00,יתבטל,138,תמר,התאמה מדויקת,265,TETRADIFON,התאמה מדויקת
TETRADIFON,תירס,1.0,1999-01-01T00:00:00,יתבטל,134,תירס,התאמה מדויקת,265,TETRADIFON,התאמה מדויקת
THIABENDAZOLE,פרי הדר,5.0,2005-05-24T00:00:00,,103,פרי הדר,התאמה מדויקת,266,THIABENDAZOLE,התאמה מדויקת
THIABENDAZOLE,תפוח אדמה,5.0,1996-01-01T00:00:00,,139,תפוח אדמה,התאמה מדויקת,266,THIABENDAZOLE,התאמה מדויקת
THIABENDAZOLE,גזר,1.0,2010-01-04T00:00:00,,28,גזר,התאמה מדויקת,266,THIABENDAZOLE,התאמה מדויקת
THIABENDAZOLE,פקאן תרבותי,0.2,1996-01-01T00:00:00,,102,פקאן תרבותי,התאמה מדויקת,266,THIABENDAZOLE,התאמה מדויקת
THIABENDAZOLE,תפוח עץ,3.0,2016-06-27T00:00:00,,140,תפוח עץ,התאמה מדויקת,266,THIABENDAZOLE,התאמה מדויקת
THIABENDAZOLE,אגס,3.0,2016-06-27T00:00:00,,4,אגס,התאמה מדויקת,266,THIABENDAZOLE,התאמה מדויקת
THIABENDAZOLE,זית אירופאי,10.0,1996-01-01T00:00:00,,37,זית אירופאי,התאמה מדויקת,266,THIABENDAZOLE,התאמה מדויקת
THIACLOPRID,קורנית,1.0,2009-09-10T00:00:00,,110,קורנית,התאמה מדויקת,267,THIACLOPRID,התאמה מדויקת
THIACLOPRID,ענבים,0.02,2001-07-15T00:00:00,0.500,89,ענבים,התאמה מדויקת,267,THIACLOPRID,התאמה מדויקת
THIACLOPRID,תות שדה לפרי,1.0,2009-06-02T00:00:00,,133,תות שדה לפרי,התאמה מדויקת,267,THIACLOPRID,התאמה מדויקת
THIACLOPRID,לובאג',1.0,2009-09-10T00:00:00,,64,לובאג',התאמה מדויקת,267,THIACLOPRID,התאמה מדויקת
THIACLOPRID,תפוח אדמה,0.02,2001-07-15T00:00:00,,139,תפוח אדמה,התאמה מדויקת,267,THIACLOPRID,התאמה מדויקת
THIACLOPRID,כרפס/סלרי (שורש ועלים),0.5,2013-01-23T00:00:00,,62,כרפס/סלרי (שורש ועלים),התאמה מדויקת,267,THIACLOPRID,התאמה מדויקת
THIACLOPRID,כרוביים,0.02,2001-07-15T00:00:00,,60,כרוביים,התאמה מדויקת,267,THIACLOPRID,התאמה מדויקת
THIACLOPRID,כרוב,0.02,2021-08-17T00:00:00,,57,כרוב,התאמה מדויקת,267,THIACLOPRID,התאמה מדויקת
THIACLOPRID,ברוקולי,0.02,2012-10-15T00:00:00,,21,ברוקולי,התאמה מדויקת,267,THIACLOPRID,התאמה מדויקת
THIACLOPRID,כרובית,0.02,2021-08-17T00:00:00,,61,כרובית,התאמה מדויקת,267,THIACLOPRID,התאמה מדויקת
THIACLOPRID,מלון,0.02,2001-07-15T00:00:00,,70,מלון,התאמה מדויקת,267,THIACLOPRID,התאמה מדויקת
THIACLOPRID,קישוא,0.02,2001-07-15T00:00:00,,115,קישוא,התאמה מדויקת,267,THIACLOPRID,התאמה מדויקת
THIACLOPRID,אבטיח,0.05,2016-09-04T00:00:00,,2,אבטיח,התאמה מדויקת,267,THIACLOPRID,התאמה מדויקת
THIACLOPRID,סלק עלים,0.1,2009-09-10T00:00:00,,83,סלק עלים,התאמה מדויקת,267,THIACLOPRID,התאמה מדויקת
THIACLOPRID,כוסברה (גד השדה),0.5,2009-09-10T00:00:00,,55,כוסברה (גד השדה),התאמה מדויקת,267,THIACLOPRID,התאמה מדויקת
THIACLOPRID,עגבניה,0.05,2003-07-29T00:00:00,,84,עגבניה,התאמה מדויקת,267,THIACLOPRID,התאמה מדויקת
THIACLOPRID,כותנה,0.02,2001-07-15T00:00:00,,56,כותנה,התאמה מדויקת,267,THIACLOPRID,התאמה מדויקת
THIACLOPRID,שקד,1.0,2010-02-18T00:00:00,,131,שקד,התאמה מדויקת,267,THIACLOPRID,התאמה מדויקת
THIACLOPRID,אורגנו,1.0,2012-09-27T00:00:00,,5,אורגנו,התאמה מדויקת,267,THIACLOPRID,התאמה מדויקת
THIACLOPRID,אפרסמון,0.05,2004-06-08T00:00:00,,12,אפרסמון,התאמה מדויקת,267,THIACLOPRID,התאמה מדויקת
THIACLOPRID,רימון,0.02,2005-12-05T00:00:00,,121,רימון,התאמה מדויקת,267,THIACLOPRID,התאמה מדויקת
THIACLOPRID,תפוח עץ,0.1,2005-01-17T00:00:00,,140,תפוח עץ,התאמה מדויקת,267,THIACLOPRID,התאמה מדויקת
THIACLOPRID,אגס,0.1,2005-12-05T00:00:00,,4,אגס,התאמה מדויקת,267,THIACLOPRID,התאמה מדויקת
THIACLOPRID,שזיף,0.3,2009-11-05T00:00:00,,126,שזיף,התאמה מדויקת,267,THIACLOPRID,התאמה מדויקת
THIACLOPRID,נקטרינה,0.3,2009-04-05T00:00:00,,77,נקטרינה,התאמה מדויקת,267,THIACLOPRID,התאמה מדויקת
THIACLOPRID,אפרסק,0.3,2012-02-22T00:00:00,,13,אפרסק,התאמה מדויקת,267,THIACLOPRID,התאמה מדויקת
THIACLOPRID,זית אירופאי,0.2,2009-06-02T00:00:00,,37,זית אירופאי,התאמה מדויקת,267,THIACLOPRID,התאמה מדויקת
THIACLOPRID,תירס,0.1,2005-12-05T00:00:00,,134,תירס,התאמה מדויקת,267,THIACLOPRID,התאמה מדויקת
THIACLOPRID,ריחן מצוי / בזיל,1.0,2009-09-10T00:00:00,,120,ריחן מצוי / בזיל,התאמה מדויקת,267,THIACLOPRID,התאמה מדויקת
THIACLOPRID,עירית בצלית,1.0,2010-10-04T00:00:00,,85,עירית בצלית,התאמה מדויקת,267,THIACLOPRID,התאמה מדויקת
THIACLOPRID,שמיר (שבת),0.5,2009-09-10T00:00:00,,127,שמיר (שבת),התאמה מדויקת,267,THIACLOPRID,התאמה מדויקת
THIACLOPRID,מיורם,1.0,2012-09-27T00:00:00,,68,מיורם,התאמה מדויקת,267,THIACLOPRID,התאמה מדויקת
THIACLOPRID,מנטה,1.0,2009-09-10T00:00:00,,74,מנטה,התאמה מדויקת,267,THIACLOPRID,התאמה מדויקת
THIACLOPRID,פטרוסלינון (שורש ועלים),0.5,2009-09-10T00:00:00,,93,פטרוסלינון (שורש ועלים),התאמה מדויקת,267,THIACLOPRID,התאמה מדויקת
THIACLOPRID,רוזמרין,1.0,2009-09-10T00:00:00,,117,רוזמרין,התאמה מדויקת,267,THIACLOPRID,התאמה מדויקת
THIACLOPRID,מרווה,1.0,2005-10-30T00:00:00,,75,מרווה,התאמה מדויקת,267,THIACLOPRID,התאמה מדויקת
THIACLOPRID,טרגון,1.0,2009-09-10T00:00:00,,50,טרגון,התאמה מדויקת,267,THIACLOPRID,התאמה מדויקת
THIACLOPRID,רוקולה,0.1,2009-09-10T00:00:00,,118,רוקולה,התאמה מדויקת,267,THIACLOPRID,התאמה מדויקת
THIACLOPRID,סייגית (צ'רביל),0.5,2009-09-10T00:00:00,,79,סייגית (צ'רביל),התאמה מדויקת,267,THIACLOPRID,התאמה מדויקת
THIACLOPRID,בצל ירוק,1.0,2012-07-02T00:00:00,,18,בצל ירוק,התאמה מדויקת,267,THIACLOPRID,התאמה מדויקת
THIACLOPRID,חומעת הגינה,0.1,2012-09-27T00:00:00,,41,חומעת הגינה,התאמה מדויקת,267,THIACLOPRID,התאמה מדויקת
THIAMETHOXAM,ענבים,0.3,2003-11-05T00:00:00,,89,ענבים,התאמה מדויקת,268,THIAMETHOXAM,התאמה מדויקת
THIAMETHOXAM,תות שדה לפרי,0.05,2006-02-08T00:00:00,,133,תות שדה לפרי,התאמה מדויקת,268,THIAMETHOXAM,התאמה מדויקת
THIAMETHOXAM,פרי הדר,0.05,2007-05-06T00:00:00,,103,פרי הדר,התאמה מדויקת,268,THIAMETHOXAM,התאמה מדויקת
THIAMETHOXAM,תפוח אדמה,0.02,2001-07-15T00:00:00,,139,תפוח אדמה,התאמה מדויקת,268,THIAMETHOXAM,התאמה מדויקת
THIAMETHOXAM,כרוביים,0.02,2005-12-05T00:00:00,,60,כרוביים,התאמה מדויקת,268,THIAMETHOXAM,התאמה מדויקת
THIAMETHOXAM,כרוב,0.02,2001-07-15T00:00:00,,57,כרוב,התאמה מדויקת,268,THIAMETHOXAM,התאמה מדויקת
THIAMETHOXAM,ברוקולי,0.02,2005-12-05T00:00:00,,21,ברוקולי,התאמה מדויקת,268,THIAMETHOXAM,התאמה מדויקת
THIAMETHOXAM,כרובית,0.02,2001-07-15T00:00:00,,61,כרובית,התאמה מדויקת,268,THIAMETHOXAM,התאמה מדויקת
THIAMETHOXAM,קולרבי,0.02,2021-08-17T00:00:00,,108,קולרבי,התאמה מדויקת,268,THIAMETHOXAM,התאמה מדויקת
THIAMETHOXAM,מלון,0.1,2001-07-15T00:00:00,,70,מלון,התאמה מדויקת,268,THIAMETHOXAM,התאמה מדויקת
THIAMETHOXAM,מלפפון,0.1,2004-06-08T00:00:00,,72,מלפפון,התאמה מדויקת,268,THIAMETHOXAM,התאמה מדויקת
THIAMETHOXAM,קישוא,0.1,2004-06-08T00:00:00,,115,קישוא,התאמה מדויקת,268,THIAMETHOXAM,התאמה מדויקת
THIAMETHOXAM,אבטיח,0.05,2004-06-08T00:00:00,,2,אבטיח,התאמה מדויקת,268,THIAMETHOXAM,התאמה מדויקת
THIAMETHOXAM,חסה,0.02,2005-05-26T00:00:00,,46,חסה,התאמה מדויקת,268,THIAMETHOXAM,התאמה מדויקת
THIAMETHOXAM,פלפל,0.02,2001-07-15T00:00:00,,99,פלפל,התאמה מדויקת,268,THIAMETHOXAM,התאמה מדויקת
THIAMETHOXAM,חציל,0.05,2004-06-08T00:00:00,,47,חציל,התאמה מדויקת,268,THIAMETHOXAM,התאמה מדויקת
THIAMETHOXAM,עגבניה,0.02,2001-07-15T00:00:00,,84,עגבניה,התאמה מדויקת,268,THIAMETHOXAM,התאמה מדויקת
THIAMETHOXAM,שעועית ירוקה,0.02,2001-07-15T00:00:00,,129,שעועית ירוקה,התאמה מדויקת,268,THIAMETHOXAM,התאמה מדויקת
THIAMETHOXAM,בטטה,0.02,2015-08-04T00:00:00,,14,בטטה,התאמה מדויקת,268,THIAMETHOXAM,התאמה מדויקת
THIAMETHOXAM,גזר,0.01,2012-05-03T00:00:00,,28,גזר,התאמה מדויקת,268,THIAMETHOXAM,התאמה מדויקת
THIAMETHOXAM,אגוז אדמה,0.05,2015-11-12T00:00:00,,3,אגוז אדמה,התאמה מדויקת,268,THIAMETHOXAM,התאמה מדויקת
THIAMETHOXAM,שקד,0.02,2001-07-15T00:00:00,,131,שקד,התאמה מדויקת,268,THIAMETHOXAM,התאמה מדויקת
THIAMETHOXAM,בננה,0.05,2006-11-23T00:00:00,,16,בננה,התאמה מדויקת,268,THIAMETHOXAM,התאמה מדויקת
THIAMETHOXAM,מנגו,0.01,2008-12-03T00:00:00,,73,מנגו,התאמה מדויקת,268,THIAMETHOXAM,התאמה מדויקת
THIAMETHOXAM,אפרסמון,0.05,2006-02-08T00:00:00,,12,אפרסמון,התאמה מדויקת,268,THIAMETHOXAM,התאמה מדויקת
THIAMETHOXAM,רימון,0.3,2014-08-07T00:00:00,,121,רימון,התאמה מדויקת,268,THIAMETHOXAM,התאמה מדויקת
THIAMETHOXAM,תפוח עץ,0.02,2001-07-15T00:00:00,,140,תפוח עץ,התאמה מדויקת,268,THIAMETHOXAM,התאמה מדויקת
THIAMETHOXAM,אגס,0.02,2001-07-15T00:00:00,,4,אגס,התאמה מדויקת,268,THIAMETHOXAM,התאמה מדויקת
THIAMETHOXAM,שזיף,0.02,2005-12-05T00:00:00,,126,שזיף,התאמה מדויקת,268,THIAMETHOXAM,התאמה מדויקת
THIAMETHOXAM,משמש,0.05,2009-07-02T00:00:00,,76,משמש,התאמה מדויקת,268,THIAMETHOXAM,התאמה מדויקת
THIAMETHOXAM,נקטרינה,0.05,2004-06-08T00:00:00,,77,נקטרינה,התאמה מדויקת,268,THIAMETHOXAM,התאמה מדויקת
THIAMETHOXAM,אפרסק,0.05,2004-06-08T00:00:00,,13,אפרסק,התאמה מדויקת,268,THIAMETHOXAM,התאמה מדויקת
THIAMETHOXAM,תמר,,2022-03-23T00:00:00,0.010,138,תמר,התאמה מדויקת,268,THIAMETHOXAM,התאמה מדויקת
THIAMETHOXAM,חיטה,0.01,2014-08-04T00:00:00,,42,חיטה,התאמה מדויקת,268,THIAMETHOXAM,התאמה מדויקת
THIAMETHOXAM,מרווה,3.0,2005-10-30T00:00:00,,75,מרווה,התאמה מדויקת,268,THIAMETHOXAM,התאמה מדויקת
THIDIAZURON,כותנה,0.01,2005-12-05T00:00:00,,56,כותנה,התאמה מדויקת,269,THIDIAZURON,התאמה מדויקת
THIOCYCLAM HYDROGEN OXALATE,תפוח אדמה,0.05,2005-07-10T00:00:00,,139,תפוח אדמה,התאמה מדויקת,270,THIOCYCLAM HYDROGEN OXALATE,התאמה מדויקת
THIOCYCLAM HYDROGEN OXALATE,כרפס/סלרי (שורש ועלים),0.05,2005-07-10T00:00:00,,62,כרפס/סלרי (שורש ועלים),התאמה מדויקת,270,THIOCYCLAM HYDROGEN OXALATE,התאמה מדויקת
THIOCYCLAM HYDROGEN OXALATE,כרוב,0.05,2005-07-10T00:00:00,,57,כרוב,התאמה מדויקת,270,THIOCYCLAM HYDROGEN OXALATE,התאמה מדויקת
THIOCYCLAM HYDROGEN OXALATE,כרובית,0.05,2005-07-10T00:00:00,,61,כרובית,התאמה מדויקת,270,THIOCYCLAM HYDROGEN OXALATE,התאמה מדויקת
THIOCYCLAM HYDROGEN OXALATE,מלון,0.05,2005-07-10T00:00:00,,70,מלון,התאמה מדויקת,270,THIOCYCLAM HYDROGEN OXALATE,התאמה מדויקת
THIOCYCLAM HYDROGEN OXALATE,מלפפון,0.05,2005-07-10T00:00:00,,72,מלפפון,התאמה מדויקת,270,THIOCYCLAM HYDROGEN OXALATE,התאמה מדויקת
THIOCYCLAM HYDROGEN OXALATE,קישוא,0.05,2005-07-10T00:00:00,,115,קישוא,התאמה מדויקת,270,THIOCYCLAM HYDROGEN OXALATE,התאמה מדויקת
THIOCYCLAM HYDROGEN OXALATE,אבטיח,0.05,2005-07-10T00:00:00,,2,אבטיח,התאמה מדויקת,270,THIOCYCLAM HYDROGEN OXALATE,התאמה מדויקת
THIOCYCLAM HYDROGEN OXALATE,פלפל,0.05,2005-07-10T00:00:00,,99,פלפל,התאמה מדויקת,270,THIOCYCLAM HYDROGEN OXALATE,התאמה מדויקת
THIOCYCLAM HYDROGEN OXALATE,עגבניה,0.05,2005-07-10T00:00:00,,84,עגבניה,התאמה מדויקת,270,THIOCYCLAM HYDROGEN OXALATE,התאמה מדויקת
THIOCYCLAM HYDROGEN OXALATE,שעועית ירוקה,0.05,2005-07-10T00:00:00,,129,שעועית ירוקה,התאמה מדויקת,270,THIOCYCLAM HYDROGEN OXALATE,התאמה מדויקת
THIOCYCLAM HYDROGEN OXALATE,ריחן מצוי / בזיל,0.05,2005-07-10T00:00:00,,120,ריחן מצוי / בזיל,התאמה מדויקת,270,THIOCYCLAM HYDROGEN OXALATE,התאמה מדויקת
THIOCYCLAM HYDROGEN OXALATE,מנטה,0.05,2005-07-10T00:00:00,,74,מנטה,התאמה מדויקת,270,THIOCYCLAM HYDROGEN OXALATE,התאמה מדויקת
THIOCYCLAM HYDROGEN OXALATE,מרווה,0.05,2005-07-10T00:00:00,,75,מרווה,התאמה מדויקת,270,THIOCYCLAM HYDROGEN OXALATE,התאמה מדויקת
THIOCYCLAM HYDROGEN OXALATE,אפונת שלג,0.05,2010-07-15T00:00:00,,11,אפונת שלג,התאמה מדויקת,270,THIOCYCLAM HYDROGEN OXALATE,התאמה מדויקת
TOLCLOFOS METHYL,כרפס/סלרי (שורש ועלים),2.0,1999-01-01T00:00:00,,62,כרפס/סלרי (שורש ועלים),התאמה מדויקת,271,TOLCLOFOS METHYL,התאמה מדויקת
TOLFENPYRAD,ענבים,,2017-06-06T00:00:00,0.300,89,ענבים,התאמה מדויקת,272,TOLFENPYRAD,התאמה מדויקת
TOLFENPYRAD,כרפס/סלרי (שורש ועלים),,2023-04-30T00:00:00,3.500,62,כרפס/סלרי (שורש ועלים),התאמה מדויקת,272,TOLFENPYRAD,התאמה מדויקת
TOLFENPYRAD,כרוב,,2018-02-13T00:00:00,0.050,57,כרוב,התאמה מדויקת,272,TOLFENPYRAD,התאמה מדויקת
TOLFENPYRAD,מלפפון,0.02,2018-02-14T00:00:00,0.150,72,מלפפון,התאמה מדויקת,272,TOLFENPYRAD,התאמה מדויקת
TOLFENPYRAD,חסה,,2019-06-18T00:00:00,0.300,46,חסה,התאמה מדויקת,272,TOLFENPYRAD,התאמה מדויקת
TOLFENPYRAD,פלפל,,2019-06-19T00:00:00,0.700,99,פלפל,התאמה מדויקת,272,TOLFENPYRAD,התאמה מדויקת
TOLFENPYRAD,חציל,,2021-11-23T00:00:00,0.700,47,חציל,התאמה מדויקת,272,TOLFENPYRAD,התאמה מדויקת
TOLFENPYRAD,בצל,,2020-01-30T00:00:00,0.200,17,בצל,התאמה מדויקת,272,TOLFENPYRAD,התאמה מדויקת
TOLFENPYRAD,שקד,,2021-10-21T00:00:00,0.050,131,שקד,התאמה מדויקת,272,TOLFENPYRAD,התאמה מדויקת
TOLFENPYRAD,מנגו,,2020-09-15T00:00:00,0.150,73,מנגו,התאמה מדויקת,272,TOLFENPYRAD,התאמה מדויקת
TOLFENPYRAD,אגס,,2021-10-21T00:00:00,1.000,4,אגס,התאמה מדויקת,272,TOLFENPYRAD,התאמה מדויקת
TOLFENPYRAD,שזיף,,2020-02-25T00:00:00,0.200,126,שזיף,התאמה מדויקת,272,TOLFENPYRAD,התאמה מדויקת
TOLFENPYRAD,נקטרינה,,2018-08-13T00:00:00,0.200,77,נקטרינה,התאמה מדויקת,272,TOLFENPYRAD,התאמה מדויקת
TOLFENPYRAD,אפרסק,,2018-02-13T00:00:00,0.200,13,אפרסק,התאמה מדויקת,272,TOLFENPYRAD,התאמה מדויקת
TOLFENPYRAD,פטרוסלינון (שורש ועלים),,2023-04-30T00:00:00,3.000,93,פטרוסלינון (שורש ועלים),התאמה מדויקת,272,TOLFENPYRAD,התאמה מדויקת
TOLFENPYRAD,בצל ירוק,,2023-04-30T00:00:00,3.200,18,בצל ירוק,התאמה מדויקת,272,TOLFENPYRAD,התאמה מדויקת
TRIADIMEFON,חלב,0.01,2013-01-23T00:00:00,,44,חלב,התאמה מדויקת,273,TRIADIMEFON,התאמה מדויקת
TRIADIMEFON,בשר,0.02,2013-01-23T00:00:00,,22,בשר,התאמה מדויקת,273,TRIADIMEFON,התאמה מדויקת
TRIADIMEFON,"בשר, חלקי פנים",0.01,2013-01-23T00:00:00,,25,"בשר, חלקי פנים",התאמה מדויקת,273,TRIADIMEFON,התאמה מדויקת
TRIADIMEFON,ביצים,0.01,2013-01-23T00:00:00,,15,ביצים,התאמה מדויקת,273,TRIADIMEFON,התאמה מדויקת
TRIADIMEFON,בשר עוף,0.01,2013-01-23T00:00:00,,23,בשר עוף,התאמה מדויקת,273,TRIADIMEFON,התאמה מדויקת
TRIADIMEFON,"בשר עוף, חלקי פנים",0.01,2013-01-23T00:00:00,,24,"בשר עוף, חלקי פנים",התאמה מדויקת,273,TRIADIMEFON,התאמה מדויקת
TRIADIMENOL,אספסת,2.0,2004-07-13T00:00:00,,8,אספסת,התאמה מדויקת,274,TRIADIMENOL,התאמה מדויקת
TRIADIMENOL,תלתן,2.0,2004-07-13T00:00:00,,137,תלתן,התאמה מדויקת,274,TRIADIMENOL,התאמה מדויקת
TRIADIMENOL,בקיה,2.0,2004-07-13T00:00:00,,19,בקיה,התאמה מדויקת,274,TRIADIMENOL,התאמה מדויקת
TRIADIMENOL,ענבים,2.0,2004-07-13T00:00:00,,89,ענבים,התאמה מדויקת,274,TRIADIMENOL,התאמה מדויקת
TRIADIMENOL,מלון,0.1,2004-07-13T00:00:00,,70,מלון,התאמה מדויקת,274,TRIADIMENOL,התאמה מדויקת
TRIADIMENOL,מלפפון,0.1,2004-07-13T00:00:00,,72,מלפפון,התאמה מדויקת,274,TRIADIMENOL,התאמה מדויקת
TRIADIMENOL,דלעת,0.1,2004-07-13T00:00:00,,35,דלעת,התאמה מדויקת,274,TRIADIMENOL,התאמה מדויקת
TRIADIMENOL,קישוא,0.1,2004-07-13T00:00:00,,115,קישוא,התאמה מדויקת,274,TRIADIMENOL,התאמה מדויקת
TRIADIMENOL,אבטיח,0.1,2004-07-13T00:00:00,,2,אבטיח,התאמה מדויקת,274,TRIADIMENOL,התאמה מדויקת
TRIADIMENOL,פלפל,0.1,2004-07-13T00:00:00,,99,פלפל,התאמה מדויקת,274,TRIADIMENOL,התאמה מדויקת
TRIADIMENOL,חציל,0.1,2004-07-13T00:00:00,,47,חציל,התאמה מדויקת,274,TRIADIMENOL,התאמה מדויקת
TRIADIMENOL,עגבניה,0.5,2004-07-13T00:00:00,,84,עגבניה,התאמה מדויקת,274,TRIADIMENOL,התאמה מדויקת
TRIADIMENOL,דלורית,0.1,2007-08-30T00:00:00,,34,דלורית,התאמה מדויקת,274,TRIADIMENOL,התאמה מדויקת
TRIADIMENOL,גזר,0.1,2004-07-13T00:00:00,,28,גזר,התאמה מדויקת,274,TRIADIMENOL,התאמה מדויקת
TRIADIMENOL,חלב,0.01,2005-12-06T00:00:00,,44,חלב,התאמה מדויקת,274,TRIADIMENOL,התאמה מדויקת
TRIADIMENOL,ביצים,0.01,2013-01-23T00:00:00,,15,ביצים,התאמה מדויקת,274,TRIADIMENOL,התאמה מדויקת
TRIADIMENOL,בשר עוף,0.01,2013-01-23T00:00:00,,23,בשר עוף,התאמה מדויקת,274,TRIADIMENOL,התאמה מדויקת
TRIADIMENOL,חמנית מצויה,0.1,2008-12-03T00:00:00,,45,חמנית מצויה,התאמה מדויקת,274,TRIADIMENOL,התאמה מדויקת
TRIADIMENOL,מנגו,0.5,2004-07-13T00:00:00,,73,מנגו,התאמה מדויקת,274,TRIADIMENOL,התאמה מדויקת
TRIADIMENOL,תפוח עץ,0.5,2004-07-13T00:00:00,,140,תפוח עץ,התאמה מדויקת,274,TRIADIMENOL,התאמה מדויקת
TRIADIMENOL,נקטרינה,0.5,2004-07-13T00:00:00,,77,נקטרינה,התאמה מדויקת,274,TRIADIMENOL,התאמה מדויקת
TRIADIMENOL,אפרסק,0.5,2004-07-13T00:00:00,,13,אפרסק,התאמה מדויקת,274,TRIADIMENOL,התאמה מדויקת
TRIADIMENOL,חיטה,0.1,2004-07-13T00:00:00,,42,חיטה,התאמה מדויקת,274,TRIADIMENOL,התאמה מדויקת
TRIADIMENOL,ריחן מצוי / בזיל,3.0,2005-10-30T00:00:00,,120,ריחן מצוי / בזיל,התאמה מדויקת,274,TRIADIMENOL,התאמה מדויקת
TRIADIMENOL,שמיר (שבת),2.0,2007-06-12T00:00:00,,127,שמיר (שבת),התאמה מדויקת,274,TRIADIMENOL,התאמה מדויקת
TRIADIMENOL,פטרוסלינון (שורש ועלים),0.5,2006-04-04T00:00:00,,93,פטרוסלינון (שורש ועלים),התאמה מדויקת,274,TRIADIMENOL,התאמה מדויקת
TRIASULFURON,חיטה,0.02,1999-01-01T00:00:00,,42,חיטה,התאמה מדויקת,275,TRIASULFURON,התאמה מדויקת
TRIBENURON METHYL,שעורה תרבותית,0.02,2013-01-23T00:00:00,,130,שעורה תרבותית,התאמה מדויקת,276,TRIBENURON METHYL,התאמה מדויקת
TRIBENURON METHYL,שבולת שועל,0.02,2013-01-23T00:00:00,,122,שבולת שועל,התאמה מדויקת,276,TRIBENURON METHYL,התאמה מדויקת
TRIBENURON METHYL,חיטה,0.02,2013-01-23T00:00:00,,42,חיטה,התאמה מדויקת,276,TRIBENURON METHYL,התאמה מדויקת
"TRICLOPYR (3,5,6-TPA)",פרי הדר,0.01,2005-07-20T00:00:00,,103,פרי הדר,התאמה מדויקת,277,"TRICLOPYR (3,5,6-TPA)",התאמה מדויקת
"TRICLOPYR (3,5,6-TPA)",תפוח עץ,0.01,2013-01-09T00:00:00,,140,תפוח עץ,התאמה מדויקת,277,"TRICLOPYR (3,5,6-TPA)",התאמה מדויקת
"TRICLOPYR (3,5,6-TPA)",משמש,0.01,2005-07-20T00:00:00,,76,משמש,התאמה מדויקת,277,"TRICLOPYR (3,5,6-TPA)",התאמה מדויקת
TRIFLOXYSTROBIN,ענבים,1.0,2000-10-15T00:00:00,,89,ענבים,התאמה מדויקת,278,TRIFLOXYSTROBIN,התאמה מדויקת
TRIFLOXYSTROBIN,תות שדה לפרי,0.2,2000-10-15T00:00:00,,133,תות שדה לפרי,התאמה מדויקת,278,TRIFLOXYSTROBIN,התאמה מדויקת
TRIFLOXYSTROBIN,תפוח אדמה,0.2,2013-01-23T00:00:00,,139,תפוח אדמה,התאמה מדויקת,278,TRIFLOXYSTROBIN,התאמה מדויקת
TRIFLOXYSTROBIN,מלון,0.1,2012-11-13T00:00:00,,70,מלון,התאמה מדויקת,278,TRIFLOXYSTROBIN,התאמה מדויקת
TRIFLOXYSTROBIN,מלפפון,,2019-07-23T00:00:00,0.010,72,מלפפון,התאמה מדויקת,278,TRIFLOXYSTROBIN,התאמה מדויקת
TRIFLOXYSTROBIN,קישוא,,2019-07-23T00:00:00,0.010,115,קישוא,התאמה מדויקת,278,TRIFLOXYSTROBIN,התאמה מדויקת
TRIFLOXYSTROBIN,אבטיח,0.1,2012-11-13T00:00:00,,2,אבטיח,התאמה מדויקת,278,TRIFLOXYSTROBIN,התאמה מדויקת
TRIFLOXYSTROBIN,כוסברה (גד השדה),2.0,2013-01-23T00:00:00,,55,כוסברה (גד השדה),התאמה מדויקת,278,TRIFLOXYSTROBIN,התאמה מדויקת
TRIFLOXYSTROBIN,פלפל,0.2,2005-12-06T00:00:00,,99,פלפל,התאמה מדויקת,278,TRIFLOXYSTROBIN,התאמה מדויקת
TRIFLOXYSTROBIN,חציל,0.2,2005-12-06T00:00:00,,47,חציל,התאמה מדויקת,278,TRIFLOXYSTROBIN,התאמה מדויקת
TRIFLOXYSTROBIN,עגבניה,0.2,2000-10-15T00:00:00,,84,עגבניה,התאמה מדויקת,278,TRIFLOXYSTROBIN,התאמה מדויקת
TRIFLOXYSTROBIN,פפריקה,0.2,2005-12-06T00:00:00,,101,פפריקה,התאמה מדויקת,278,TRIFLOXYSTROBIN,התאמה מדויקת
TRIFLOXYSTROBIN,גזר,0.1,2005-12-06T00:00:00,,28,גזר,התאמה מדויקת,278,TRIFLOXYSTROBIN,התאמה מדויקת
TRIFLOXYSTROBIN,בצל,0.02,2007-06-12T00:00:00,,17,בצל,התאמה מדויקת,278,TRIFLOXYSTROBIN,התאמה מדויקת
TRIFLOXYSTROBIN,אגוז אדמה,,2017-03-13T00:00:00,0.010,3,אגוז אדמה,התאמה מדויקת,278,TRIFLOXYSTROBIN,התאמה מדויקת
TRIFLOXYSTROBIN,חמנית מצויה,0.05,2011-05-15T00:00:00,,45,חמנית מצויה,התאמה מדויקת,278,TRIFLOXYSTROBIN,התאמה מדויקת
TRIFLOXYSTROBIN,שקד,0.2,2012-01-10T00:00:00,,131,שקד,התאמה מדויקת,278,TRIFLOXYSTROBIN,התאמה מדויקת
TRIFLOXYSTROBIN,שום,0.1,2005-12-06T00:00:00,,123,שום,התאמה מדויקת,278,TRIFLOXYSTROBIN,התאמה מדויקת
TRIFLOXYSTROBIN,מנגו,0.5,2005-12-06T00:00:00,,73,מנגו,התאמה מדויקת,278,TRIFLOXYSTROBIN,התאמה מדויקת
TRIFLOXYSTROBIN,תפוח עץ,0.5,2005-12-06T00:00:00,,140,תפוח עץ,התאמה מדויקת,278,TRIFLOXYSTROBIN,התאמה מדויקת
TRIFLOXYSTROBIN,אגס,0.5,2005-12-06T00:00:00,,4,אגס,התאמה מדויקת,278,TRIFLOXYSTROBIN,התאמה מדויקת
TRIFLOXYSTROBIN,שזיף,0.5,2005-12-06T00:00:00,,126,שזיף,התאמה מדויקת,278,TRIFLOXYSTROBIN,התאמה מדויקת
TRIFLOXYSTROBIN,משמש,0.5,2012-01-10T00:00:00,,76,משמש,התאמה מדויקת,278,TRIFLOXYSTROBIN,התאמה מדויקת
TRIFLOXYSTROBIN,דובדבן,1.5,2021-04-26T00:00:00,,31,דובדבן,התאמה מדויקת,278,TRIFLOXYSTROBIN,התאמה מדויקת
TRIFLOXYSTROBIN,נקטרינה,0.5,2005-12-06T00:00:00,,77,נקטרינה,התאמה מדויקת,278,TRIFLOXYSTROBIN,התאמה מדויקת
TRIFLOXYSTROBIN,אפרסק,0.5,2005-12-06T00:00:00,,13,אפרסק,התאמה מדויקת,278,TRIFLOXYSTROBIN,התאמה מדויקת
TRIFLOXYSTROBIN,זית אירופאי,0.5,2013-01-23T00:00:00,,37,זית אירופאי,התאמה מדויקת,278,TRIFLOXYSTROBIN,התאמה מדויקת
TRIFLOXYSTROBIN,ריחן מצוי / בזיל,2.0,2009-09-10T00:00:00,,120,ריחן מצוי / בזיל,התאמה מדויקת,278,TRIFLOXYSTROBIN,התאמה מדויקת
TRIFLOXYSTROBIN,שמיר (שבת),2.0,2013-01-23T00:00:00,,127,שמיר (שבת),התאמה מדויקת,278,TRIFLOXYSTROBIN,התאמה מדויקת
TRIFLOXYSTROBIN,מנטה,2.0,2005-10-30T00:00:00,,74,מנטה,התאמה מדויקת,278,TRIFLOXYSTROBIN,התאמה מדויקת
TRIFLOXYSTROBIN,פטרוסלינון (שורש ועלים),2.0,2013-01-23T00:00:00,,93,פטרוסלינון (שורש ועלים),התאמה מדויקת,278,TRIFLOXYSTROBIN,התאמה מדויקת
TRIFLOXYSTROBIN,מרווה,2.0,2009-09-10T00:00:00,,75,מרווה,התאמה מדויקת,278,TRIFLOXYSTROBIN,התאמה מדויקת
TRIFLOXYSTROBIN,צבר,1.0,2007-08-30T00:00:00,,104,צבר,התאמה מדויקת,278,TRIFLOXYSTROBIN,התאמה מדויקת
TRIFLOXYSTROBIN,סייגית (צ'רביל),2.0,2013-01-23T00:00:00,,79,סייגית (צ'רביל),התאמה מדויקת,278,TRIFLOXYSTROBIN,התאמה מדויקת
TRIFLOXYSULFURON,כותנה,0.01,2013-01-23T00:00:00,,56,כותנה,התאמה מדויקת,279,TRIFLOXYSULFURON,התאמה מדויקת
TRIFLUMURON,קישוא,0.05,1996-01-01T00:00:00,,115,קישוא,התאמה מדויקת,280,TRIFLUMURON,התאמה מדויקת
TRIFLUMURON,פלפל,0.05,1996-01-01T00:00:00,,99,פלפל,התאמה מדויקת,280,TRIFLUMURON,התאמה מדויקת
TRIFLUMURON,תפוח עץ,0.5,1996-01-01T00:00:00,,140,תפוח עץ,התאמה מדויקת,280,TRIFLUMURON,התאמה מדויקת
TRIFLUMURON,אגס,0.5,1996-01-01T00:00:00,,4,אגס,התאמה מדויקת,280,TRIFLUMURON,התאמה מדויקת
TRIFLUMURON,תמר,2.0,1996-01-01T00:00:00,,138,תמר,התאמה מדויקת,280,TRIFLUMURON,התאמה מדויקת
TRIFLUMURON,תירס,0.2,1999-01-01T00:00:00,,134,תירס,התאמה מדויקת,280,TRIFLUMURON,התאמה מדויקת
TRIFORINE,מלון,0.5,1996-01-01T00:00:00,יתבטל,70,מלון,התאמה מדויקת,281,TRIFORINE,התאמה מדויקת
TRIFORINE,מלפפון,0.5,1996-01-01T00:00:00,יתבטל,72,מלפפון,התאמה מדויקת,281,TRIFORINE,התאמה מדויקת
TRIFORINE,קישוא,0.5,1996-01-01T00:00:00,יתבטל,115,קישוא,התאמה מדויקת,281,TRIFORINE,התאמה מדויקת
TRIFORINE,פלפל,0.5,1996-01-01T00:00:00,יתבטל,99,פלפל,התאמה מדויקת,281,TRIFORINE,התאמה מדויקת
TRIFORINE,חציל,0.5,1996-01-01T00:00:00,יתבטל,47,חציל,התאמה מדויקת,281,TRIFORINE,התאמה מדויקת
TRIFORINE,עגבניה,0.5,1996-01-01T00:00:00,יתבטל,84,עגבניה,התאמה מדויקת,281,TRIFORINE,התאמה מדויקת
TRIFORINE,שקד,1.0,1996-01-01T00:00:00,יתבטל,131,שקד,התאמה מדויקת,281,TRIFORINE,התאמה מדויקת
TRIFORINE,מנגו,2.0,1996-01-01T00:00:00,יתבטל,73,מנגו,התאמה מדויקת,281,TRIFORINE,התאמה מדויקת
TRIFORINE,אגס,2.0,1996-01-01T00:00:00,יתבטל,4,אגס,התאמה מדויקת,281,TRIFORINE,התאמה מדויקת
TRIFORINE,משמש,2.0,1996-01-01T00:00:00,יתבטל,76,משמש,התאמה מדויקת,281,TRIFORINE,התאמה מדויקת
UNICONAZOLE,אבוקדו,0.05,1996-01-01T00:00:00,,1,אבוקדו,התאמה מדויקת,282,UNICONAZOLE,התאמה מדויקת
UNICONAZOLE,שזיף,0.05,1996-01-01T00:00:00,,126,שזיף,התאמה מדויקת,282,UNICONAZOLE,התאמה מדויקת
UNICONAZOLE,תמר,0.05,2012-12-02T00:00:00,,138,תמר,התאמה מדויקת,282,UNICONAZOLE,התאמה מדויקת
UNICONAZOLE,זית אירופאי,0.05,1999-01-01T00:00:00,,37,זית אירופאי,התאמה מדויקת,282,UNICONAZOLE,התאמה מדויקת
VALIFENALATE,תפוח אדמה,0.01,2016-12-11T00:00:00,,139,תפוח אדמה,התאמה מדויקת,283,VALIFENALATE,התאמה מדויקת
VALIFENALATE,מלפפון,0.05,2016-12-11T00:00:00,,72,מלפפון,התאמה מדויקת,283,VALIFENALATE,התאמה מדויקת
ZOXAMIDE,ענבים,,2022-08-21T00:00:00,2.000,89,ענבים,התאמה מדויקת,284,ZOXAMIDE,התאמה מדויקת
ZOXAMIDE,תפוח אדמה,0.02,2000-01-01T00:00:00,,139,תפוח אדמה,התאמה מדויקת,284,ZOXAMIDE,התאמה מדויקת
ZOXAMIDE,עגבניה,0.6,2011-11-16T00:00:00,,84,עגבניה,התאמה מדויקת,284,ZOXAMIDE,התאמה מדויקת
ZOXAMIDE,בצל,,2024-12-29T00:00:00,0.010,17,בצל,התאמה מדויקת,284,ZOXAMIDE,התאמה מדויקת
