Crop,Pesticide,Valid_From,MRL_values,count
(a) edible peel,Bromide ion,2008-09-01,"[np.float64(10.0), np.float64(20.0)]",2
(a) grapes,Bromide ion,2008-09-01,"[np.float64(5.0), np.float64(20.0)]",2
(b) leaves and herbs,Bromide ion,2008-09-01,"[np.float64(50.0), np.float64(100.0)]",2
(b) strawberries,Bromide ion,2008-09-01,"[np.float64(20.0), np.float64(30.0)]",2
(c) cane fruits,Bromide ion,2008-09-01,"[np.float64(5.0), np.float64(20.0)]",2
(c) cucurbits with inedible peel,Aldrin and Dieldrin (Aldrin and dieldrin combined expressed as dieldrin),2008-09-01,"[np.float64(0.03), np.float64(0.01)]",4
(c) roots,Bromide ion,2008-09-01,"[np.float64(70.0), np.float64(50.0)]",2
(d) sweet corn,Terbuthylazine (R),2021-11-06,"[np.float64(0.02), np.float64(0.01)]",4
Allspice/pimento,Bromide ion,2008-09-01,"[np.float64(50.0), np.float64(400.0)]",2
Allspice/pimento,Dichlorvos,2008-09-01,"[np.float64(0.02), np.float64(0.1)]",4
American persimmons/Virginia kaki,Bromide ion,2008-09-01,"[np.float64(10.0), np.float64(20.0)]",2
Anise/aniseed,Bromide ion,2008-09-01,"[np.float64(50.0), np.float64(400.0)]",2
Anise/aniseed,Dichlorvos,2008-09-01,"[np.float64(0.1), np.float64(0.02)]",4
Apples,Bromide ion,2008-09-01,"[np.float64(20.0), np.float64(5.0)]",2
Apricots,Bromide ion,2008-09-01,"[np.float64(20.0), np.float64(5.0)]",2
Aril spices,Bromide ion,2008-09-01,"[np.float64(400.0), np.float64(50.0)]",2
Aril spices,Dichlorvos,2008-09-01,"[np.float64(0.02), np.float64(0.1)]",4
Avocados,Bromide ion,2008-09-01,"[np.float64(10.0), np.float64(50.0)]",2
Bananas,Bromide ion,2008-09-01,"[np.float64(10.0), np.float64(50.0)]",2
Bark spices,Bromide ion,2008-09-01,"[np.float64(400.0), np.float64(50.0)]",2
Bark spices,Dichlorvos,2008-09-01,"[np.float64(0.1), np.float64(0.02)]",4
Barley,Bromide ion,2008-09-01,"[np.float64(10.0), np.float64(50.0)]",2
Beans,Bromide ion,2008-09-01,"[np.float64(50.0), np.float64(5.0)]",2
Black caraway/black cumin,Bromide ion,2008-09-01,"[np.float64(50.0), np.float64(400.0)]",2
Black caraway/black cumin,Dichlorvos,2008-09-01,"[np.float64(0.02), np.float64(0.1)]",4
Blackberries,Bromide ion,2008-09-01,"[np.float64(5.0), np.float64(20.0)]",2
Borage seeds,Bromide ion,2008-09-01,"[np.float64(5.0), np.float64(20.0)]",2
Breadfruits,Bromide ion,2008-09-01,"[np.float64(10.0), np.float64(20.0)]",2
Buckwheat and other pseudocereals,Bromide ion,2008-09-01,"[np.float64(50.0), np.float64(10.0)]",2
Bud spices,Bromide ion,2008-09-01,"[np.float64(400.0), np.float64(50.0)]",2
Bud spices,Dichlorvos,2008-09-01,"[np.float64(0.1), np.float64(0.02)]",4
CEREALS,Bromide ion,2008-09-01,"[np.float64(50.0), np.float64(10.0)]",2
Capers,Bromide ion,2008-09-01,"[np.float64(50.0), np.float64(400.0)]",2
Capers,Dichlorvos,2008-09-01,"[np.float64(0.02), np.float64(0.1)]",4
Carambolas,Bromide ion,2008-09-01,"[np.float64(10.0), np.float64(20.0)]",2
Caraway,Bromide ion,2008-09-01,"[np.float64(400.0), np.float64(50.0)]",2
Caraway,Dichlorvos,2008-09-01,"[np.float64(0.02), np.float64(0.1)]",4
Cardamom,Bromide ion,2008-09-01,"[np.float64(50.0), np.float64(400.0)]",2
Cardamom,Dichlorvos,2008-09-01,"[np.float64(0.02), np.float64(0.1)]",4
Carobs/Saint John's breads,Bromide ion,2008-09-01,"[np.float64(50.0), np.float64(70.0)]",2
Castor beans,Bromide ion,2008-09-01,"[np.float64(20.0), np.float64(5.0)]",2
Celery,Bromide ion,2008-09-01,"[np.float64(50.0), np.float64(400.0)]",2
Celery,Dichlorvos,2008-09-01,"[np.float64(0.02), np.float64(0.1)]",4
Chamomile,Bromide ion,2008-09-01,"[np.float64(50.0), np.float64(250.0)]",2
Cherimoyas,Bromide ion,2008-09-01,"[np.float64(50.0), np.float64(10.0)]",2
Cherries (sweet),Bromide ion,2008-09-01,"[np.float64(20.0), np.float64(5.0)]",2
Cinnamon,Bromide ion,2008-09-01,"[np.float64(400.0), np.float64(50.0)]",2
Cinnamon,Dichlorvos,2008-09-01,"[np.float64(0.1), np.float64(0.02)]",4
Citrus fruits,Bromide ion,2008-09-01,"[np.float64(5.0), np.float64(30.0)]",2
Cloves,Bromide ion,2008-09-01,"[np.float64(400.0), np.float64(50.0)]",2
Cloves,Dichlorvos,2008-09-01,"[np.float64(0.02), np.float64(0.1)]",4
Cocoa beans,Bromide ion,2008-09-01,"[np.float64(70.0), np.float64(50.0)]",2
Coffee beans,Bromide ion,2008-09-01,"[np.float64(50.0), np.float64(70.0)]",2
Common millet/proso millet,Bromide ion,2008-09-01,"[np.float64(10.0), np.float64(50.0)]",2
Coriander,Bromide ion,2008-09-01,"[np.float64(50.0), np.float64(400.0)]",2
Coriander,Dichlorvos,2008-09-01,"[np.float64(0.1), np.float64(0.02)]",4
Cotton seeds,Bromide ion,2008-09-01,"[np.float64(20.0), np.float64(5.0)]",2
Courgettes,Aldrin and Dieldrin (Aldrin and dieldrin combined expressed as dieldrin),2008-09-01,"[np.float64(0.05), np.float64(0.01)]",4
Cranberries,Clethodim,2008-09-01,"[np.float64(0.5), np.float64(0.1)]",2
Cucumbers,Aldrin and Dieldrin (Aldrin and dieldrin combined expressed as dieldrin),2008-09-01,"[np.float64(0.02), np.float64(0.01)]",4
Cucumbers,Bromide ion,2008-09-01,"[np.float64(50.0), np.float64(30.0)]",2
Cumin,Bromide ion,2008-09-01,"[np.float64(50.0), np.float64(400.0)]",2
Cumin,Dichlorvos,2008-09-01,"[np.float64(0.1), np.float64(0.02)]",4
Dates,Bromide ion,2008-09-01,"[np.float64(10.0), np.float64(20.0)]",2
Dewberries,Bromide ion,2008-09-01,"[np.float64(20.0), np.float64(5.0)]",2
Dill,Bromide ion,2008-09-01,"[np.float64(400.0), np.float64(50.0)]",2
Dill,Dichlorvos,2008-09-01,"[np.float64(0.02), np.float64(0.1)]",4
Durians,Bromide ion,2008-09-01,"[np.float64(10.0), np.float64(20.0)]",2
Edible offals (other than liver and kidney),"1,4-dimethylnaphthalene (R)",2025-04-30,"[np.float64(1.5), np.float64(2.0), np.float64(3.0)]",14
Edible offals (other than liver and kidney),"2,4-D",2023-02-25,"[np.float64(5.0), np.float64(0.05)]",7
Edible offals (other than liver and kidney),Abamectin (R),2023-08-20,"[np.float64(0.01), np.float64(0.02), np.float64(0.05)]",14
Edible offals (other than liver and kidney),Acetamiprid,2025-08-20,"[np.float64(0.02), np.float64(0.05), np.float64(1.0)]",7
Edible offals (other than liver and kidney),Amidosulfuron  (R),2025-07-23,"[np.float64(0.2), np.float64(0.05), np.float64(0.02)]",14
Edible offals (other than liver and kidney),Aminopyralid,2022-05-10,"[np.float64(1.0), np.float64(0.05)]",7
Edible offals (other than liver and kidney),Azoxystrobin,2025-07-23,"[np.float64(0.07), np.float64(0.01)]",7
Edible offals (other than liver and kidney),"Bentazone and 8-hydroxy bentazone (free and conjugated), expressed as bentazone)",2021-11-02,"[np.float64(0.15), np.float64(0.02)]",7
Edible offals (other than liver and kidney),Benzovindiflupyr,2024-06-11,"[np.float64(0.1), np.float64(0.01)]",7
Edible offals (other than liver and kidney),"Bicyclopyrone-6-(trifluoromethyl) pyridine-3-carboxylic acid (SYN503780) and (2-(2-hydroxyethoxymethyl)-6- (trifluoromethyl)pyridine-3-carboxylic acid (CSCD686480), expressed as bicyclopyrone)",2019-04-25,"[np.float64(0.02), np.float64(0.01)]",7
Edible offals (other than liver and kidney),Bifenthrin,2018-06-05,"[np.float64(3.0), np.float64(0.01)]",7
Edible offals (other than liver and kidney),Bixafen (R),2023-06-22,"[np.float64(4.0), np.float64(0.05)]",14
Edible offals (other than liver and kidney),Boscalid  (R),2022-08-18,"[np.float64(0.07), np.float64(0.3), np.float64(0.15)]",14
Edible offals (other than liver and kidney),Captan,2019-07-11,"[np.float64(0.09), np.float64(0.03)]",7
Edible offals (other than liver and kidney),Chlorantraniliprole,2024-06-11,"[np.float64(0.2), np.float64(0.08)]",7
Edible offals (other than liver and kidney),Chloridazon,2023-10-21,"[np.float64(0.2), np.float64(0.02)]",7
Edible offals (other than liver and kidney),Chlormequat,2022-08-14,"[np.float64(1.5), np.float64(0.15)]",7
Edible offals (other than liver and kidney),Chlorotoluron,2014-08-25,"[np.float64(0.05), np.float64(0.01)]",7
Edible offals (other than liver and kidney),Clethodim,2008-09-01,"[np.float64(0.2), np.float64(0.05)]",14
Edible offals (other than liver and kidney),Cyantraniliprole,2025-07-06,"[np.float64(1.5), np.float64(0.15)]",7
Edible offals (other than liver and kidney),"Cycloxydim including degradation and reaction products which can be determined as 3-(3-thianyl)glutaric acid S-dioxide (BH 517-TGSO2) and/or 3-hydroxy-3-(3-thianyl)glutaric acid S-dioxide (BH 517-5-OH-TGSO2) or derivatives thereof, calculated in total as cycloxydim",2025-04-17,"[np.float64(0.9), np.float64(0.03), np.float64(0.5), np.float64(0.8)]",7
Edible offals (other than liver and kidney),Cyflumetofen,2025-07-06,"[np.float64(0.02), np.float64(0.01)]",7
Edible offals (other than liver and kidney),Cyfluthrin (cyfluthrin including other mixtures of constituent isomers),2023-08-16,"[np.float64(0.2), np.float64(0.01)]",7
Edible offals (other than liver and kidney),Cypermethrin (cypermethrin including other mixtures of constituent isomers),2017-04-27,"[np.float64(0.05), np.float64(0.2)]",14
Edible offals (other than liver and kidney),Cyproconazole,2018-02-06,"[np.float64(0.5), np.float64(0.05)]",7
Edible offals (other than liver and kidney),Cyromazine,2023-08-12,"[np.float64(0.01), np.float64(0.3)]",7
Edible offals (other than liver and kidney),Deltamethrin (cis-deltamethrin),2025-07-06,"[np.float64(0.5), np.float64(0.02)]",7
Edible offals (other than liver and kidney),Diazinon,2013-04-27,"[np.float64(0.02), np.float64(0.01)]",14
Edible offals (other than liver and kidney),Dicamba,2015-06-24,"[np.float64(0.7), np.float64(0.07)]",7
Edible offals (other than liver and kidney),"Dichlorprop, its salts, esters and conjugates, expressed as dichlorprop)",2025-04-17,"[np.float64(0.7), np.float64(0.1), np.float64(0.05)]",7
Edible offals (other than liver and kidney),Dicofol,2013-04-26,"[np.float64(0.02), np.float64(0.05)]",14
Edible offals (other than liver and kidney),Difenoconazole,2024-10-28,"[np.float64(0.2), np.float64(0.1)]",7
Edible offals (other than liver and kidney),Difluoroacetic acid (DFA),2025-04-30,"[np.float64(0.3), np.float64(0.5), np.float64(0.2), np.float64(0.02)]",7
Edible offals (other than liver and kidney),Dinotefuran,2014-06-05,"[np.float64(0.1), np.float64(0.02)]",7
Edible offals (other than liver and kidney),"Emamectin B1a and its salts, expressed as emamectin B1a (free base) (R)",2024-06-11,"[np.float64(0.09), np.float64(0.01)]",14
Edible offals (other than liver and kidney),Ethephon,2017-10-20,"[np.float64(0.4), np.float64(0.08)]",7
Edible offals (other than liver and kidney),Etofenprox,2021-05-03,"[np.float64(2.0), np.float64(0.04), np.float64(1.5)]",7
Edible offals (other than liver and kidney),Famoxadone,2024-10-29,"[np.float64(0.5), np.float64(0.01)]",7
Edible offals (other than liver and kidney),Fenamiphos,2023-08-08,"[np.float64(0.02), np.float64(0.01)]",7
Edible offals (other than liver and kidney),Fenazaquin,2024-06-16,"[np.float64(0.01), np.float64(0.02)]",7
Edible offals (other than liver and kidney),Fenbuconazole,2025-08-24,"[np.float64(0.1), np.float64(0.05)]",7
Edible offals (other than liver and kidney),Fenpicoxamid  (R),2023-06-22,"[np.float64(0.02), np.float64(0.01)]",14
Edible offals (other than liver and kidney),Fenpropimorph (R),2023-10-21,"[np.float64(0.7), np.float64(0.01)]",14
Edible offals (other than liver and kidney),Fenpyroximate  (R) (F),2023-06-22,"[np.float64(0.8), np.float64(0.01)]",21
Edible offals (other than liver and kidney),Flonicamid,2024-10-28,"[np.float64(0.2), np.float64(0.1)]",7
Edible offals (other than liver and kidney),Fluazifop-P,2022-08-18,"[np.float64(0.07), np.float64(0.06), np.float64(0.04)]",7
Edible offals (other than liver and kidney),Flubendiamide,2022-05-14,"[np.float64(2.0), np.float64(0.01)]",7
Edible offals (other than liver and kidney),Fluopyram,2025-04-30,"[np.float64(0.5), np.float64(0.8), np.float64(0.3)]",7
Edible offals (other than liver and kidney),Flupyradifurone,2025-04-30,"[np.float64(0.15), np.float64(1.0), np.float64(0.01)]",7
Edible offals (other than liver and kidney),Fluroxypyr (R),2023-02-25,"[np.float64(0.3), np.float64(0.01), np.float64(0.06)]",14
Edible offals (other than liver and kidney),Flutolanil,2022-04-14,"[np.float64(0.5), np.float64(0.05)]",7
Edible offals (other than liver and kidney),Flutriafol,2024-10-29,"[np.float64(1.0), np.float64(0.03)]",7
Edible offals (other than liver and kidney),Fluvalinate resulting from the use of tau-fluvalinate,2022-02-14,"[np.float64(0.05), np.float64(0.3), np.float64(0.03)]",7
Edible offals (other than liver and kidney),Fluxapyroxad,2025-02-11,"[np.float64(0.2), np.float64(0.05)]",7
Edible offals (other than liver and kidney),Fosetyl-Al,2022-08-18,"[np.float64(8.0), np.float64(6.0), np.float64(0.5), np.float64(0.7)]",7
Edible offals (other than liver and kidney),"Glufosinatephosphinoyl]propionic acid (MPP) and N-acetyl-glufosinate (NAG), expressed as glufosinate)",2017-01-14,"[np.float64(3.0), np.float64(0.1)]",7
Edible offals (other than liver and kidney),Imazalil (any ratio of constituent isomers),2020-07-09,"[np.float64(0.02), np.float64(0.01)]",7
Edible offals (other than liver and kidney),Imazapyr,2017-04-27,"[np.float64(0.05), np.float64(0.2)]",7
Edible offals (other than liver and kidney),Isopyrazam,2019-04-25,"[np.float64(0.02), np.float64(0.01)]",7
Edible offals (other than liver and kidney),Isoxaflutole,2023-06-22,"[np.float64(0.1), np.float64(0.2)]",7
Edible offals (other than liver and kidney),Lambda-cyhalothrin (includes gamma-cyhalothrin),2025-02-11,"[np.float64(0.03), np.float64(3.0)]",7
Edible offals (other than liver and kidney),Lufenuron (any ratio of constituent isomers),2020-07-09,"[np.float64(0.7), np.float64(0.04)]",7
Edible offals (other than liver and kidney),"MCPA and MCPB (MCPA, MCPB including their salts, esters and conjugates expressed as MCPA) (R)",2014-06-05,"[np.float64(3.0), np.float64(0.5)]",28
Edible offals (other than liver and kidney),Mefentrifluconazole,2025-07-06,"[np.float64(0.1), np.float64(0.03), np.float64(0.01), np.float64(0.3)]",7
Edible offals (other than liver and kidney),Mepiquat,2025-07-06,"[np.float64(0.8), np.float64(0.05)]",7
Edible offals (other than liver and kidney),Metalaxyl and metalaxyl-M (metalaxyl including other mixtures of constituent isomers including metalaxyl-M),2025-02-11,"[np.float64(0.4), np.float64(0.05), np.float64(0.15)]",7
Edible offals (other than liver and kidney),Methoprene,2013-04-26,"[np.float64(0.1), np.float64(0.05)]",7
Edible offals (other than liver and kidney),Methoxyfenozide,2026-01-06,"[np.float64(0.2), np.float64(0.01)]",7
Edible offals (other than liver and kidney),Pendimethalin,2023-06-20,"[np.float64(0.05), np.float64(0.01)]",7
Edible offals (other than liver and kidney),Phorate,2013-04-26,"[np.float64(0.01), np.float64(0.02)]",14
Edible offals (other than liver and kidney),Phosphonic acid and its salts expressed as phosphonic acid,2025-04-29,"[np.float64(7.0), np.float64(0.5), np.float64(4.0)]",7
Edible offals (other than liver and kidney),Picloram,2021-10-10,"[np.float64(0.5), np.float64(0.01)]",7
Edible offals (other than liver and kidney),"Picloram, free and conjugated, expressed as picloram",2025-07-23,"[np.float64(0.01), np.float64(0.5)]",7
Edible offals (other than liver and kidney),Pirimicarb,2016-08-16,"[np.float64(0.05), np.float64(0.01)]",7
Edible offals (other than liver and kidney),Propamocarb,2025-07-23,"[np.float64(0.1), np.float64(0.2), np.float64(0.05)]",7
Edible offals (other than liver and kidney),Prothioconazole: prothioconazole-desthio,2024-06-05,"[np.float64(0.5), np.float64(0.1)]",7
Edible offals (other than liver and kidney),Pyridate and hydrolysable conjugates of CL 9673 expressed as pyridate),2023-04-13,"[np.float64(2.0), np.float64(0.3), np.float64(0.05)]",7
Edible offals (other than liver and kidney),Pyrimethanil,2024-05-06,"[np.float64(0.1), np.float64(0.05)]",7
Edible offals (other than liver and kidney),Quinmerac,2023-02-21,"[np.float64(0.02), np.float64(0.05), np.float64(0.07)]",7
Edible offals (other than liver and kidney),"Quizalofop and its conjugates, expressed as quizalofop (any ratio of constituent isomers))",2023-09-14,"[np.float64(0.3), np.float64(0.04), np.float64(0.1)]",7
Edible offals (other than liver and kidney),Saflufenacil,2014-07-30,"[np.float64(0.3), np.float64(0.01)]",7
Edible offals (other than liver and kidney),"Spinosad (spinosad, sum of spinosyn A and spinosyn D)",2023-02-28,"[np.float64(2.0), np.float64(3.0), np.float64(1.0)]",7
Edible offals (other than liver and kidney),Spirodiclofen,2016-11-24,"[np.float64(0.05), np.float64(0.01)]",7
Edible offals (other than liver and kidney),"Spirotetramat and spirotetramat-enol, expressed as spirotetramat",2023-06-20,"[np.float64(0.02), np.float64(0.7)]",7
Edible offals (other than liver and kidney),Spiroxamine (R),2016-04-19,"[np.float64(0.3), np.float64(0.02), np.float64(0.2)]",14
Edible offals (other than liver and kidney),Sulcotrione,2017-05-07,"[np.float64(0.015), np.float64(0.01)]",7
Edible offals (other than liver and kidney),Sulfoxaflor,2018-06-26,"[np.float64(0.6), np.float64(0.3)]",7
Edible offals (other than liver and kidney),Tebuconazole,2018-11-01,"[np.float64(0.2), np.float64(0.1)]",7
Edible offals (other than liver and kidney),Tebufenozide,2021-11-03,"[np.float64(0.05), np.float64(0.02)]",7
Edible offals (other than liver and kidney),Tefluthrin (tefluthrin including other mixtures of constituent isomers),2025-07-23,"[np.float64(0.05), np.float64(0.01)]",7
Edible offals (other than liver and kidney),"Tembotrione and its metabolite M5 (4,6-dihydroxy tembotrione), expressed as tembotrione)",2020-04-07,"[np.float64(0.01), np.float64(0.015), np.float64(0.05)]",7
Edible offals (other than liver and kidney),Tetraconazole,2023-09-26,"[np.float64(0.9), np.float64(1.5), np.float64(0.7), np.float64(0.3)]",7
Edible offals (other than liver and kidney),Thiabendazole,2024-12-11,"[np.float64(0.01), np.float64(0.1)]",7
Edible offals (other than liver and kidney),Triclopyr,2023-04-13,"[np.float64(0.08), np.float64(0.01)]",7
Edible offals (other than liver and kidney),Trifloxystrobin  (R),2019-11-18,"[np.float64(0.07), np.float64(0.04)]",14
Edible offals (other than liver and kidney),Trifloxystrobin (R),2024-12-11,"[np.float64(0.07), np.float64(0.04)]",14
Edible offals (other than liver and kidney),Triflumuron,2024-06-11,"[np.float64(0.05), np.float64(0.01)]",7
Edible offals (other than liver and kidney),"Trinexapac and its salts, expressed as trinexapac)",2017-07-11,"[np.float64(0.01), np.float64(0.05)]",7
Fat,"1,4-dimethylnaphthalene (R)",2025-04-30,"[np.float64(1.5), np.float64(0.6), np.float64(0.5), np.float64(0.3)]",14
Fat,"2,4-D",2023-02-25,"[np.float64(0.2), np.float64(0.05)]",7
Fat,Abamectin (R),2023-08-20,"[np.float64(0.01), np.float64(0.05)]",14
Fat,Acetamiprid,2025-08-20,"[np.float64(0.3), np.float64(0.02)]",7
Fat,Amidosulfuron  (R),2025-07-23,"[np.float64(0.03), np.float64(0.02)]",14
Fat,Aminopyralid,2022-05-10,"[np.float64(0.1), np.float64(0.01)]",7
Fat,"Amitraz (amitraz including the metabolites containing the 2,4 -dimethylaniline moiety expressed as amitraz)",2017-04-26,"[np.float64(0.2), np.float64(0.4), np.float64(0.05)]",7
Fat,Azoxystrobin,2025-07-23,"[np.float64(0.05), np.float64(0.01)]",7
Fat,"Bentazone and 8-hydroxy bentazone (free and conjugated), expressed as bentazone)",2021-11-02,"[np.float64(0.02), np.float64(0.03)]",7
Fat,Benzovindiflupyr,2024-06-11,"[np.float64(0.03), np.float64(0.01)]",7
Fat,"Bicyclopyrone-6-(trifluoromethyl) pyridine-3-carboxylic acid (SYN503780) and (2-(2-hydroxyethoxymethyl)-6- (trifluoromethyl)pyridine-3-carboxylic acid (CSCD686480), expressed as bicyclopyrone)",2019-04-25,"[np.float64(0.02), np.float64(0.01)]",7
Fat,Bifenthrin,2018-06-05,"[np.float64(3.0), np.float64(0.05)]",7
Fat,Bixafen (R),2023-06-22,"[np.float64(0.05), np.float64(2.0)]",14
Fat,Boscalid  (R),2022-08-18,"[np.float64(0.3), np.float64(0.07), np.float64(0.08)]",14
Fat,Captan,2019-07-11,"[np.float64(0.03), np.float64(0.06)]",7
Fat,Chlorantraniliprole,2024-06-11,"[np.float64(0.2), np.float64(0.08)]",7
Fat,Chlordecone,2021-11-13,"[np.float64(0.02), np.float64(0.03)]",7
Fat,Chlormequat,2022-08-14,"[np.float64(0.15), np.float64(0.05)]",7
Fat,Chlorotoluron,2014-08-25,"[np.float64(0.05), np.float64(0.01)]",7
Fat,Clethodim,2008-09-01,"[np.float64(0.2), np.float64(0.05)]",14
Fat,Clopyralid,2024-10-28,"[np.float64(0.05), np.float64(0.15), np.float64(0.2)]",7
Fat,Cyantraniliprole,2025-07-06,"[np.float64(0.5), np.float64(0.04)]",7
Fat,"Cycloxydim including degradation and reaction products which can be determined as 3-(3-thianyl)glutaric acid S-dioxide (BH 517-TGSO2) and/or 3-hydroxy-3-(3-thianyl)glutaric acid S-dioxide (BH 517-5-OH-TGSO2) or derivatives thereof, calculated in total as cycloxydim",2025-04-17,"[np.float64(0.2), np.float64(0.15), np.float64(0.03), np.float64(0.1)]",7
Fat,Cyfluthrin (cyfluthrin including other mixtures of constituent isomers),2023-08-16,"[np.float64(0.2), np.float64(0.01)]",7
Fat,Cypermethrin (cypermethrin including other mixtures of constituent isomers),2017-04-27,"[np.float64(2.0), np.float64(0.2), np.float64(0.1)]",14
Fat,Cyromazine,2023-08-12,"[np.float64(0.01), np.float64(0.3)]",7
Fat,Deltamethrin (cis-deltamethrin),2025-07-06,"[np.float64(0.5), np.float64(0.1)]",7
Fat,Diazinon,2013-04-27,"[np.float64(0.7), np.float64(0.01)]",14
Fat,Dicamba,2015-06-24,"[np.float64(0.07), np.float64(0.04)]",7
Fat,Dicofol,2013-04-26,"[np.float64(0.02), np.float64(0.1)]",14
Fat,Difenoconazole,2024-10-28,"[np.float64(0.05), np.float64(0.1)]",7
Fat,Difluoroacetic acid (DFA),2025-04-30,"[np.float64(0.04), np.float64(0.5), np.float64(0.2), np.float64(0.3)]",7
Fat,"Emamectin B1a and its salts, expressed as emamectin B1a (free base) (R)",2024-06-11,"[np.float64(0.01), np.float64(0.02)]",14
Fat,Etofenprox,2021-05-03,"[np.float64(1.5), np.float64(2.0), np.float64(0.04)]",7
Fat,Famoxadone,2024-10-29,"[np.float64(0.5), np.float64(0.01)]",7
Fat,Fenamiphos,2023-08-08,"[np.float64(0.01), np.float64(0.02)]",7
Fat,Fenazaquin,2024-06-16,"[np.float64(0.02), np.float64(0.01)]",7
Fat,Fenpicoxamid  (R),2023-06-22,"[np.float64(0.015), np.float64(0.01)]",14
Fat,Fenpropimorph (R),2023-10-21,"[np.float64(0.01), np.float64(0.05)]",14
Fat,Fenpyroximate  (R) (F),2023-06-22,"[np.float64(0.2), np.float64(0.01)]",21
Fat,"Fenvalerate (any ratio of constituent isomers (RR, SS, RS & SR) including esfenvalerate) (R)",2015-04-03,"[np.float64(0.2), np.float64(0.02), np.float64(0.25), np.float64(0.03)]",14
Fat,Fipronil (sum fipronil + sulfone metabolite (MB46136) expressed as fipronil),2024-02-12,"[np.float64(0.015), np.float64(0.005), np.float64(0.03)]",7
Fat,Fluazifop-P,2022-08-18,"[np.float64(0.04), np.float64(0.02)]",7
Fat,Flubendiamide,2022-05-14,"[np.float64(2.0), np.float64(0.01)]",7
Fat,Fludioxonil  (R),2022-08-10,"[np.float64(0.01), np.float64(0.02)]",14
Fat,Flumequine,2017-04-26,"[np.float64(0.3), np.float64(0.25)]",7
Fat,Fluopyram,2025-04-30,"[np.float64(0.15), np.float64(0.09), np.float64(0.07)]",7
Fat,Fluoxastrobin,2019-01-01,"[np.float64(0.05), np.float64(0.02)]",7
Fat,Flupyradifurone,2025-04-30,"[np.float64(0.2), np.float64(0.01), np.float64(0.02)]",7
Fat,Fluroxypyr (R),2023-02-25,"[np.float64(0.06), np.float64(0.04), np.float64(0.01)]",14
Fat,Flutriafol,2024-10-29,"[np.float64(0.02), np.float64(0.03)]",7
Fat,Fluvalinate resulting from the use of tau-fluvalinate,2022-02-14,"[np.float64(0.3), np.float64(0.05), np.float64(0.03)]",7
Fat,Fluxapyroxad,2025-02-11,"[np.float64(0.2), np.float64(0.05)]",7
Fat,Fosetyl-Al,2022-08-18,"[np.float64(1.5), np.float64(0.5), np.float64(0.7)]",7
Fat,"Glufosinatephosphinoyl]propionic acid (MPP) and N-acetyl-glufosinate (NAG), expressed as glufosinate)",2017-01-14,"[np.float64(0.1), np.float64(0.05)]",7
Fat,Isopyrazam,2019-04-25,"[np.float64(0.03), np.float64(0.01)]",7
Fat,Lambda-cyhalothrin (includes gamma-cyhalothrin),2025-02-11,"[np.float64(0.03), np.float64(3.0)]",7
Fat,Lufenuron (any ratio of constituent isomers),2020-07-09,"[np.float64(2.0), np.float64(0.04)]",7
Fat,"MCPA and MCPB (MCPA, MCPB including their salts, esters and conjugates expressed as MCPA) (R)",2014-06-05,"[np.float64(0.2), np.float64(0.1)]",28
Fat,Mandipropamid (any ratio of constituent isomers),2024-10-29,"[np.float64(0.02), np.float64(0.01)]",7
Fat,Mefentrifluconazole,2025-07-06,"[np.float64(0.2), np.float64(0.01), np.float64(0.4), np.float64(0.03)]",7
Fat,Mepiquat,2025-07-06,"[np.float64(0.06), np.float64(0.05)]",7
Fat,Metaflumizone,2022-08-18,"[np.float64(0.15), np.float64(0.08)]",7
Fat,Methoprene,2013-04-26,"[np.float64(0.2), np.float64(0.05)]",7
Fat,Methoxyfenozide,2026-01-06,"[np.float64(0.01), np.float64(0.3)]",7
Fat,Penconazole,2025-08-24,"[np.float64(0.01), np.float64(0.05)]",7
Fat,Pendimethalin,2023-06-20,"[np.float64(0.01), np.float64(0.2)]",7
Fat,Permethrin,2017-04-26,"[np.float64(0.05), np.float64(0.5)]",7
Fat,Phosphonic acid and its salts expressed as phosphonic acid,2025-04-29,"[np.float64(1.5), np.float64(2.0), np.float64(0.5)]",7
Fat,Phoxim,2008-09-01,"[np.float64(0.4), np.float64(0.55), np.float64(0.02), np.float64(0.7)]",7
Fat,Picloram,2021-10-10,"[np.float64(0.01), np.float64(0.2)]",7
Fat,"Picloram, free and conjugated, expressed as picloram",2025-07-23,"[np.float64(0.2), np.float64(0.01)]",7
Fat,Pirimicarb,2016-08-16,"[np.float64(0.05), np.float64(0.01)]",7
Fat,Prothioconazole: prothioconazole-desthio,2024-06-05,"[np.float64(0.01), np.float64(0.02)]",7
Fat,Pyrimethanil,2024-05-06,"[np.float64(0.1), np.float64(0.05)]",7
Fat,"Quizalofop and its conjugates, expressed as quizalofop (any ratio of constituent isomers))",2023-09-14,"[np.float64(0.02), np.float64(0.04)]",7
Fat,"Spinosad (spinosad, sum of spinosyn A and spinosyn D)",2023-02-28,"[np.float64(3.0), np.float64(2.0), np.float64(1.0)]",7
Fat,Spiroxamine (R),2016-04-19,"[np.float64(0.05), np.float64(0.02)]",14
Fat,Sulfoxaflor,2018-06-26,"[np.float64(0.1), np.float64(0.03)]",7
Fat,Tebufenozide,2021-11-03,"[np.float64(0.05), np.float64(0.02)]",7
Fat,Tefluthrin (tefluthrin including other mixtures of constituent isomers),2025-07-23,"[np.float64(0.02), np.float64(0.01), np.float64(0.05)]",7
Fat,Tetraconazole,2023-09-26,"[np.float64(0.09), np.float64(0.2), np.float64(0.07), np.float64(0.3)]",7
Fat,Thiabendazole,2024-12-11,"[np.float64(0.01), np.float64(0.1)]",7
Fat,Triclopyr,2023-04-13,"[np.float64(0.06), np.float64(0.01)]",7
Fat,Trifloxystrobin  (R),2019-11-18,"[np.float64(0.06), np.float64(0.04)]",14
Fat,Trifloxystrobin (R),2024-12-11,"[np.float64(0.04), np.float64(0.06)]",14
Fat,Triflumuron,2024-06-11,"[np.float64(0.1), np.float64(0.01)]",7
Fennel,Bromide ion,2008-09-01,"[np.float64(50.0), np.float64(400.0)]",2
Fennel,Dichlorvos,2008-09-01,"[np.float64(0.02), np.float64(0.1)]",4
Fenugreek,Bromide ion,2008-09-01,"[np.float64(50.0), np.float64(400.0)]",2
Fenugreek,Dichlorvos,2008-09-01,"[np.float64(0.02), np.float64(0.1)]",4
Figs,Bromide ion,2008-09-01,"[np.float64(10.0), np.float64(20.0)]",2
Flower pistil spices,Bromide ion,2008-09-01,"[np.float64(50.0), np.float64(400.0)]",2
Flower pistil spices,Dichlorvos,2008-09-01,"[np.float64(0.1), np.float64(0.02)]",4
Fruit spices,Bromide ion,2008-09-01,"[np.float64(50.0), np.float64(400.0)]",2
Fruit spices,Dichlorvos,2008-09-01,"[np.float64(0.02), np.float64(0.1)]",4
Gherkins,Aldrin and Dieldrin (Aldrin and dieldrin combined expressed as dieldrin),2008-09-01,"[np.float64(0.01), np.float64(0.02)]",4
Ginseng,Bromide ion,2008-09-01,"[np.float64(50.0), np.float64(70.0)]",2
Gold of pleasure seeds,Bromide ion,2008-09-01,"[np.float64(20.0), np.float64(5.0)]",2
Granate apples/pomegranates,Bromide ion,2008-09-01,"[np.float64(10.0), np.float64(50.0)]",2
Grapefruits,Bromide ion,2008-09-01,"[np.float64(30.0), np.float64(5.0)]",2
Guavas,Bromide ion,2008-09-01,"[np.float64(10.0), np.float64(20.0)]",2
HOPS,Bromide ion,2008-09-01,"[np.float64(5.0), np.float64(20.0)]",2
Hemp seeds,Bromide ion,2008-09-01,"[np.float64(5.0), np.float64(20.0)]",2
Hibiscus/roselle,Bromide ion,2008-09-01,"[np.float64(100.0), np.float64(50.0)]",2
Jambuls/jambolans,Bromide ion,2008-09-01,"[np.float64(10.0), np.float64(20.0)]",2
Juniper berry,Bromide ion,2008-09-01,"[np.float64(50.0), np.float64(400.0)]",2
Juniper berry,Dichlorvos,2008-09-01,"[np.float64(0.1), np.float64(0.02)]",4
Kaki/Japanese persimmons,Bromide ion,2008-09-01,"[np.float64(10.0), np.float64(20.0)]",2
Kapok,Bromide ion,2008-09-01,"[np.float64(20.0), np.float64(5.0)]",2
Kidney,"1,4-dimethylnaphthalene (R)",2025-04-30,"[np.float64(1.5), np.float64(3.0), np.float64(2.0)]",14
Kidney,"2,4-D",2023-02-25,"[np.float64(0.05), np.float64(5.0)]",7
Kidney,Abamectin (R),2023-08-20,"[np.float64(0.01), np.float64(0.02)]",14
Kidney,Acetamiprid,2025-08-20,"[np.float64(1.0), np.float64(0.1)]",7
Kidney,Amidosulfuron  (R),2025-07-23,"[np.float64(0.2), np.float64(0.02), np.float64(0.05)]",14
Kidney,Aminopyralid,2022-05-10,"[np.float64(1.0), np.float64(0.01)]",7
Kidney,"Amitraz (amitraz including the metabolites containing the 2,4 -dimethylaniline moiety expressed as amitraz)",2017-04-26,"[np.float64(0.2), np.float64(0.05)]",7
Kidney,Azoxystrobin,2025-07-23,"[np.float64(0.07), np.float64(0.01)]",7
Kidney,"Bentazone and 8-hydroxy bentazone (free and conjugated), expressed as bentazone)",2021-11-02,"[np.float64(0.02), np.float64(0.15)]",7
Kidney,Benzovindiflupyr,2024-06-11,"[np.float64(0.01), np.float64(0.1)]",7
Kidney,"Bicyclopyrone-6-(trifluoromethyl) pyridine-3-carboxylic acid (SYN503780) and (2-(2-hydroxyethoxymethyl)-6- (trifluoromethyl)pyridine-3-carboxylic acid (CSCD686480), expressed as bicyclopyrone)",2019-04-25,"[np.float64(0.02), np.float64(0.01)]",7
Kidney,Bifenthrin,2018-06-05,"[np.float64(0.2), np.float64(0.01)]",7
Kidney,Bixafen (R),2023-06-22,"[np.float64(0.02), np.float64(4.0)]",14
Kidney,Boscalid  (R),2022-08-18,"[np.float64(0.2), np.float64(0.05)]",14
Kidney,Captan,2019-07-11,"[np.float64(0.09), np.float64(0.03)]",7
Kidney,Chlorantraniliprole,2024-06-11,"[np.float64(0.01), np.float64(0.2)]",7
Kidney,Chlormequat,2022-08-14,"[np.float64(1.5), np.float64(2.0), np.float64(0.15)]",7
Kidney,Chlorotoluron,2014-08-25,"[np.float64(0.01), np.float64(0.05)]",7
Kidney,Clethodim,2008-09-01,"[np.float64(0.2), np.float64(0.05)]",14
Kidney,Clopyralid,2024-10-28,"[np.float64(0.05), np.float64(0.6), np.float64(2.0), np.float64(1.5)]",7
Kidney,Cyantraniliprole,2025-07-06,"[np.float64(0.15), np.float64(1.5)]",7
Kidney,"Cycloxydim including degradation and reaction products which can be determined as 3-(3-thianyl)glutaric acid S-dioxide (BH 517-TGSO2) and/or 3-hydroxy-3-(3-thianyl)glutaric acid S-dioxide (BH 517-5-OH-TGSO2) or derivatives thereof, calculated in total as cycloxydim",2025-04-17,"[np.float64(0.5), np.float64(0.8), np.float64(0.9), np.float64(0.03)]",7
Kidney,Cyflumetofen,2025-07-06,"[np.float64(0.01), np.float64(0.02)]",7
Kidney,Cyfluthrin (cyfluthrin including other mixtures of constituent isomers),2023-08-16,"[np.float64(0.01), np.float64(0.02)]",7
Kidney,Cypermethrin (cypermethrin including other mixtures of constituent isomers),2017-04-27,"[np.float64(0.2), np.float64(0.05)]",14
Kidney,Cyproconazole,2018-02-06,"[np.float64(0.05), np.float64(0.5)]",7
Kidney,Cyprodinil  (R),2023-06-22,"[np.float64(0.05), np.float64(0.02)]",14
Kidney,Cyromazine,2023-08-12,"[np.float64(0.01), np.float64(0.3)]",7
Kidney,Deltamethrin (cis-deltamethrin),2025-07-06,"[np.float64(0.02), np.float64(0.03)]",7
Kidney,Diazinon,2013-04-27,"[np.float64(0.01), np.float64(0.03)]",14
Kidney,Dicamba,2015-06-24,"[np.float64(0.7), np.float64(0.07)]",7
Kidney,"Dichlorprop, its salts, esters and conjugates, expressed as dichlorprop)",2025-04-17,"[np.float64(0.7), np.float64(0.05), np.float64(0.1)]",7
Kidney,Dicofol,2013-04-26,"[np.float64(0.02), np.float64(0.05)]",14
Kidney,Difenoconazole,2024-10-28,"[np.float64(0.2), np.float64(0.1)]",7
Kidney,Difluoroacetic acid (DFA),2025-04-30,"[np.float64(0.3), np.float64(0.5), np.float64(0.02), np.float64(0.2)]",7
Kidney,Dinotefuran,2014-06-05,"[np.float64(0.1), np.float64(0.02)]",7
Kidney,"Emamectin B1a and its salts, expressed as emamectin B1a (free base) (R)",2024-06-11,"[np.float64(0.09), np.float64(0.01)]",14
Kidney,Ethephon,2017-10-20,"[np.float64(0.4), np.float64(0.08)]",7
Kidney,Etofenprox,2021-05-03,"[np.float64(0.05), np.float64(0.07), np.float64(0.01)]",7
Kidney,Famoxadone,2024-10-29,"[np.float64(0.5), np.float64(0.01)]",7
Kidney,Fenamiphos,2023-08-08,"[np.float64(0.02), np.float64(0.01)]",7
Kidney,Fenazaquin,2024-06-16,"[np.float64(0.02), np.float64(0.01)]",7
Kidney,Fenbuconazole,2025-08-24,"[np.float64(0.1), np.float64(0.05)]",7
Kidney,Fenoxaprop-P,2008-09-01,"[np.float64(0.1), np.float64(0.05)]",7
Kidney,Fenpicoxamid  (R),2023-06-22,"[np.float64(0.01), np.float64(0.02)]",14
Kidney,Fenpropidin (R),2014-08-14,"[np.float64(0.1), np.float64(0.02), np.float64(0.05)]",14
Kidney,Fenpropimorph (R),2023-10-21,"[np.float64(0.7), np.float64(0.01)]",14
Kidney,Fenpyroximate  (R) (F),2023-06-22,"[np.float64(0.8), np.float64(0.01)]",21
Kidney,"Fenvalerate (any ratio of constituent isomers (RR, SS, RS & SR) including esfenvalerate) (R)",2015-04-03,"[np.float64(0.05), np.float64(0.02)]",14
Kidney,Flonicamid,2024-10-28,"[np.float64(0.2), np.float64(0.1)]",7
Kidney,Fluazifop-P,2022-08-18,"[np.float64(0.07), np.float64(0.06), np.float64(0.01)]",7
Kidney,Flubendiamide,2022-05-14,"[np.float64(0.01), np.float64(1.0)]",7
Kidney,Flumequine,2017-04-26,"[np.float64(1.5), np.float64(1.0)]",7
Kidney,Fluopyram,2025-04-30,"[np.float64(0.15), np.float64(0.08), np.float64(0.02)]",7
Kidney,Fluoxastrobin,2019-01-01,"[np.float64(0.1), np.float64(0.05)]",7
Kidney,Flupyradifurone,2025-04-30,"[np.float64(1.0), np.float64(0.15), np.float64(0.01)]",7
Kidney,Fluroxypyr (R),2023-02-25,"[np.float64(0.06), np.float64(0.3), np.float64(0.01)]",14
Kidney,Flutolanil,2022-04-14,"[np.float64(0.5), np.float64(0.05)]",7
Kidney,Flutriafol,2024-10-29,"[np.float64(1.0), np.float64(0.03)]",7
Kidney,Fluvalinate resulting from the use of tau-fluvalinate,2022-02-14,"[np.float64(0.01), np.float64(0.015)]",7
Kidney,Fluxapyroxad,2025-02-11,"[np.float64(0.01), np.float64(0.1)]",7
Kidney,Fosetyl-Al,2022-08-18,"[np.float64(0.5), np.float64(6.0), np.float64(8.0)]",7
Kidney,"Glufosinatephosphinoyl]propionic acid (MPP) and N-acetyl-glufosinate (NAG), expressed as glufosinate)",2017-01-14,"[np.float64(3.0), np.float64(0.1)]",7
Kidney,Glyphosate,2013-04-06,"[np.float64(0.5), np.float64(0.05), np.float64(2.0), np.float64(0.1)]",14
Kidney,Imazalil (any ratio of constituent isomers),2020-07-09,"[np.float64(0.02), np.float64(0.01)]",7
Kidney,Imazapyr,2017-04-27,"[np.float64(0.2), np.float64(0.05)]",7
Kidney,Isopyrazam,2019-04-25,"[np.float64(0.02), np.float64(0.01)]",7
Kidney,Isoxaflutole,2023-06-22,"[np.float64(0.1), np.float64(0.2)]",7
Kidney,Lambda-cyhalothrin (includes gamma-cyhalothrin),2025-02-11,"[np.float64(0.2), np.float64(0.03)]",7
Kidney,Lufenuron (any ratio of constituent isomers),2020-07-09,"[np.float64(0.15), np.float64(0.02)]",7
Kidney,"MCPA and MCPB (MCPA, MCPB including their salts, esters and conjugates expressed as MCPA) (R)",2014-06-05,"[np.float64(3.0), np.float64(0.1)]",28
Kidney,Maleic hydrazide,2021-05-03,"[np.float64(1.5), np.float64(0.02), np.float64(2.0)]",7
Kidney,Mefentrifluconazole,2025-07-06,"[np.float64(0.3), np.float64(0.1), np.float64(0.01), np.float64(0.03), np.float64(0.15)]",7
Kidney,Mepiquat,2025-07-06,"[np.float64(0.8), np.float64(0.05), np.float64(0.07)]",7
Kidney,Metalaxyl and metalaxyl-M (metalaxyl including other mixtures of constituent isomers including metalaxyl-M),2025-02-11,"[np.float64(0.15), np.float64(0.4), np.float64(0.05)]",7
Kidney,Methoxyfenozide,2026-01-06,"[np.float64(0.2), np.float64(0.01)]",7
Kidney,Pendimethalin,2023-06-20,"[np.float64(0.05), np.float64(0.01)]",7
Kidney,Phorate,2013-04-26,"[np.float64(0.01), np.float64(0.02)]",14
Kidney,Phosphonic acid and its salts expressed as phosphonic acid,2025-04-29,"[np.float64(4.0), np.float64(7.0), np.float64(0.5)]",7
Kidney,Phoxim,2008-09-01,"[np.float64(0.02), np.float64(0.05), np.float64(0.03)]",7
Kidney,Picloram,2021-10-10,"[np.float64(5.0), np.float64(0.01)]",7
Kidney,"Picloram, free and conjugated, expressed as picloram",2025-07-23,"[np.float64(5.0), np.float64(0.01)]",7
Kidney,Pirimicarb,2016-08-16,"[np.float64(0.05), np.float64(0.01)]",7
Kidney,Propamocarb,2025-07-23,"[np.float64(0.05), np.float64(0.01), np.float64(0.02)]",7
Kidney,Prothioconazole: prothioconazole-desthio,2024-06-05,"[np.float64(0.5), np.float64(0.1)]",7
Kidney,Pyrasulfotole,2008-09-01,"[np.float64(0.2), np.float64(0.01)]",7
Kidney,Pyridate and hydrolysable conjugates of CL 9673 expressed as pyridate),2023-04-13,"[np.float64(0.05), np.float64(2.0), np.float64(0.3)]",7
Kidney,Pyrimethanil,2024-05-06,"[np.float64(0.05), np.float64(0.2), np.float64(0.1)]",7
Kidney,Quinmerac,2023-02-21,"[np.float64(0.05), np.float64(0.02)]",7
Kidney,"Quizalofop and its conjugates, expressed as quizalofop (any ratio of constituent isomers))",2023-09-14,"[np.float64(0.3), np.float64(0.04), np.float64(0.1)]",7
Kidney,Saflufenacil,2014-07-30,"[np.float64(0.3), np.float64(0.01)]",7
Kidney,"Spinosad (spinosad, sum of spinosyn A and spinosyn D)",2023-02-28,"[np.float64(0.5), np.float64(1.0), np.float64(0.02)]",7
Kidney,Spirodiclofen,2016-11-24,"[np.float64(0.05), np.float64(0.01)]",7
Kidney,"Spirotetramat and spirotetramat-enol, expressed as spirotetramat",2023-06-20,"[np.float64(0.7), np.float64(0.02)]",7
Kidney,Spiroxamine (R),2016-04-19,"[np.float64(0.15), np.float64(0.02)]",14
Kidney,Sulcotrione,2017-05-07,"[np.float64(0.01), np.float64(0.015)]",7
Kidney,Sulfoxaflor,2018-06-26,"[np.float64(0.6), np.float64(0.3)]",7
Kidney,Tebuconazole,2018-11-01,"[np.float64(0.2), np.float64(0.1)]",7
Kidney,Tefluthrin (tefluthrin including other mixtures of constituent isomers),2025-07-23,"[np.float64(0.01), np.float64(0.05)]",7
Kidney,"Tembotrione and its metabolite M5 (4,6-dihydroxy tembotrione), expressed as tembotrione)",2020-04-07,"[np.float64(0.02), np.float64(0.01), np.float64(0.015)]",7
Kidney,Tetraconazole,2023-09-26,"[np.float64(0.04), np.float64(0.05), np.float64(0.06), np.float64(0.01)]",7
Kidney,Thiabendazole,2024-12-11,"[np.float64(0.01), np.float64(0.1)]",7
Kidney,Triclopyr,2023-04-13,"[np.float64(0.08), np.float64(0.01)]",7
Kidney,Triflumuron,2024-06-11,"[np.float64(0.05), np.float64(0.01)]",7
Kidney,"Trimethyl-sulfonium cation, resulting from the use of glyphosate",2008-09-01,"[np.float64(0.05), np.float64(0.1), np.float64(0.2)]",14
"Kiwi fruits (green, red, yellow)",Bromide ion,2008-09-01,"[np.float64(50.0), np.float64(10.0)]",2
Kumquats,Bromide ion,2008-09-01,"[np.float64(20.0), np.float64(10.0)]",2
Lemons,Bromide ion,2008-09-01,"[np.float64(5.0), np.float64(30.0)]",2
Lentils,2-phenylphenol (R),2018-08-08,"[np.float64(0.01), np.float64(0.02)]",4
Lentils,8-hydroxyquinoline,2023-02-22,"[np.float64(0.01), np.float64(0.02)]",2
Lentils,Acetamiprid,2025-08-20,"[np.float64(0.01), np.float64(0.15)]",2
Lentils,Aclonifen,2021-10-10,"[np.float64(0.02), np.float64(0.08)]",2
Lentils,Aminopyralid,2022-05-10,"[np.float64(0.05), np.float64(0.01)]",2
Lentils,Azadirachtin,2008-09-01,"[np.float64(1.0), np.float64(0.01)]",2
Lentils,Azoxystrobin,2025-07-23,"[np.float64(0.15), np.float64(3.0)]",2
Lentils,Beflubutamid,2014-07-06,"[np.float64(0.02), np.float64(0.01)]",2
Lentils,Benfluralin,2015-05-18,"[np.float64(0.02), np.float64(0.05)]",2
Lentils,"Bentazone and 8-hydroxy bentazone (free and conjugated), expressed as bentazone)",2021-11-02,"[np.float64(0.03), np.float64(0.05)]",2
Lentils,"Benthiavalicarb (Benthiavalicarb-isopropyl(KIF-230 R-L) and its enantiomer (KIF-230 S-D) and its diastereomers(KIF-230 S-L and KIF-230 R-D), expressed as benthiavalicarb-isopropyl)",2014-11-13,"[np.float64(0.01), np.float64(0.02)]",2
Lentils,Benzovindiflupyr,2024-06-11,"[np.float64(0.2), np.float64(0.01)]",2
Lentils,Bifenthrin,2018-06-05,"[np.float64(0.3), np.float64(0.01)]",2
Lentils,Bixafen (R),2023-06-22,"[np.float64(0.01), np.float64(0.04)]",4
Lentils,Bromide ion,2008-09-01,"[np.float64(30.0), np.float64(50.0), np.float64(5.0)]",4
Lentils,Captan,2019-07-11,"[np.float64(0.03), np.float64(0.07)]",2
Lentils,Carbaryl,2015-05-07,"[np.float64(0.01), np.float64(0.05)]",4
Lentils,Carbofuran and 3-OH carbofuran expressed as carbofuran),2015-10-03,"[np.float64(0.005), np.float64(0.01)]",4
Lentils,Carfentrazone-ethyl,2021-05-17,"[np.float64(0.05), np.float64(0.02)]",2
Lentils,Chlorantraniliprole,2024-06-11,"[np.float64(0.01), np.float64(0.3)]",2
Lentils,Chloroxuron,2015-12-30,"[np.float64(0.01), np.float64(0.02)]",2
Lentils,Cyantraniliprole,2025-07-06,"[np.float64(0.01), np.float64(0.6)]",2
Lentils,Cyazofamid,2020-07-09,"[np.float64(0.01), np.float64(0.02)]",2
Lentils,"Cycloxydim including degradation and reaction products which can be determined as 3-(3-thianyl)glutaric acid S-dioxide (BH 517-TGSO2) and/or 3-hydroxy-3-(3-thianyl)glutaric acid S-dioxide (BH 517-5-OH-TGSO2) or derivatives thereof, calculated in total as cycloxydim",2025-04-17,"[np.float64(20.0), np.float64(15.0)]",2
Lentils,Cyhalofop-butyl,2023-02-25,"[np.float64(0.02), np.float64(0.01)]",2
Lentils,Cypermethrin (cypermethrin including other mixtures of constituent isomers),2017-04-27,"[np.float64(0.05), np.float64(0.7)]",4
Lentils,Cyproconazole,2018-02-06,"[np.float64(0.05), np.float64(0.08)]",2
Lentils,Cyprodinil  (R),2023-06-22,"[np.float64(2.0), np.float64(0.2)]",4
Lentils,Cyromazine,2023-08-12,"[np.float64(0.01), np.float64(0.02)]",2
Lentils,DNOC,2015-12-30,"[np.float64(0.01), np.float64(0.02)]",2
Lentils,Deltamethrin (cis-deltamethrin),2025-07-06,"[np.float64(0.2), np.float64(1.0)]",2
Lentils,Dicloran,2015-05-13,"[np.float64(0.02), np.float64(0.01)]",2
Lentils,Difenoconazole,2024-10-28,"[np.float64(0.06), np.float64(0.05)]",2
Lentils,Difluoroacetic acid (DFA),2025-04-30,"[np.float64(1.0), np.float64(3.0)]",2
Lentils,"Dinocap (Where only meptyldinocap or its corresponding phenol are detected but none of the other components constituting dinocap (including their corresponding phenols), the MRLs and residue definition of meptyldinocap are to be applied.)",2015-05-13,"[np.float64(0.05), np.float64(0.02)]",2
Lentils,Diquat,2017-01-14,"[np.float64(0.01), np.float64(0.2)]",2
Lentils,"Emamectin B1a and its salts, expressed as emamectin B1a (free base) (R)",2024-06-11,"[np.float64(0.002), np.float64(0.005)]",4
Lentils,Fenamiphos,2023-08-08,"[np.float64(0.02), np.float64(0.01)]",2
Lentils,Flonicamid,2024-10-28,"[np.float64(0.03), np.float64(0.8)]",2
Lentils,Fluazifop-P,2022-08-18,"[np.float64(0.01), np.float64(4.0)]",2
Lentils,Fluazinam,2018-02-06,"[np.float64(0.02), np.float64(0.01)]",2
Lentils,Flubendiamide,2022-05-14,"[np.float64(1.0), np.float64(2.0)]",2
Lentils,Fludioxonil  (R),2022-08-10,"[np.float64(0.05), np.float64(0.4)]",4
Lentils,Fluometuron,2021-01-06,"[np.float64(0.01), np.float64(0.005)]",2
Lentils,Fluopyram,2025-04-30,"[np.float64(0.15), np.float64(0.5)]",2
Lentils,Fluoride ion,2023-02-21,"[np.float64(0.2), np.float64(2.0)]",2
Lentils,Flupyradifurone,2025-04-30,"[np.float64(0.4), np.float64(3.0)]",2
Lentils,Flurprimidole,2015-12-07,"[np.float64(0.01), np.float64(0.02)]",2
Lentils,Fluxapyroxad,2025-02-11,"[np.float64(0.01), np.float64(0.4)]",2
Lentils,Folpet,2023-06-19,"[np.float64(0.07), np.float64(0.03)]",2
Lentils,Forchlorfenuron,2014-11-13,"[np.float64(0.01), np.float64(0.02)]",2
Lentils,"Glufosinatephosphinoyl]propionic acid (MPP) and N-acetyl-glufosinate (NAG), expressed as glufosinate)",2017-01-14,"[np.float64(0.1), np.float64(0.03)]",2
Lentils,Glyphosate,2013-04-06,"[np.float64(0.1), np.float64(10.0)]",4
Lentils,Imazamox,2022-01-03,"[np.float64(0.2), np.float64(0.05)]",2
Lentils,Isofetamid,2024-05-06,"[np.float64(0.09), np.float64(0.01)]",2
Lentils,Lambda-cyhalothrin (includes gamma-cyhalothrin),2025-02-11,"[np.float64(0.05), np.float64(0.2)]",2
Lentils,Mefentrifluconazole,2025-07-06,"[np.float64(1.5), np.float64(0.01)]",2
Lentils,Metaldehyde,2023-09-27,"[np.float64(0.2), np.float64(0.05)]",2
Lentils,Metconazole,2016-11-24,"[np.float64(0.02), np.float64(0.15)]",2
Lentils,Methoprene,2013-04-26,"[np.float64(0.02), np.float64(0.05)]",2
Lentils,Oxamyl,2024-05-11,"[np.float64(0.01), np.float64(0.001)]",2
Lentils,Pendimethalin,2023-06-20,"[np.float64(0.15), np.float64(0.05)]",2
Lentils,Penthiopyrad,2023-08-16,"[np.float64(0.3), np.float64(0.01)]",2
Lentils,Phenothrin (phenothrin including other mixtures of constituent isomers),2015-12-30,"[np.float64(0.05), np.float64(0.02)]",2
Lentils,Phosphonic acid and its salts expressed as phosphonic acid,2025-04-29,"[np.float64(1.5), np.float64(3.0)]",2
Lentils,Picolinafen,2019-11-18,"[np.float64(0.01), np.float64(0.05)]",2
Lentils,Pirimicarb,2016-08-16,"[np.float64(0.2), np.float64(0.7)]",2
Lentils,Prohexadione (prohexadione (acid) and its salts expressed as prohexadione-calcium),2021-07-08,"[np.float64(0.02), np.float64(0.01)]",2
Lentils,Prothioconazole: prothioconazole-desthio,2024-06-05,"[np.float64(1.0), np.float64(0.01)]",2
Lentils,Pymetrozine,2021-09-02,"[np.float64(0.05), np.float64(0.02)]",2
Lentils,Pyraclostrobin,2024-02-12,"[np.float64(0.5), np.float64(0.02)]",2
Lentils,Pyrethrins,2008-09-01,"[np.float64(3.0), np.float64(1.0)]",2
Lentils,Pyrimethanil,2024-05-06,"[np.float64(0.01), np.float64(0.5)]",2
Lentils,Quinoclamine,2015-01-16,"[np.float64(0.02), np.float64(0.01)]",2
Lentils,Resmethrin (resmethrin including other mixtures of consituent isomers),2015-12-30,"[np.float64(0.01), np.float64(0.02)]",2
Lentils,"Spinosad (spinosad, sum of spinosyn A and spinosyn D)",2023-02-28,"[np.float64(0.3), np.float64(0.02)]",2
Lentils,"Spirotetramat and spirotetramat-enol, expressed as spirotetramat",2023-06-20,"[np.float64(1.5), np.float64(2.0)]",2
Lentils,Sulcotrione,2017-05-07,"[np.float64(0.01), np.float64(0.02)]",2
Lentils,Sulfosulfuron,2015-01-02,"[np.float64(0.02), np.float64(0.01)]",4
Lentils,Tebuconazole,2018-11-01,"[np.float64(0.02), np.float64(0.2)]",2
Lentils,Tolylfluanid (R),2017-04-26,"[np.float64(0.05), np.float64(0.02)]",4
Lentils,Topramezone (BAS 670H),2023-08-12,"[np.float64(0.005), np.float64(0.01)]",2
Lentils,Triazoxide,2024-05-06,"[np.float64(0.001), np.float64(0.003)]",2
Lentils,Trifloxystrobin  (R),2019-11-18,"[np.float64(0.01), np.float64(0.2)]",4
Lentils,Trifloxystrobin (R),2024-12-11,"[np.float64(0.2), np.float64(0.01)]",4
Lentils,"Trinexapac and its salts, expressed as trinexapac)",2017-07-11,"[np.float64(0.02), np.float64(0.01)]",2
Limes,Bromide ion,2008-09-01,"[np.float64(30.0), np.float64(5.0)]",2
Linseeds,Bromide ion,2008-09-01,"[np.float64(5.0), np.float64(20.0)]",2
Liquorice,Bromide ion,2008-09-01,"[np.float64(400.0), np.float64(50.0)]",2
Liquorice,Dichlorvos,2008-09-01,"[np.float64(0.02), np.float64(0.1)]",4
Liquorice,Parathion,2008-09-01,"[np.float64(0.1), np.float64(0.2)]",4
Litchis/lychees,Bromide ion,2008-09-01,"[np.float64(10.0), np.float64(50.0)]",2
Liver,"1,4-dimethylnaphthalene (R)",2025-04-30,"[np.float64(3.0), np.float64(2.0), np.float64(1.5)]",14
Liver,"2,4-D",2023-02-25,"[np.float64(5.0), np.float64(0.05)]",7
Liver,Abamectin (R),2023-08-20,"[np.float64(0.025), np.float64(0.02), np.float64(0.01)]",14
Liver,Acetamiprid,2025-08-20,"[np.float64(1.0), np.float64(0.1), np.float64(0.03)]",7
Liver,Ametoctradin (R),2022-08-14,"[np.float64(0.03), np.float64(0.04)]",14
Liver,Amidosulfuron  (R),2025-07-23,"[np.float64(0.02), np.float64(0.04)]",14
Liver,"Amitraz (amitraz including the metabolites containing the 2,4 -dimethylaniline moiety expressed as amitraz)",2017-04-26,"[np.float64(0.1), np.float64(0.05), np.float64(0.2)]",7
Liver,Azoxystrobin,2025-07-23,"[np.float64(0.07), np.float64(0.01)]",7
Liver,"Bentazone and 8-hydroxy bentazone (free and conjugated), expressed as bentazone)",2021-11-02,"[np.float64(0.05), np.float64(0.02), np.float64(0.03), np.float64(0.04)]",7
Liver,Benzovindiflupyr,2024-06-11,"[np.float64(0.1), np.float64(0.01)]",7
Liver,"Bicyclopyrone-6-(trifluoromethyl) pyridine-3-carboxylic acid (SYN503780) and (2-(2-hydroxyethoxymethyl)-6- (trifluoromethyl)pyridine-3-carboxylic acid (CSCD686480), expressed as bicyclopyrone)",2019-04-25,"[np.float64(0.02), np.float64(0.01)]",7
Liver,Bifenthrin,2018-06-05,"[np.float64(0.2), np.float64(0.01)]",7
Liver,Bixafen (R),2023-06-22,"[np.float64(4.0), np.float64(0.05)]",14
Liver,Boscalid  (R),2022-08-18,"[np.float64(0.2), np.float64(0.15), np.float64(0.05)]",14
Liver,Captan,2019-07-11,"[np.float64(0.09), np.float64(0.03)]",7
Liver,Chlorantraniliprole,2024-06-11,"[np.float64(0.2), np.float64(0.07)]",7
Liver,Chlormequat,2022-08-14,"[np.float64(1.5), np.float64(0.15)]",7
Liver,Chlorotoluron,2014-08-25,"[np.float64(0.01), np.float64(0.05)]",7
Liver,Clethodim,2008-09-01,"[np.float64(0.05), np.float64(0.2)]",14
Liver,Clofentezine,2015-06-25,"[np.float64(0.1), np.float64(0.05)]",14
Liver,Clopyralid,2024-10-28,"[np.float64(0.2), np.float64(0.05), np.float64(0.15)]",7
Liver,Cyantraniliprole,2025-07-06,"[np.float64(1.5), np.float64(0.15)]",7
Liver,"Cycloxydim including degradation and reaction products which can be determined as 3-(3-thianyl)glutaric acid S-dioxide (BH 517-TGSO2) and/or 3-hydroxy-3-(3-thianyl)glutaric acid S-dioxide (BH 517-5-OH-TGSO2) or derivatives thereof, calculated in total as cycloxydim",2025-04-17,"[np.float64(0.5), np.float64(0.03)]",7
Liver,Cyflumetofen,2025-07-06,"[np.float64(0.01), np.float64(0.02)]",7
Liver,Cyfluthrin (cyfluthrin including other mixtures of constituent isomers),2023-08-16,"[np.float64(0.01), np.float64(0.02)]",7
Liver,Cypermethrin (cypermethrin including other mixtures of constituent isomers),2017-04-27,"[np.float64(0.2), np.float64(0.05)]",14
Liver,Cyproconazole,2018-02-06,"[np.float64(0.5), np.float64(0.05)]",7
Liver,Cyprodinil  (R),2023-06-22,"[np.float64(0.05), np.float64(0.02)]",14
Liver,Cyromazine,2023-08-12,"[np.float64(0.05), np.float64(0.3)]",7
Liver,Deltamethrin (cis-deltamethrin),2025-07-06,"[np.float64(0.03), np.float64(0.02)]",7
Liver,Diazinon,2013-04-27,"[np.float64(0.03), np.float64(0.01)]",14
Liver,Dicamba,2015-06-24,"[np.float64(0.7), np.float64(0.07)]",7
Liver,"Dichlorprop, its salts, esters and conjugates, expressed as dichlorprop)",2025-04-17,"[np.float64(0.06), np.float64(0.05)]",7
Liver,Dicofol,2013-04-26,"[np.float64(0.02), np.float64(0.05)]",14
Liver,Difenoconazole,2024-10-28,"[np.float64(0.2), np.float64(0.1)]",7
Liver,Difluoroacetic acid (DFA),2025-04-30,"[np.float64(0.3), np.float64(0.4), np.float64(0.15), np.float64(0.1)]",7
Liver,Dinotefuran,2014-06-05,"[np.float64(0.02), np.float64(0.1)]",7
Liver,"Emamectin B1a and its salts, expressed as emamectin B1a (free base) (R)",2024-06-11,"[np.float64(0.09), np.float64(0.01)]",14
Liver,Ethephon,2017-10-20,"[np.float64(0.4), np.float64(0.08)]",7
Liver,Etofenprox,2021-05-03,"[np.float64(0.05), np.float64(0.06), np.float64(0.01)]",7
Liver,Famoxadone,2024-10-29,"[np.float64(0.5), np.float64(0.01)]",7
Liver,Fenamiphos,2023-08-08,"[np.float64(0.02), np.float64(0.01)]",7
Liver,Fenazaquin,2024-06-16,"[np.float64(0.02), np.float64(0.01)]",7
Liver,Fenbuconazole,2025-08-24,"[np.float64(0.1), np.float64(0.05)]",7
Liver,Fenoxaprop-P,2008-09-01,"[np.float64(0.05), np.float64(0.1)]",7
Liver,Fenpicoxamid  (R),2023-06-22,"[np.float64(0.02), np.float64(0.01)]",14
Liver,Fenpropidin (R),2014-08-14,"[np.float64(0.5), np.float64(0.2), np.float64(0.02)]",14
Liver,Fenpropimorph (R),2023-10-21,"[np.float64(0.7), np.float64(0.01)]",14
Liver,Fenpyroximate  (R) (F),2023-06-22,"[np.float64(0.8), np.float64(0.01)]",21
Liver,"Fenvalerate (any ratio of constituent isomers (RR, SS, RS & SR) including esfenvalerate) (R)",2015-04-03,"[np.float64(0.02), np.float64(0.07)]",14
Liver,Flonicamid,2024-10-28,"[np.float64(0.2), np.float64(0.1)]",7
Liver,Fluazifop-P,2022-08-18,"[np.float64(0.04), np.float64(0.03)]",7
Liver,Flubendiamide,2022-05-14,"[np.float64(1.0), np.float64(0.01)]",7
Liver,Flumequine,2017-04-26,"[np.float64(0.5), np.float64(0.8)]",7
Liver,Fluopyram,2025-04-30,"[np.float64(0.3), np.float64(0.8), np.float64(0.5)]",7
Liver,Flupyradifurone,2025-04-30,"[np.float64(1.0), np.float64(0.01), np.float64(0.1)]",7
Liver,Fluroxypyr (R),2023-02-25,"[np.float64(0.04), np.float64(0.01), np.float64(0.07)]",14
Liver,Flutolanil,2022-04-14,"[np.float64(0.5), np.float64(0.05)]",7
Liver,Flutriafol,2024-10-29,"[np.float64(1.0), np.float64(0.03)]",7
Liver,Fluxapyroxad,2025-02-11,"[np.float64(0.02), np.float64(0.1)]",7
Liver,Fosetyl-Al,2022-08-18,"[np.float64(0.5), np.float64(0.8), np.float64(1.5), np.float64(0.7)]",7
Liver,"Glufosinatephosphinoyl]propionic acid (MPP) and N-acetyl-glufosinate (NAG), expressed as glufosinate)",2017-01-14,"[np.float64(3.0), np.float64(0.1)]",7
Liver,Glyphosate,2013-04-06,"[np.float64(0.05), np.float64(0.2)]",14
Liver,Imazalil (any ratio of constituent isomers),2020-07-09,"[np.float64(0.03), np.float64(0.02), np.float64(0.01)]",7
Liver,Imazapyr,2017-04-27,"[np.float64(0.2), np.float64(0.05)]",7
Liver,Isopyrazam,2019-04-25,"[np.float64(0.02), np.float64(0.01)]",7
Liver,Isoxaflutole,2023-06-22,"[np.float64(0.1), np.float64(0.2)]",7
Liver,Lambda-cyhalothrin (includes gamma-cyhalothrin),2025-02-11,"[np.float64(0.05), np.float64(0.03)]",7
Liver,Lufenuron (any ratio of constituent isomers),2020-07-09,"[np.float64(0.15), np.float64(0.02)]",7
Liver,"MCPA and MCPB (MCPA, MCPB including their salts, esters and conjugates expressed as MCPA) (R)",2014-06-05,"[np.float64(3.0), np.float64(0.1)]",28
Liver,Maleic hydrazide,2021-05-03,"[np.float64(0.1), np.float64(0.02)]",7
Liver,Mefentrifluconazole,2025-07-06,"[np.float64(0.7), np.float64(0.01), np.float64(0.02), np.float64(0.4), np.float64(0.03)]",7
Liver,Mepiquat,2025-07-06,"[np.float64(0.07), np.float64(0.6), np.float64(0.05), np.float64(0.5)]",7
Liver,Metalaxyl and metalaxyl-M (metalaxyl including other mixtures of constituent isomers including metalaxyl-M),2025-02-11,"[np.float64(0.05), np.float64(0.06)]",7
Liver,Metazachlor,2024-05-06,"[np.float64(0.4), np.float64(0.05), np.float64(0.3), np.float64(0.15)]",7
Liver,Methoxyfenozide,2026-01-06,"[np.float64(0.2), np.float64(0.01)]",7
Liver,Pendimethalin,2023-06-20,"[np.float64(0.05), np.float64(0.01)]",7
Liver,Phorate,2013-04-26,"[np.float64(0.02), np.float64(0.01)]",14
Liver,Phosphonic acid and its salts expressed as phosphonic acid,2025-04-29,"[np.float64(0.9), np.float64(0.5)]",7
Liver,Phoxim,2008-09-01,"[np.float64(0.02), np.float64(0.05)]",7
Liver,Pirimicarb,2016-08-16,"[np.float64(0.05), np.float64(0.01)]",7
Liver,Propamocarb,2025-07-23,"[np.float64(0.05), np.float64(0.2), np.float64(0.1)]",7
Liver,Prothioconazole: prothioconazole-desthio,2024-06-05,"[np.float64(0.5), np.float64(0.1)]",7
Liver,Pyrasulfotole,2008-09-01,"[np.float64(0.01), np.float64(1.0)]",7
Liver,Pyridate and hydrolysable conjugates of CL 9673 expressed as pyridate),2023-04-13,"[np.float64(0.2), np.float64(0.1), np.float64(0.05)]",7
Liver,Pyrimethanil,2024-05-06,"[np.float64(0.05), np.float64(0.1)]",7
Liver,Quinmerac,2023-02-21,"[np.float64(0.02), np.float64(0.07), np.float64(0.05)]",7
Liver,"Quizalofop and its conjugates, expressed as quizalofop (any ratio of constituent isomers))",2023-09-14,"[np.float64(0.03), np.float64(0.04), np.float64(0.02)]",7
Liver,Saflufenacil,2014-07-30,"[np.float64(0.3), np.float64(0.01), np.float64(0.6)]",7
Liver,"Spinosad (spinosad, sum of spinosyn A and spinosyn D)",2023-02-28,"[np.float64(1.5), np.float64(2.0), np.float64(0.7), np.float64(0.2)]",7
Liver,Spirodiclofen,2016-11-24,"[np.float64(0.01), np.float64(0.05)]",7
Liver,"Spirotetramat and spirotetramat-enol, expressed as spirotetramat",2023-06-20,"[np.float64(0.7), np.float64(0.02)]",7
Liver,Spiroxamine (R),2016-04-19,"[np.float64(0.3), np.float64(0.2), np.float64(0.02)]",14
Liver,Sulfoxaflor,2018-06-26,"[np.float64(0.6), np.float64(0.3)]",7
Liver,Tebuconazole,2018-11-01,"[np.float64(0.2), np.float64(0.1)]",7
Liver,Tebufenozide,2021-11-03,"[np.float64(0.05), np.float64(0.02)]",7
Liver,Tefluthrin (tefluthrin including other mixtures of constituent isomers),2025-07-23,"[np.float64(0.01), np.float64(0.02), np.float64(0.05)]",7
Liver,"Tembotrione and its metabolite M5 (4,6-dihydroxy tembotrione), expressed as tembotrione)",2020-04-07,"[np.float64(0.01), np.float64(0.05), np.float64(0.015)]",7
Liver,Tetraconazole,2023-09-26,"[np.float64(0.7), np.float64(0.9), np.float64(0.05), np.float64(1.5)]",7
Liver,Thiabendazole,2024-12-11,"[np.float64(0.01), np.float64(0.1)]",7
Liver,Triclopyr,2023-04-13,"[np.float64(0.06), np.float64(0.01)]",7
Liver,Trifloxystrobin  (R),2019-11-18,"[np.float64(0.04), np.float64(0.07)]",14
Liver,Trifloxystrobin (R),2024-12-11,"[np.float64(0.07), np.float64(0.04)]",14
Liver,Triflumuron,2024-06-11,"[np.float64(0.05), np.float64(0.01)]",7
Liver,"Trimethyl-sulfonium cation, resulting from the use of glyphosate",2008-09-01,"[np.float64(0.05), np.float64(0.5)]",14
Liver,"Trinexapac and its salts, expressed as trinexapac)",2017-07-11,"[np.float64(0.05), np.float64(0.01)]",7
Loquats/Japanese medlars,Bromide ion,2008-09-01,"[np.float64(20.0), np.float64(5.0)]",2
Lupins/lupini beans,Bromide ion,2008-09-01,"[np.float64(5.0), np.float64(50.0)]",2
Mace,Bromide ion,2008-09-01,"[np.float64(50.0), np.float64(400.0)]",2
Mace,Dichlorvos,2008-09-01,"[np.float64(0.02), np.float64(0.1)]",4
Maize/corn,Bromide ion,2008-09-01,"[np.float64(10.0), np.float64(50.0)]",2
Maize/corn,Terbuthylazine (R),2021-11-06,"[np.float64(0.02), np.float64(0.01)]",4
Mandarins,Bromide ion,2008-09-01,"[np.float64(5.0), np.float64(30.0)]",2
Mangoes,Bromide ion,2008-09-01,"[np.float64(10.0), np.float64(50.0)]",2
Mate/maté,Bromide ion,2008-09-01,"[np.float64(100.0), np.float64(50.0)]",2
Medlars,Bromide ion,2008-09-01,"[np.float64(20.0), np.float64(5.0)]",2
Melons,Aldrin and Dieldrin (Aldrin and dieldrin combined expressed as dieldrin),2008-09-01,"[np.float64(0.01), np.float64(0.03)]",4
Muscle,"1,4-dimethylnaphthalene (R)",2025-04-30,"[np.float64(0.03), np.float64(0.3)]",14
Muscle,"2,4-D",2023-02-25,"[np.float64(0.2), np.float64(0.05)]",7
Muscle,Abamectin (R),2023-08-20,"[np.float64(0.01), np.float64(0.02)]",14
Muscle,Acetamiprid,2025-08-20,"[np.float64(0.02), np.float64(0.5)]",7
Muscle,Amidosulfuron  (R),2025-07-23,"[np.float64(0.03), np.float64(0.02)]",14
Muscle,Aminopyralid,2022-05-10,"[np.float64(0.1), np.float64(0.01)]",7
Muscle,"Bicyclopyrone-6-(trifluoromethyl) pyridine-3-carboxylic acid (SYN503780) and (2-(2-hydroxyethoxymethyl)-6- (trifluoromethyl)pyridine-3-carboxylic acid (CSCD686480), expressed as bicyclopyrone)",2019-04-25,"[np.float64(0.02), np.float64(0.01)]",7
Muscle,Bifenthrin,2018-06-05,"[np.float64(0.2), np.float64(0.05)]",7
Muscle,Bixafen (R),2023-06-22,"[np.float64(0.8), np.float64(0.02)]",14
Muscle,Boscalid  (R),2022-08-18,"[np.float64(0.01), np.float64(0.2)]",14
Muscle,Captan,2019-07-11,"[np.float64(0.09), np.float64(0.03)]",7
Muscle,Chlorantraniliprole,2024-06-11,"[np.float64(0.03), np.float64(0.02)]",7
Muscle,Chlormequat,2022-08-14,"[np.float64(0.4), np.float64(0.3), np.float64(0.05)]",7
Muscle,Chlorotoluron,2014-08-25,"[np.float64(0.02), np.float64(0.05)]",7
Muscle,Clethodim,2008-09-01,"[np.float64(0.2), np.float64(0.05)]",14
Muscle,Clopyralid,2024-10-28,"[np.float64(0.05), np.float64(0.08)]",7
Muscle,Cyantraniliprole,2025-07-06,"[np.float64(0.2), np.float64(0.02)]",7
Muscle,"Cycloxydim including degradation and reaction products which can be determined as 3-(3-thianyl)glutaric acid S-dioxide (BH 517-TGSO2) and/or 3-hydroxy-3-(3-thianyl)glutaric acid S-dioxide (BH 517-5-OH-TGSO2) or derivatives thereof, calculated in total as cycloxydim",2025-04-17,"[np.float64(0.06), np.float64(0.1), np.float64(0.03)]",7
Muscle,Cypermethrin (cypermethrin including other mixtures of constituent isomers),2017-04-27,"[np.float64(2.0), np.float64(0.2), np.float64(0.1)]",14
Muscle,Cyromazine,2023-08-12,"[np.float64(0.01), np.float64(0.3)]",7
Muscle,Deltamethrin (cis-deltamethrin),2025-07-06,"[np.float64(0.03), np.float64(0.02)]",7
Muscle,Diazinon,2013-04-27,"[np.float64(0.02), np.float64(0.01)]",14
Muscle,Dicamba,2015-06-24,"[np.float64(0.05), np.float64(0.02), np.float64(0.5)]",7
Muscle,Dicofol,2013-04-26,"[np.float64(0.02), np.float64(0.1)]",14
Muscle,Difenoconazole,2024-10-28,"[np.float64(0.05), np.float64(0.1)]",7
Muscle,Difluoroacetic acid (DFA),2025-04-30,"[np.float64(0.4), np.float64(0.15), np.float64(0.2)]",7
Muscle,Dinotefuran,2014-06-05,"[np.float64(0.1), np.float64(0.02)]",7
Muscle,Disulfoton,2013-04-26,"[np.float64(0.02), np.float64(0.01)]",14
Muscle,"Emamectin B1a and its salts, expressed as emamectin B1a (free base) (R)",2024-06-11,"[np.float64(0.005), np.float64(0.01)]",14
Muscle,Etofenprox,2021-05-03,"[np.float64(0.05), np.float64(0.06), np.float64(0.01)]",7
Muscle,Famoxadone,2024-10-29,"[np.float64(0.05), np.float64(0.01)]",7
Muscle,Fenamiphos,2023-08-08,"[np.float64(0.02), np.float64(0.01)]",7
Muscle,Fenazaquin,2024-06-16,"[np.float64(0.02), np.float64(0.01)]",7
Muscle,Fenpicoxamid  (R),2023-06-22,"[np.float64(0.015), np.float64(0.01)]",14
Muscle,Fenpropimorph (R),2023-10-21,"[np.float64(0.01), np.float64(0.03)]",14
Muscle,Fenpyroximate  (R) (F),2023-06-22,"[np.float64(0.02), np.float64(0.01)]",21
Muscle,"Fenvalerate (any ratio of constituent isomers (RR, SS, RS & SR) including esfenvalerate) (R)",2015-04-03,"[np.float64(0.02), np.float64(0.025)]",14
Muscle,Flonicamid,2024-10-28,"[np.float64(0.15), np.float64(0.1)]",7
Muscle,Flubendiamide,2022-05-14,"[np.float64(2.0), np.float64(0.01)]",7
Muscle,Fludioxonil  (R),2022-08-10,"[np.float64(0.02), np.float64(0.01)]",14
Muscle,Flumequine,2017-04-26,"[np.float64(0.2), np.float64(0.4)]",7
Muscle,Fluopyram,2025-04-30,"[np.float64(0.15), np.float64(0.1), np.float64(0.07)]",7
Muscle,Flupyradifurone,2025-04-30,"[np.float64(0.3), np.float64(0.03), np.float64(0.01)]",7
Muscle,Fluvalinate resulting from the use of tau-fluvalinate,2022-02-14,"[np.float64(0.05), np.float64(0.015), np.float64(0.01)]",7
Muscle,Fluxapyroxad,2025-02-11,"[np.float64(0.015), np.float64(0.02)]",7
Muscle,Fosetyl-Al,2022-08-18,"[np.float64(0.7), np.float64(0.5)]",7
Muscle,Lambda-cyhalothrin (includes gamma-cyhalothrin),2025-02-11,"[np.float64(0.03), np.float64(0.15), np.float64(0.02)]",7
Muscle,Lufenuron (any ratio of constituent isomers),2020-07-09,"[np.float64(0.08), np.float64(0.02)]",7
Muscle,Maleic hydrazide,2021-05-03,"[np.float64(0.05), np.float64(0.1)]",7
Muscle,Mefentrifluconazole,2025-07-06,"[np.float64(0.04), np.float64(0.06), np.float64(0.01), np.float64(0.015)]",7
Muscle,Mepiquat,2025-07-06,"[np.float64(0.09), np.float64(0.05)]",7
Muscle,Phorate,2013-04-26,"[np.float64(0.05), np.float64(0.02), np.float64(0.01)]",14
Muscle,Phosphonic acid and its salts expressed as phosphonic acid,2025-04-29,"[np.float64(0.6), np.float64(0.5)]",7
Muscle,Phoxim,2008-09-01,"[np.float64(0.02), np.float64(0.05), np.float64(0.025)]",7
Muscle,Pirimicarb,2016-08-16,"[np.float64(0.05), np.float64(0.01)]",7
Muscle,Propamocarb,2025-07-23,"[np.float64(0.01), np.float64(0.02)]",7
Muscle,Pyrimethanil,2024-05-06,"[np.float64(0.1), np.float64(0.05)]",7
Muscle,"Spinosad (spinosad, sum of spinosyn A and spinosyn D)",2023-02-28,"[np.float64(0.2), np.float64(0.3), np.float64(0.1)]",7
Muscle,"Spirotetramat and spirotetramat-enol, expressed as spirotetramat",2023-06-20,"[np.float64(0.05), np.float64(0.02)]",7
Muscle,Spiroxamine (R),2016-04-19,"[np.float64(0.03), np.float64(0.02), np.float64(0.05)]",14
Muscle,Sulfoxaflor,2018-06-26,"[np.float64(0.3), np.float64(0.1)]",7
Muscle,Tebufenozide,2021-11-03,"[np.float64(0.01), np.float64(0.05), np.float64(0.02)]",7
Muscle,Tefluthrin (tefluthrin including other mixtures of constituent isomers),2025-07-23,"[np.float64(0.01), np.float64(0.05), np.float64(0.015)]",7
Muscle,Tetraconazole,2023-09-26,"[np.float64(0.01), np.float64(0.015)]",7
Muscle,Thiabendazole,2024-12-11,"[np.float64(0.01), np.float64(0.1)]",7
Muscle,Triclopyr,2023-04-13,"[np.float64(0.06), np.float64(0.01)]",7
Muscle,Triflumuron,2024-06-11,"[np.float64(0.01), np.float64(0.05)]",7
Muscle,"Trimethyl-sulfonium cation, resulting from the use of glyphosate",2008-09-01,"[np.float64(0.05), np.float64(0.2)]",14
Mustard seeds,Bromide ion,2008-09-01,"[np.float64(20.0), np.float64(5.0)]",2
Nutmeg,Bromide ion,2008-09-01,"[np.float64(50.0), np.float64(400.0)]",2
Nutmeg,Dichlorvos,2008-09-01,"[np.float64(0.02), np.float64(0.1)]",4
Oat,Bromide ion,2008-09-01,"[np.float64(50.0), np.float64(10.0)]",2
Oil palms fruits,Bromide ion,2008-09-01,"[np.float64(5.0), np.float64(20.0)]",2
Oil palms kernels,Bromide ion,2008-09-01,"[np.float64(20.0), np.float64(5.0)]",2
Olives for oil production,Bromide ion,2008-09-01,"[np.float64(20.0), np.float64(5.0)]",2
Oranges,Bromide ion,2008-09-01,"[np.float64(5.0), np.float64(30.0)]",2
Others (2),"1,1-dichloro-2,2-bis(4-ethylphenyl)ethane",2008-09-01,"[np.float64(0.01), np.float64(0.02), np.float64(0.1)]",94
Others (2),"1,2-dibromoethane (ethylene dibromide)",2008-09-01,"[np.float64(0.01), np.float64(0.02)]",94
Others (2),"1,2-dichloroethane (ethylene dichloride)",2008-09-01,"[np.float64(0.01), np.float64(0.1), np.float64(0.02)]",94
Others (2),"1,3-Dichloropropene",2015-10-28,"[np.float64(0.01), np.float64(0.02), np.float64(0.05)]",47
Others (2),"1,4-dimethylnaphthalene (R)",2025-04-30,"[np.float64(0.05), np.float64(1.5), np.float64(0.4), np.float64(3.0), np.float64(2.0), np.float64(0.3)]",94
Others (2),1-Naphthylacetamide and 1-naphthylacetic acid,2017-01-19,"[np.float64(0.1), np.float64(0.06)]",47
Others (2),1-methylcyclopropene,2020-11-17,"[np.float64(0.01), np.float64(0.05), np.float64(0.02)]",47
Others (2),"2,4,5-T",2015-12-30,"[np.float64(0.01), np.float64(0.05), np.float64(0.02)]",47
Others (2),"2,4-D",2023-02-25,"[np.float64(0.05), np.float64(0.1), np.float64(5.0), np.float64(1.0), np.float64(0.01), np.float64(0.2)]",47
Others (2),"2,4-DB",2024-11-06,"[np.float64(0.05), np.float64(0.01), np.float64(0.02)]",47
Others (2),"2-amino-4-methoxy-6-(trifluormethyl)-1,3,5-triazine (AMTT), resulting from the use of tritosulfuron",2017-01-14,"[np.float64(0.01), np.float64(0.001)]",47
Others (2),2-naphthyloxyacetic acid,2015-12-07,"[np.float64(0.01), np.float64(0.02), np.float64(0.05)]",47
Others (2),2-phenylphenol (R),2018-08-08,"[np.float64(10.0), np.float64(0.05), np.float64(0.01), np.float64(0.02)]",94
Others (2),6-Benzyladenine,2022-05-10,"[np.float64(0.01), np.float64(0.05), np.float64(0.02)]",47
Others (2),8-hydroxyquinoline,2023-02-22,"[np.float64(0.01), np.float64(0.02), np.float64(0.05)]",47
Others (2),Abamectin (R),2023-08-20,"[np.float64(0.01), np.float64(0.05), np.float64(0.02), np.float64(0.04), np.float64(0.08), np.float64(0.1)]",94
Others (2),Acephate,2013-04-26,"[np.float64(0.02), np.float64(0.2), np.float64(0.01), np.float64(0.05)]",94
Others (2),Acequinocyl,2023-02-23,"[np.float64(0.01), np.float64(0.4), np.float64(0.05), np.float64(0.6), np.float64(0.02)]",47
Others (2),Acetamiprid,2025-08-20,"[np.float64(0.3), np.float64(0.05), np.float64(0.02), np.float64(0.9), np.float64(0.01), np.float64(0.2), np.float64(0.6), np.float64(0.8), np.float64(3.0), np.float64(2.0), np.float64(0.4), np.float64(0.15), np.float64(0.07)]",47
Others (2),Acetochlor,2015-12-07,"[np.float64(0.01), np.float64(0.05), np.float64(0.02)]",47
Others (2),"Acibenzolar-S-methyl, expressed as acibenzolar-S-methyl)",2021-11-03,"[np.float64(0.02), np.float64(0.01), np.float64(0.05), np.float64(0.15), np.float64(0.3), np.float64(0.4), np.float64(0.2)]",47
Others (2),Aclonifen,2021-10-10,"[np.float64(0.01), np.float64(0.05), np.float64(0.08), np.float64(0.8)]",47
Others (2),Acrinathrin,2024-08-12,"[np.float64(0.01), np.float64(0.02), np.float64(0.05)]",47
Others (2),Alachlor,2013-04-26,"[np.float64(0.05), np.float64(0.01), np.float64(0.02)]",47
Others (2),Aldicarb,2011-10-21,"[np.float64(0.05), np.float64(0.02), np.float64(0.01)]",94
Others (2),Aldrin and Dieldrin (Aldrin and dieldrin combined expressed as dieldrin),2008-09-01,"[np.float64(0.01), np.float64(0.2), np.float64(0.006), np.float64(0.02), np.float64(0.1), np.float64(0.03)]",188
Others (2),Ametoctradin (R),2022-08-14,"[np.float64(0.03), np.float64(0.01), np.float64(0.05), np.float64(3.0), np.float64(60.0), np.float64(9.0), np.float64(1.5), np.float64(40.0)]",94
Others (2),Amidosulfuron  (R),2025-07-23,"[np.float64(0.01), np.float64(0.05), np.float64(0.02), np.float64(0.07)]",94
Others (2),Aminopyralid,2022-05-10,"[np.float64(0.05), np.float64(0.02), np.float64(0.01)]",47
Others (2),Amisulbrom,2022-05-14,"[np.float64(0.01), np.float64(0.05), np.float64(0.02)]",47
Others (2),"Amitraz (amitraz including the metabolites containing the 2,4 -dimethylaniline moiety expressed as amitraz)",2017-04-26,"[np.float64(0.05), np.float64(0.1), np.float64(0.01)]",47
Others (2),Amitrole,2020-05-18,"[np.float64(0.01), np.float64(0.02), np.float64(0.05)]",47
Others (2),Anilazine,2013-04-26,"[np.float64(0.01), np.float64(0.05), np.float64(0.02)]",47
Others (2),Anthraquinone,2015-05-18,"[np.float64(0.01), np.float64(0.02)]",47
Others (2),Aramite,2008-09-01,"[np.float64(0.01), np.float64(0.1)]",94
Others (2),Asulam,2015-05-13,"[np.float64(0.02), np.float64(0.1), np.float64(0.05)]",47
Others (2),Atrazine,2016-10-13,"[np.float64(0.1), np.float64(0.05)]",47
Others (2),Azadirachtin,2008-09-01,"[np.float64(0.01), np.float64(1.0)]",47
Others (2),Azimsulfuron,2024-08-12,"[np.float64(0.01), np.float64(0.02), np.float64(0.05)]",47
Others (2),Azinphos-ethyl,2008-09-01,"[np.float64(0.02), np.float64(0.01), np.float64(0.05)]",94
Others (2),Azinphos-methyl,2021-05-25,"[np.float64(0.01), np.float64(0.02), np.float64(0.5), np.float64(0.05)]",47
Others (2),Azocyclotin and Cyhexatin,2013-04-26,"[np.float64(0.01), np.float64(0.05), np.float64(0.02)]",94
Others (2),Azoxystrobin,2025-07-23,"[np.float64(0.01), np.float64(1.0), np.float64(10.0), np.float64(15.0), np.float64(3.0), np.float64(0.15), np.float64(0.3), np.float64(0.05), np.float64(60.0), np.float64(5.0), np.float64(2.0), np.float64(6.0), np.float64(70.0)]",47
Others (2),Barban,2015-12-30,"[np.float64(0.01), np.float64(0.02), np.float64(0.05)]",47
Others (2),Beflubutamid,2014-07-06,"[np.float64(0.01), np.float64(0.02), np.float64(0.05)]",47
Others (2),Benalaxyl including other mixtures of constituent isomers including benalaxyl-M,2023-08-08,"[np.float64(0.05), np.float64(0.01), np.float64(0.02)]",47
Others (2),Benfluralin,2015-05-18,"[np.float64(0.1), np.float64(0.02), np.float64(0.05)]",47
Others (2),Bensulfuron-methyl,2018-08-08,"[np.float64(0.01), np.float64(0.05), np.float64(0.02)]",47
Others (2),"Bentazone and 8-hydroxy bentazone (free and conjugated), expressed as bentazone)",2021-11-02,"[np.float64(0.03), np.float64(0.1), np.float64(0.15), np.float64(0.02), np.float64(0.3), np.float64(10.0)]",47
Others (2),"Benthiavalicarb (Benthiavalicarb-isopropyl(KIF-230 R-L) and its enantiomer (KIF-230 S-D) and its diastereomers(KIF-230 S-L and KIF-230 R-D), expressed as benthiavalicarb-isopropyl)",2014-11-13,"[np.float64(0.02), np.float64(0.01), np.float64(0.05)]",47
Others (2),Benzovindiflupyr,2024-06-11,"[np.float64(0.01), np.float64(0.2), np.float64(0.02), np.float64(0.05), np.float64(1.0), np.float64(0.08)]",47
Others (2),"Bicyclopyrone-6-(trifluoromethyl) pyridine-3-carboxylic acid (SYN503780) and (2-(2-hydroxyethoxymethyl)-6- (trifluoromethyl)pyridine-3-carboxylic acid (CSCD686480), expressed as bicyclopyrone)",2019-04-25,"[np.float64(0.02), np.float64(0.01)]",47
Others (2),Bifenazate,2024-10-14,"[np.float64(0.02), np.float64(0.01), np.float64(0.05)]",47
Others (2),Bifenox,2015-10-28,"[np.float64(0.01), np.float64(0.05), np.float64(0.02)]",47
Others (2),Bifenthrin,2018-06-05,"[np.float64(0.02), np.float64(0.05), np.float64(0.01), np.float64(0.1), np.float64(0.03), np.float64(0.4), np.float64(0.3), np.float64(1.0), np.float64(0.2)]",47
Others (2),Biphenyl,2011-10-05,"[np.float64(0.01), np.float64(0.05), np.float64(0.1)]",47
Others (2),Bispyribac,2024-05-06,"[np.float64(0.01), np.float64(0.02), np.float64(0.05)]",47
Others (2),Bitertanol,2017-11-03,"[np.float64(0.01), np.float64(0.02), np.float64(0.05)]",47
Others (2),Bixafen (R),2023-06-22,"[np.float64(0.01), np.float64(0.02), np.float64(0.05), np.float64(0.04), np.float64(0.2), np.float64(0.06), np.float64(0.09), np.float64(0.9)]",94
Others (2),Boscalid  (R),2022-08-18,"[np.float64(0.9), np.float64(0.05), np.float64(0.01), np.float64(2.0), np.float64(0.15), np.float64(0.5), np.float64(3.0), np.float64(0.02), np.float64(0.06), np.float64(9.0), np.float64(4.0), np.float64(50.0), np.float64(10.0), np.float64(5.0), np.float64(15.0), np.float64(0.4)]",94
Others (2),Bromide ion,2008-09-01,"[np.float64(50.0), np.float64(5.0), np.float64(400.0), np.float64(30.0), np.float64(0.05), np.float64(20.0), np.float64(70.0), np.float64(10.0), np.float64(100.0)]",94
Others (2),Bromophos-ethyl,2015-12-30,"[np.float64(0.01), np.float64(0.05), np.float64(0.02)]",47
Others (2),Bromopropylate,2023-10-21,"[np.float64(0.01), np.float64(0.05), np.float64(0.02)]",47
Others (2),"Bromoxynil and its salts, expressed as bromoxynil",2023-08-08,"[np.float64(0.05), np.float64(0.01), np.float64(0.02)]",47
Others (2),Bromuconazole,2019-08-13,"[np.float64(0.01), np.float64(0.02), np.float64(0.05)]",47
Others (2),Bupirimate,2015-06-25,"[np.float64(0.05), np.float64(0.3), np.float64(1.0), np.float64(1.5)]",47
Others (2),Bupirimate (R) (F),2021-05-17,"[np.float64(0.01), np.float64(0.7), np.float64(0.05), np.float64(0.02), np.float64(1.5), np.float64(0.3), np.float64(2.0)]",141
Others (2),Buprofezin,2019-08-13,"[np.float64(0.01), np.float64(0.05), np.float64(0.02)]",47
Others (2),Butralin,2014-08-25,"[np.float64(0.01), np.float64(0.05), np.float64(0.02)]",47
Others (2),Butylate,2013-04-26,"[np.float64(0.01), np.float64(0.05), np.float64(0.02)]",47
Others (2),Camphechlor (Toxaphene) (R),2015-12-30,"[np.float64(0.01), np.float64(0.02), np.float64(0.05)]",94
Others (2),Captafol,2013-04-26,"[np.float64(0.01), np.float64(0.02), np.float64(0.1), np.float64(0.05)]",47
Others (2),Captan,2019-07-11,"[np.float64(0.03), np.float64(0.1), np.float64(0.07), np.float64(0.06), np.float64(10.0)]",47
Others (2),Carbaryl,2015-05-07,"[np.float64(0.02), np.float64(0.01), np.float64(0.05), np.float64(0.1), np.float64(0.5), np.float64(0.8)]",94
Others (2),Carbendazim and benomyl,2012-01-01,"[np.float64(0.1), np.float64(0.05), np.float64(0.2), np.float64(0.01)]",94
Others (2),Carbetamide,2024-04-25,"[np.float64(0.01), np.float64(0.05), np.float64(0.02)]",47
Others (2),Carbofuran and 3-OH carbofuran expressed as carbofuran),2015-10-03,"[np.float64(0.01), np.float64(0.05), np.float64(0.001), np.float64(0.003), np.float64(0.002), np.float64(0.02), np.float64(0.005)]",94
Others (2),"Carboxin (carboxin plus its metabolites carboxin sulfoxide and oxycarboxin (carboxin sulfone), expressed as carboxin)",2024-04-25,"[np.float64(0.03), np.float64(0.1), np.float64(0.05), np.float64(0.06)]",47
Others (2),Carfentrazone-ethyl,2021-05-17,"[np.float64(0.02), np.float64(0.05), np.float64(0.04), np.float64(0.1), np.float64(0.01)]",47
Others (2),Carfentrazone-ethyl (determined as carfentrazone and expressed as carfentrazone-ethyl),2008-09-01,"[np.float64(0.01), np.float64(0.02), np.float64(0.05)]",47
Others (2),Chlorantraniliprole,2024-06-11,"[np.float64(1.0), np.float64(0.6), np.float64(0.05), np.float64(0.01), np.float64(0.2), np.float64(0.02), np.float64(0.06), np.float64(20.0), np.float64(0.7), np.float64(0.4), np.float64(0.5), np.float64(0.03), np.float64(0.3), np.float64(1.5)]",47
Others (2),Chlorate,2020-06-28,"[np.float64(0.1), np.float64(0.05), np.float64(0.08), np.float64(0.7), np.float64(0.07), np.float64(0.15), np.float64(0.2), np.float64(0.06), np.float64(0.3), np.float64(0.35), np.float64(0.25)]",47
Others (2),Chlorbenside,2008-09-01,"[np.float64(0.01), np.float64(0.1), np.float64(0.05)]",94
Others (2),Chlorbufam,2015-12-30,"[np.float64(0.01), np.float64(0.05), np.float64(0.02)]",47
Others (2),Chlordane (R),2008-09-01,"[np.float64(0.01), np.float64(0.02), np.float64(0.05), np.float64(0.002), np.float64(0.005)]",188
Others (2),Chlordecone,2021-11-13,"[np.float64(0.02), np.float64(0.01)]",47
Others (2),Chlorfenapyr,2013-04-26,"[np.float64(0.01), np.float64(0.05), np.float64(0.02)]",94
Others (2),Chlorfenson,2008-09-01,"[np.float64(0.01), np.float64(0.05), np.float64(0.1)]",94
Others (2),Chlorfenvinphos,2014-06-06,"[np.float64(0.01), np.float64(0.05), np.float64(0.02)]",47
Others (2),Chloridazon,2023-10-21,"[np.float64(0.03), np.float64(0.04), np.float64(0.1), np.float64(0.02)]",47
Others (2),Chlormequat,2022-08-14,"[np.float64(0.01), np.float64(0.05), np.float64(0.15), np.float64(0.5)]",47
Others (2),Chlorobenzilate,2008-09-01,"[np.float64(0.02), np.float64(0.1)]",94
Others (2),Chloropicrin,2015-12-07,"[np.float64(0.01), np.float64(0.005), np.float64(0.025)]",47
Others (2),Chlorothalonil,2021-09-02,"[np.float64(0.05), np.float64(0.01), np.float64(0.02)]",47
Others (2),Chlorotoluron,2014-08-25,"[np.float64(0.01), np.float64(0.05), np.float64(0.02)]",47
Others (2),Chloroxuron,2015-12-30,"[np.float64(0.05), np.float64(0.02), np.float64(0.01)]",47
Others (2),Chlorpropham,2026-01-06,"[np.float64(0.01), np.float64(0.05), np.float64(0.02)]",47
Others (2),Chlorpropham (R),2023-09-14,"[np.float64(0.01), np.float64(0.05), np.float64(0.02)]",94
Others (2),Chlorsulfuron,2023-08-08,"[np.float64(0.05), np.float64(0.01), np.float64(0.02)]",47
Others (2),Chlorthal-dimethyl,2013-04-26,"[np.float64(0.05), np.float64(0.01), np.float64(0.02)]",47
Others (2),Chlorthiamid,2013-04-26,"[np.float64(0.01), np.float64(0.05), np.float64(0.02)]",47
Others (2),Chlozolinate,2015-12-30,"[np.float64(0.01), np.float64(0.02), np.float64(0.05)]",47
Others (2),Chromafenozide,2021-01-06,"[np.float64(0.01), np.float64(0.05), np.float64(0.02)]",47
Others (2),Cinidon-ethyl,2017-08-23,"[np.float64(0.1), np.float64(0.05)]",47
Others (2),Clethodim,2008-09-01,"[np.float64(0.5), np.float64(0.1), np.float64(0.05), np.float64(0.2), np.float64(1.0)]",94
Others (2),"Clodinafop and its S-isomers and their salts, expressed as clodinafop",2014-03-06,"[np.float64(0.1), np.float64(0.02), np.float64(0.05)]",47
Others (2),Clofentezine,2015-06-25,"[np.float64(0.05), np.float64(0.5), np.float64(0.02), np.float64(0.3)]",94
Others (2),Clomazone,2019-01-01,"[np.float64(0.01), np.float64(0.05), np.float64(0.02), np.float64(0.15)]",47
Others (2),Clopyralid,2024-10-28,"[np.float64(0.5), np.float64(1.0), np.float64(3.0), np.float64(5.0), np.float64(0.05), np.float64(2.0)]",47
Others (2),Clothianidin,2026-03-07,"[np.float64(0.01), np.float64(0.02), np.float64(0.05)]",47
Others (2),Copper compounds (Copper),2008-09-01,"[np.float64(20.0), np.float64(30.0), np.float64(40.0), np.float64(5.0), np.float64(100.0), np.float64(2.0), np.float64(10.0)]",47
Others (2),Cyantraniliprole,2025-07-06,"[np.float64(0.01), np.float64(0.05), np.float64(4.0), np.float64(0.4), np.float64(15.0), np.float64(0.3), np.float64(0.02), np.float64(0.9), np.float64(0.8), np.float64(0.15), np.float64(1.5), np.float64(20.0), np.float64(0.6), np.float64(0.2), np.float64(0.04), np.float64(2.0), np.float64(30.0)]",47
Others (2),Cyazofamid,2020-07-09,"[np.float64(0.01), np.float64(0.02), np.float64(0.05), np.float64(0.15), np.float64(0.2), np.float64(1.5)]",47
Others (2),Cyclanilide,2014-07-06,"[np.float64(0.1), np.float64(0.01), np.float64(0.05)]",47
Others (2),Cyclaniliprole,2019-01-01,"[np.float64(0.01), np.float64(0.05), np.float64(0.02)]",47
Others (2),"Cycloxydim including degradation and reaction products which can be determined as 3-(3-thianyl)glutaric acid S-dioxide (BH 517-TGSO2) and/or 3-hydroxy-3-(3-thianyl)glutaric acid S-dioxide (BH 517-5-OH-TGSO2) or derivatives thereof, calculated in total as cycloxydim",2025-04-17,"[np.float64(0.09), np.float64(0.1), np.float64(0.02), np.float64(2.0), np.float64(0.9), np.float64(0.06), np.float64(9.0), np.float64(0.15), np.float64(0.4), np.float64(20.0), np.float64(3.0), np.float64(1.0), np.float64(0.8), np.float64(0.3)]",47
Others (2),"Cyflufenamid and its E-isomer, expressed as cyflufenamid) (R)",2022-04-14,"[np.float64(0.02), np.float64(0.01), np.float64(0.05), np.float64(0.06)]",94
Others (2),Cyflumetofen,2025-07-06,"[np.float64(0.01), np.float64(0.05), np.float64(0.02), np.float64(0.5), np.float64(0.4)]",47
Others (2),Cyfluthrin (cyfluthrin including other mixtures of constituent isomers),2023-08-16,"[np.float64(0.01), np.float64(0.3), np.float64(0.05), np.float64(0.03), np.float64(0.02)]",47
Others (2),Cyhalofop-butyl,2023-02-25,"[np.float64(0.02), np.float64(0.01), np.float64(0.1), np.float64(0.05)]",47
Others (2),Cymoxanil,2023-02-25,"[np.float64(0.01), np.float64(0.1), np.float64(0.4), np.float64(0.08), np.float64(0.02)]",47
Others (2),Cypermethrin (cypermethrin including other mixtures of constituent isomers),2017-04-27,"[np.float64(1.0), np.float64(0.1), np.float64(0.2), np.float64(0.3), np.float64(0.05), np.float64(0.5), np.float64(2.0), np.float64(0.7)]",94
Others (2),Cyproconazole,2018-02-06,"[np.float64(0.05), np.float64(0.1), np.float64(0.08)]",47
Others (2),Cyprodinil  (R),2023-06-22,"[np.float64(3.0), np.float64(0.02), np.float64(0.1), np.float64(1.5), np.float64(15.0), np.float64(0.5), np.float64(2.0), np.float64(40.0), np.float64(0.2), np.float64(0.04), np.float64(0.6)]",94
Others (2),Cyromazine,2023-08-12,"[np.float64(0.01), np.float64(0.1), np.float64(0.02), np.float64(0.05), np.float64(0.3)]",47
Others (2),DDT expressed as DDT),2023-02-14,"[np.float64(0.04), np.float64(0.05), np.float64(1.0), np.float64(0.5)]",94
Others (2),DNOC,2015-12-30,"[np.float64(0.02), np.float64(0.01), np.float64(0.05)]",47
Others (2),Dalapon,2008-09-01,"[np.float64(0.05), np.float64(0.1)]",47
Others (2),"Daminozide, expressed as daminozide)",2017-04-26,"[np.float64(0.06), np.float64(0.1)]",47
Others (2),Dazomet (Methylisothiocyanate resulting from the use of dazomet and metam),2016-01-25,"[np.float64(0.02), np.float64(0.03), np.float64(0.1), np.float64(0.15)]",47
Others (2),Deltamethrin (cis-deltamethrin),2025-07-06,"[np.float64(0.1), np.float64(0.02), np.float64(0.01), np.float64(1.5), np.float64(0.05), np.float64(0.2), np.float64(9.0), np.float64(0.5), np.float64(0.6), np.float64(0.3), np.float64(0.08)]",47
Others (2),Denatonium benzoate,2024-04-08,"[np.float64(0.01), np.float64(0.05), np.float64(0.02)]",47
Others (2),Desmedipham,2024-08-12,"[np.float64(0.01), np.float64(0.02), np.float64(0.05)]",47
Others (2),Di-allate,2015-12-30,"[np.float64(0.01), np.float64(0.05), np.float64(0.02)]",47
Others (2),Diazinon,2013-04-27,"[np.float64(0.01), np.float64(0.5), np.float64(0.02), np.float64(0.05), np.float64(5.0), np.float64(0.1)]",94
Others (2),Dicamba,2015-06-24,"[np.float64(0.05), np.float64(0.3), np.float64(0.5), np.float64(0.2), np.float64(40.0), np.float64(4.0)]",47
Others (2),Dichlobenil,2021-11-06,"[np.float64(0.01), np.float64(0.05), np.float64(0.02)]",47
Others (2),"Dichlorprop, its salts, esters and conjugates, expressed as dichlorprop)",2025-04-17,"[np.float64(0.02), np.float64(0.05), np.float64(0.1), np.float64(0.01), np.float64(0.3)]",47
Others (2),Dichlorvos,2008-09-01,"[np.float64(0.01), np.float64(0.02), np.float64(0.1)]",188
Others (2),Dicloran,2015-05-13,"[np.float64(0.01), np.float64(0.05), np.float64(0.02)]",47
Others (2),Dicofol,2013-04-26,"[np.float64(0.05), np.float64(0.1), np.float64(0.02)]",94
Others (2),"Didecyldimethylammonium chloride (mixture of alkyl-quaternary ammonium salts with alkyl chain lengths of C8, C10 and C12)",2023-09-14,"[np.float64(0.05), np.float64(0.1)]",47
Others (2),Diethofencarb,2024-08-12,"[np.float64(0.01), np.float64(0.02), np.float64(0.05)]",47
Others (2),Difenacoum,2024-08-12,"[np.float64(0.01), np.float64(0.05), np.float64(0.02)]",47
Others (2),Difenoconazole,2024-10-28,"[np.float64(0.1), np.float64(0.3), np.float64(2.0), np.float64(0.8), np.float64(20.0), np.float64(0.2), np.float64(0.05), np.float64(0.6), np.float64(0.4), np.float64(0.005), np.float64(3.0), np.float64(0.06), np.float64(4.0), np.float64(0.5), np.float64(0.08)]",47
Others (2),Diflubenzuron  (R),2019-08-13,"[np.float64(0.01), np.float64(0.02), np.float64(0.05)]",94
Others (2),Diflufenican,2017-04-26,"[np.float64(0.01), np.float64(0.05), np.float64(0.02)]",47
Others (2),Difluoroacetic acid (DFA),2025-04-30,"[np.float64(0.02), np.float64(0.03), np.float64(0.7), np.float64(0.3), np.float64(0.1), np.float64(0.5), np.float64(0.09), np.float64(0.04), np.float64(0.15), np.float64(0.05), np.float64(0.2), np.float64(0.4), np.float64(3.0), np.float64(0.07)]",47
Others (2),Dimethachlor,2018-08-08,"[np.float64(0.01), np.float64(0.05), np.float64(0.02)]",47
Others (2),Dimethenamid including other mixtures of constituent isomers including dimethenamid-P,2019-11-18,"[np.float64(0.01), np.float64(0.05)]",47
Others (2),Dimethipin,2013-04-26,"[np.float64(0.1), np.float64(0.05)]",47
Others (2),Dimethoate,2021-09-02,"[np.float64(0.01), np.float64(0.02), np.float64(0.05)]",47
Others (2),Dimethomorph,2021-05-25,"[np.float64(0.05), np.float64(0.01), np.float64(0.02), np.float64(0.5), np.float64(10.0), np.float64(0.15), np.float64(3.0), np.float64(1.0), np.float64(30.0), np.float64(4.0), np.float64(0.6)]",47
Others (2),Dimoxystrobin  (R),2016-01-21,"[np.float64(0.01), np.float64(0.03), np.float64(0.05), np.float64(0.02)]",94
Others (2),Diniconazole,2014-07-06,"[np.float64(0.02), np.float64(0.01), np.float64(0.05)]",47
Others (2),"Dinocap (Where only meptyldinocap or its corresponding phenol are detected but none of the other components constituting dinocap (including their corresponding phenols), the MRLs and residue definition of meptyldinocap are to be applied.)",2015-05-13,"[np.float64(0.02), np.float64(0.05), np.float64(0.1), np.float64(0.03)]",47
Others (2),Dinoseb,2015-12-30,"[np.float64(0.02), np.float64(0.1), np.float64(0.05)]",47
Others (2),Dinotefuran,2014-06-05,"[np.float64(0.02), np.float64(0.1)]",47
Others (2),Dinoterb,2015-12-30,"[np.float64(0.02), np.float64(0.05), np.float64(0.01)]",47
Others (2),Dioxathion,2015-12-30,"[np.float64(0.01), np.float64(0.02), np.float64(0.05)]",47
Others (2),Diquat,2017-01-14,"[np.float64(0.2), np.float64(0.01), np.float64(0.02), np.float64(0.05)]",47
Others (2),Disulfoton,2013-04-26,"[np.float64(0.01), np.float64(0.02), np.float64(0.05)]",94
Others (2),Dithianon,2024-12-05,"[np.float64(0.01), np.float64(1.0), np.float64(3.0), np.float64(0.02), np.float64(2.0)]",47
Others (2),"Dithiocarbamates (dithiocarbamates expressed as CS2, including maneb, mancozeb, metiram, propineb, thiram and ziram)",2017-02-23,"[np.float64(0.05), np.float64(5.0), np.float64(0.1), np.float64(0.5), np.float64(1.5), np.float64(1.0), np.float64(2.0)]",94
Others (2),Diuron,2024-04-08,"[np.float64(0.01), np.float64(0.05), np.float64(0.02)]",47
Others (2),Dodine,2022-08-14,"[np.float64(0.01), np.float64(0.05), np.float64(0.02), np.float64(1.5), np.float64(0.9)]",47
Others (2),EPTC (ethyl dipropylthiocarbamate),2011-10-21,"[np.float64(0.02), np.float64(0.01), np.float64(0.05)]",47
Others (2),"Emamectin B1a and its salts, expressed as emamectin B1a (free base) (R)",2024-06-11,"[np.float64(0.01), np.float64(0.002), np.float64(0.2), np.float64(0.005), np.float64(0.004), np.float64(0.02), np.float64(0.007), np.float64(0.003), np.float64(0.6), np.float64(2.0), np.float64(0.008)]",94
Others (2),Endosulfan,2011-10-21,"[np.float64(0.05), np.float64(0.1), np.float64(1.0), np.float64(5.0), np.float64(0.5)]",94
Others (2),Endrin,2008-09-01,"[np.float64(0.01), np.float64(0.05), np.float64(0.1), np.float64(0.005), np.float64(0.001)]",94
Others (2),Epoxiconazole,2023-08-08,"[np.float64(0.01), np.float64(0.05), np.float64(0.002), np.float64(0.02)]",47
Others (2),Ethametsulfuron-methyl,2011-08-14,"[np.float64(0.01), np.float64(0.02)]",47
Others (2),Ethephon,2017-10-20,"[np.float64(0.1), np.float64(0.05)]",47
Others (2),Ethion,2011-10-21,"[np.float64(0.01), np.float64(0.05), np.float64(0.02), np.float64(0.3), np.float64(3.0), np.float64(5.0)]",94
Others (2),Ethirimol (R) (F),2021-05-21,"[np.float64(0.01), np.float64(0.05), np.float64(0.07), np.float64(0.02), np.float64(2.0), np.float64(0.15)]",141
Others (2),Ethofumesate,2017-07-11,"[np.float64(0.1), np.float64(0.03), np.float64(15.0), np.float64(0.6), np.float64(0.05)]",47
Others (2),Ethoprophos,2021-09-02,"[np.float64(0.02), np.float64(0.01)]",47
Others (2),Ethoxyquin,2015-01-16,"[np.float64(0.1), np.float64(0.05)]",47
Others (2),Ethoxysulfuron,2019-08-13,"[np.float64(0.01), np.float64(0.05), np.float64(0.02)]",47
Others (2),Ethylene oxide,2015-12-30,"[np.float64(0.1), np.float64(0.02), np.float64(0.05)]",47
Others (2),Etofenprox,2021-05-03,"[np.float64(0.05), np.float64(0.01), np.float64(0.4), np.float64(1.5), np.float64(0.04), np.float64(0.015), np.float64(3.0)]",47
Others (2),Etoxazole,2024-04-08,"[np.float64(0.01), np.float64(0.02), np.float64(0.05)]",47
Others (2),Etridiazole,2024-08-12,"[np.float64(0.01), np.float64(0.05), np.float64(0.02)]",47
Others (2),Famoxadone,2024-10-29,"[np.float64(0.01), np.float64(0.03), np.float64(0.05), np.float64(0.02)]",47
Others (2),Fenamidone,2021-09-02,"[np.float64(0.01), np.float64(0.02), np.float64(0.05)]",47
Others (2),Fenamiphos,2023-08-08,"[np.float64(0.01), np.float64(0.02), np.float64(0.05), np.float64(0.005)]",47
Others (2),Fenarimol,2014-10-17,"[np.float64(0.05), np.float64(0.02), np.float64(0.2), np.float64(0.1)]",94
Others (2),Fenazaquin,2024-06-16,"[np.float64(0.02), np.float64(0.05), np.float64(0.01), np.float64(0.3), np.float64(0.15)]",47
Others (2),Fenbuconazole,2025-08-24,"[np.float64(0.01), np.float64(0.05), np.float64(0.02), np.float64(0.5), np.float64(0.6)]",47
Others (2),Fenbutatin oxide,2019-08-13,"[np.float64(0.05), np.float64(0.01), np.float64(0.02)]",47
Others (2),Fenchlorphos,2008-09-01,"[np.float64(0.01), np.float64(0.1)]",94
Others (2),Fenhexamid,2023-06-22,"[np.float64(0.01), np.float64(50.0), np.float64(0.05), np.float64(3.0), np.float64(0.02), np.float64(15.0), np.float64(1.0)]",47
Others (2),Fenitrothion,2013-04-26,"[np.float64(0.01), np.float64(0.05), np.float64(1.0), np.float64(0.02), np.float64(7.0)]",94
Others (2),Fenoxaprop-P,2008-09-01,"[np.float64(0.1), np.float64(0.05), np.float64(0.01)]",47
Others (2),Fenoxycarb,2024-08-12,"[np.float64(0.01), np.float64(0.05), np.float64(0.02)]",47
Others (2),Fenpicoxamid  (R),2023-06-22,"[np.float64(0.01), np.float64(0.02), np.float64(0.05), np.float64(0.015)]",94
Others (2),Fenpropathrin,2008-09-01,"[np.float64(0.01), np.float64(0.02), np.float64(2.0)]",47
Others (2),Fenpropidin (R),2014-08-14,"[np.float64(0.02), np.float64(0.05), np.float64(0.01)]",94
Others (2),Fenpropimorph (R),2023-10-21,"[np.float64(0.01), np.float64(0.05), np.float64(0.02)]",94
Others (2),Fenpyrazamine,2019-08-13,"[np.float64(0.01), np.float64(5.0), np.float64(0.05), np.float64(0.7), np.float64(0.02), np.float64(8.0)]",94
Others (2),Fenpyroximate  (R) (F),2023-06-22,"[np.float64(0.05), np.float64(0.01), np.float64(0.02), np.float64(0.08), np.float64(0.5)]",141
Others (2),"Fenthion (fenthion and its oxigen analogue, their sulfoxides and sulfone expressed as parent)",2011-10-21,"[np.float64(0.01), np.float64(0.05), np.float64(0.02)]",94
Others (2),"Fentin (fentin including its salts, expressed as triphenyltin cation)",2015-12-30,"[np.float64(0.02), np.float64(0.1), np.float64(0.05)]",47
Others (2),"Fenvalerate (any ratio of constituent isomers (RR, SS, RS & SR) including esfenvalerate) (R)",2015-04-03,"[np.float64(0.02), np.float64(0.05), np.float64(0.1)]",94
Others (2),Flazasulfuron,2023-02-25,"[np.float64(0.01), np.float64(0.02), np.float64(0.05)]",47
Others (2),Flonicamid,2024-10-28,"[np.float64(0.15), np.float64(0.03), np.float64(0.1), np.float64(0.3), np.float64(0.6), np.float64(0.8), np.float64(0.06), np.float64(0.04), np.float64(6.0), np.float64(0.4), np.float64(0.5), np.float64(0.7)]",47
Others (2),Florasulam,2023-02-25,"[np.float64(0.01), np.float64(0.05), np.float64(0.02)]",47
Others (2),Florpyrauxifen-benzyl,2019-11-18,"[np.float64(0.01), np.float64(0.05), np.float64(0.02)]",47
Others (2),Fluazifop-P,2022-08-18,"[np.float64(0.08), np.float64(4.0), np.float64(0.01), np.float64(0.05), np.float64(0.02), np.float64(0.1), np.float64(0.5), np.float64(0.04), np.float64(0.03)]",47
Others (2),Fluazinam,2018-02-06,"[np.float64(0.1), np.float64(0.02), np.float64(0.01), np.float64(0.05), np.float64(3.0)]",47
Others (2),Flubendiamide,2022-05-14,"[np.float64(0.01), np.float64(0.9), np.float64(0.02), np.float64(2.0), np.float64(0.05), np.float64(0.1), np.float64(0.2), np.float64(1.0)]",47
Others (2),Flucycloxuron,2015-12-30,"[np.float64(0.01), np.float64(0.05), np.float64(0.02)]",47
Others (2),Flucythrinate (flucythrinate including other mixtures of constituent isomers),2015-12-30,"[np.float64(0.01), np.float64(0.05), np.float64(0.02)]",47
Others (2),Fludioxonil  (R),2022-08-10,"[np.float64(1.0), np.float64(0.05), np.float64(5.0), np.float64(0.02), np.float64(0.01), np.float64(20.0), np.float64(0.5), np.float64(0.4), np.float64(0.3), np.float64(10.0), np.float64(0.04)]",94
Others (2),Flufenacet,2015-05-13,"[np.float64(0.05), np.float64(0.01)]",47
Others (2),Flufenoxuron,2021-05-25,"[np.float64(0.01), np.float64(0.05), np.float64(0.02)]",47
Others (2),Flufenzin,2013-04-26,"[np.float64(0.05), np.float64(0.02), np.float64(0.1)]",47
Others (2),Flumetralin,2016-04-26,"[np.float64(0.01), np.float64(0.05)]",47
Others (2),Flumioxazine,2015-05-13,"[np.float64(0.02), np.float64(0.05), np.float64(0.1)]",47
Others (2),Fluometuron,2021-01-06,"[np.float64(0.01), np.float64(0.005), np.float64(0.05), np.float64(0.02)]",47
Others (2),Fluopicolide,2021-11-06,"[np.float64(0.01), np.float64(0.05), np.float64(2.0), np.float64(7.0), np.float64(0.2), np.float64(0.5), np.float64(6.0), np.float64(0.02), np.float64(1.0)]",47
Others (2),Fluopyram,2025-04-30,"[np.float64(0.6), np.float64(0.02), np.float64(0.01), np.float64(0.3), np.float64(0.07), np.float64(3.0), np.float64(0.03), np.float64(2.0), np.float64(40.0), np.float64(0.05), np.float64(0.4), np.float64(0.15), np.float64(0.8), np.float64(5.0), np.float64(0.5), np.float64(1.0)]",47
Others (2),Fluoride ion,2023-02-21,"[np.float64(30.0), np.float64(0.3), np.float64(0.2), np.float64(10.0), np.float64(5.0), np.float64(2.0)]",47
Others (2),Fluoroglycofene,2008-09-01,"[np.float64(0.01), np.float64(0.02)]",47
Others (2),Fluoxastrobin,2019-01-01,"[np.float64(0.02), np.float64(0.05), np.float64(0.01)]",47
Others (2),Flupyradifurone,2025-04-30,"[np.float64(0.01), np.float64(0.05), np.float64(6.0), np.float64(0.6), np.float64(0.7), np.float64(1.0), np.float64(4.0), np.float64(3.0), np.float64(0.02), np.float64(0.15), np.float64(1.5), np.float64(0.9), np.float64(40.0)]",47
Others (2),Flupyrsulfuron-methyl,2020-05-18,"[np.float64(0.02), np.float64(0.1), np.float64(0.05)]",47
Others (2),Fluquinconazole,2020-04-07,"[np.float64(0.01), np.float64(0.05), np.float64(0.02)]",47
Others (2),Flurochloridone,2020-01-04,"[np.float64(0.01), np.float64(0.05), np.float64(0.02)]",47
Others (2),Fluroxypyr (R),2023-02-25,"[np.float64(0.01), np.float64(0.06), np.float64(0.05), np.float64(2.0), np.float64(0.02)]",94
Others (2),Flurprimidole,2015-12-07,"[np.float64(0.01), np.float64(0.05), np.float64(0.02)]",47
Others (2),Flurtamone,2024-08-12,"[np.float64(0.01), np.float64(0.02), np.float64(0.05)]",47
Others (2),Flusilazole  (R),2015-01-16,"[np.float64(0.05), np.float64(0.01), np.float64(0.02)]",94
Others (2),Flutianil,2023-06-22,"[np.float64(0.01), np.float64(0.02), np.float64(0.05)]",47
Others (2),Flutolanil,2022-04-14,"[np.float64(0.01), np.float64(0.05), np.float64(0.02)]",47
Others (2),Flutriafol,2024-10-29,"[np.float64(0.01), np.float64(0.05), np.float64(0.02), np.float64(0.3), np.float64(0.15), np.float64(0.4)]",47
Others (2),Fluvalinate resulting from the use of tau-fluvalinate,2022-02-14,"[np.float64(0.01), np.float64(0.02), np.float64(0.05), np.float64(0.3), np.float64(0.7), np.float64(0.4)]",47
Others (2),Fluxapyroxad,2025-02-11,"[np.float64(0.01), np.float64(0.05), np.float64(0.2), np.float64(0.9), np.float64(0.15), np.float64(2.0), np.float64(0.02), np.float64(0.04), np.float64(0.6), np.float64(4.0), np.float64(3.0), np.float64(30.0)]",47
Others (2),Folpet,2023-06-19,"[np.float64(0.03), np.float64(0.1), np.float64(0.05), np.float64(0.07), np.float64(0.06)]",47
Others (2),Fomesafen,2011-10-21,"[np.float64(0.05), np.float64(0.01), np.float64(0.02)]",47
Others (2),Foramsulfuron,2014-10-11,"[np.float64(0.01), np.float64(0.02), np.float64(0.05)]",94
Others (2),Forchlorfenuron,2014-11-13,"[np.float64(0.01), np.float64(0.02), np.float64(0.05)]",47
Others (2),Formetanate: Sum of formetanate and its salts expressed as formetanate (hydrochloride),2014-11-01,"[np.float64(0.01), np.float64(0.05), np.float64(0.02), np.float64(0.3)]",47
Others (2),Formothion,2015-12-30,"[np.float64(0.01), np.float64(0.02), np.float64(0.05)]",47
Others (2),Fosetyl-Al,2022-08-18,"[np.float64(2.0), np.float64(0.5), np.float64(400.0), np.float64(500.0), np.float64(150.0), np.float64(75.0), np.float64(70.0), np.float64(2000.0), np.float64(10.0), np.float64(30.0), np.float64(0.7)]",47
Others (2),Fosthiazate,2008-09-01,"[np.float64(0.02), np.float64(0.05)]",94
Others (2),Fuberidazole,2026-01-06,"[np.float64(0.01), np.float64(0.05), np.float64(0.02)]",47
Others (2),"Glufosinatephosphinoyl]propionic acid (MPP) and N-acetyl-glufosinate (NAG), expressed as glufosinate)",2017-01-14,"[np.float64(0.03), np.float64(0.04), np.float64(0.06), np.float64(0.1), np.float64(0.05), np.float64(0.15)]",47
Others (2),Glyphosate,2013-04-06,"[np.float64(0.1), np.float64(0.05), np.float64(2.0)]",94
Others (2),"Guazatine (guazatine acetate, sum of components)",2016-05-13,"[np.float64(0.05), np.float64(0.02)]",47
Others (2),"Halauxifen-methyl, expressed as halauxifen-methyl)",2016-02-11,"[np.float64(0.02), np.float64(0.1), np.float64(0.05)]",47
Others (2),Halosulfuron methyl,2008-09-01,"[np.float64(0.01), np.float64(0.02)]",47
Others (2),Haloxyfop) (R),2024-08-19,"[np.float64(0.01), np.float64(0.05), np.float64(0.02), np.float64(0.002)]",94
Others (2),Heptachlor,2008-09-01,"[np.float64(0.01), np.float64(0.1), np.float64(0.2), np.float64(0.02), np.float64(0.004)]",94
Others (2),Hexachlorobenzene,2017-05-10,"[np.float64(0.01), np.float64(0.005), np.float64(0.02)]",94
Others (2),Hexaconazole,2013-04-26,"[np.float64(0.01), np.float64(0.05), np.float64(0.02)]",47
Others (2),Hexythiazox (any ratio of constituent isomers),2025-07-23,"[np.float64(0.01), np.float64(0.05), np.float64(0.5), np.float64(0.4), np.float64(0.07), np.float64(0.02)]",47
Others (2),Hymexazol,2021-11-10,"[np.float64(0.05), np.float64(0.02), np.float64(0.1), np.float64(0.01)]",47
Others (2),Imazalil (any ratio of constituent isomers),2020-07-09,"[np.float64(0.02), np.float64(0.01), np.float64(0.05)]",47
Others (2),Imazamox,2022-01-03,"[np.float64(0.01), np.float64(0.05), np.float64(0.1)]",47
Others (2),Imazapyr,2017-04-27,"[np.float64(0.05), np.float64(0.01)]",47
Others (2),Imazaquin,2023-10-21,"[np.float64(0.01), np.float64(0.05), np.float64(0.02)]",47
Others (2),Imazosulfuron,2020-05-18,"[np.float64(0.01), np.float64(0.02), np.float64(0.05)]",47
Others (2),Imidacloprid,2022-05-16,"[np.float64(0.01), np.float64(0.05), np.float64(0.15), np.float64(0.9)]",47
Others (2),Indoxacarb,2024-08-14,"[np.float64(0.01), np.float64(0.05), np.float64(0.02)]",47
Others (2),Iodosulfuron-methyl,2024-11-06,"[np.float64(0.01), np.float64(0.05), np.float64(0.02)]",47
Others (2),Ioxynil,2019-08-13,"[np.float64(0.01), np.float64(0.05), np.float64(0.02)]",47
Others (2),Ipconazole,2026-01-06,"[np.float64(0.01), np.float64(0.05), np.float64(0.02)]",47
Others (2),Iprodione,2019-07-31,"[np.float64(0.01), np.float64(0.05), np.float64(0.02)]",47
Others (2),Iprovalicarb,2023-02-25,"[np.float64(0.01), np.float64(0.05), np.float64(0.02), np.float64(0.1)]",47
Others (2),Isofetamid,2024-05-06,"[np.float64(0.01), np.float64(0.05), np.float64(20.0), np.float64(1.0), np.float64(0.6), np.float64(0.09), np.float64(7.0), np.float64(3.0)]",47
Others (2),Isoproturon,2020-05-18,"[np.float64(0.01), np.float64(0.05), np.float64(0.02)]",47
Others (2),Isopyrazam,2019-04-25,"[np.float64(0.01), np.float64(0.4), np.float64(0.7), np.float64(0.2), np.float64(0.3)]",47
Others (2),Isoxaben,2025-07-23,"[np.float64(0.01), np.float64(0.05)]",47
Others (2),Isoxaflutole,2023-06-22,"[np.float64(0.02), np.float64(0.1), np.float64(0.05)]",47
Others (2),Kresoxim-methyl,2020-07-09,"[np.float64(0.05), np.float64(0.01), np.float64(0.5), np.float64(0.02), np.float64(0.2)]",47
Others (2),Lactofen,2013-04-26,"[np.float64(0.01), np.float64(0.02), np.float64(0.05)]",47
Others (2),Lambda-cyhalothrin (includes gamma-cyhalothrin),2025-02-11,"[np.float64(0.02), np.float64(0.01), np.float64(0.7), np.float64(0.2), np.float64(0.3), np.float64(0.1), np.float64(0.05), np.float64(0.06)]",47
Others (2),Lenacil,2008-09-01,"[np.float64(0.1), np.float64(0.5)]",47
Others (2),Linuron,2019-08-04,"[np.float64(0.01), np.float64(0.05), np.float64(0.02)]",47
Others (2),Lufenuron (any ratio of constituent isomers),2020-07-09,"[np.float64(0.02), np.float64(0.01), np.float64(0.05), np.float64(1.0), np.float64(0.15)]",47
Others (2),"MCPA and MCPB (MCPA, MCPB including their salts, esters and conjugates expressed as MCPA) (R)",2014-06-05,"[np.float64(0.1), np.float64(0.05)]",188
Others (2),Malathion,2015-04-03,"[np.float64(0.02), np.float64(2.0), np.float64(8.0)]",47
Others (2),Maleic hydrazide,2021-05-03,"[np.float64(0.2), np.float64(0.5), np.float64(0.02), np.float64(0.1), np.float64(0.07)]",47
Others (2),Mandestrobin,2021-08-19,"[np.float64(0.01), np.float64(0.05)]",47
Others (2),Mandipropamid (any ratio of constituent isomers),2024-10-29,"[np.float64(0.01), np.float64(0.05), np.float64(0.5), np.float64(0.3), np.float64(25.0), np.float64(0.2), np.float64(30.0)]",47
Others (2),Mecarbam,2015-12-30,"[np.float64(0.01), np.float64(0.05), np.float64(0.02)]",47
Others (2),Mecoprop,2008-09-01,"[np.float64(0.05), np.float64(0.1)]",94
Others (2),Mefentrifluconazole,2025-07-06,"[np.float64(0.015), np.float64(0.06), np.float64(0.01), np.float64(0.05), np.float64(7.0), np.float64(0.7), np.float64(0.5), np.float64(2.0), np.float64(0.4), np.float64(0.03), np.float64(0.02), np.float64(3.0), np.float64(0.3), np.float64(0.2)]",47
Others (2),Mepanipyrim,2016-04-26,"[np.float64(0.01), np.float64(0.05), np.float64(0.02)]",47
Others (2),Mepiquat,2025-07-06,"[np.float64(0.02), np.float64(0.05), np.float64(0.1), np.float64(0.07)]",47
Others (2),Mepronil,2013-04-26,"[np.float64(0.01), np.float64(0.02), np.float64(0.05)]",47
Others (2),Meptyldinocap,2022-05-14,"[np.float64(0.01), np.float64(0.02), np.float64(0.05)]",47
Others (2),Mercury compounds,2018-02-07,"[np.float64(0.02), np.float64(0.01), np.float64(0.03)]",47
Others (2),Mesosulfuron-methyl,2014-10-11,"[np.float64(0.02), np.float64(0.05), np.float64(0.01)]",94
Others (2),Mesotrione,2024-11-06,"[np.float64(0.05), np.float64(0.01), np.float64(0.02)]",47
Others (2),Metaflumizone,2022-08-18,"[np.float64(0.02), np.float64(0.1), np.float64(0.4), np.float64(0.04)]",47
Others (2),Metalaxyl and metalaxyl-M (metalaxyl including other mixtures of constituent isomers including metalaxyl-M),2025-02-11,"[np.float64(0.01), np.float64(1.5), np.float64(3.0), np.float64(0.05), np.float64(0.02), np.float64(0.2)]",47
Others (2),Metaldehyde,2023-09-27,"[np.float64(0.01), np.float64(2.0), np.float64(6.0), np.float64(0.05), np.float64(0.1), np.float64(0.7), np.float64(0.4), np.float64(0.2)]",47
Others (2),Metamitron,2021-11-10,"[np.float64(0.01), np.float64(0.05), np.float64(0.15)]",47
Others (2),Metazachlor,2024-05-06,"[np.float64(0.05), np.float64(0.02), np.float64(0.1), np.float64(0.01), np.float64(0.2), np.float64(0.06)]",47
Others (2),Metconazole,2016-11-24,"[np.float64(0.04), np.float64(0.02), np.float64(0.1), np.float64(0.15), np.float64(0.05)]",47
Others (2),Methabenzthiazuron,2011-10-21,"[np.float64(0.05), np.float64(0.01), np.float64(0.02)]",47
Others (2),Methacrifos,2015-12-30,"[np.float64(0.01), np.float64(0.05), np.float64(0.02)]",47
Others (2),Methamidophos,2013-04-26,"[np.float64(0.01), np.float64(0.1), np.float64(0.05), np.float64(0.02)]",94
Others (2),Methidathion,2011-10-21,"[np.float64(0.02), np.float64(0.1), np.float64(0.05), np.float64(0.03)]",94
Others (2),Methiocarb,2021-09-02,"[np.float64(0.1), np.float64(0.03), np.float64(0.06)]",47
Others (2),Methomyl,2024-04-08,"[np.float64(0.01), np.float64(0.05), np.float64(0.02)]",47
Others (2),Methoprene,2013-04-26,"[np.float64(0.02), np.float64(0.05), np.float64(5.0), np.float64(0.1)]",47
Others (2),Methoxychlor,2008-09-01,"[np.float64(0.01), np.float64(0.1)]",94
Others (2),Methoxyfenozide,2026-01-06,"[np.float64(0.01), np.float64(4.0), np.float64(0.05), np.float64(0.3), np.float64(0.1), np.float64(2.0)]",47
Others (2),Methylisothiocyanate (resulting from the use of dazomet or metam),2022-08-09,"[np.float64(0.01), np.float64(0.02), np.float64(0.05), np.float64(0.1), np.float64(0.15), np.float64(0.03), np.float64(0.6)]",47
Others (2),Metolachlor and S-metolachlor (metolachlor including other mixtures of constituent isomers including S-metolachlor),2026-01-06,"[np.float64(0.05), np.float64(0.01), np.float64(0.02)]",47
Others (2),Metosulam,2024-05-06,"[np.float64(0.01), np.float64(0.05), np.float64(0.02)]",47
Others (2),Metrafenone,2018-06-05,"[np.float64(0.05), np.float64(0.01), np.float64(0.02), np.float64(0.5), np.float64(1.0)]",47
Others (2),Metribuzin,2017-04-26,"[np.float64(0.1), np.float64(0.5)]",47
Others (2),Metsulfuron-methyl,2015-01-02,"[np.float64(0.01), np.float64(0.05), np.float64(0.02)]",94
Others (2),Mevinphos,2008-09-01,"[np.float64(0.01), np.float64(0.02)]",94
Others (2),Milbemectin,2014-07-06,"[np.float64(0.02), np.float64(0.1), np.float64(0.05)]",47
Others (2),Molinate,2019-08-13,"[np.float64(0.01), np.float64(0.05), np.float64(0.02)]",47
Others (2),Monocrotophos,2013-04-26,"[np.float64(0.05), np.float64(0.01), np.float64(0.02)]",47
Others (2),Monolinuron,2015-12-30,"[np.float64(0.01), np.float64(0.02), np.float64(0.05)]",47
Others (2),Monuron,2013-04-26,"[np.float64(0.01), np.float64(0.02), np.float64(0.05)]",47
Others (2),Myclobutanil,2021-01-02,"[np.float64(0.01), np.float64(0.05), np.float64(0.2), np.float64(0.3), np.float64(2.0), np.float64(0.06), np.float64(0.6)]",47
Others (2),Napropamide (sum  of isomers),2025-04-28,"[np.float64(0.01), np.float64(0.02), np.float64(0.05)]",47
Others (2),Nicosulfuron,2015-01-02,"[np.float64(0.05), np.float64(0.01), np.float64(0.02)]",47
Others (2),Nicotine,2025-02-11,"[np.float64(0.01), np.float64(0.3), np.float64(0.02), np.float64(0.05), np.float64(0.1)]",47
Others (2),Nitrofen,2008-09-01,"[np.float64(0.01), np.float64(0.02)]",94
Others (2),Novaluron,2023-09-26,"[np.float64(0.01), np.float64(0.05), np.float64(0.1), np.float64(0.02)]",47
Others (2),Omethoate,2021-09-02,"[np.float64(0.01), np.float64(0.05), np.float64(0.02)]",47
Others (2),Orthosulfamuron,2020-05-18,"[np.float64(0.05), np.float64(0.01), np.float64(0.02)]",47
Others (2),Oryzalin,2024-05-06,"[np.float64(0.01), np.float64(0.05), np.float64(0.02)]",47
Others (2),Oxadiargyl,2015-10-01,"[np.float64(0.01), np.float64(0.05), np.float64(0.02)]",47
Others (2),Oxadiazon,2021-05-25,"[np.float64(0.05), np.float64(0.01), np.float64(0.02)]",47
Others (2),Oxadixyl,2019-05-01,"[np.float64(0.01), np.float64(0.02)]",47
Others (2),Oxamyl,2024-05-11,"[np.float64(0.001), np.float64(0.01), np.float64(0.05), np.float64(0.002), np.float64(0.005)]",47
Others (2),Oxasulfuron,2024-05-06,"[np.float64(0.01), np.float64(0.05), np.float64(0.02)]",47
Others (2),Oxathiapiprolin,2025-07-06,"[np.float64(0.05), np.float64(0.01), np.float64(0.04), np.float64(0.2), np.float64(0.02), np.float64(15.0), np.float64(1.5), np.float64(5.0)]",47
Others (2),Oxycarboxin,2013-04-26,"[np.float64(0.01), np.float64(0.05), np.float64(0.02)]",47
Others (2),Oxydemeton-methyl,2013-04-26,"[np.float64(0.05), np.float64(0.01), np.float64(0.02)]",94
Others (2),Oxyfluorfen,2023-02-21,"[np.float64(0.01), np.float64(0.05), np.float64(0.02)]",47
Others (2),Paclobutrazol,2023-09-27,"[np.float64(0.01), np.float64(0.05), np.float64(0.02)]",47
Others (2),Paraquat,2011-05-28,"[np.float64(0.05), np.float64(0.02)]",94
Others (2),Parathion,2008-09-01,"[np.float64(0.05), np.float64(0.1), np.float64(0.2)]",188
Others (2),Parathion-methyl,2013-04-26,"[np.float64(0.01), np.float64(0.02), np.float64(0.05), np.float64(5.0), np.float64(3.0)]",94
Others (2),Penconazole,2025-08-24,"[np.float64(0.05), np.float64(0.01), np.float64(0.02), np.float64(0.06), np.float64(0.15), np.float64(0.3)]",47
Others (2),Pencycuron (R) (F),2024-08-12,"[np.float64(0.04), np.float64(0.1), np.float64(0.01), np.float64(0.02)]",141
Others (2),Pendimethalin,2023-06-20,"[np.float64(0.05), np.float64(0.15), np.float64(0.5), np.float64(0.01), np.float64(0.6), np.float64(0.02)]",47
Others (2),Penflufen,2021-11-10,"[np.float64(0.01), np.float64(0.05), np.float64(0.02)]",47
Others (2),Penoxsulam,2019-05-01,"[np.float64(0.01), np.float64(0.05), np.float64(0.02)]",47
Others (2),Penthiopyrad,2023-08-16,"[np.float64(0.05), np.float64(0.01), np.float64(4.0), np.float64(30.0), np.float64(0.7), np.float64(0.6), np.float64(0.8), np.float64(0.5), np.float64(0.3), np.float64(0.02), np.float64(2.0)]",47
Others (2),Permethrin,2017-04-26,"[np.float64(0.05), np.float64(0.1)]",47
Others (2),Pethoxamid,2016-08-16,"[np.float64(0.05), np.float64(0.01), np.float64(0.02)]",47
Others (2),Phenmedipham,2016-06-09,"[np.float64(0.05), np.float64(0.01), np.float64(0.02)]",47
Others (2),Phenothrin (phenothrin including other mixtures of constituent isomers),2015-12-30,"[np.float64(0.05), np.float64(0.02)]",47
Others (2),Phorate,2013-04-26,"[np.float64(0.01), np.float64(0.05), np.float64(0.02), np.float64(0.1), np.float64(0.5)]",94
Others (2),Phosalone,2021-05-25,"[np.float64(0.01), np.float64(0.05), np.float64(0.02), np.float64(2.0), np.float64(3.0)]",47
Others (2),Phosmet,2023-09-15,"[np.float64(0.01), np.float64(0.05), np.float64(0.02)]",47
Others (2),Phosmet (phosmet and phosmet oxon expressed as phosmet),2014-07-30,"[np.float64(0.05), np.float64(0.1), np.float64(0.5), np.float64(2.0)]",47
Others (2),Phosphamidon,2008-09-01,"[np.float64(0.01), np.float64(0.02)]",94
Others (2),"Phosphane and phosphide salts, determined and expressed as phosphane)",2017-04-28,"[np.float64(0.01), np.float64(0.02), np.float64(0.05), np.float64(0.015)]",47
Others (2),Phosphonic acid and its salts expressed as phosphonic acid,2025-04-29,"[np.float64(8.0), np.float64(70.0), np.float64(300.0), np.float64(20.0), np.float64(0.6), np.float64(1.5), np.float64(50.0), np.float64(1500.0), np.float64(100.0), np.float64(3.0), np.float64(80.0), np.float64(0.5), np.float64(10.0), np.float64(150.0), np.float64(0.4), np.float64(60.0), np.float64(2.0), np.float64(400.0)]",47
Others (2),Phoxim,2008-09-01,"[np.float64(0.01), np.float64(0.1), np.float64(0.02)]",47
Others (2),Picloram,2021-10-10,"[np.float64(0.01), np.float64(0.05), np.float64(0.08), np.float64(0.2)]",47
Others (2),"Picloram, free and conjugated, expressed as picloram",2025-07-23,"[np.float64(0.01), np.float64(0.2), np.float64(0.05), np.float64(0.08)]",47
Others (2),Picolinafen,2019-11-18,"[np.float64(0.01), np.float64(0.02), np.float64(0.05)]",47
Others (2),Picoxystrobin,2019-08-13,"[np.float64(0.01), np.float64(0.02), np.float64(0.05)]",47
Others (2),Pinoxaden,2008-09-01,"[np.float64(0.02), np.float64(0.05)]",47
Others (2),Pirimicarb,2016-08-16,"[np.float64(0.5), np.float64(10.0), np.float64(0.05), np.float64(0.02), np.float64(0.01), np.float64(4.0), np.float64(1.0), np.float64(0.2), np.float64(3.0), np.float64(5.0), np.float64(0.06)]",47
Others (2),Pirimiphos-methyl,2016-08-09,"[np.float64(0.01), np.float64(0.02), np.float64(0.05), np.float64(0.5), np.float64(3.0)]",47
Others (2),Potassium permanganate,2024-08-12,"[np.float64(0.01), np.float64(0.05), np.float64(0.02)]",47
Others (2),"Prochloraz and BTS 44596 (M201-03), expressed as prochloraz)",2024-08-12,"[np.float64(0.15), np.float64(0.03), np.float64(0.06)]",47
Others (2),Procymidone,2015-05-07,"[np.float64(0.01), np.float64(0.05), np.float64(0.02)]",47
Others (2),Profenofos,2023-09-14,"[np.float64(0.05), np.float64(0.01), np.float64(0.02), np.float64(0.03), np.float64(0.07)]",94
Others (2),Profoxydim,2024-08-12,"[np.float64(0.01), np.float64(0.05), np.float64(0.02)]",47
Others (2),Prohexadione (prohexadione (acid) and its salts expressed as prohexadione-calcium),2021-07-08,"[np.float64(0.01), np.float64(0.02), np.float64(0.05), np.float64(0.1)]",47
Others (2),"Propachlor: oxalinic derivate of propachlor, expressed as propachlor",2013-04-26,"[np.float64(0.1), np.float64(0.02), np.float64(0.05)]",47
Others (2),Propamocarb,2025-07-23,"[np.float64(0.01), np.float64(0.05), np.float64(40.0), np.float64(5.0), np.float64(30.0)]",47
Others (2),Propanil,2015-05-18,"[np.float64(0.01), np.float64(0.02), np.float64(0.05)]",47
Others (2),Propargite,2018-06-26,"[np.float64(0.01), np.float64(0.02), np.float64(0.05)]",47
Others (2),Propham,2015-12-30,"[np.float64(0.01), np.float64(0.05), np.float64(0.02)]",47
Others (2),Propiconazole,2021-09-02,"[np.float64(0.05), np.float64(0.01), np.float64(0.02)]",47
Others (2),Propineb,2022-05-14,"[np.float64(0.05), np.float64(0.1), np.float64(0.01), np.float64(0.2)]",47
Others (2),Propisochlor,2015-05-13,"[np.float64(0.01), np.float64(0.02), np.float64(0.05)]",47
Others (2),Propoxur,2023-02-28,"[np.float64(0.01), np.float64(0.005)]",47
Others (2),"Propoxycarbazone (propoxycarbazone, its salts and 2-hydroxypropoxycarbazone expressed as propoxycarbazone)",2015-01-16,"[np.float64(0.02), np.float64(0.05), np.float64(0.1)]",47
Others (2),Propyzamide (R),2015-05-13,"[np.float64(0.01), np.float64(0.1), np.float64(0.02), np.float64(0.05), np.float64(0.4), np.float64(0.2)]",94
Others (2),Proquinazid (R),2022-04-14,"[np.float64(0.01), np.float64(0.05), np.float64(0.02)]",94
Others (2),Prosulfocarb,2023-02-26,"[np.float64(0.01), np.float64(0.05), np.float64(2.0), np.float64(0.02), np.float64(0.3), np.float64(20.0)]",47
Others (2),Prosulfuron,2015-01-02,"[np.float64(0.02), np.float64(0.05), np.float64(0.01)]",94
Others (2),Prothioconazole: prothioconazole-desthio,2024-06-05,"[np.float64(0.01), np.float64(0.05), np.float64(0.02), np.float64(0.5)]",47
Others (2),Pymetrozine,2021-09-02,"[np.float64(0.02), np.float64(0.01), np.float64(0.1), np.float64(0.05)]",47
Others (2),Pyraclostrobin,2024-02-12,"[np.float64(0.1), np.float64(1.5), np.float64(0.02), np.float64(10.0), np.float64(0.3), np.float64(0.05), np.float64(0.5), np.float64(2.0), np.float64(3.0), np.float64(0.01)]",47
Others (2),Pyraflufen-ethyl,2024-11-06,"[np.float64(0.02), np.float64(0.1)]",47
Others (2),Pyrasulfotole,2008-09-01,"[np.float64(0.01), np.float64(0.02)]",47
Others (2),Pyrazophos,2015-12-30,"[np.float64(0.01), np.float64(0.05), np.float64(0.02)]",47
Others (2),Pyrethrins,2008-09-01,"[np.float64(1.0), np.float64(0.5), np.float64(3.0), np.float64(0.05)]",47
Others (2),Pyridaben,2025-04-28,"[np.float64(0.01), np.float64(0.05), np.float64(0.3), np.float64(0.02), np.float64(0.15)]",47
Others (2),Pyridalyl,2021-11-06,"[np.float64(0.01), np.float64(0.05), np.float64(0.02)]",47
Others (2),Pyridate and hydrolysable conjugates of CL 9673 expressed as pyridate),2023-04-13,"[np.float64(0.05), np.float64(2.0), np.float64(0.15), np.float64(0.3)]",47
Others (2),Pyrimethanil,2024-05-06,"[np.float64(0.01), np.float64(0.05), np.float64(0.1), np.float64(15.0), np.float64(0.8), np.float64(20.0), np.float64(0.02), np.float64(5.0), np.float64(8.0)]",47
Others (2),Pyriofenone,2021-05-17,"[np.float64(0.01), np.float64(0.2), np.float64(0.02), np.float64(0.05), np.float64(0.9)]",47
Others (2),Pyriproxyfen,2024-04-02,"[np.float64(0.01), np.float64(0.05), np.float64(0.7), np.float64(0.02), np.float64(0.04)]",47
Others (2),Pyroxsulam,2023-02-21,"[np.float64(0.01), np.float64(0.05), np.float64(0.02)]",47
Others (2),Quinalphos,2015-12-30,"[np.float64(0.01), np.float64(0.02), np.float64(0.05)]",47
Others (2),Quinclorac,2024-06-11,"[np.float64(0.01), np.float64(0.05), np.float64(0.02)]",47
Others (2),Quinmerac,2023-02-21,"[np.float64(0.1), np.float64(0.02), np.float64(0.15)]",47
Others (2),Quinoclamine,2015-01-16,"[np.float64(0.01), np.float64(0.02), np.float64(0.05)]",47
Others (2),Quinoxyfen,2014-02-10,"[np.float64(0.05), np.float64(0.02), np.float64(0.2), np.float64(2.0)]",94
Others (2),Quintozene,2013-04-26,"[np.float64(0.02), np.float64(0.1), np.float64(0.05), np.float64(0.01), np.float64(2.0)]",94
Others (2),"Quizalofop and its conjugates, expressed as quizalofop (any ratio of constituent isomers))",2023-09-14,"[np.float64(0.01), np.float64(0.02), np.float64(0.05), np.float64(0.2), np.float64(0.4), np.float64(0.8), np.float64(0.015)]",47
Others (2),Resmethrin (resmethrin including other mixtures of consituent isomers),2015-12-30,"[np.float64(0.05), np.float64(0.02), np.float64(0.01)]",47
Others (2),Rimsulfuron,2015-01-02,"[np.float64(0.01), np.float64(0.05), np.float64(0.02)]",94
Others (2),Rotenone,2008-09-01,"[np.float64(0.01), np.float64(0.02)]",47
Others (2),Saflufenacil,2014-07-30,"[np.float64(0.03), np.float64(0.01)]",47
Others (2),Sedaxane,2023-02-26,"[np.float64(0.01), np.float64(0.05), np.float64(0.02)]",47
Others (2),Silthiofam,2023-02-25,"[np.float64(0.02), np.float64(0.01), np.float64(0.05)]",47
Others (2),Simazine,2011-10-21,"[np.float64(0.01), np.float64(0.05), np.float64(0.02)]",47
Others (2),Sintofen,2021-01-02,"[np.float64(0.01), np.float64(0.02), np.float64(0.05)]",47
Others (2),"Sodium 5-nitroguaiacolate, sodium o-nitrophenolate and sodium p-nitrophenolate",2021-07-26,"[np.float64(0.03), np.float64(0.06), np.float64(0.15)]",47
Others (2),Sodium hypochlorite,2024-08-12,"[np.float64(0.01), np.float64(0.05), np.float64(0.02)]",47
Others (2),Spinetoram (F),2023-06-22,"[np.float64(0.02), np.float64(0.1), np.float64(4.0), np.float64(0.03), np.float64(0.15), np.float64(0.06), np.float64(0.4), np.float64(1.0)]",94
Others (2),"Spinosad (spinosad, sum of spinosyn A and spinosyn D)",2023-02-28,"[np.float64(0.02), np.float64(0.3), np.float64(2.0), np.float64(0.1), np.float64(1.0), np.float64(0.05), np.float64(0.2), np.float64(0.07), np.float64(1.5)]",47
Others (2),Spirodiclofen,2016-11-24,"[np.float64(0.05), np.float64(0.4), np.float64(0.02), np.float64(0.01), np.float64(0.1), np.float64(0.8), np.float64(0.004), np.float64(2.0)]",47
Others (2),Spiromesifen,2024-06-11,"[np.float64(0.01), np.float64(0.02), np.float64(0.3), np.float64(0.05)]",47
Others (2),"Spirotetramat and spirotetramat-enol, expressed as spirotetramat",2023-06-20,"[np.float64(0.1), np.float64(0.02), np.float64(7.0), np.float64(0.5), np.float64(50.0), np.float64(1.0), np.float64(0.2), np.float64(1.5), np.float64(0.7), np.float64(3.0), np.float64(10.0), np.float64(0.01), np.float64(0.07), np.float64(2.0)]",47
Others (2),Spiroxamine (R),2016-04-19,"[np.float64(0.02), np.float64(0.01), np.float64(0.05), np.float64(0.015)]",94
Others (2),Sulcotrione,2017-05-07,"[np.float64(0.01), np.float64(0.02), np.float64(0.05), np.float64(0.1)]",47
Others (2),Sulfosulfuron,2015-01-02,"[np.float64(0.02), np.float64(0.05), np.float64(0.01)]",94
Others (2),Sulfoxaflor,2018-06-26,"[np.float64(0.01), np.float64(0.05), np.float64(0.1), np.float64(0.5), np.float64(0.3), np.float64(0.03), np.float64(0.02), np.float64(0.2)]",47
Others (2),Sulfuryl fluoride,2023-02-21,"[np.float64(0.01), np.float64(0.05), np.float64(0.02)]",47
Others (2),"Sum of M4 and M6 (both free and conjugated), expressed as pinoxaden (R)",2023-02-22,"[np.float64(0.03), np.float64(0.02), np.float64(0.1), np.float64(0.06), np.float64(0.01)]",94
Others (2),"Sum of diclofop-methyl, diclofop acid and its salts, expressed as diclofop-methyl",2021-11-06,"[np.float64(0.02), np.float64(0.1), np.float64(0.01), np.float64(0.05)]",47
Others (2),"Sum of metobromuron and 4-bromophenylurea, expressed as metobromuron",2023-08-16,"[np.float64(0.02), np.float64(0.1), np.float64(0.04)]",47
Others (2),TEPP,2008-09-01,"[np.float64(0.01), np.float64(0.02)]",94
Others (2),Tebuconazole,2018-11-01,"[np.float64(15.0), np.float64(0.1), np.float64(0.02), np.float64(0.05), np.float64(0.5), np.float64(0.15), np.float64(1.5), np.float64(5.0), np.float64(0.2), np.float64(0.7), np.float64(2.0)]",47
Others (2),Tebufenozide,2021-11-03,"[np.float64(0.01), np.float64(0.05), np.float64(0.02), np.float64(10.0), np.float64(1.0), np.float64(2.0)]",47
Others (2),Tebufenpyrad,2025-04-28,"[np.float64(0.01), np.float64(0.05), np.float64(0.02), np.float64(1.5), np.float64(0.6)]",47
Others (2),Tecnazene,2015-12-30,"[np.float64(0.05), np.float64(0.01), np.float64(0.02)]",47
Others (2),Teflubenzuron,2024-04-08,"[np.float64(0.01), np.float64(0.05), np.float64(0.02), np.float64(0.5)]",47
Others (2),Tefluthrin (tefluthrin including other mixtures of constituent isomers),2025-07-23,"[np.float64(0.01), np.float64(0.05), np.float64(0.02)]",47
Others (2),"Tembotrione and its metabolite M5 (4,6-dihydroxy tembotrione), expressed as tembotrione)",2020-04-07,"[np.float64(0.02), np.float64(0.1), np.float64(0.01), np.float64(0.04)]",47
Others (2),"Tepraloxydim-glutaric acid or to the moiety 3-hydroxy-(tetrahydro-pyran-4-yl)-glutaric acid, expressed as tepraloxydim)",2019-08-13,"[np.float64(0.1), np.float64(0.02)]",47
Others (2),Terbuthylazine (R),2021-11-06,"[np.float64(0.01), np.float64(0.05), np.float64(0.02)]",188
Others (2),Tetraconazole,2023-09-26,"[np.float64(0.01), np.float64(0.05), np.float64(0.02), np.float64(0.08), np.float64(0.15)]",47
Others (2),Tetradifon,2011-10-21,"[np.float64(0.01), np.float64(0.02), np.float64(0.05)]",47
Others (2),Thiabendazole,2024-12-11,"[np.float64(0.01), np.float64(0.05), np.float64(0.02), np.float64(0.1), np.float64(7.0)]",47
Others (2),Thiacloprid,2025-05-12,"[np.float64(0.02), np.float64(0.05), np.float64(0.01)]",47
Others (2),Thiamethoxam,2026-03-07,"[np.float64(0.01), np.float64(0.05), np.float64(0.02)]",47
Others (2),Thiencarbazone-methyl,2022-01-27,"[np.float64(0.01), np.float64(0.02), np.float64(0.05)]",47
Others (2),Thifensulfuron-methyl,2015-01-02,"[np.float64(0.01), np.float64(0.05), np.float64(0.02)]",94
Others (2),Thiobencarb (4-chlorobenzyl methyl sulfone),2014-08-19,"[np.float64(0.01), np.float64(0.05), np.float64(0.02)]",47
Others (2),Thiodicarb,2017-05-07,"[np.float64(0.01), np.float64(0.05), np.float64(0.02)]",47
Others (2),Thiophanate-methyl,2012-01-01,"[np.float64(0.1), np.float64(0.05), np.float64(0.01), np.float64(0.5), np.float64(0.2), np.float64(0.3)]",94
Others (2),Thiram,2023-02-28,"[np.float64(0.01), np.float64(0.05)]",47
Others (2),Tolclofos-methyl,2022-08-18,"[np.float64(0.01), np.float64(0.9), np.float64(0.05), np.float64(0.02)]",47
Others (2),Tolylfluanid (R),2017-04-26,"[np.float64(0.1), np.float64(0.02), np.float64(0.05), np.float64(0.01)]",94
Others (2),Topramezone (BAS 670H),2023-08-12,"[np.float64(0.01), np.float64(0.005), np.float64(0.02), np.float64(0.002)]",47
Others (2),Tralkoxydim,2023-10-21,"[np.float64(0.01), np.float64(0.05), np.float64(0.02)]",47
Others (2),Tri-allate,2008-09-01,"[np.float64(0.1), np.float64(0.05)]",47
Others (2),Triadimefon,2017-10-27,"[np.float64(0.01), np.float64(0.05), np.float64(0.02)]",47
Others (2),Triadimenol (any ratio of constituent isomers),2023-09-14,"[np.float64(0.01), np.float64(0.05), np.float64(0.02)]",47
Others (2),Triasulfuron,2020-05-18,"[np.float64(0.01), np.float64(0.05), np.float64(0.02)]",47
Others (2),Triazophos,2017-04-27,"[np.float64(0.01), np.float64(0.02), np.float64(0.07), np.float64(0.1)]",94
Others (2),Triazoxide,2024-05-06,"[np.float64(0.01), np.float64(0.001), np.float64(0.005), np.float64(0.002), np.float64(0.003)]",47
Others (2),Tribenuron-methyl,2016-01-21,"[np.float64(0.01), np.float64(0.05), np.float64(0.02)]",94
Others (2),Trichlorfon,2013-04-26,"[np.float64(0.01), np.float64(0.02), np.float64(0.05)]",47
Others (2),Triclopyr,2023-04-13,"[np.float64(0.01), np.float64(0.05), np.float64(0.08), np.float64(0.02)]",47
Others (2),Tricyclazole,2017-06-30,"[np.float64(0.01), np.float64(0.05), np.float64(0.02)]",47
Others (2),Tridemorph,2013-04-26,"[np.float64(0.01), np.float64(0.02), np.float64(0.05)]",47
Others (2),Trifloxystrobin  (R),2019-11-18,"[np.float64(3.0), np.float64(0.02), np.float64(0.01), np.float64(0.05), np.float64(0.3), np.float64(15.0), np.float64(0.04), np.float64(0.2), np.float64(0.7), np.float64(0.5)]",94
Others (2),Trifloxystrobin (R),2024-12-11,"[np.float64(0.02), np.float64(0.01), np.float64(0.5), np.float64(0.3), np.float64(0.04), np.float64(0.05), np.float64(15.0), np.float64(0.2), np.float64(3.0), np.float64(30.0), np.float64(0.7)]",94
Others (2),"Triflumizole: Triflumizole and metabolite FM-6-1(N-(4-chloro-2-trifluoromethylphenyl)-n-propoxyacetamidine), expressed as Triflumizole (R)",2023-08-12,"[np.float64(0.01), np.float64(0.1), np.float64(0.02), np.float64(0.05)]",94
Others (2),Triflumuron,2024-06-11,"[np.float64(0.01), np.float64(0.05), np.float64(0.02)]",47
Others (2),Trifluralin,2015-10-28,"[np.float64(0.01), np.float64(0.05), np.float64(0.02)]",47
Others (2),"Triflusulfuron (6-(2,2,2-trifluoroethoxy)-1,3,5-triazine-2,4-diamine (IN-M7222))",2026-01-06,"[np.float64(0.01), np.float64(0.05), np.float64(0.02)]",47
Others (2),Triforine,2011-10-21,"[np.float64(0.01), np.float64(0.02), np.float64(0.05)]",94
Others (2),"Trimethyl-sulfonium cation, resulting from the use of glyphosate",2008-09-01,"[np.float64(0.05), np.float64(0.1), np.float64(0.01)]",94
Others (2),"Trinexapac and its salts, expressed as trinexapac)",2017-07-11,"[np.float64(0.05), np.float64(0.01), np.float64(0.02)]",47
Others (2),Triticonazole,2012-01-01,"[np.float64(0.02), np.float64(0.01)]",47
Others (2),Tritosulfuron,2017-01-14,"[np.float64(0.01), np.float64(0.05)]",47
Others (2),Valifenalate (R),2023-02-26,"[np.float64(0.01), np.float64(0.03), np.float64(0.05), np.float64(0.02)]",94
Others (2),Vinclozolin,2015-12-30,"[np.float64(0.01), np.float64(0.05), np.float64(0.02)]",47
Others (2),"Z,Z,Z,Z-7,13,16,19-docosatetraen-1-yl isobutyrate",2024-08-12,"[np.float64(0.01), np.float64(0.02), np.float64(0.05)]",47
Others (2),Z-13-hexadecen-11-yn-1-yl acetate,2024-08-12,"[np.float64(0.01), np.float64(0.05), np.float64(0.02)]",47
Others (2),Ziram,2008-09-01,"[np.float64(0.1), np.float64(0.2)]",94
Others (2),Zoxamide,2025-08-19,"[np.float64(0.01), np.float64(2.0), np.float64(0.05)]",47
PULSES,Bromide ion,2008-09-01,"[np.float64(5.0), np.float64(50.0)]",2
Papayas,Bromide ion,2008-09-01,"[np.float64(10.0), np.float64(50.0)]",2
Parsnips,Aldrin and Dieldrin (Aldrin and dieldrin combined expressed as dieldrin),2008-09-01,"[np.float64(0.01), np.float64(0.02)]",4
Passionfruits/maracujas,Bromide ion,2008-09-01,"[np.float64(10.0), np.float64(20.0)]",2
Peaches,Bromide ion,2008-09-01,"[np.float64(5.0), np.float64(20.0)]",2
Pears,Bromide ion,2008-09-01,"[np.float64(5.0), np.float64(20.0)]",2
Peas,Bromide ion,2008-09-01,"[np.float64(50.0), np.float64(5.0)]",2
"Peppercorn (black, green and white)",Bromide ion,2008-09-01,"[np.float64(50.0), np.float64(400.0)]",2
"Peppercorn (black, green and white)",Dichlorvos,2008-09-01,"[np.float64(0.02), np.float64(0.1)]",4
Pineapples,Bromide ion,2008-09-01,"[np.float64(10.0), np.float64(50.0)]",2
Plums,Bromide ion,2008-09-01,"[np.float64(5.0), np.float64(20.0)]",2
Pome fruits,Bromide ion,2008-09-01,"[np.float64(5.0), np.float64(20.0)]",2
Poppy seeds,Bromide ion,2008-09-01,"[np.float64(20.0), np.float64(5.0)]",2
Prickly pears/cactus fruits,Bromide ion,2008-09-01,"[np.float64(10.0), np.float64(20.0)]",2
Pumpkin seeds,Bromide ion,2008-09-01,"[np.float64(5.0), np.float64(20.0)]",2
Pumpkins,Aldrin and Dieldrin (Aldrin and dieldrin combined expressed as dieldrin),2008-09-01,"[np.float64(0.01), np.float64(0.03)]",4
Quinces,Bromide ion,2008-09-01,"[np.float64(5.0), np.float64(20.0)]",2
Rapeseeds/canola seeds,Bromide ion,2008-09-01,"[np.float64(5.0), np.float64(20.0)]",2
Raspberries (red and yellow),Bromide ion,2008-09-01,"[np.float64(5.0), np.float64(20.0)]",2
Rice,Bromide ion,2008-09-01,"[np.float64(10.0), np.float64(50.0)]",2
Rooibos,Bromide ion,2008-09-01,"[np.float64(50.0), np.float64(100.0)]",2
Root and rhizome spices,Bromide ion,2008-09-01,"[np.float64(400.0), np.float64(50.0)]",2
Root and rhizome spices,Dichlorvos,2008-09-01,"[np.float64(0.02), np.float64(0.1)]",4
Root and rhizome spices,Parathion,2008-09-01,"[np.float64(0.2), np.float64(0.1)]",4
Rye,Bromide ion,2008-09-01,"[np.float64(50.0), np.float64(10.0)]",2
SPICES,Bromide ion,2008-09-01,"[np.float64(400.0), np.float64(50.0)]",2
SPICES,Dichlorvos,2008-09-01,"[np.float64(0.02), np.float64(0.1)]",4
Safflower seeds,Bromide ion,2008-09-01,"[np.float64(20.0), np.float64(5.0)]",2
Saffron,Bromide ion,2008-09-01,"[np.float64(400.0), np.float64(50.0)]",2
Saffron,Dichlorvos,2008-09-01,"[np.float64(0.1), np.float64(0.02)]",4
Seed spices,Bromide ion,2008-09-01,"[np.float64(50.0), np.float64(400.0)]",2
Seed spices,Dichlorvos,2008-09-01,"[np.float64(0.1), np.float64(0.02)]",4
Sesame seeds,Bromide ion,2008-09-01,"[np.float64(5.0), np.float64(20.0)]",2
Sichuan pepper,Bromide ion,2008-09-01,"[np.float64(400.0), np.float64(50.0)]",2
Sichuan pepper,Dichlorvos,2008-09-01,"[np.float64(0.02), np.float64(0.1)]",4
Sorghum,Bromide ion,2008-09-01,"[np.float64(10.0), np.float64(50.0)]",2
Sorghum,Terbuthylazine (R),2021-11-06,"[np.float64(0.01), np.float64(0.02)]",4
Soursops/guanabanas,Bromide ion,2008-09-01,"[np.float64(10.0), np.float64(20.0)]",2
Soyabeans,Bromide ion,2008-09-01,"[np.float64(20.0), np.float64(5.0)]",2
Star apples/cainitos,Bromide ion,2008-09-01,"[np.float64(10.0), np.float64(20.0)]",2
Stone fruits,Bromide ion,2008-09-01,"[np.float64(20.0), np.float64(5.0)]",2
Strawberry,Bromide ion,2008-09-01,"[np.float64(50.0), np.float64(100.0)]",2
Sugar beet roots,Bromide ion,2008-09-01,"[np.float64(20.0), np.float64(5.0)]",2
Sugar canes,Bromide ion,2008-09-01,"[np.float64(20.0), np.float64(5.0)]",2
Sunflower seeds,Bromide ion,2008-09-01,"[np.float64(5.0), np.float64(20.0)]",2
Table grapes,Bromide ion,2008-09-01,"[np.float64(5.0), np.float64(20.0)]",2
Table grapes,Clethodim,2008-09-01,"[np.float64(1.0), np.float64(0.5)]",2
Table olives,Bromide ion,2008-09-01,"[np.float64(10.0), np.float64(20.0)]",2
Tamarind,Bromide ion,2008-09-01,"[np.float64(50.0), np.float64(400.0)]",2
Tamarind,Dichlorvos,2008-09-01,"[np.float64(0.1), np.float64(0.02)]",4
Teas,Bromide ion,2008-09-01,"[np.float64(50.0), np.float64(70.0)]",2
Tomatoes,Bromide ion,2008-09-01,"[np.float64(50.0), np.float64(30.0)]",2
Turmeric/curcuma,Bromide ion,2008-09-01,"[np.float64(50.0), np.float64(400.0)]",2
Turmeric/curcuma,Dichlorvos,2008-09-01,"[np.float64(0.02), np.float64(0.1)]",4
Turmeric/curcuma,Parathion,2008-09-01,"[np.float64(0.2), np.float64(0.1)]",4
Valerian,Bromide ion,2008-09-01,"[np.float64(50.0), np.float64(70.0)]",2
Vanilla,Bromide ion,2008-09-01,"[np.float64(50.0), np.float64(400.0)]",2
Vanilla,Dichlorvos,2008-09-01,"[np.float64(0.02), np.float64(0.1)]",4
Watermelons,Aldrin and Dieldrin (Aldrin and dieldrin combined expressed as dieldrin),2008-09-01,"[np.float64(0.01), np.float64(0.03)]",4
Wheat,Bromide ion,2008-09-01,"[np.float64(50.0), np.float64(10.0)]",2
Wine grapes,Bromide ion,2008-09-01,"[np.float64(20.0), np.float64(5.0)]",2
