Crop_ID,Crop_Map_Name,Crop_Data_Name,"1,1-dichloro-2,2-bis(4-ethylphenyl)ethane","1,2-dibromoethane (ethylene dibromide)","1,2-dichloroethane (ethylene dichloride)","1,3-Dichloropropene","1,4-dimethylnaphthalene (R)",1-Naphthylacetamide and 1-naphthylacetic acid,1-methyl-3-(trifluoromethyl)-1H-pyrazole-4-carboxamide (PAM),1-methylcyclopropene,"2,4,5-T","2,4-D","2,4-DB","2,5-dichlorobenzoic acid methylester","2-amino-4-methoxy-6-(trifluormethyl)-1,3,5-triazine (AMTT), resulting from the use of tritosulfuron",2-naphthyloxyacetic acid,2-phenylphenol (R),3-decen-2-one,6-Benzyladenine,8-hydroxyquinoline,Abamectin (R),Acephate,Acequinocyl,Acetamiprid,Acetochlor,"Acibenzolar-S-methyl, expressed as acibenzolar-S-methyl)",Aclonifen,Acrinathrin,Alachlor,Aldicarb,Aldrin and Dieldrin (Aldrin and dieldrin combined expressed as dieldrin),Ametoctradin (R),Amidosulfuron  (R),Aminopyralid,Amisulbrom,"Amitraz (amitraz including the metabolites containing the 2,4 -dimethylaniline moiety expressed as amitraz)",Amitrole,Anilazine,Anthraquinone,Aramite,Asulam,Atrazine,Azadirachtin,Azimsulfuron,Azinphos-ethyl,Azinphos-methyl,Azocyclotin and Cyhexatin,Azoxystrobin,Barban,Beflubutamid,Benalaxyl including other mixtures of constituent isomers including benalaxyl-M,Benfluralin,Bensulfuron-methyl,"Bentazone and 8-hydroxy bentazone (free and conjugated), expressed as bentazone)","Benthiavalicarb (Benthiavalicarb-isopropyl(KIF-230 R-L) and its enantiomer (KIF-230 S-D) and its diastereomers(KIF-230 S-L and KIF-230 R-D), expressed as benthiavalicarb-isopropyl)","Benzalkonium chloride (mixture of alkylbenzyldimethylammonium chlorides with alkyl chain lengths of C8, C10, C12, C14, C16 and C18)",Benzovindiflupyr,"Bicyclopyrone-6-(trifluoromethyl) pyridine-3-carboxylic acid (SYN503780) and (2-(2-hydroxyethoxymethyl)-6- (trifluoromethyl)pyridine-3-carboxylic acid (CSCD686480), expressed as bicyclopyrone)",Bifenazate,Bifenox,Bifenthrin,Biphenyl,Bispyribac,Bitertanol,Bixafen (R),Bone oil,Boscalid  (R),Bromadiolone,Bromide ion,Bromophos-ethyl,Bromopropylate,"Bromoxynil and its salts, expressed as bromoxynil",Bromuconazole,Bupirimate,Bupirimate (R) (F),Buprofezin,Butralin,Butylate,Cadusafos,Camphechlor (Toxaphene) (R),Captafol,Captan,Carbaryl,Carbendazim and benomyl,Carbetamide,Carbofuran and 3-OH carbofuran expressed as carbofuran),Carbon monoxide,Carbon tetrachloride,"Carboxin (carboxin plus its metabolites carboxin sulfoxide and oxycarboxin (carboxin sulfone), expressed as carboxin)",Carfentrazone-ethyl,Carfentrazone-ethyl (determined as carfentrazone and expressed as carfentrazone-ethyl),Cartap,Chlorantraniliprole,Chlorate,Chlorbenside,Chlorbufam,Chlordane (R),Chlordecone,Chlorfenapyr,Chlorfenson,Chlorfenvinphos,Chloridazon,Chlormequat,Chlorobenzilate,Chloropicrin,Chlorothalonil,Chlorotoluron,Chloroxuron,Chlorpropham,Chlorpropham (R),Chlorpyrifos,Chlorpyrifos-methyl  (R),Chlorsulfuron,Chlorthal-dimethyl,Chlorthiamid,Chlozolinate,Chromafenozide,Cinidon-ethyl,Clethodim,"Clodinafop and its S-isomers and their salts, expressed as clodinafop",Clofentezine,Clomazone,Clopyralid,Clothianidin,Copper compounds (Copper),Coumaphos,Cyanamide including salts expressed as cyanamide,Cyantraniliprole,Cyazofamid,Cyclanilide,Cyclaniliprole,"Cycloxydim including degradation and reaction products which can be determined as 3-(3-thianyl)glutaric acid S-dioxide (BH 517-TGSO2) and/or 3-hydroxy-3-(3-thianyl)glutaric acid S-dioxide (BH 517-5-OH-TGSO2) or derivatives thereof, calculated in total as cycloxydim","Cyflufenamid and its E-isomer, expressed as cyflufenamid) (R)",Cyflumetofen,Cyfluthrin (cyfluthrin including other mixtures of constituent isomers),Cyhalofop-butyl,Cymoxanil,Cypermethrin (cypermethrin including other mixtures of constituent isomers),Cyproconazole,Cyprodinil  (R),Cyromazine,DDT expressed as DDT),DNOC,Dalapon,"Daminozide, expressed as daminozide)",Dazomet (Methylisothiocyanate resulting from the use of dazomet and metam),Deltamethrin (cis-deltamethrin),Denatonium benzoate,Desmedipham,Di-allate,Diazinon,Dicamba,Dichlobenil,"Dichlorprop, its salts, esters and conjugates, expressed as dichlorprop)",Dichlorvos,Dicloran,Dicofol,"Didecyldimethylammonium chloride (mixture of alkyl-quaternary ammonium salts with alkyl chain lengths of C8, C10 and C12)",Diethofencarb,Difenacoum,Difenoconazole,Diflubenzuron  (R),Diflufenican,Difluoroacetic acid (DFA),Dimethachlor,Dimethenamid including other mixtures of constituent isomers including dimethenamid-P,Dimethipin,Dimethoate,Dimethomorph,Dimoxystrobin,Dimoxystrobin  (R),Diniconazole,"Dinocap (Where only meptyldinocap or its corresponding phenol are detected but none of the other components constituting dinocap (including their corresponding phenols), the MRLs and residue definition of meptyldinocap are to be applied.)",Dinoseb,Dinotefuran,Dinoterb,Dioxathion,Diphenylamine,Diquat,Disulfoton,Dithianon,"Dithiocarbamates (dithiocarbamates expressed as CS2, including maneb, mancozeb, metiram, propineb, thiram and ziram)",Diuron,Dodemorph,Dodine,EPTC (ethyl dipropylthiocarbamate),"Emamectin B1a and its salts, expressed as emamectin B1a (free base) (R)",Endosulfan,Endrin,Epoxiconazole,Ethalfluralin,Ethametsulfuron-methyl,Ethephon,Ethion,Ethirimol (R) (F),Ethofumesate,Ethoprophos,Ethoxyquin,Ethoxysulfuron,Ethylene oxide,Etofenprox,Etoxazole,Etridiazole,Famoxadone,Fenamidone,Fenamiphos,Fenarimol,Fenazaquin,Fenbuconazole,Fenbutatin oxide,Fenchlorphos,Fenhexamid,Fenitrothion,Fenoxaprop-P,Fenoxycarb,Fenpicoxamid  (R),Fenpropathrin,Fenpropidin (R),Fenpropimorph (R),Fenpyrazamine,Fenpyroximate  (R) (F),"Fenthion (fenthion and its oxigen analogue, their sulfoxides and sulfone expressed as parent)","Fentin (fentin including its salts, expressed as triphenyltin cation)","Fenvalerate (any ratio of constituent isomers (RR, SS, RS & SR) including esfenvalerate) (R)",Fipronil (sum fipronil + sulfone metabolite (MB46136) expressed as fipronil),Flazasulfuron,Flonicamid,Florasulam,Florpyrauxifen-benzyl,Fluazifop-P,Fluazinam,Flubendiamide,Flucycloxuron,Flucythrinate (flucythrinate including other mixtures of constituent isomers),Fludioxonil  (R),Flufenacet,Flufenoxuron,Flufenzin,Flumequine,Flumetralin,Flumioxazine,Fluometuron,Fluopicolide,Fluopyram,Fluoride ion,Fluoroglycofene,Fluoxastrobin,Flupyradifurone,Flupyrsulfuron-methyl,Fluquinconazole,Flurochloridone,Fluroxypyr (R),Flurprimidole,Flurtamone,Flusilazole  (R),Flutianil,Flutolanil,Flutriafol,Fluvalinate resulting from the use of tau-fluvalinate,Fluxapyroxad,Folpet,Fomesafen,Foramsulfuron,Forchlorfenuron,Formetanate: Sum of formetanate and its salts expressed as formetanate (hydrochloride),Formothion,Fosetyl-Al,Fosthiazate,Fuberidazole,Furfural,"Glufosinatephosphinoyl]propionic acid (MPP) and N-acetyl-glufosinate (NAG), expressed as glufosinate)",Glyphosate,"Guazatine (guazatine acetate, sum of components)","Halauxifen-methyl, expressed as halauxifen-methyl)",Halosulfuron methyl,Haloxyfop) (R),Heptachlor,Hexachlorobenzene,"Hexachlorocyclohexane (HCH), alpha-isomer","Hexachlorocyclohexane (HCH), beta-isomer",Hexaconazole,Hexythiazox (any ratio of constituent isomers),Hydrogen cyanide (cyanides expressed as hydrogen cyanide),Hymexazol,Imazalil (any ratio of constituent isomers),Imazamox,Imazapic,Imazapyr,Imazaquin,Imazosulfuron,Imidacloprid,Indolylacetic acid,Indolylbutyric acid,Indoxacarb,Iodosulfuron-methyl,Ioxynil,Ipconazole,Iprodione,Iprovalicarb,Isofetamid,Isoprothiolane,Isoproturon,Isopyrazam,Isoxaben,Isoxaflutole,Kresoxim-methyl,Lactofen,Lambda-cyhalothrin (includes gamma-cyhalothrin),Lenacil,Lindane (Gamma-isomer of hexachlorocyclohexane (HCH)),Linuron,Lufenuron (any ratio of constituent isomers),"MCPA and MCPB (MCPA, MCPB including their salts, esters and conjugates expressed as MCPA) (R)",Malathion,Maleic hydrazide,Mandestrobin,Mandipropamid (any ratio of constituent isomers),Mecarbam,Mecoprop,Mefentrifluconazole,Mepanipyrim,Mepiquat,Mepronil,Meptyldinocap,Mercury compounds,Mesosulfuron-methyl,Mesotrione,Metaflumizone,Metalaxyl and metalaxyl-M (metalaxyl including other mixtures of constituent isomers including metalaxyl-M),Metaldehyde,Metamitron,Metazachlor,Metconazole,Methabenzthiazuron,Methacrifos,Methamidophos,Methidathion,Methiocarb,Methomyl,Methoprene,Methoxychlor,Methoxyfenozide,Methylisothiocyanate (resulting from the use of dazomet or metam),Metolachlor and S-metolachlor (metolachlor including other mixtures of constituent isomers including S-metolachlor),Metosulam,Metrafenone,Metribuzin,Metsulfuron-methyl,Mevinphos,Milbemectin,Molinate,Monocrotophos,Monolinuron,Monuron,Myclobutanil,Napropamide (sum  of isomers),Nicosulfuron,Nicotine,Nitrofen,Novaluron,Omethoate,Orthosulfamuron,Oryzalin,Oxadiargyl,Oxadiazon,Oxadixyl,Oxamyl,Oxasulfuron,Oxathiapiprolin,Oxycarboxin,Oxydemeton-methyl,Oxyfluorfen,Paclobutrazol,Paraffin oil (CAS 64742-54-7),Paraquat,Parathion,Parathion-methyl,Penconazole,Pencycuron (R) (F),Pendimethalin,Penflufen,Penoxsulam,Penthiopyrad,Permethrin,Pethoxamid,Petroleum oils (CAS 92062-35-6),Phenmedipham,Phenothrin (phenothrin including other mixtures of constituent isomers),Phenthoate,Phorate,Phosalone,Phosmet,Phosmet (phosmet and phosmet oxon expressed as phosmet),Phosphamidon,"Phosphane and phosphide salts, determined and expressed as phosphane)",Phosphonic acid and its salts expressed as phosphonic acid,Phoxim,Picloram,"Picloram, free and conjugated, expressed as picloram",Picolinafen,Picoxystrobin,Pinoxaden,Pirimicarb,Pirimiphos-methyl,Potassium permanganate,"Prochloraz and BTS 44596 (M201-03), expressed as prochloraz)",Procymidone,Profenofos,Profoxydim,Prohexadione (prohexadione (acid) and its salts expressed as prohexadione-calcium),"Propachlor: oxalinic derivate of propachlor, expressed as propachlor",Propamocarb,Propanil,Propargite,Propham,Propiconazole,Propineb,Propisochlor,Propoxur,"Propoxycarbazone (propoxycarbazone, its salts and 2-hydroxypropoxycarbazone expressed as propoxycarbazone)",Propyzamide (R),Proquinazid (R),Prosulfocarb,Prosulfuron,Prothioconazole: prothioconazole-desthio,Pymetrozine,Pyraclostrobin,Pyraflufen-ethyl,Pyrasulfotole,Pyrazophos,Pyrethrins,Pyridaben,Pyridalyl,Pyridate and hydrolysable conjugates of CL 9673 expressed as pyridate),Pyrimethanil,Pyriofenone,Pyriproxyfen,Pyroxsulam,Quinalphos,Quinclorac,Quinmerac,Quinoclamine,Quinoxyfen,Quintozene,"Quizalofop and its conjugates, expressed as quizalofop (any ratio of constituent isomers))",Repellants: Tall oil,Resmethrin (resmethrin including other mixtures of consituent isomers),Rimsulfuron,Rotenone,Saflufenacil,Sedaxane,Silthiofam,Simazine,Sintofen,"Sodium 5-nitroguaiacolate, sodium o-nitrophenolate and sodium p-nitrophenolate",Sodium aluminium silicate,Sodium hypochlorite,Spinetoram (F),"Spinosad (spinosad, sum of spinosyn A and spinosyn D)",Spirodiclofen,Spiromesifen,"Spirotetramat and spirotetramat-enol, expressed as spirotetramat",Spiroxamine (R),Streptomycin,Sulcotrione,Sulfosulfuron,Sulfoxaflor,Sulfuryl fluoride,"Sum of M4 and M6 (both free and conjugated), expressed as pinoxaden (R)","Sum of diclofop-methyl, diclofop acid and its salts, expressed as diclofop-methyl","Sum of metobromuron and 4-bromophenylurea, expressed as metobromuron",TEPP,Tebuconazole,Tebufenozide,Tebufenpyrad,Tecnazene,Teflubenzuron,Tefluthrin (tefluthrin including other mixtures of constituent isomers),"Tembotrione and its metabolite M5 (4,6-dihydroxy tembotrione), expressed as tembotrione)","Tepraloxydim-glutaric acid or to the moiety 3-hydroxy-(tetrahydro-pyran-4-yl)-glutaric acid, expressed as tepraloxydim)",Terbufos,Terbuthylazine (R),Tetraconazole,Tetradifon,Thiabendazole,Thiacloprid,Thiamethoxam,Thiencarbazone-methyl,Thifensulfuron-methyl,Thiobencarb (4-chlorobenzyl methyl sulfone),Thiodicarb,Thiophanate-methyl,Thiram,Tolclofos-methyl,Tolylfluanid (R),Topramezone (BAS 670H),Total copper,Tralkoxydim,Tri-allate,Triadimefon,Triadimenol (any ratio of constituent isomers),Triasulfuron,Triazophos,Triazoxide,Tribenuron-methyl,Trichlorfon,Triclopyr,Tricyclazole,Tridemorph,Trifloxystrobin  (R),Trifloxystrobin (R),Triflumezopyrim,"Triflumizole: Triflumizole and metabolite FM-6-1(N-(4-chloro-2-trifluoromethylphenyl)-n-propoxyacetamidine), expressed as Triflumizole (R)",Triflumuron,Trifluralin,"Triflusulfuron (6-(2,2,2-trifluoroethoxy)-1,3,5-triazine-2,4-diamine (IN-M7222))",Triforine,"Trimethyl-sulfonium cation, resulting from the use of glyphosate","Trinexapac and its salts, expressed as trinexapac)",Triticonazole,Tritosulfuron,Valifenalate (R),Vinclozolin,Warfarin,"Z,Z,Z,Z-7,13,16,19-docosatetraen-1-yl isobutyrate",Z-13-hexadecen-11-yn-1-yl acetate,Ziram,Zoxamide
3,(a) Solanaceae and Malvaceae,(a) Solanaceae and Malvaceae,0.01,0.01,0.01,0.01,0.05,0.06,,0.01,0.01,0.05,0.01,0.01,0.01,0.01,0.01,0.1,0.01,0.01,,0.01,,,0.01,,,0.01,0.01,0.02,0.01,,0.01,0.01,,0.05,0.01,0.01,0.01,0.01,0.05,0.05,1.0,0.01,0.02,0.01,0.01,3.0,0.01,0.02,,0.02,0.01,0.03,,0.1,,,0.01,0.01,,0.01,0.01,0.01,0.01,0.01,3.0,0.01,,0.01,0.01,0.01,0.01,,,0.01,0.01,0.01,0.01,0.01,0.02,,0.01,,0.01,0.002,0.01,,0.03,0.02,0.01,,,,0.01,0.01,0.01,0.02,0.01,0.01,0.01,0.03,0.01,0.02,0.005,0.01,0.01,0.01,0.01,0.01,0.01,0.01,0.01,0.01,0.01,0.01,0.01,0.05,,0.02,,0.01,0.5,0.01,5.0,,0.01,,,0.05,0.01,,,,,0.02,,0.5,0.05,,0.01,0.05,0.01,0.05,0.06,0.1,,0.01,0.01,0.01,,0.05,0.01,0.02,0.01,0.01,0.02,0.05,0.01,0.01,,0.01,0.01,,0.01,0.01,0.05,0.01,1.0,0.01,0.01,0.01,0.02,0.02,,0.01,0.01,0.05,0.01,0.01,,,0.01,0.01,0.01,0.01,0.02,0.05,0.01,0.01,0.01,0.01,,0.01,,0.03,0.01,0.05,0.01,0.02,,0.01,0.01,,0.01,0.01,0.02,,0.01,0.01,0.01,,0.01,0.1,0.01,0.01,0.01,0.01,0.01,,,0.01,0.02,,0.005,0.01,,0.01,0.01,,,,0.01,0.01,,0.05,0.01,0.02,,0.01,0.02,0.01,1.0,,0.2,0.01,0.01,,0.02,0.01,0.01,0.01,0.01,0.01,0.01,0.01,0.01,,,0.6,,0.01,0.01,0.01,,0.01,,0.02,0.01,1.0,,0.1,0.05,0.02,0.01,0.01,0.01,0.01,0.01,0.01,0.01,,,0.02,,0.05,0.01,,0.01,0.01,,0.1,0.1,0.01,0.01,0.01,0.01,0.01,,,0.01,0.01,,0.01,0.02,,0.01,,0.1,0.01,0.01,,0.05,0.02,0.2,0.01,,0.01,0.05,,,0.02,0.01,0.01,0.01,0.01,0.01,,,,0.01,0.02,0.02,0.01,0.01,0.01,0.02,0.03,,0.02,0.01,,,0.01,0.01,,0.1,0.01,0.01,0.02,0.01,0.01,0.01,0.01,,0.01,0.01,0.01,0.01,0.01,0.01,0.01,0.01,0.01,0.01,0.01,,0.01,,0.01,0.01,0.01,0.01,0.01,0.02,0.05,0.01,,0.02,0.05,0.01,0.01,2.0,0.05,0.01,0.01,0.01,0.02,,0.01,0.01,0.01,0.05,0.01,0.01,,0.01,0.01,0.01,0.01,0.01,0.02,0.5,0.01,0.01,0.03,0.01,,0.01,0.01,0.02,,0.01,0.01,0.01,0.01,0.05,0.01,0.005,0.02,0.01,,0.01,0.01,0.01,0.02,,0.02,0.01,0.01,1.0,,,0.05,,0.01,,0.01,0.01,0.01,0.1,0.01,0.02,0.02,,0.01,0.01,0.01,0.01,0.03,0.01,0.01,0.01,0.01,0.03,0.01,0.01,,,,,1.0,0.01,,0.01,0.01,,0.01,0.03,0.02,0.02,0.01,,,,0.01,,0.01,0.02,0.1,0.01,0.01,,0.01,0.01,0.01,0.01,0.01,0.01,0.01,0.01,,0.05,0.01,0.02,0.005,,0.01,0.1,0.01,0.01,0.01,0.01,0.001,0.01,0.01,0.01,0.01,0.01,,,,0.02,0.01,0.01,0.01,0.01,0.05,0.01,0.01,0.01,,0.01,0.01,0.01,0.01,0.1,
1,(a) edible peel,(a) edible peel,0.01,0.01,0.01,0.01,0.05,0.06,,0.01,0.01,0.05,0.01,0.01,0.01,0.01,0.01,0.1,0.01,,0.01,0.01,,,0.01,0.01,0.01,0.01,0.01,0.02,0.01,0.01,0.01,,0.01,0.05,,0.01,0.01,0.01,0.05,0.05,,0.01,0.02,0.01,0.01,,0.01,0.02,0.01,0.02,0.01,0.03,0.01,0.1,,,0.01,0.01,0.01,0.01,0.01,0.01,0.01,0.01,0.01,0.01,"10.0, 20.0",0.01,0.01,0.01,0.01,0.05,0.01,0.01,0.01,0.01,0.01,0.01,0.02,0.03,0.01,0.1,0.01,0.003,0.01,,,,0.01,,,,0.01,0.01,0.01,0.02,0.01,0.01,0.01,,0.01,0.02,0.005,0.01,0.01,0.01,0.01,0.01,0.01,0.01,0.01,0.01,0.01,0.01,0.01,0.05,0.1,0.02,0.02,0.01,0.5,0.01,,,0.01,,0.01,0.05,0.01,0.09,0.01,,0.01,0.02,0.01,,0.05,,0.01,0.05,0.01,0.05,0.06,0.02,,0.01,0.01,0.01,0.01,0.05,0.01,0.02,0.01,0.01,0.02,0.05,0.01,0.01,,0.01,0.01,,0.01,0.01,0.05,0.01,0.01,0.01,0.01,0.01,0.02,0.02,,0.01,0.01,0.05,,0.01,0.01,,0.01,0.01,,0.01,,0.05,0.01,0.01,0.01,,,0.01,0.01,0.03,0.01,0.05,0.01,0.02,,0.01,0.01,0.01,0.01,0.01,0.02,0.01,0.01,,0.01,0.01,0.01,0.1,0.01,0.01,0.01,0.01,0.01,0.01,0.01,0.01,0.02,0.02,0.005,0.01,0.03,0.01,0.01,0.01,0.01,0.01,0.01,0.01,0.01,0.05,0.01,0.02,,0.01,0.02,0.01,0.01,0.01,0.2,0.01,0.01,,0.02,0.01,0.01,0.01,0.01,0.01,0.01,0.01,0.01,0.01,0.01,,,0.01,0.01,0.01,0.01,0.01,,0.02,0.01,1.0,0.1,,0.05,0.02,0.01,0.01,0.01,0.01,0.01,0.01,0.01,,,0.02,0.01,0.05,0.01,,0.01,0.01,0.01,0.1,0.1,0.01,0.01,0.01,0.01,0.01,0.01,,0.01,0.01,,0.01,0.02,,0.01,,0.1,0.01,0.01,,0.05,0.02,0.2,0.01,,0.01,0.05,,0.01,0.02,0.01,0.01,0.01,0.01,0.01,,0.05,0.05,0.01,0.02,0.02,0.01,0.01,0.01,0.02,0.03,,0.02,0.01,0.01,0.01,0.01,0.01,,0.1,0.01,0.01,0.02,0.01,0.01,0.01,0.01,,0.01,0.01,,0.01,0.01,0.01,0.01,0.01,0.01,0.01,0.01,,0.01,0.01,0.01,0.01,0.01,0.01,0.01,0.02,0.05,0.01,0.01,0.02,0.05,0.01,0.01,,0.05,0.01,0.01,0.01,0.02,,0.01,0.01,0.01,,0.01,0.01,,0.01,0.01,0.01,0.01,0.01,0.02,0.01,0.01,0.01,0.03,0.01,0.01,0.01,0.01,0.02,0.01,0.01,0.01,0.01,0.01,,0.01,,0.02,0.01,,0.01,0.01,0.01,0.02,0.02,0.02,0.01,0.01,1.0,0.01,0.01,0.05,,0.01,,0.01,0.01,0.01,,0.01,0.02,0.02,0.01,0.01,0.01,0.01,0.01,0.03,0.01,0.01,0.01,0.01,,0.01,0.01,,0.02,0.02,0.02,,0.01,,0.01,0.01,,0.01,0.03,0.02,0.02,0.01,,,0.01,0.01,0.01,0.01,0.02,0.1,0.01,0.01,,0.01,,0.01,0.01,0.01,0.01,0.01,0.01,0.1,0.05,0.01,0.02,0.005,,0.01,0.1,0.01,0.01,0.01,0.01,,0.01,0.01,0.01,0.01,0.01,,,,0.02,0.01,0.01,0.01,0.01,0.05,0.01,0.01,0.01,0.01,0.01,0.01,0.01,0.01,0.1,0.01
181,BRASSICA,(a) flowering brassica,0.01,0.01,0.01,0.01,0.05,0.06,,0.01,0.01,0.05,0.01,0.01,0.01,0.01,0.01,0.1,0.01,0.01,0.01,0.01,0.01,,0.01,0.01,0.01,0.01,0.01,0.02,0.01,9.0,0.01,0.01,0.01,0.05,0.01,0.01,0.01,0.01,0.05,0.05,1.0,0.01,0.02,0.01,0.01,5.0,0.01,0.02,0.01,0.02,0.01,0.03,0.01,0.1,0.01,,0.01,0.01,0.4,0.01,0.01,0.01,0.01,0.01,5.0,0.01,30.0,0.01,0.01,0.01,0.01,0.05,0.01,0.01,0.01,0.01,0.01,0.01,0.02,0.03,0.01,0.1,0.01,0.002,0.01,,0.03,0.02,0.01,,,,0.01,0.01,0.01,0.02,0.01,0.01,0.01,0.03,0.01,0.02,0.005,0.01,0.01,0.01,0.01,0.01,0.01,0.01,0.01,0.01,0.01,0.01,0.01,0.05,0.5,0.02,0.02,0.01,,0.01,20.0,,0.01,2.0,0.01,0.05,0.01,9.0,0.01,0.01,0.01,0.02,0.01,,0.05,2.0,0.01,0.05,0.01,0.05,0.06,0.02,0.1,0.01,0.01,0.01,0.01,0.05,0.01,0.02,0.01,0.01,0.02,0.05,0.01,0.01,,0.01,0.01,0.7,0.01,0.01,0.05,0.01,,0.01,0.01,0.01,0.02,0.02,,0.01,0.01,0.05,0.01,0.01,0.01,1.0,0.01,0.01,0.01,0.01,0.003,0.05,0.01,0.01,0.01,0.01,0.05,0.01,0.01,0.03,0.01,0.05,0.01,0.02,0.4,0.01,0.01,0.01,0.01,0.01,0.02,0.01,0.01,0.01,0.01,0.01,0.01,0.1,0.01,0.01,0.01,0.01,0.01,0.01,0.01,0.01,0.02,,0.005,0.01,0.03,0.01,0.01,0.01,0.01,0.01,0.01,0.01,,0.05,0.01,0.02,,0.01,0.02,0.01,2.0,,0.2,0.01,0.01,0.6,0.02,0.01,0.01,0.01,0.01,0.01,0.01,0.01,0.05,0.01,0.3,,0.03,0.01,0.01,0.01,0.01,0.01,70.0,0.02,0.01,1.0,0.03,0.1,0.05,0.02,0.01,0.01,0.01,0.01,0.01,0.01,0.01,0.01,,0.02,0.01,0.05,0.01,,0.01,0.01,0.01,0.1,0.1,0.01,0.01,0.01,0.01,0.01,0.01,0.01,0.01,0.01,0.01,0.01,0.02,0.01,0.01,0.1,0.1,0.01,0.01,0.01,0.05,0.02,0.2,0.01,,0.01,0.05,0.7,0.01,0.02,0.01,0.01,0.01,0.01,0.01,,0.2,0.7,0.01,0.06,0.02,0.01,0.01,0.01,0.02,0.03,0.01,0.02,0.01,0.01,0.01,0.01,0.01,0.01,0.1,0.01,0.01,0.02,0.01,0.01,0.01,0.01,0.05,0.01,0.01,0.01,0.01,0.01,0.01,0.01,0.01,0.01,0.01,0.01,0.001,0.01,1.5,0.01,0.01,0.01,0.01,0.01,0.02,0.05,0.01,0.01,0.02,0.05,0.01,0.01,4.0,0.05,0.01,0.01,0.01,0.02,,0.01,0.01,0.01,0.05,0.01,0.01,50.0,0.01,0.08,0.08,0.01,0.01,0.02,0.5,0.01,0.01,0.03,0.01,0.01,0.01,0.01,0.02,,0.01,0.01,0.01,0.01,0.05,0.01,0.005,0.02,0.02,0.01,0.01,0.01,0.05,0.02,0.5,0.02,0.01,0.01,1.0,0.01,0.01,0.05,0.01,0.01,0.01,0.01,0.01,0.01,0.1,0.01,0.02,0.02,0.4,0.01,0.01,0.01,0.01,0.03,0.01,0.01,0.01,0.01,0.03,0.01,0.01,0.02,2.0,0.02,0.02,1.0,0.01,,0.01,0.01,,0.01,0.03,0.02,0.02,0.01,,,0.01,0.01,0.01,0.01,0.02,0.1,0.01,0.01,0.01,0.01,0.01,0.01,0.01,0.01,0.01,0.01,0.01,0.1,0.05,0.01,0.02,0.005,20.0,0.01,0.1,0.01,0.01,0.01,0.01,0.001,0.01,0.01,0.01,0.01,0.01,,,,0.02,0.01,0.01,0.01,0.01,0.05,0.01,0.01,0.01,0.01,0.01,0.01,0.01,0.01,0.1,0.01
2,(a) flowers,(a) flowers,0.1,0.02,0.02,0.05,0.05,0.1,,0.05,0.05,0.1,0.05,0.01,0.01,0.05,0.05,0.1,0.05,0.05,0.05,0.05,0.05,0.05,0.05,0.05,0.08,0.05,0.05,0.05,0.02,0.05,0.05,0.05,0.05,0.1,0.05,0.05,0.02,0.1,0.1,0.1,0.01,0.05,0.05,0.05,0.05,60.0,0.05,0.05,0.05,0.1,0.05,0.1,0.05,0.1,0.05,,0.05,0.05,0.1,0.05,0.05,0.05,0.05,0.01,0.9,0.01,,0.05,0.05,0.05,0.05,0.05,0.05,0.05,0.05,0.05,0.01,0.05,0.1,0.1,0.05,0.1,0.05,0.05,0.01,,0.1,0.1,0.02,,0.05,0.05,0.1,0.05,0.02,0.02,0.05,0.1,0.05,0.1,0.05,0.1,0.025,0.05,0.05,0.05,0.05,0.05,0.01,0.01,0.05,0.05,0.05,0.05,0.05,0.1,0.1,0.1,0.05,,5.0,0.05,100.0,,0.01,0.05,0.05,0.1,0.05,0.1,0.05,0.05,0.05,0.1,0.1,0.1,0.05,0.1,0.1,0.5,0.05,0.1,0.1,0.02,9.0,0.05,0.05,0.05,0.05,40.0,0.05,0.1,0.02,0.05,0.1,0.05,0.05,0.05,20.0,0.05,0.05,0.1,0.05,0.05,0.1,0.05,0.05,0.05,0.05,0.05,0.1,0.1,,0.05,0.05,0.05,0.05,0.05,0.01,0.1,0.05,0.01,0.05,0.05,0.01,0.1,0.1,0.05,0.01,0.02,0.1,0.05,0.05,15.0,0.02,0.1,0.05,0.1,0.05,0.05,0.05,0.05,0.05,0.05,0.05,0.05,0.05,0.05,0.1,0.05,0.05,0.1,0.05,0.05,0.02,0.05,0.05,0.05,0.05,0.05,0.1,0.1,0.005,0.05,0.1,0.05,0.05,0.04,0.1,0.05,0.05,0.05,0.05,0.05,0.05,0.1,,0.05,0.1,0.05,0.05,40.0,10.0,0.02,0.05,0.05,0.1,0.05,0.05,2.0,0.05,0.05,0.05,0.05,0.05,0.05,0.05,0.05,0.1,0.05,0.05,0.05,0.05,0.05,500.0,0.05,0.05,1.0,0.1,2.0,0.05,0.1,0.02,0.05,0.1,0.02,0.01,0.01,0.05,0.05,,0.1,0.05,0.1,0.01,,0.05,0.05,0.05,0.1,0.1,0.05,0.05,0.05,0.05,0.05,0.05,0.05,0.01,0.05,0.01,0.05,0.1,0.05,0.05,0.01,0.1,0.01,0.05,0.05,0.1,,0.5,0.05,0.05,0.05,0.1,0.05,0.05,0.1,0.05,0.05,0.02,0.05,0.05,0.1,0.05,0.1,0.05,0.1,0.1,0.05,0.05,0.05,0.1,0.1,0.05,0.1,0.1,0.05,0.05,0.05,0.05,0.05,0.1,0.05,0.02,0.1,0.05,0.05,0.05,0.05,0.05,0.05,0.05,0.3,0.02,0.05,0.05,0.05,0.05,0.05,0.05,0.02,0.05,0.05,0.05,0.05,0.05,0.05,0.05,0.01,0.05,0.1,0.05,0.05,0.1,0.05,0.05,0.05,0.05,0.1,0.05,0.01,0.05,0.05,,0.05,0.05,0.05,0.1,0.02,0.02,20.0,0.1,0.01,0.01,0.05,0.05,0.05,10.0,0.05,0.05,0.15,0.05,,0.05,0.05,0.1,0.05,0.05,0.05,0.05,0.05,0.1,0.05,0.01,0.1,0.4,0.05,2.0,0.05,0.05,0.1,0.1,0.1,0.02,0.05,0.5,0.05,0.05,2.0,0.05,0.05,0.05,0.05,0.05,0.05,0.1,0.05,0.05,0.1,0.8,0.01,0.05,0.05,0.02,0.03,0.05,0.05,0.05,0.05,0.15,0.01,0.05,0.1,0.1,0.05,0.02,0.1,0.05,,0.1,0.05,0.05,0.05,0.1,0.1,0.1,0.02,15.0,0.05,0.05,0.05,0.05,0.05,0.1,0.1,0.01,0.05,0.05,0.05,0.05,0.05,0.05,0.05,0.05,0.05,0.05,0.1,0.05,0.05,0.1,0.02,100.0,0.05,0.1,0.05,0.05,0.05,0.02,0.005,0.05,0.05,0.05,0.05,0.05,0.05,0.05,,0.1,0.05,0.05,0.05,0.05,0.05,0.05,0.02,0.05,0.05,0.05,0.01,0.05,0.05,0.2,0.01
499,GRAPES,(a) grapes,0.01,0.01,0.01,0.01,0.05,0.06,,0.01,0.01,0.1,0.01,0.01,0.01,0.01,0.01,0.1,0.01,0.01,0.01,0.01,0.8,0.08,0.01,0.01,0.01,0.01,0.01,0.02,0.01,6.0,0.01,0.01,0.5,0.05,0.01,0.01,0.01,0.01,0.05,0.05,1.0,0.01,0.02,0.01,,3.0,0.01,0.02,,0.02,0.01,0.03,0.3,0.1,1.0,,0.01,0.01,0.3,0.01,0.01,0.01,0.01,0.01,5.0,0.01,"5.0, 20.0",0.01,0.01,0.01,0.01,1.5,1.5,0.01,0.01,0.01,0.01,0.01,0.02,,0.01,,0.01,0.002,0.01,,0.03,0.02,0.01,,1.0,0.05,0.01,0.01,0.01,,0.01,0.01,0.01,0.03,0.05,0.02,0.01,0.01,0.01,0.01,0.01,0.01,0.01,0.01,0.01,0.01,0.01,0.01,0.01,0.05,0.5,0.02,,0.01,0.5,0.01,50.0,,0.01,1.5,2.0,0.05,0.01,0.3,0.2,0.6,0.01,0.02,0.05,0.5,0.2,3.0,0.01,0.05,0.01,0.05,0.06,0.02,0.2,0.01,0.01,0.01,0.01,0.05,0.01,0.02,0.01,0.01,0.02,0.05,0.01,0.01,3.0,0.01,0.01,0.15,0.01,0.01,0.05,0.01,3.0,0.01,0.01,0.01,0.02,0.02,0.9,0.01,0.01,0.05,0.01,0.01,3.0,5.0,0.01,0.01,0.01,0.01,0.04,0.05,0.01,0.01,0.01,0.01,,0.01,0.4,0.03,0.01,0.05,0.01,0.02,4.0,0.01,0.01,,0.01,0.01,0.3,0.01,0.01,0.01,0.01,15.0,0.01,0.1,0.01,0.01,0.01,0.01,0.01,3.0,0.3,0.01,0.02,0.3,0.005,0.01,0.03,0.01,0.01,0.01,,2.0,0.01,0.01,,0.05,0.01,0.02,,0.01,0.05,0.01,2.0,,0.2,0.01,0.01,3.0,0.02,0.01,0.01,0.01,0.01,0.01,0.01,0.7,0.01,,1.0,3.0,,0.01,0.01,0.01,0.1,0.01,,0.02,0.01,1.0,0.15,0.5,0.05,0.02,0.01,0.01,0.01,0.01,0.01,0.01,0.01,1.0,,0.02,0.01,0.05,0.01,,0.01,0.01,0.7,0.1,0.1,0.01,0.01,0.01,0.01,0.01,2.0,4.0,0.01,0.01,0.01,0.01,0.02,1.5,0.01,,0.1,0.01,0.01,0.01,0.05,0.02,0.2,5.0,2.0,0.01,0.05,,2.0,5.0,0.01,0.2,0.01,0.01,0.01,0.02,1.5,0.05,0.01,0.02,0.02,0.01,0.01,0.01,0.02,0.03,0.01,0.02,0.01,1.0,0.01,0.01,0.01,7.0,0.1,0.01,0.01,0.02,0.01,0.01,0.01,0.01,1.5,0.01,0.01,0.01,0.01,0.01,0.01,0.01,0.01,0.01,0.01,0.01,0.001,0.01,0.7,0.01,0.01,0.01,0.01,0.01,0.02,0.05,0.01,0.4,0.02,0.05,0.01,0.01,0.01,0.05,0.01,0.01,0.01,0.02,,0.01,0.01,0.01,0.05,0.01,0.01,,0.01,0.01,0.01,0.01,0.01,0.02,0.01,0.01,0.01,0.03,0.01,0.01,0.01,0.01,0.02,0.01,0.01,0.01,0.01,0.01,0.05,0.01,0.005,0.02,0.01,0.5,0.01,0.01,0.01,0.02,,0.02,0.01,0.01,1.0,0.01,0.01,0.05,,,0.01,0.01,0.01,0.01,0.1,0.01,1.0,0.02,0.02,0.01,0.01,0.01,0.01,0.03,0.01,0.01,,0.01,0.03,0.01,0.01,0.4,0.5,,0.02,2.0,,,0.01,0.01,2.0,0.01,0.03,0.02,0.02,0.01,,4.0,,0.01,0.7,0.01,0.02,0.1,0.01,0.01,0.07,0.01,0.01,0.01,0.01,0.01,0.01,0.01,0.01,,0.05,0.01,0.02,0.005,100.0,0.01,0.1,0.01,0.01,0.01,0.01,0.001,0.01,0.01,0.01,0.01,0.01,3.0,3.0,,0.02,0.01,0.01,0.01,0.01,0.05,0.01,0.01,0.01,1.0,0.01,0.01,0.01,0.01,0.1,5.0
611,LETTUCE,(a) lettuces and salad plants,0.01,0.01,0.01,0.01,0.05,0.06,,0.01,0.01,0.05,0.01,0.01,0.01,0.01,0.01,0.1,0.01,0.01,,0.01,0.01,,0.01,,0.01,0.01,0.01,0.02,0.01,,0.01,0.01,,0.05,0.01,0.01,0.01,0.01,0.05,0.05,1.0,0.01,0.02,0.01,0.01,10.0,0.01,0.02,,0.02,0.01,0.03,0.01,0.1,0.01,,0.01,0.01,,0.01,0.01,0.01,0.01,0.01,50.0,0.01,50.0,0.01,0.01,0.01,0.01,0.05,0.01,0.01,0.01,0.01,0.01,0.01,0.02,0.03,0.01,0.1,0.01,,0.01,,0.03,0.02,0.01,,,0.7,0.01,0.01,0.01,0.02,0.01,0.01,0.01,0.03,0.01,0.02,0.005,0.01,0.01,0.01,0.01,0.01,0.01,0.01,0.01,0.01,0.01,0.01,0.01,0.05,0.5,0.02,0.02,0.01,0.5,0.01,100.0,,0.01,15.0,0.01,0.05,0.01,,0.01,0.01,0.01,0.02,,2.0,,15.0,0.01,0.05,0.01,0.05,0.06,0.03,,0.01,0.01,0.01,0.01,0.05,0.01,0.02,0.01,0.01,0.02,0.05,0.01,0.01,,0.01,0.01,,0.01,0.01,0.05,0.01,,0.01,0.01,0.01,0.02,0.02,,0.01,0.01,0.05,0.01,0.01,0.01,5.0,0.01,0.01,0.01,0.01,,0.05,0.01,0.01,0.01,0.01,0.05,0.01,0.01,0.03,0.01,0.05,0.01,0.02,,0.01,0.01,0.01,0.01,0.01,0.02,0.01,0.01,0.01,0.01,50.0,0.01,0.1,0.01,0.01,0.01,0.01,0.01,,0.01,0.01,0.02,,0.005,0.01,0.6,0.01,0.01,0.02,0.01,0.01,0.01,0.01,,0.05,0.01,0.02,,0.01,0.02,0.01,,,0.2,0.01,0.01,,0.02,0.01,0.01,0.01,0.01,0.01,0.01,0.01,0.01,,0.7,4.0,,0.01,0.01,0.01,0.01,0.01,,0.02,0.01,1.0,,0.1,0.05,0.02,0.01,0.01,0.01,0.01,0.01,0.01,0.01,0.01,,0.02,0.01,0.05,0.01,,0.01,0.01,0.01,0.1,0.1,0.01,0.01,0.01,0.01,0.01,0.01,20.0,0.01,0.01,0.01,0.01,0.02,0.01,0.01,,0.1,0.01,0.01,0.01,0.05,,0.2,0.01,25.0,0.01,0.05,,0.01,0.02,0.01,0.01,0.01,0.01,0.01,,3.0,2.0,,0.02,0.02,0.01,0.01,0.01,0.02,0.03,0.01,0.02,0.01,,0.03,0.01,0.01,0.01,,0.01,0.01,0.02,0.01,0.01,0.01,0.01,,,0.01,0.01,0.01,0.01,0.01,0.01,0.01,0.01,0.01,0.01,0.001,0.01,5.0,0.01,0.01,0.01,0.01,0.01,0.02,0.05,0.01,0.01,0.02,,0.01,0.01,,0.05,0.01,0.01,0.01,0.02,,0.01,0.01,0.01,0.05,0.01,0.01,,0.01,0.01,0.01,0.01,0.01,0.02,,0.01,0.01,0.03,0.01,0.01,0.01,0.01,0.02,,0.01,0.01,0.01,0.01,0.05,0.01,0.005,0.02,,0.01,0.01,0.01,0.01,0.02,,0.02,0.01,0.01,1.0,0.01,0.01,0.05,,0.01,0.01,0.01,0.01,0.01,0.1,0.01,0.02,0.02,0.2,0.01,0.01,0.01,0.01,0.03,0.01,0.01,0.01,0.01,0.03,0.01,0.01,,,0.02,0.02,7.0,0.01,,0.01,0.01,,0.01,0.03,0.02,,0.01,0.5,10.0,0.01,0.01,0.01,,0.02,0.1,0.01,0.01,0.01,0.01,0.01,0.01,0.01,0.01,0.01,0.01,0.01,0.1,0.05,,0.02,0.005,150.0,0.01,0.1,0.01,0.01,0.01,0.01,0.001,0.01,0.01,0.01,0.01,0.01,15.0,15.0,,0.02,0.01,0.01,0.01,0.01,0.05,0.01,0.01,0.01,0.01,0.01,0.01,0.01,0.01,0.1,0.01
857,POTATO,(a) potatoes,0.01,0.01,0.01,0.01,20.0,0.06,,0.01,0.01,0.2,0.01,0.01,0.01,0.01,0.01,0.1,0.01,0.01,0.01,0.01,0.01,0.01,0.01,0.01,0.02,0.01,0.01,0.02,0.01,0.05,0.01,0.01,0.01,0.05,0.01,0.01,0.01,0.01,0.05,0.05,1.0,0.01,0.02,0.01,0.01,7.0,0.01,0.02,0.02,0.02,0.01,0.15,0.02,0.1,0.02,,0.01,0.01,0.05,0.01,0.01,0.01,0.06,0.01,2.0,0.01,50.0,0.01,0.01,0.01,0.01,0.05,0.01,0.01,0.01,0.01,0.01,0.01,0.02,0.03,0.01,0.1,0.01,0.001,0.01,,0.03,0.02,0.01,,0.03,0.05,0.01,0.01,0.01,0.02,0.01,0.01,0.01,0.03,0.01,0.02,0.005,0.01,0.01,0.01,0.2,0.35,0.01,0.01,0.01,0.01,0.01,0.01,0.01,0.05,0.5,0.02,0.02,0.01,0.5,0.01,5.0,,0.01,0.15,0.01,0.05,0.01,4.0,0.01,0.01,0.01,0.02,0.01,0.05,0.05,0.02,0.01,0.05,0.01,0.05,0.06,0.02,0.01,0.01,0.01,0.01,0.01,0.05,0.01,0.02,0.01,0.01,0.02,0.05,0.01,0.01,0.1,0.01,0.01,0.2,0.01,0.01,0.05,0.01,0.05,0.01,0.01,0.01,0.02,0.02,,0.01,0.01,0.05,0.1,0.01,0.1,0.3,0.01,0.01,0.01,0.01,0.002,0.05,0.01,0.01,0.01,0.01,0.05,0.01,0.01,0.03,0.01,0.05,0.01,0.02,0.01,0.01,0.01,0.02,0.01,0.01,0.02,0.01,0.01,0.01,0.01,0.01,0.01,0.1,0.01,0.01,0.01,0.01,0.01,0.01,0.05,0.01,0.02,0.02,0.005,0.01,0.2,0.01,0.01,0.15,0.02,0.01,0.01,0.01,5.0,0.15,0.01,0.02,,0.01,0.02,0.01,0.03,0.08,0.2,0.1,0.1,0.05,0.02,0.01,0.01,0.01,0.01,0.01,0.01,0.01,0.1,0.01,0.01,0.3,0.06,0.01,0.01,0.01,0.01,0.01,200.0,0.02,0.01,1.0,0.3,0.5,0.05,0.02,0.01,0.01,0.01,0.01,0.01,0.01,0.01,0.01,,0.02,0.01,0.05,0.01,,0.01,0.01,0.01,0.1,0.1,0.01,0.01,0.01,0.01,0.01,0.01,0.01,0.01,0.01,0.01,0.01,0.02,0.01,0.01,0.01,0.1,0.01,0.01,0.01,0.05,0.02,60.0,0.01,0.1,0.01,0.05,0.05,0.01,0.02,0.01,0.01,0.01,0.01,0.01,0.02,0.02,0.15,0.01,0.02,0.04,0.01,0.01,0.01,0.02,0.03,0.01,0.02,0.01,0.01,0.01,0.01,0.01,0.01,0.1,0.01,0.01,0.02,0.01,0.01,0.01,0.01,0.06,0.01,0.01,0.01,0.01,0.01,0.01,0.01,0.01,0.01,0.01,0.01,0.001,0.01,0.01,0.01,0.01,0.01,0.01,0.01,0.02,0.05,0.01,0.01,0.02,0.05,0.01,0.01,0.05,0.05,0.01,0.01,0.01,0.02,,0.01,0.01,0.005,0.05,0.01,0.01,150.0,0.01,0.01,0.01,0.01,0.01,0.02,0.05,0.01,0.01,0.03,0.01,0.01,0.01,0.01,0.02,0.3,0.01,0.01,0.01,0.01,0.05,0.01,0.005,0.02,0.01,0.01,0.01,0.01,0.02,0.02,0.02,0.02,0.01,0.01,1.0,0.01,0.01,0.05,0.05,0.01,0.01,0.01,0.01,0.01,0.1,0.01,0.02,0.02,0.1,0.01,0.01,0.01,0.01,0.03,0.15,0.01,0.01,0.01,0.03,0.01,0.01,0.02,0.02,0.02,0.02,0.8,0.01,,0.01,0.01,0.03,0.01,0.03,0.02,0.03,0.01,0.02,0.01,0.01,0.01,0.01,0.01,0.02,0.1,0.01,0.01,0.01,0.01,0.04,0.01,0.01,0.01,0.01,0.01,0.01,0.1,0.05,0.2,0.02,0.005,7.0,0.01,0.1,0.01,0.01,0.01,0.01,0.001,0.01,0.01,0.01,0.01,0.01,0.02,0.02,,0.02,0.01,0.01,0.01,0.01,0.05,0.01,0.01,0.01,0.01,0.01,0.01,0.01,0.01,0.1,0.02
4,(a) swine,(a) swine,0.01,,0.1,0.02,,0.06,0.01,0.01,0.01,,0.05,0.01,0.01,,0.01,0.1,0.01,0.01,0.01,0.02,0.01,,0.01,0.02,0.01,0.01,0.01,0.01,0.2,0.03,,,0.01,,0.01,0.01,0.01,0.01,0.02,,0.01,,0.01,0.01,0.01,,0.01,0.01,,0.02,0.01,,0.01,0.1,,0.02,0.02,0.01,,0.01,0.01,0.01,,0.01,,0.01,0.05,0.01,0.01,0.05,0.02,0.05,0.01,0.01,0.01,0.01,0.01,0.01,0.01,0.03,0.05,0.05,0.01,0.01,0.01,,0.03,0.01,,,,,0.05,0.01,0.05,0.02,,0.05,0.01,,,0.1,,0.01,,0.02,0.05,0.05,0.01,0.01,0.01,0.01,0.01,0.01,0.01,0.1,0.2,0.02,0.05,0.01,,0.02,,,0.01,,0.01,0.01,0.01,,0.02,,,0.01,0.01,,,0.02,,1.0,0.02,,0.06,,,0.01,0.01,0.01,,,0.01,,,,0.02,0.1,0.01,0.01,,0.01,0.02,,0.01,0.01,,0.01,0.01,0.01,0.03,0.01,,0.02,,0.01,0.01,0.05,0.05,0.01,0.01,0.05,0.01,0.01,0.01,0.02,,0.05,0.05,0.01,0.01,0.01,,0.01,0.01,0.03,0.01,0.05,0.01,0.02,,0.01,0.01,,0.01,0.02,0.02,0.02,,0.02,,0.05,0.01,0.05,0.01,,,,,0.01,,0.05,0.02,,0.005,0.01,,0.01,0.01,,0.01,,0.01,0.01,,,0.02,0.02,,0.01,0.02,0.005,,,0.3,,,,0.02,0.01,0.05,,,0.01,0.02,0.01,,,,,0.05,0.01,0.01,0.01,0.01,0.01,,,0.01,1.0,,,0.05,0.02,,0.01,0.2,,0.01,0.01,,0.05,,,,,0.01,,0.01,0.02,0.01,0.1,0.1,0.01,0.02,0.01,0.01,0.01,0.05,0.01,0.01,0.01,,0.01,,,0.01,,0.1,0.01,0.01,,,0.02,,0.01,,0.01,,,0.01,,,0.01,,0.02,0.01,,,0.01,0.01,,0.02,0.05,0.01,0.01,0.02,0.03,0.01,,0.01,,0.01,0.01,0.01,,0.1,0.01,,0.02,0.01,,0.01,0.01,0.01,0.01,,0.01,0.01,,0.01,0.01,0.01,0.01,0.01,0.01,,0.01,0.01,0.01,0.01,0.01,0.01,0.01,,0.05,0.01,0.05,0.01,,0.01,0.01,0.01,0.05,0.01,0.01,0.05,0.05,,,0.01,0.01,0.1,,0.01,,,,,0.02,0.01,,0.05,0.01,0.01,0.03,0.01,0.05,0.01,0.01,0.02,,0.01,0.01,0.01,0.01,0.01,0.01,0.01,0.05,,0.02,0.01,,,0.01,0.05,0.02,,0.01,0.05,0.01,0.01,,0.1,0.01,0.01,0.01,0.01,,0.02,0.02,0.2,0.01,,0.01,0.02,,0.01,,0.01,0.01,0.01,0.01,0.03,0.01,0.01,0.02,,,0.01,,0.02,,0.01,,,0.01,0.02,0.01,0.02,,,,0.01,0.01,0.01,0.01,,0.1,0.01,0.01,,0.05,0.01,0.01,0.02,0.01,0.01,0.01,0.01,0.05,0.01,0.01,0.05,,,0.01,0.05,,,0.01,0.01,0.01,0.01,0.01,0.01,0.01,0.01,0.04,0.04,0.01,0.01,,0.01,0.01,0.01,0.05,,0.01,0.01,0.03,0.01,0.01,0.01,0.01,,0.01
5,(b) bovine,(b) bovine,0.01,,0.1,0.02,,0.06,0.01,0.01,0.01,,0.05,0.01,0.01,,0.01,0.1,0.01,0.01,,0.02,0.01,,0.01,0.02,0.01,0.01,0.01,0.01,0.2,,,,0.01,,0.01,0.01,0.01,0.01,0.02,,0.01,,0.01,0.01,0.01,,0.01,0.01,,0.02,0.01,,0.01,0.1,,0.02,0.02,0.01,,0.01,0.01,0.01,,0.01,,0.01,0.05,0.01,0.01,0.05,0.02,0.05,0.01,0.01,0.01,0.01,0.01,0.01,0.01,,0.05,0.05,0.01,0.01,0.01,,0.03,0.01,,,,,0.05,0.01,0.05,,,0.05,0.01,,,0.1,,0.01,0.05,0.02,0.05,0.05,0.01,0.01,0.01,0.01,0.01,0.01,0.01,0.1,0.2,0.02,,0.01,,0.02,,,0.01,,0.01,0.01,0.01,,0.02,0.01,,0.01,0.01,,,,,1.0,0.02,,0.06,,,0.01,0.01,0.01,,,0.01,,,,0.02,0.1,0.01,0.01,,0.01,0.02,,0.01,0.01,,0.01,0.01,0.01,0.03,0.01,,0.02,,0.01,0.01,0.05,0.05,0.01,0.01,0.05,0.01,0.01,0.01,0.02,,0.05,0.05,0.01,0.01,0.01,,0.01,0.01,0.03,0.01,0.05,0.01,0.02,,0.01,0.01,,0.01,0.02,0.02,0.02,,0.02,,0.05,0.01,,0.01,,,,,0.01,,0.05,0.02,,,0.01,,0.01,0.01,,0.01,,0.01,0.01,,,0.02,0.02,,0.01,0.02,0.005,,,0.3,,,,0.02,0.01,0.05,,,0.01,0.02,0.01,,,,,0.05,0.01,0.01,0.01,0.01,0.01,,,0.01,1.0,,,0.05,0.02,,0.01,0.2,,0.01,0.01,,0.05,,,,,0.01,,0.01,0.02,0.01,0.1,0.1,0.01,0.02,0.01,0.01,0.01,0.05,0.01,0.01,0.01,,0.01,,,0.01,,0.1,0.01,0.01,,,0.02,,0.01,,0.01,,,0.01,,,0.01,,0.02,0.01,,,0.01,0.01,,0.02,0.05,0.01,0.01,0.02,0.03,0.01,,0.01,,0.01,0.01,0.01,,0.1,0.01,,0.02,0.01,,0.01,0.01,0.01,0.01,,0.01,0.01,,0.01,0.01,0.01,0.01,0.01,0.01,,0.01,0.01,0.01,0.01,0.01,0.01,0.01,,0.05,0.01,0.05,0.01,,0.01,0.01,0.01,,0.01,0.01,0.05,0.05,,,0.01,0.01,0.1,,0.01,,0.02,,,0.02,0.01,,0.05,0.01,0.01,0.03,0.01,0.05,0.01,0.01,0.02,,0.01,0.01,0.01,0.01,0.01,0.01,0.01,0.05,,0.02,0.01,,,0.01,0.05,0.02,,0.01,0.05,0.01,0.01,,,0.01,0.01,0.01,0.01,,,0.02,0.2,0.01,,0.01,0.02,,0.01,,0.01,0.01,0.01,0.01,0.03,0.01,0.01,0.02,,,0.01,,,,,,,0.01,0.02,0.01,0.02,,,,0.01,0.01,0.01,0.01,,0.1,0.01,0.01,,0.05,0.1,0.01,0.02,0.01,0.01,0.01,0.01,0.05,0.01,0.01,0.05,,,0.01,0.05,,,0.01,0.01,0.01,0.01,0.01,,0.01,0.01,,,0.01,0.01,,0.01,0.01,0.01,,,0.01,0.01,0.03,0.01,0.01,0.01,0.01,,0.01
339,CUCURBITS,(b) cucurbits with edible peel,0.01,0.01,0.01,0.01,0.05,0.06,,0.01,0.01,0.05,0.01,0.01,0.01,0.01,0.01,0.1,0.01,0.01,,0.01,,,0.01,0.4,0.01,0.01,0.01,0.02,0.01,,0.01,0.01,0.01,0.05,0.01,0.01,0.01,0.01,0.05,0.05,1.0,0.01,0.02,0.01,0.01,1.0,0.01,0.02,0.01,0.02,0.01,0.03,0.01,0.1,0.08,,0.01,0.01,0.01,0.01,0.01,0.01,0.01,0.01,4.0,0.01,,0.01,0.01,0.01,0.01,,2.0,0.01,0.01,0.01,0.01,0.01,0.02,0.03,0.01,0.1,0.01,0.002,0.01,,0.03,0.02,0.01,,0.3,0.2,0.01,0.01,0.01,0.02,0.01,0.01,0.01,0.03,0.01,0.02,0.005,0.01,0.01,0.01,0.01,0.01,0.01,0.01,0.01,0.01,0.01,0.01,0.01,0.05,0.5,0.02,,0.01,0.5,0.01,5.0,,0.01,0.4,0.2,0.05,0.01,0.09,0.05,,0.01,0.02,0.08,0.2,0.05,0.5,0.01,0.05,0.01,0.05,0.06,0.1,0.2,0.01,0.01,0.01,0.01,0.05,0.01,0.02,0.01,0.01,0.02,0.05,0.01,0.01,0.3,0.01,0.01,0.7,0.01,0.01,0.05,0.01,0.5,0.01,0.01,0.01,0.05,0.02,,0.01,0.01,0.05,0.01,0.01,0.01,2.0,0.01,0.01,0.01,0.01,0.007,0.05,0.01,0.01,0.01,0.01,0.05,0.01,,0.03,0.01,0.05,0.01,0.02,0.01,0.01,0.01,,0.01,0.01,0.2,,0.01,0.01,0.01,1.0,0.01,0.1,0.01,0.01,0.01,0.01,0.01,0.7,0.08,0.01,0.02,0.02,0.005,0.01,0.5,0.01,0.01,0.03,0.01,0.2,0.01,0.01,0.4,0.05,0.01,0.02,,0.01,0.02,0.01,0.5,0.6,0.2,0.01,0.01,0.6,0.02,0.01,0.01,0.01,0.01,0.01,0.01,,0.01,0.15,0.02,0.2,0.03,0.01,0.01,0.01,,0.01,,0.02,0.01,1.0,0.1,0.1,0.05,0.02,0.01,0.01,0.01,0.01,0.01,0.01,0.01,0.05,,0.02,,0.05,0.01,,0.01,0.01,,0.1,0.1,0.01,0.01,0.01,0.01,0.01,0.1,1.0,0.01,0.01,0.4,,0.02,0.5,0.01,,0.1,0.01,0.01,,0.05,0.02,0.2,0.01,0.2,0.01,0.05,0.3,,0.02,0.01,,0.01,0.01,0.01,0.4,,0.05,0.01,0.02,0.02,0.01,0.01,0.01,0.02,0.03,,0.02,0.01,0.3,0.6,0.01,0.01,0.5,0.1,0.01,0.01,0.02,0.01,0.01,0.01,0.01,0.2,0.01,0.01,0.01,0.01,0.01,0.01,0.01,0.01,0.01,0.01,0.01,0.001,0.01,0.2,0.01,0.01,0.01,0.01,0.01,0.02,0.05,0.01,0.06,0.02,0.05,0.01,0.01,0.7,0.05,0.01,0.01,0.01,0.02,,0.01,0.01,0.01,0.05,0.01,0.01,80.0,0.01,0.01,0.01,0.01,0.01,0.02,1.0,0.01,0.01,0.03,0.01,0.01,0.01,0.01,0.02,5.0,0.01,0.01,0.01,0.01,0.05,0.01,0.005,0.02,,0.05,0.01,0.01,0.01,0.02,0.5,0.02,0.01,0.01,1.0,0.15,0.01,0.05,0.8,0.2,0.04,0.01,0.01,0.01,0.1,0.01,0.02,0.02,0.01,0.01,0.01,0.01,0.01,0.03,0.01,0.01,0.01,0.01,0.03,0.01,0.01,0.06,0.3,,,0.2,0.01,,0.01,0.01,0.5,0.01,0.03,0.02,0.02,0.01,,0.01,,0.01,,0.01,0.02,0.1,0.01,0.01,0.15,0.01,0.01,0.01,0.01,0.01,0.01,0.01,0.01,0.1,0.05,0.01,0.02,0.005,5.0,0.01,0.1,0.01,0.01,0.01,0.01,0.001,0.01,0.01,0.01,0.01,0.01,0.3,0.3,,0.02,0.01,0.01,0.01,0.01,0.05,0.01,0.01,0.01,0.01,0.01,0.01,0.01,0.01,0.1,2.0
181,BRASSICA,(b) head brassica,0.01,0.01,0.01,0.01,0.05,0.06,,0.01,0.01,0.05,0.01,0.01,0.01,0.01,0.01,0.1,0.01,0.01,0.01,0.01,0.01,,0.01,0.01,0.01,0.01,0.01,0.02,0.01,,0.01,0.01,0.01,0.05,0.01,0.01,0.01,0.01,0.05,0.05,1.0,0.01,0.02,0.01,0.01,5.0,0.01,0.02,0.01,0.02,0.01,0.03,0.01,0.1,0.01,,0.01,0.01,0.4,0.01,0.01,0.01,0.01,0.01,5.0,0.01,30.0,0.01,0.01,0.01,0.01,0.05,0.01,0.01,0.01,0.01,0.01,0.01,0.02,0.03,0.01,,0.01,0.002,0.01,,0.03,0.02,0.01,,,0.07,0.01,0.01,0.01,0.02,0.01,0.01,0.01,0.03,0.01,0.02,0.005,0.01,0.01,0.01,0.01,0.01,0.01,0.01,0.01,0.01,0.01,0.01,0.01,0.05,0.5,0.02,0.02,0.01,,0.01,20.0,,0.01,2.0,0.01,0.05,0.01,9.0,0.01,0.01,,0.02,0.01,1.0,0.05,,0.01,0.05,0.01,0.05,0.06,0.02,0.01,0.01,0.01,0.01,0.01,0.05,0.01,0.02,0.01,0.01,0.02,0.05,0.01,0.01,,0.01,0.01,,0.01,0.01,0.05,0.01,,0.01,0.01,0.01,0.02,0.02,,0.01,0.01,0.05,0.01,0.01,0.01,,0.01,0.01,0.01,0.01,0.004,0.05,0.01,0.01,0.01,0.01,0.05,0.01,0.01,0.03,0.01,0.05,0.01,0.02,,0.01,0.01,0.01,0.01,0.01,0.02,0.01,0.01,0.01,0.01,0.01,0.01,0.1,0.01,0.01,0.01,0.01,0.01,0.01,0.01,0.01,0.02,,0.005,0.01,,0.01,0.01,0.01,0.01,,0.01,0.01,,0.05,0.01,0.02,,0.01,0.02,0.01,,,0.2,0.01,0.01,,0.02,0.01,0.01,0.01,0.01,0.01,0.01,0.01,0.05,0.01,,,0.03,0.01,0.01,0.01,0.01,0.01,10.0,0.02,0.01,1.0,0.03,0.1,0.05,0.02,0.01,0.01,0.01,0.01,0.01,0.01,0.01,0.01,,0.02,0.01,0.05,0.01,,0.01,0.01,0.01,0.1,0.1,0.01,0.01,0.01,0.01,0.01,0.01,0.01,0.01,0.01,0.01,0.01,0.02,0.01,0.01,,0.1,0.01,0.01,0.01,0.05,0.02,0.2,0.01,,0.01,0.05,,0.01,0.02,0.01,0.01,0.01,0.01,0.01,,,0.4,0.01,,0.02,0.01,0.01,0.01,0.02,0.03,0.01,0.02,0.01,0.01,0.01,0.01,0.01,0.01,0.1,0.01,0.01,0.02,0.01,0.01,0.01,0.01,0.05,0.01,0.01,0.01,0.01,0.01,0.01,0.01,0.01,0.01,0.01,0.01,0.001,0.01,,0.01,0.01,0.01,0.01,0.01,0.02,0.05,0.01,0.01,0.02,0.05,0.01,0.01,,0.05,0.01,0.01,0.01,0.02,,0.01,0.01,0.01,0.05,0.01,0.01,2.0,0.01,0.01,0.01,0.01,0.01,0.02,,0.01,0.01,0.03,0.01,0.01,0.01,0.01,0.02,,0.01,0.01,0.01,0.01,0.05,0.01,0.005,0.02,0.01,0.01,0.01,0.01,,0.02,,0.02,0.01,0.01,1.0,0.01,0.01,,0.01,0.01,0.01,0.01,0.01,0.01,0.1,0.01,0.02,0.02,,0.01,0.01,0.01,0.01,0.03,0.01,0.01,0.01,0.01,0.03,0.01,0.01,0.02,2.0,0.02,0.02,,0.01,,0.01,0.01,,0.01,0.03,0.02,0.02,0.01,0.7,,0.01,0.01,0.01,0.01,0.02,0.1,0.01,0.01,0.01,0.01,0.01,0.01,0.01,0.01,0.01,0.01,0.01,,0.05,0.01,0.02,0.005,20.0,0.01,0.1,0.01,0.01,0.01,0.01,0.001,0.01,0.01,0.01,0.01,0.01,,,,0.02,0.01,0.01,0.01,0.01,0.05,0.01,0.01,0.01,0.01,0.01,0.01,0.01,0.01,0.1,0.01
6,"(b) inedible peel, small","(b) inedible peel, small",0.01,0.01,0.01,0.01,0.05,0.06,,0.01,0.01,0.05,0.01,0.01,0.01,0.01,0.01,0.1,0.01,0.01,0.01,0.01,0.01,0.01,0.01,,0.01,0.01,0.01,0.02,0.01,0.01,0.01,0.01,0.01,0.05,0.01,0.01,0.01,0.01,0.05,0.05,,0.01,0.02,0.01,0.01,,0.01,0.02,0.01,0.02,0.01,0.03,0.01,0.1,0.01,,0.01,0.01,0.01,0.01,0.01,0.01,0.01,0.01,,0.01,,0.01,0.01,0.01,0.01,0.05,0.01,0.01,0.01,0.01,0.01,0.01,0.02,0.03,0.01,0.1,0.01,0.01,0.01,,0.03,0.02,0.01,,0.01,0.3,0.01,0.01,0.01,0.02,0.01,0.01,0.01,0.03,0.01,0.02,0.005,0.01,0.01,0.01,0.01,0.01,0.01,0.01,0.01,0.01,0.01,0.01,0.01,0.05,0.1,0.02,0.02,0.01,0.5,0.01,20.0,,0.01,0.01,0.01,0.05,0.01,0.09,0.01,0.01,0.01,0.02,0.01,,0.05,0.02,0.01,0.05,0.01,0.05,0.06,0.02,0.01,0.01,0.01,0.01,0.01,0.05,0.01,0.02,0.01,0.01,0.02,0.05,0.01,0.01,,0.01,0.01,0.02,0.01,0.01,0.05,0.01,0.01,0.01,0.01,0.01,0.02,0.02,,0.01,0.01,0.05,0.01,0.01,0.01,0.05,0.01,0.01,0.01,0.01,,0.05,0.01,0.01,0.01,0.01,0.05,0.01,0.01,0.03,0.01,0.05,0.01,0.02,,0.01,0.01,0.01,0.01,0.01,0.02,0.01,0.01,0.01,0.01,,0.01,0.1,0.01,0.01,0.01,0.01,0.01,0.01,0.01,0.01,0.02,0.02,0.005,0.01,0.03,0.01,0.01,0.01,0.01,0.01,0.01,0.01,,0.05,0.01,0.02,,0.01,0.02,0.01,0.01,0.01,0.2,0.01,0.01,0.01,0.02,0.01,0.01,0.01,0.01,0.01,0.01,0.01,0.01,0.01,0.01,0.01,0.03,0.01,0.01,0.01,0.01,0.01,,0.02,0.01,1.0,,0.1,0.05,0.02,0.01,0.01,0.01,0.01,0.01,0.01,0.01,0.01,,0.02,0.01,0.05,0.01,,0.01,0.01,0.01,0.1,0.1,0.01,0.01,0.01,0.01,0.01,0.01,0.01,0.01,0.01,0.01,0.01,0.02,0.01,0.01,,0.1,0.01,0.01,0.01,0.05,0.02,0.2,0.01,0.01,0.01,0.05,0.01,0.01,0.02,0.01,0.01,0.01,0.01,0.01,0.02,,0.05,0.01,0.02,0.02,0.01,0.01,0.01,0.02,0.03,0.01,0.02,0.01,0.01,0.01,0.01,0.01,0.01,0.1,0.01,0.01,0.02,0.01,0.01,0.01,0.01,0.01,0.01,0.01,0.01,0.01,0.01,0.01,0.01,0.01,0.01,0.01,0.01,0.001,0.01,0.01,0.01,0.01,0.01,0.01,0.01,0.02,0.05,0.01,0.01,0.02,0.05,0.01,0.01,0.01,0.05,0.01,0.01,0.01,0.02,,0.01,0.01,0.01,,0.01,0.01,,0.01,0.01,0.01,0.01,0.01,0.02,0.01,0.01,0.01,0.03,0.01,0.01,0.01,0.01,0.02,0.01,0.01,0.01,0.01,0.01,0.05,0.01,0.005,0.02,0.01,0.01,0.01,0.01,0.01,0.02,,0.02,0.01,0.01,1.0,0.01,0.01,0.05,0.01,0.01,0.01,0.01,0.01,0.01,0.1,0.01,0.02,0.02,0.01,0.01,0.01,0.01,0.01,0.03,0.01,0.01,0.01,0.01,0.03,0.01,0.01,,,0.02,,,0.01,,0.01,0.01,0.01,0.01,0.03,0.02,0.02,0.01,,,0.01,0.01,0.01,0.01,0.02,0.1,0.01,0.01,0.01,0.01,0.01,0.01,0.01,0.01,0.01,0.01,0.01,0.1,0.05,0.01,0.02,0.005,,0.01,0.1,0.01,0.01,0.01,0.01,0.001,0.01,0.01,,0.01,0.01,,0.01,,0.02,0.01,0.01,0.01,0.01,0.05,0.01,0.01,0.01,0.01,0.01,0.01,0.01,0.01,0.1,0.01
541,HERBS,(b) leaves and herbs,0.1,0.02,0.02,0.05,0.05,0.1,,0.05,0.05,0.1,0.05,0.01,0.01,0.05,0.05,0.1,0.05,0.05,0.05,0.05,0.05,0.05,0.05,0.05,0.08,0.05,0.05,0.05,0.02,0.05,0.05,0.05,0.05,0.1,0.05,0.05,0.02,0.1,0.1,0.1,0.01,0.05,0.05,0.05,0.05,60.0,0.05,0.05,0.05,0.1,0.05,0.3,0.05,0.1,0.05,,0.05,0.05,0.1,,0.05,0.05,0.05,0.01,0.9,0.01,"50.0, 100.0",0.05,0.05,0.05,0.05,0.05,0.05,0.05,0.05,0.05,0.01,0.05,0.1,0.1,0.05,0.1,0.05,0.05,0.01,,0.1,0.1,0.02,,0.05,0.05,0.1,0.05,0.02,0.02,0.05,0.1,0.05,0.1,0.05,0.1,0.025,0.05,0.05,0.05,0.05,0.05,0.01,0.01,0.05,0.05,0.05,0.05,0.05,0.1,0.1,0.1,0.05,,5.0,0.05,100.0,,0.01,0.05,0.05,0.1,0.05,0.1,0.05,0.05,0.05,0.1,0.1,0.1,0.05,0.1,0.1,0.5,0.05,0.1,0.1,0.02,9.0,0.05,0.05,0.05,0.05,40.0,0.05,0.1,0.02,0.05,0.1,0.05,0.05,0.05,20.0,0.05,0.05,0.1,0.05,0.05,0.1,0.05,0.05,0.05,0.05,0.05,0.1,0.1,,0.05,0.05,0.05,0.05,0.05,0.01,0.1,0.05,0.01,0.05,0.05,2.0,0.1,0.1,0.05,0.01,0.02,0.1,0.05,0.05,15.0,0.02,0.1,0.05,0.1,0.05,0.05,0.05,0.05,0.05,0.05,0.05,0.05,0.05,0.05,0.1,0.05,0.05,0.1,0.05,0.05,0.02,0.05,0.05,0.05,0.05,0.05,0.1,0.1,0.005,0.05,0.1,0.05,0.05,0.04,0.1,0.05,0.05,0.05,0.05,0.05,0.05,0.1,,0.05,0.1,0.05,0.05,40.0,10.0,0.02,0.05,0.05,0.1,0.05,0.05,0.05,0.05,0.05,0.05,0.05,0.05,0.05,0.05,30.0,0.1,0.05,0.05,0.05,0.05,0.05,2000.0,0.05,0.05,1.0,0.1,2.0,0.05,0.1,0.02,0.05,0.1,0.02,0.01,0.01,0.05,0.05,,0.1,0.05,0.1,0.01,,0.05,0.05,0.05,0.1,0.1,0.05,0.05,0.05,0.05,0.05,0.05,0.05,0.01,0.05,0.01,0.05,0.1,0.05,0.05,0.01,0.1,0.01,0.05,0.05,0.1,0.02,0.5,0.05,0.05,0.05,0.1,0.05,0.05,0.1,0.05,0.05,0.02,0.05,0.05,0.1,0.05,0.1,0.15,0.1,0.1,0.05,0.05,0.05,0.1,0.1,0.05,0.1,0.1,0.05,0.05,0.05,0.05,0.05,0.1,0.05,0.02,0.1,0.05,0.05,0.05,0.05,0.05,0.05,0.05,0.3,0.02,0.05,0.05,0.05,0.05,0.05,0.05,0.02,0.05,0.05,0.05,0.05,0.05,0.05,0.05,0.01,0.05,0.1,0.05,0.05,0.1,0.05,0.05,0.05,0.05,0.1,0.05,0.01,0.05,0.05,,0.05,0.05,0.05,0.1,0.02,0.02,1500.0,0.1,0.01,0.01,0.05,0.05,0.05,10.0,0.05,0.05,0.15,0.05,0.05,0.05,0.05,0.1,0.05,0.05,0.05,0.05,0.05,0.1,0.05,0.01,0.1,0.4,0.05,2.0,0.05,0.05,0.1,0.1,0.1,0.02,0.05,0.5,0.05,0.05,2.0,0.05,0.05,0.05,0.05,0.05,0.05,0.1,0.05,0.05,0.1,0.8,0.01,0.05,0.05,0.02,0.03,0.05,0.05,0.05,0.05,0.15,0.01,0.05,0.1,0.1,0.05,0.02,50.0,0.05,,0.1,0.05,0.05,0.05,0.1,0.1,0.1,0.02,15.0,0.05,0.05,0.05,0.05,0.05,0.1,0.1,0.01,0.05,0.05,0.05,0.05,0.05,0.05,0.05,0.05,0.05,0.05,0.1,0.05,0.05,0.1,0.02,100.0,0.05,0.1,0.05,0.05,0.05,0.02,0.005,0.05,0.05,0.05,0.05,0.05,0.05,0.05,,0.1,0.05,0.05,0.05,0.05,0.05,0.05,0.02,0.05,0.05,0.05,0.01,0.05,0.05,0.2,0.01
998,SPINACH,(b) spinaches and similar leaves,0.01,0.01,0.01,0.01,0.05,0.06,,0.01,0.01,0.05,0.01,0.01,0.01,0.01,0.01,0.1,0.01,0.01,,0.01,0.01,,0.01,,0.01,0.01,0.01,0.02,0.01,60.0,0.01,0.01,0.01,0.05,0.01,0.01,0.01,0.01,0.05,0.05,1.0,0.01,0.02,0.01,0.01,15.0,0.01,0.02,0.01,0.02,0.01,0.03,0.01,0.1,0.01,,0.01,0.01,0.01,0.01,0.01,0.01,0.01,0.01,,0.01,50.0,0.01,0.01,0.01,0.01,0.05,0.01,0.01,0.01,0.01,0.01,0.01,0.02,0.03,0.01,0.1,0.01,0.005,0.01,,0.03,0.02,0.01,,20.0,0.7,0.01,0.01,0.01,0.02,0.01,0.01,0.01,0.03,0.01,0.02,0.005,0.01,0.01,0.01,0.01,0.01,0.01,0.01,0.01,0.01,0.01,0.01,0.01,0.05,0.5,0.02,0.02,0.01,,0.01,20.0,,0.01,,0.01,0.05,0.01,2.0,0.01,0.01,0.01,0.02,,0.7,0.05,15.0,0.01,0.05,0.01,0.05,0.06,0.15,0.01,0.01,0.01,0.01,0.01,0.05,0.01,0.02,0.01,0.01,0.02,0.05,0.01,0.01,,0.01,0.01,0.3,0.01,0.01,0.05,0.01,,0.01,0.01,0.01,0.02,0.02,,0.01,0.01,0.05,0.01,0.01,,,0.01,0.01,0.01,0.01,0.2,0.05,0.01,0.01,0.01,0.01,0.05,0.01,0.01,,0.01,0.05,0.01,0.02,,0.01,0.01,0.01,0.01,0.01,0.02,0.01,0.01,0.01,0.01,0.01,0.01,0.1,0.01,0.01,0.01,0.01,0.01,8.0,0.01,0.01,0.02,0.02,0.005,0.01,0.6,0.01,0.01,0.02,0.01,0.01,0.01,0.01,,0.05,0.01,0.02,,0.01,0.02,0.01,6.0,,0.2,0.01,0.01,6.0,0.02,0.01,0.01,0.01,0.01,0.01,0.01,0.01,0.01,0.01,0.01,3.0,0.03,0.01,0.01,0.01,0.01,0.01,,0.02,0.01,1.0,,0.1,0.05,0.02,0.01,0.01,0.01,0.01,0.01,0.01,0.01,0.01,,0.02,0.01,0.05,0.01,,0.01,0.01,0.01,0.1,0.1,0.01,0.01,0.01,0.01,0.01,0.01,20.0,0.01,0.01,0.01,0.01,0.02,0.01,0.01,,0.1,0.01,0.01,0.01,0.05,0.02,0.2,0.01,25.0,0.01,0.05,,0.01,0.02,0.01,0.01,0.01,0.01,0.01,0.02,1.5,2.0,,0.02,0.02,0.01,0.01,0.01,0.02,0.03,0.01,0.02,0.01,4.0,0.15,0.01,0.01,0.01,0.1,0.01,0.01,0.02,0.01,0.01,0.01,0.01,0.05,0.01,0.01,0.01,0.01,0.01,0.01,0.01,0.01,0.01,0.01,0.01,0.001,0.01,15.0,0.01,0.01,0.01,0.01,0.01,0.02,0.05,0.01,0.01,0.02,0.05,0.01,0.01,30.0,0.05,0.01,0.01,,0.02,,0.01,0.01,0.01,0.05,0.01,0.01,,0.01,0.01,0.01,0.01,0.01,0.02,0.06,0.01,0.01,0.03,0.01,0.01,0.01,0.01,0.02,40.0,0.01,0.01,0.01,0.01,0.05,0.01,0.005,0.02,0.01,0.01,0.01,0.01,0.01,0.02,,0.02,0.01,0.01,1.0,0.01,0.01,0.05,0.01,0.01,0.01,0.01,0.01,0.01,0.1,0.01,0.02,0.02,,0.01,0.01,0.01,0.01,0.03,0.01,0.01,0.01,0.01,0.03,0.01,0.01,,,0.02,0.02,7.0,0.01,,0.01,0.01,,0.01,0.03,0.02,0.02,0.01,0.02,10.0,0.01,0.01,0.01,0.01,0.02,0.1,0.01,0.01,0.01,0.01,0.01,0.01,0.01,0.01,0.01,0.01,0.01,0.1,0.05,0.01,0.02,0.005,150.0,0.01,0.1,0.01,0.01,0.01,0.01,0.001,0.01,0.01,0.01,0.01,0.01,,,,0.02,0.01,0.01,0.01,0.01,0.05,0.01,0.01,0.01,0.01,0.01,0.01,0.01,0.01,0.1,0.01
7,(b) strawberries,(b) strawberries,0.01,0.01,0.01,0.01,0.05,0.06,,0.01,0.01,0.1,0.01,0.01,0.01,0.01,0.01,0.1,0.01,0.01,0.08,0.01,0.01,0.5,0.01,0.15,0.01,0.01,0.01,0.02,0.01,0.01,0.01,0.01,0.01,0.05,0.01,0.01,0.01,0.01,0.05,0.05,1.0,0.01,0.02,0.01,0.01,10.0,0.01,0.02,0.01,0.02,0.01,0.03,0.01,0.1,0.01,,0.01,0.01,1.0,0.01,0.01,0.01,0.01,0.01,6.0,0.01,"20.0, 30.0",0.01,0.01,0.01,0.01,2.0,1.5,0.01,0.01,0.01,0.01,0.01,0.02,1.5,0.01,0.1,0.01,0.005,0.01,,0.03,0.02,0.01,,1.0,0.05,0.01,0.01,0.01,0.02,0.01,0.01,0.01,0.03,0.01,0.02,0.01,0.01,0.01,0.01,0.01,0.01,0.01,0.01,0.01,0.01,0.01,0.01,0.01,0.05,0.5,0.02,2.0,0.01,0.5,0.01,5.0,,0.01,1.5,0.01,0.05,0.01,4.0,0.04,0.6,0.01,0.02,0.01,0.07,0.05,5.0,0.01,0.05,0.01,0.05,0.06,0.02,0.2,0.01,0.01,0.01,0.01,0.05,0.01,0.02,0.01,0.01,0.02,0.05,0.01,0.01,2.0,0.01,0.01,0.3,0.01,0.01,0.05,0.01,0.7,0.01,0.01,0.01,0.02,0.02,,0.01,0.01,0.05,0.05,0.01,0.01,10.0,0.01,0.01,0.01,0.01,0.05,0.05,0.01,0.01,0.01,0.01,0.05,0.01,0.3,0.03,0.01,0.05,0.01,0.02,0.01,0.01,0.01,0.01,0.01,0.01,0.3,0.4,0.01,0.01,0.01,10.0,0.01,0.1,0.01,0.01,2.0,0.01,0.01,3.0,0.3,0.01,0.02,0.02,0.005,0.01,0.7,0.01,0.01,0.3,0.01,0.01,0.01,0.01,4.0,0.05,0.01,0.02,,0.01,0.02,0.01,0.01,2.0,0.2,0.01,0.01,0.4,0.02,0.01,0.01,0.01,0.01,0.01,0.01,0.3,0.01,1.5,0.3,4.0,5.0,0.01,0.01,0.01,0.4,0.01,100.0,0.02,0.01,1.0,0.3,0.1,0.05,0.02,0.01,0.01,0.01,0.01,0.01,0.01,0.01,6.0,,0.02,2.0,0.05,0.01,,0.01,0.01,0.01,0.1,0.1,0.01,0.01,0.01,0.01,0.01,0.01,4.0,0.01,0.01,0.01,0.01,0.02,1.5,0.01,0.2,0.1,0.01,0.01,0.01,0.05,0.02,0.2,3.0,0.01,0.01,0.05,2.0,3.0,0.02,0.01,0.3,0.01,0.01,0.01,0.02,0.6,0.05,0.05,0.02,0.02,0.01,0.01,0.01,0.02,0.03,0.01,0.02,0.01,2.0,0.03,0.01,0.01,0.6,0.1,0.01,0.01,0.02,0.01,0.01,0.01,0.01,1.5,0.01,0.01,0.01,0.01,0.01,0.01,0.01,0.01,0.01,0.01,0.01,0.001,0.01,0.01,0.01,0.01,0.01,0.01,0.01,0.02,0.05,0.01,0.5,0.02,0.05,0.01,0.01,3.0,0.05,0.01,0.01,0.3,0.02,,0.01,0.01,0.01,0.05,0.01,0.01,70.0,0.01,0.01,0.01,0.01,0.01,0.02,1.5,0.01,0.01,0.03,0.01,0.01,0.01,0.15,0.02,0.01,0.01,0.01,0.01,0.01,0.05,0.01,0.005,0.02,0.01,2.0,0.05,0.01,0.01,0.02,1.5,0.02,0.01,0.01,1.0,0.9,0.01,0.05,5.0,0.5,0.05,0.01,0.01,0.01,0.1,0.01,0.3,0.02,0.02,0.01,0.01,0.01,0.01,0.03,0.01,0.01,0.01,0.01,0.03,0.01,0.01,0.2,0.3,2.0,1.0,0.3,0.01,,0.01,0.01,0.5,0.01,0.03,0.02,0.02,0.01,0.02,0.01,1.0,0.01,0.01,0.01,0.02,0.1,0.01,0.01,0.15,0.01,0.01,0.01,0.01,0.01,0.01,0.01,0.01,0.1,0.05,0.01,0.02,0.005,15.0,0.01,0.1,0.01,0.01,0.01,0.01,0.001,0.01,0.01,0.01,0.01,0.01,1.0,1.0,,0.02,0.01,0.01,0.01,0.01,0.05,0.01,0.01,0.01,0.01,0.01,0.01,0.01,0.01,0.1,0.01
1122,VEGETABLES,(b) tropical root and tuber vegetables,0.01,0.01,0.01,0.01,0.05,0.06,,0.01,0.01,0.05,0.01,0.01,0.01,0.01,0.01,0.1,0.01,0.01,0.01,0.01,0.01,0.01,0.01,0.01,0.01,0.01,0.01,0.02,0.01,0.05,0.01,0.01,0.01,0.05,0.01,0.01,0.01,0.01,0.05,0.05,1.0,0.01,0.02,0.01,0.01,1.0,0.01,0.02,0.01,0.02,0.01,0.03,0.01,0.1,0.02,,0.01,0.01,0.05,0.01,0.01,0.01,0.06,0.01,2.0,0.01,50.0,0.01,0.01,0.01,0.01,0.05,0.01,0.01,0.01,0.01,0.01,0.01,0.02,0.03,,0.1,0.01,0.002,0.01,,0.03,0.02,0.01,,0.02,0.05,0.01,0.01,0.01,0.02,0.01,0.01,0.01,0.03,0.01,0.02,0.005,0.01,0.01,0.01,0.01,0.01,0.01,0.01,0.01,0.01,0.01,0.01,0.01,0.05,0.1,0.02,0.02,0.01,1.0,0.01,5.0,,0.01,0.15,0.01,0.05,0.01,,0.01,0.01,0.01,0.02,0.01,0.05,0.05,0.02,0.01,0.05,0.01,0.05,0.06,0.02,0.01,0.01,0.01,0.01,0.01,0.05,0.01,0.02,0.01,0.01,0.02,0.05,0.01,0.01,0.1,0.01,0.01,0.2,0.01,0.01,0.05,0.01,0.01,0.01,0.01,0.01,0.02,0.02,,0.01,0.01,0.05,0.01,0.01,0.01,0.05,0.01,0.01,0.01,0.01,0.002,0.05,0.01,0.01,0.01,0.01,0.05,0.01,0.01,0.03,0.01,0.05,0.01,0.02,0.01,0.01,0.01,0.01,0.01,0.01,0.02,0.01,0.01,0.01,0.01,0.01,0.01,0.1,0.01,0.01,0.01,0.01,0.01,0.01,0.01,0.01,0.02,0.02,0.005,0.01,0.03,0.01,0.01,,0.01,0.01,0.01,0.01,,0.05,0.01,0.02,,0.01,0.02,0.01,0.01,,0.2,0.01,0.01,0.05,0.02,0.01,0.01,0.01,0.01,0.01,0.01,0.01,0.01,0.01,0.01,0.2,0.03,0.01,0.01,0.01,0.01,0.01,2.0,0.02,0.01,1.0,0.03,0.1,0.05,0.02,0.01,0.01,0.01,0.01,0.01,0.01,0.01,0.01,,0.02,0.01,0.05,0.01,,0.01,0.01,0.01,0.1,0.1,0.01,0.01,0.01,0.01,0.01,0.01,0.01,0.01,0.01,0.01,0.01,0.02,0.01,0.01,0.01,0.5,0.01,0.01,0.01,0.05,0.02,0.2,0.01,0.01,0.01,0.05,0.05,0.01,0.02,0.01,0.01,0.01,0.01,0.01,0.02,0.01,0.05,0.01,0.02,0.04,0.01,0.01,0.01,0.02,0.03,0.01,0.02,0.01,,0.01,0.01,0.01,0.01,,0.01,0.01,0.02,0.01,0.01,0.01,0.01,0.06,0.01,0.01,0.01,0.01,0.01,0.01,0.01,0.01,0.01,0.01,0.01,0.001,0.01,0.01,0.01,0.01,0.01,0.01,0.01,0.02,0.05,0.01,0.01,0.02,0.05,0.01,0.01,,0.05,0.01,0.01,0.01,0.02,,0.01,0.01,0.01,0.05,0.01,0.01,1.5,0.01,0.01,0.01,0.01,0.01,0.02,0.05,0.01,0.01,0.03,0.01,0.01,0.01,0.01,0.02,0.01,0.01,0.01,0.01,0.01,0.05,0.01,0.005,0.02,0.01,0.01,0.01,0.01,0.01,0.02,0.02,0.02,0.01,0.01,1.0,0.01,0.01,0.05,0.01,0.01,0.01,0.01,0.01,0.01,0.1,0.01,0.02,0.02,0.01,0.01,0.01,0.01,0.01,0.03,0.01,0.01,0.01,0.01,0.03,0.01,0.01,0.02,0.02,0.02,0.02,0.02,0.01,,0.01,0.01,0.03,0.01,0.03,0.02,0.02,0.01,0.02,0.01,0.01,0.01,0.01,0.01,0.02,0.1,0.01,0.01,0.01,0.01,,0.01,0.01,0.01,0.01,0.01,0.01,0.1,0.05,0.01,0.02,0.005,5.0,0.01,0.1,0.01,0.01,0.01,0.01,0.001,0.01,0.01,0.01,0.01,0.01,0.01,0.01,,0.02,0.01,0.01,0.01,0.01,0.05,0.01,0.01,0.01,0.01,0.01,0.01,0.01,0.01,0.1,0.01
436,FRUITS,(c) cane fruits,0.01,0.01,0.01,0.01,0.05,0.06,,0.01,0.01,0.1,0.01,0.01,0.01,0.01,0.01,0.1,0.01,0.01,,0.01,0.01,,0.01,0.01,0.01,0.01,0.01,0.02,0.01,0.01,0.01,0.01,0.01,0.05,0.01,0.01,0.01,0.01,0.05,0.05,1.0,0.01,0.02,0.01,0.01,5.0,0.01,0.02,0.01,0.02,0.01,0.03,0.01,0.1,0.01,,0.01,0.01,1.0,0.01,0.01,0.01,0.01,0.01,10.0,0.01,"5.0, 20.0",0.01,0.01,0.01,0.01,1.5,,0.01,0.01,0.01,0.01,0.01,0.02,,0.01,0.1,0.01,0.01,0.01,,0.03,0.02,0.01,,1.5,0.05,0.01,0.01,0.01,0.01,0.01,0.01,0.01,0.03,0.01,0.02,0.01,0.01,0.01,0.01,0.01,0.01,0.01,0.01,0.01,0.01,0.01,0.01,0.01,0.05,0.1,0.02,,0.01,0.5,0.01,5.0,,0.01,4.0,0.01,0.05,0.01,0.09,,0.01,0.01,0.02,0.01,0.5,0.05,,0.01,0.05,0.01,0.05,0.06,0.02,0.08,0.01,0.01,0.01,0.01,0.05,0.01,0.02,0.01,0.01,0.02,0.05,0.01,0.01,,0.01,0.01,0.07,0.01,0.01,0.05,0.01,0.01,0.01,0.01,0.01,0.02,0.02,,0.01,0.01,0.05,0.01,0.01,,0.05,0.01,0.01,0.01,0.01,0.002,0.05,0.01,0.01,0.01,0.01,0.05,0.01,,0.03,0.01,0.05,0.01,0.02,0.01,0.01,0.01,0.01,0.01,0.01,,0.01,0.01,0.01,0.01,15.0,0.01,0.1,0.01,0.01,0.01,0.01,0.01,5.0,,0.01,0.02,0.02,0.005,0.01,,0.01,0.01,0.08,0.01,0.01,0.01,0.01,5.0,0.05,0.01,0.02,,0.01,0.02,0.01,,5.0,0.2,0.01,0.01,6.0,0.02,0.01,0.01,0.01,0.01,0.01,0.01,0.01,0.01,0.01,0.01,0.01,0.03,0.01,0.01,0.01,0.01,0.01,,0.02,0.01,1.0,,0.1,0.05,0.02,0.01,0.01,0.01,0.01,0.01,0.01,0.01,,,0.02,,0.05,0.01,,0.01,0.01,0.01,0.1,0.1,0.01,0.01,0.01,0.01,0.01,0.01,7.0,0.01,0.01,0.01,0.01,0.02,0.01,0.01,0.2,0.1,0.01,0.01,0.01,0.05,0.02,0.2,0.01,0.01,0.01,0.05,3.0,,0.02,0.01,0.01,0.01,0.01,0.01,0.02,0.02,0.05,0.01,0.02,0.02,0.01,0.01,0.01,0.02,0.03,0.01,0.02,0.01,0.01,0.01,0.01,0.01,0.01,0.1,0.01,0.01,0.02,0.01,0.01,0.01,0.01,,0.01,0.01,0.01,0.01,0.01,0.01,0.01,0.01,0.01,0.01,0.01,0.001,0.01,,0.01,0.01,0.01,0.01,0.01,0.02,0.05,0.01,,0.02,0.05,0.01,0.01,0.01,0.05,0.01,0.01,0.01,0.02,,0.01,0.01,0.01,0.05,0.01,0.01,,0.01,0.01,0.01,0.01,0.01,0.02,4.0,0.01,0.01,0.03,0.01,0.01,0.01,0.01,0.02,0.01,0.01,0.01,0.01,0.01,0.05,0.01,0.005,0.02,0.01,0.01,0.01,0.01,0.01,0.02,,0.02,0.01,0.01,1.0,0.01,0.01,0.05,,0.9,0.01,0.01,0.01,0.01,0.1,0.01,0.02,0.02,0.02,0.01,0.01,0.01,0.01,0.03,0.01,0.01,0.01,0.01,0.03,0.01,0.01,1.0,,0.02,0.02,0.02,0.01,,0.01,0.01,0.01,0.01,0.03,0.02,0.02,0.01,0.5,,,0.01,0.01,0.01,0.02,0.1,0.01,0.01,0.01,0.01,0.01,0.01,0.01,0.01,0.01,0.01,0.01,0.1,0.05,0.01,0.02,0.005,5.0,0.01,0.1,0.01,0.01,0.01,0.01,0.001,0.01,0.01,0.01,0.01,0.01,3.0,3.0,,0.02,0.01,0.01,0.01,0.01,0.05,0.01,0.01,0.01,0.01,0.01,0.01,0.01,0.01,0.1,0.01
339,CUCURBITS,(c) cucurbits with inedible peel,0.01,0.01,0.01,0.01,0.05,0.06,,0.01,0.01,0.05,0.01,0.01,0.01,0.01,0.01,0.1,0.01,0.01,0.01,0.01,0.01,,0.01,0.15,0.01,0.01,0.01,0.02,"0.03, 0.01",3.0,0.01,0.01,0.01,0.05,0.01,0.01,0.01,0.01,0.05,0.05,1.0,0.01,0.02,0.01,0.01,,0.01,0.02,,0.02,0.01,0.03,0.01,0.1,0.01,,0.01,0.01,0.01,0.01,0.01,0.01,0.01,0.01,3.0,0.01,30.0,0.01,0.01,0.01,0.01,0.3,0.3,0.01,0.01,0.01,0.01,0.01,0.02,0.03,0.01,0.1,0.01,0.01,0.01,,0.03,0.02,0.01,,0.3,0.08,0.01,0.01,0.01,0.02,0.01,0.01,0.01,0.03,0.01,0.02,0.005,0.01,0.01,0.01,0.01,0.01,0.01,0.01,0.01,0.01,0.01,0.01,0.01,0.05,0.5,0.02,,0.01,0.5,0.01,5.0,,0.01,0.4,0.15,0.05,0.01,0.09,0.05,0.01,0.01,0.02,0.4,0.2,0.05,0.6,0.01,0.05,0.01,0.05,0.06,0.1,,0.01,0.01,0.01,0.01,0.05,0.01,0.02,0.01,0.01,,0.05,0.01,0.01,0.2,0.01,0.01,,0.01,0.01,0.05,0.01,0.5,0.01,0.01,0.01,,0.02,,0.01,0.01,0.05,0.01,0.01,0.01,1.5,0.01,0.01,0.01,0.01,0.008,0.05,0.01,0.01,0.01,0.01,0.05,0.01,0.15,0.03,0.01,0.05,0.01,0.02,0.01,0.01,0.01,0.01,0.01,0.01,,,0.01,0.01,0.01,0.01,0.01,0.1,0.01,0.01,,0.01,0.01,0.01,0.01,0.01,0.02,0.02,0.005,0.01,0.4,0.01,0.01,0.01,0.01,0.2,0.01,0.01,0.3,0.05,0.01,0.02,,0.01,0.02,0.01,0.5,,0.2,0.01,0.01,,0.02,0.01,0.01,0.01,0.01,0.01,0.01,0.01,0.01,0.3,,0.15,,0.01,0.01,0.01,0.3,0.01,75.0,0.02,0.01,1.0,0.03,0.1,0.05,0.02,0.01,0.01,0.01,0.01,0.01,0.01,0.01,0.07,,0.02,,0.05,0.01,,0.01,0.01,0.15,0.1,0.1,0.01,0.01,0.01,0.01,0.01,,0.01,0.01,0.01,0.3,0.01,0.02,0.5,0.01,0.06,0.1,0.01,0.01,,0.05,0.02,0.2,0.01,,0.01,0.05,0.5,0.01,0.02,0.01,,0.01,0.01,0.01,,,0.05,0.01,0.02,,0.01,0.01,0.01,0.02,0.03,0.01,0.02,0.01,,0.1,0.01,0.01,0.5,0.1,0.01,0.01,0.02,0.01,0.01,0.01,0.01,0.3,0.01,0.01,0.01,0.01,0.01,0.01,0.01,0.01,0.01,0.01,0.01,0.001,0.01,0.2,0.01,0.01,0.01,0.01,0.01,0.02,0.05,0.01,0.15,0.02,0.05,0.01,0.01,0.6,0.05,0.01,0.01,0.01,0.02,,0.01,0.01,,0.05,0.01,0.01,60.0,0.01,0.01,0.01,0.01,0.01,0.02,,0.01,0.01,0.03,0.01,0.01,0.01,0.01,0.02,5.0,0.01,0.01,0.01,0.01,0.05,0.01,0.005,0.02,,0.01,0.01,0.01,0.01,0.02,0.5,0.02,0.01,0.01,1.0,0.01,0.01,0.05,0.01,0.2,,0.01,0.01,0.01,0.1,0.01,0.05,0.02,0.01,0.01,0.01,0.01,0.01,0.03,0.01,0.01,0.01,0.01,0.03,0.01,0.01,0.03,1.0,0.02,0.3,0.2,0.01,,0.01,0.01,0.5,0.01,0.03,0.02,0.02,0.01,,0.01,,0.01,,0.01,0.02,0.1,0.01,0.01,0.08,0.01,0.01,0.01,0.01,0.01,0.01,0.01,0.01,,0.05,0.01,0.02,0.005,10.0,0.01,0.1,0.01,0.01,0.01,0.01,0.001,0.01,0.01,0.01,0.01,0.01,0.3,0.3,,0.02,0.01,0.01,0.01,0.01,0.05,0.01,0.01,0.01,0.01,0.01,0.01,0.01,0.01,0.1,2.0
8,(c) grape leaves and similar species,(c) grape leaves and similar species,0.01,0.01,0.01,0.01,0.05,0.06,,0.01,0.01,0.05,0.01,0.01,0.01,0.01,0.01,0.1,0.01,0.01,0.01,0.01,0.01,0.01,0.01,0.01,0.01,0.01,0.01,0.02,0.01,50.0,0.01,0.01,0.01,0.05,0.01,0.01,0.01,0.01,0.05,0.05,1.0,0.01,0.02,0.01,0.01,0.01,0.01,0.02,0.01,0.02,0.01,0.03,0.01,0.1,0.01,,0.01,0.01,0.01,0.01,0.01,0.01,0.01,0.01,0.01,0.01,50.0,0.01,0.01,0.01,0.01,0.05,0.01,0.01,0.01,0.01,0.01,0.01,0.02,0.03,0.01,0.1,0.01,0.01,0.01,,0.03,0.02,0.01,,20.0,0.7,0.01,0.01,0.01,0.01,0.01,0.01,0.01,0.03,0.01,0.02,0.005,0.01,0.01,0.01,0.01,0.01,0.01,0.01,0.01,0.01,0.01,0.01,0.01,0.05,0.5,0.02,0.02,0.01,0.5,0.01,20.0,,0.01,0.01,0.01,0.05,0.01,0.09,0.01,0.01,0.01,0.02,0.01,0.05,0.05,0.02,0.01,0.05,0.01,0.05,0.06,0.02,2.0,0.01,0.01,0.01,0.01,0.05,0.01,0.02,0.01,0.01,0.02,0.05,0.01,0.01,0.05,0.01,0.01,0.04,0.01,0.01,0.05,0.01,0.01,0.01,0.01,0.01,0.02,0.02,,0.01,0.01,0.05,0.01,0.01,0.1,0.05,0.01,0.01,0.01,0.01,0.002,0.05,0.01,0.01,0.01,0.01,0.05,0.01,0.01,0.03,0.01,0.05,0.01,0.02,0.01,0.01,0.01,0.01,0.01,0.01,0.02,0.01,0.01,0.01,0.01,0.01,0.01,0.1,0.01,0.01,0.01,0.01,0.01,0.01,0.01,0.01,0.02,0.02,0.005,0.01,0.03,0.01,0.01,0.01,0.01,0.01,0.01,0.01,0.01,0.05,0.01,0.02,,0.01,0.02,0.01,30.0,0.01,0.2,0.01,0.01,0.03,0.02,0.01,0.01,0.01,0.01,0.01,0.01,0.01,0.01,0.01,0.01,0.01,0.03,0.01,0.01,0.01,0.01,0.01,2.0,0.02,0.01,1.0,0.03,0.1,0.05,0.02,0.01,0.01,0.01,0.01,0.01,0.01,0.01,0.01,,0.02,0.01,0.05,0.01,,0.01,0.01,0.01,0.1,0.1,0.01,0.01,0.01,0.01,0.01,0.01,0.01,0.01,0.01,0.01,0.01,0.02,15.0,0.01,0.01,0.1,0.01,0.01,0.01,0.05,0.02,0.2,0.01,25.0,0.01,0.05,0.01,0.01,0.02,0.01,0.01,0.01,0.01,0.01,0.02,0.01,0.05,0.01,0.02,0.02,0.01,0.01,0.01,0.02,0.03,0.01,0.02,0.01,0.01,0.01,0.01,0.01,0.01,0.1,0.01,0.01,0.02,0.01,0.01,0.01,0.01,0.05,0.01,0.01,0.01,0.01,0.01,0.01,0.01,0.01,0.01,0.01,0.01,0.001,0.01,40.0,0.01,0.01,0.01,0.01,0.01,0.02,0.05,0.01,0.01,0.02,0.05,0.01,0.01,0.01,0.05,0.01,0.01,0.01,0.02,,0.01,0.01,0.01,0.05,0.01,0.01,1.5,0.01,0.01,0.01,0.01,0.01,0.02,0.01,0.01,0.01,0.03,0.01,0.01,0.01,0.01,0.02,0.01,0.01,0.01,0.01,0.01,0.05,0.01,0.005,0.02,0.01,0.01,0.01,0.01,0.01,0.02,0.02,0.02,0.01,0.01,1.0,0.01,0.01,0.05,0.01,0.01,0.01,0.01,0.01,0.01,0.1,0.01,0.02,0.02,0.01,0.01,0.01,0.01,0.01,0.03,0.01,0.01,0.01,0.01,0.03,0.01,0.01,0.02,10.0,0.02,0.02,0.02,0.01,,0.01,0.01,2.0,0.01,0.03,0.02,0.02,0.01,0.02,10.0,0.01,0.01,0.01,0.01,0.02,0.1,0.01,0.01,0.01,0.01,0.01,0.01,0.01,0.01,0.01,0.01,0.01,0.1,0.05,0.7,0.02,0.005,30.0,0.01,0.1,0.01,0.01,0.01,0.01,0.001,0.01,0.01,0.01,0.01,0.01,0.01,0.01,,0.02,0.01,0.01,0.01,0.01,0.05,0.01,0.01,0.01,0.01,0.01,0.01,0.01,0.01,0.1,0.01
9,"(c) inedible peel, large","(c) inedible peel, large",0.01,0.01,0.01,0.01,0.05,0.06,,0.01,0.01,0.05,0.01,0.01,0.01,0.01,0.01,0.1,0.01,,,0.01,0.01,0.01,0.01,,0.01,0.01,0.01,0.02,0.01,0.01,0.01,,0.01,0.05,0.01,0.01,0.01,0.01,0.05,0.05,0.01,0.01,0.02,0.01,0.01,,0.01,0.02,0.01,0.02,0.01,0.03,0.01,0.1,0.01,,0.01,0.01,,0.01,0.01,0.01,0.01,0.01,,0.01,,0.01,0.01,0.01,0.01,0.05,0.01,0.01,0.01,0.01,0.01,0.01,0.02,0.03,0.01,,0.01,0.01,0.01,,,,0.01,,,0.3,0.01,0.01,0.01,0.02,0.01,0.01,0.01,,0.01,0.02,0.005,0.01,0.01,0.01,0.01,0.01,0.01,0.01,0.01,0.01,0.01,0.01,0.01,0.05,0.1,0.02,,0.01,0.5,0.01,20.0,,0.01,,0.01,0.05,0.01,0.09,0.01,0.01,0.01,0.02,0.01,,0.05,,0.01,0.05,0.01,0.05,0.06,0.02,,0.01,0.01,0.01,,0.05,0.01,0.02,0.01,0.01,0.02,0.05,,0.01,,0.01,0.01,,0.01,0.01,0.05,0.01,,0.01,0.01,0.01,0.02,0.02,,0.01,0.01,0.05,,0.01,0.01,,0.01,0.01,,0.01,,0.05,0.01,0.01,0.01,0.01,,0.01,0.01,0.03,0.01,0.05,0.01,0.02,0.01,0.01,0.01,0.01,0.01,0.01,,0.01,0.01,,0.01,0.01,0.01,0.1,0.01,,0.01,,,0.01,,0.01,0.02,,0.005,0.01,0.03,0.01,0.01,0.01,0.01,0.01,0.01,0.01,,0.05,0.01,0.02,,0.01,0.02,0.01,0.01,,0.2,0.01,0.01,,0.02,0.01,0.01,0.01,0.01,0.01,0.01,0.01,0.01,,0.01,,0.03,0.01,0.01,0.01,0.01,0.01,,,0.01,1.0,,0.1,0.05,0.02,0.01,0.01,,0.01,0.01,0.01,0.01,0.01,,,0.01,0.05,0.01,,0.01,0.01,0.01,0.1,0.1,0.01,0.01,0.01,0.01,0.01,0.01,0.01,0.01,0.01,,0.01,0.02,,0.01,,0.1,0.01,0.01,0.01,0.05,0.02,0.2,0.01,,0.01,0.05,,0.01,0.02,0.01,0.01,0.01,0.01,0.01,0.02,,0.05,0.01,0.02,,0.01,0.01,0.01,0.02,0.03,0.01,0.02,0.01,,0.01,0.01,0.01,0.01,0.1,0.01,0.01,0.02,0.01,0.01,0.01,0.01,,0.01,0.01,,0.01,0.01,0.01,0.01,0.01,0.01,0.01,0.01,,0.01,,0.01,0.01,0.01,0.01,0.01,0.02,0.05,0.01,0.01,0.02,0.05,0.01,0.01,0.01,0.05,0.01,0.01,0.01,0.02,,0.01,0.01,,,0.01,0.01,,0.01,0.01,0.01,0.01,0.01,0.02,0.01,0.01,0.01,0.03,0.01,,0.01,0.01,0.02,0.01,0.01,0.01,0.01,0.01,,0.01,,0.02,0.01,,0.01,0.01,0.01,0.02,,0.02,0.01,0.01,1.0,0.01,0.01,0.05,,0.01,,0.01,0.01,0.01,,0.01,0.02,0.02,0.01,0.01,0.01,0.01,0.01,0.03,0.01,0.01,0.01,0.01,0.03,0.01,0.01,0.02,,,,,,,0.01,0.01,0.01,0.01,0.03,0.02,0.02,0.01,,,0.01,0.01,,0.01,0.02,0.1,,0.01,0.01,0.01,,0.01,0.01,0.01,0.01,0.01,0.01,,0.05,0.01,0.02,0.005,20.0,0.01,0.1,0.01,0.01,0.01,0.01,,0.01,0.01,0.01,0.01,0.01,,,,0.02,0.01,0.01,0.01,0.01,0.05,0.01,0.01,0.01,0.01,0.01,0.01,0.01,0.01,0.1,0.01
181,BRASSICA,(c) leafy brassica,0.01,0.01,0.01,0.01,0.05,0.06,,0.01,0.01,0.05,0.01,0.01,0.01,0.01,0.01,0.1,0.01,0.01,,0.01,0.01,0.01,0.01,0.01,0.01,0.01,0.01,0.02,0.01,,0.01,0.01,0.01,0.05,0.01,0.01,0.01,0.01,0.05,0.05,1.0,0.01,0.02,0.01,0.01,6.0,0.01,0.02,0.01,0.02,0.01,0.03,0.01,0.1,0.01,,0.01,0.01,0.01,0.01,0.01,0.01,0.01,0.01,9.0,0.01,30.0,0.01,0.01,0.01,0.01,0.05,0.01,0.01,0.01,0.01,0.01,0.01,0.02,0.03,0.01,0.1,0.01,0.002,0.01,,0.03,0.02,0.01,,,,0.01,0.01,0.01,0.02,0.01,0.01,0.01,0.03,0.01,0.02,0.005,0.01,0.01,0.01,0.01,0.01,0.01,0.01,0.01,0.01,0.01,0.01,0.01,0.05,1.0,0.02,0.02,0.01,,0.01,20.0,,0.01,,0.01,0.05,0.01,3.0,0.01,0.01,0.01,0.02,0.01,1.0,0.05,0.02,0.01,0.05,0.01,0.05,0.06,0.03,,0.01,0.01,0.01,,0.05,0.01,0.02,0.01,0.01,0.02,0.05,0.01,0.01,2.0,0.01,0.01,0.7,0.01,0.01,0.05,0.01,3.0,0.01,0.01,0.01,0.02,0.02,,0.01,0.01,0.05,0.01,0.01,0.01,0.5,0.01,0.01,0.01,0.01,0.2,0.05,0.01,0.01,0.01,0.01,0.05,0.01,0.01,0.03,0.01,0.05,0.01,0.02,0.01,0.01,0.01,0.01,0.01,0.01,0.02,0.01,0.01,0.01,0.01,0.01,0.01,0.1,0.01,0.01,0.01,0.01,0.01,0.01,0.01,0.01,0.02,0.02,0.005,0.01,0.5,0.01,0.01,0.01,0.01,0.01,0.01,0.01,,0.05,0.01,0.02,,0.01,0.02,0.01,2.0,,0.2,0.01,0.01,4.0,0.02,0.01,0.01,0.01,0.01,0.01,0.01,0.01,0.01,0.01,0.01,,0.03,0.01,0.01,0.01,0.01,0.01,30.0,0.02,0.01,1.0,0.03,0.1,0.05,0.02,0.01,0.01,0.01,0.01,0.01,0.01,0.01,0.01,,0.02,0.01,0.05,0.01,,0.01,0.01,0.01,0.1,0.1,0.01,0.01,0.01,0.01,0.01,0.01,0.01,0.01,0.01,0.01,0.01,0.02,0.01,0.01,,0.1,0.01,0.01,0.01,0.05,0.02,0.2,0.01,25.0,0.01,0.05,0.01,0.01,0.02,0.01,0.01,0.01,0.01,0.01,,,6.0,0.01,,0.02,0.01,0.01,0.01,0.02,0.03,0.01,0.02,0.01,0.01,0.03,0.01,0.01,0.01,0.1,0.01,0.01,0.02,0.01,0.01,0.01,0.01,0.05,0.05,0.01,0.01,0.01,0.01,0.01,0.01,0.01,0.01,0.01,0.01,0.001,0.01,,0.01,0.01,0.01,0.01,0.01,0.02,0.05,0.01,0.01,0.02,0.5,0.01,0.01,0.01,0.05,0.01,0.01,0.01,0.02,,0.01,0.01,0.01,0.05,0.01,0.01,20.0,0.01,0.01,0.01,0.01,0.01,0.02,,0.01,0.01,0.03,0.01,0.01,0.01,0.01,0.02,,0.01,0.01,0.01,0.01,0.05,0.01,0.005,0.02,0.01,0.01,0.01,0.01,0.01,0.02,1.5,0.02,0.01,0.01,1.0,0.01,0.01,,0.01,0.01,0.01,0.01,0.01,0.01,0.1,0.01,0.02,0.02,0.01,0.01,0.01,0.01,0.01,0.03,0.01,0.01,0.01,0.01,0.03,0.01,0.01,0.02,2.0,0.02,0.02,7.0,0.01,,0.01,0.01,,0.01,0.03,0.02,0.02,0.01,0.02,10.0,0.01,0.01,0.01,0.01,0.02,0.1,0.01,0.01,0.01,0.01,0.01,0.01,0.01,0.01,0.01,0.01,0.01,0.1,0.05,0.01,0.02,0.005,30.0,0.01,0.1,0.01,0.01,0.01,0.01,0.001,0.01,0.01,0.01,0.01,0.01,3.0,,,0.02,0.01,0.01,0.01,0.01,0.05,0.01,0.01,0.01,0.01,0.01,0.01,0.01,0.01,0.1,0.01
1008,SUGAR BEET,(c) other root and tuber vegetables except sugar beets,0.01,0.01,0.01,0.01,0.05,0.06,,0.01,0.01,0.05,0.01,0.01,0.01,0.01,0.01,0.1,0.01,0.01,0.01,0.01,0.01,0.01,0.01,0.01,,0.01,0.01,0.02,0.01,0.01,0.01,0.01,0.01,0.05,0.01,0.01,0.01,0.01,0.05,0.05,1.0,0.01,0.02,0.01,0.01,,0.01,0.02,0.01,,0.01,0.03,0.01,0.1,,,0.01,0.01,0.05,0.01,0.01,0.01,0.09,0.01,,0.01,50.0,0.01,0.01,0.01,0.01,0.05,0.01,0.01,0.01,0.01,0.01,0.01,0.02,0.03,0.01,0.1,0.01,0.002,0.01,,0.03,0.02,0.01,,,0.15,0.01,0.01,0.01,0.02,0.01,0.01,0.01,0.03,0.01,0.02,0.005,0.01,0.01,0.01,0.01,0.01,0.01,0.01,0.01,0.01,0.01,0.01,0.01,0.05,0.5,0.02,0.02,0.01,,0.01,5.0,,0.01,0.05,,0.05,0.01,,0.01,0.01,0.01,0.02,0.01,0.05,0.05,,0.01,0.05,0.01,0.05,0.06,,0.02,0.01,0.01,0.01,,0.05,0.01,0.02,0.01,0.01,0.02,0.05,0.01,0.01,,0.01,0.01,0.4,0.01,0.01,0.05,0.01,,0.01,0.01,0.01,0.02,0.02,,0.01,0.01,0.05,0.01,0.01,,,0.01,0.01,0.01,0.01,0.002,0.05,0.01,0.01,0.01,0.01,0.05,0.01,0.01,,0.01,0.05,0.01,0.02,0.01,0.01,0.01,0.01,0.01,0.01,0.02,0.01,0.01,0.01,0.01,0.01,0.01,0.1,0.01,0.01,0.01,0.01,0.01,0.01,0.01,0.01,0.02,0.02,0.005,0.01,,0.01,0.01,,0.01,0.01,0.01,0.01,,0.05,0.01,0.02,,0.01,0.02,0.01,0.2,,0.2,0.01,0.01,0.9,0.02,0.01,,0.01,0.01,0.01,0.01,0.01,0.01,0.01,0.01,0.9,,0.01,0.01,0.01,0.01,0.01,,0.02,0.01,1.0,0.1,0.1,0.05,0.02,0.01,0.01,0.01,0.01,0.01,0.01,0.01,0.01,,0.02,0.01,0.05,0.01,,0.01,0.01,0.01,0.1,0.1,0.01,0.01,0.01,0.01,0.01,0.01,0.01,0.01,0.01,0.2,0.01,0.02,,0.01,,0.1,0.01,0.01,0.01,0.05,0.02,,0.01,,0.01,0.05,,0.01,0.02,0.01,0.01,0.01,0.01,0.01,0.02,,,0.01,,0.02,0.01,0.01,0.01,0.02,0.03,0.01,0.02,0.01,,,0.01,0.01,0.01,0.1,0.01,0.01,0.02,0.01,0.01,0.01,0.01,0.06,0.01,0.01,0.01,0.01,0.01,0.01,0.01,0.01,0.01,0.01,0.01,0.001,0.01,0.01,0.01,0.01,0.01,0.01,0.01,0.02,0.05,0.01,0.01,0.02,,0.01,0.01,,0.05,0.01,0.01,,0.02,,0.01,0.01,0.01,0.05,0.01,0.01,,0.01,0.01,0.01,0.01,0.01,0.02,0.05,0.01,0.01,0.03,0.01,0.01,0.01,0.01,0.02,,0.01,0.01,0.01,0.01,0.05,0.01,0.005,0.02,0.01,0.01,,0.01,,0.02,,0.02,0.01,0.01,1.0,0.01,0.01,0.05,,0.01,0.01,0.01,0.01,0.01,,0.01,0.02,0.02,,0.01,0.01,0.01,0.01,0.03,0.01,0.01,0.01,0.01,0.03,0.01,0.01,0.02,,0.02,0.02,0.07,0.01,,,0.01,,0.01,0.03,0.02,0.02,0.01,,0.01,0.01,0.01,0.01,,0.02,0.1,0.01,0.01,0.01,0.01,0.01,0.01,0.01,0.01,0.01,0.01,0.01,0.1,0.05,,0.02,0.005,,0.01,0.1,0.01,0.01,0.01,0.01,0.001,0.01,0.01,0.01,0.01,0.01,,,,0.02,0.01,0.01,0.01,0.01,0.05,0.01,0.01,0.01,0.01,0.01,0.01,0.01,0.01,0.1,0.01
10,(c) roots,(c) roots,0.1,0.02,0.02,0.05,0.05,0.1,,0.05,0.05,0.1,0.05,0.01,0.01,0.05,0.05,0.1,0.05,0.05,0.05,0.05,0.05,0.05,0.05,0.05,0.05,0.05,0.05,0.05,0.02,0.05,0.05,0.05,0.05,0.1,0.05,0.05,0.02,0.1,0.1,0.1,0.01,0.05,0.05,0.05,0.05,0.3,0.05,0.05,0.05,0.1,0.05,0.1,0.05,0.1,,,0.05,0.05,0.1,0.05,0.05,0.05,0.9,0.01,3.0,0.01,"70.0, 50.0",0.05,0.05,0.05,0.05,0.05,0.05,0.05,0.05,0.05,0.01,0.05,0.1,0.1,0.05,0.1,0.05,0.05,0.01,,0.1,0.1,0.02,,0.05,0.05,0.1,0.05,0.02,0.02,0.05,0.1,0.05,0.1,0.05,0.1,0.025,0.05,0.05,0.05,0.05,0.05,0.01,0.01,0.05,0.05,0.05,0.05,0.05,0.1,0.1,0.1,0.05,0.05,5.0,0.05,100.0,,0.01,0.2,0.05,0.1,0.05,9.0,0.05,0.05,0.05,0.1,0.1,0.1,0.05,,0.1,0.5,0.05,0.1,0.1,0.02,0.3,0.05,0.05,0.05,0.05,0.05,0.05,0.1,0.02,0.05,0.1,0.05,0.05,0.05,20.0,0.05,0.05,0.1,0.05,0.05,0.1,0.05,0.05,0.05,0.05,0.05,0.1,0.1,,0.05,0.05,0.05,0.05,0.05,0.01,,0.05,0.01,0.05,0.05,0.01,0.1,0.1,0.05,0.01,0.02,0.1,0.05,0.05,0.1,0.02,0.1,0.05,0.1,0.05,0.05,0.05,0.05,0.05,0.05,0.05,0.05,0.05,0.05,0.1,0.05,0.05,0.1,0.05,0.05,0.02,0.05,0.05,0.05,0.05,0.05,0.1,0.1,0.005,0.05,0.1,0.05,0.05,4.0,3.0,0.05,0.05,0.05,,0.05,0.05,0.1,,0.05,0.1,0.05,7.0,1.0,10.0,0.02,0.05,0.05,0.1,0.05,0.05,0.05,0.05,0.05,0.05,0.05,0.05,0.05,0.05,2.0,0.1,0.05,0.05,0.05,0.05,0.05,500.0,0.05,0.05,1.0,0.1,2.0,0.05,0.1,0.02,0.05,0.1,0.02,0.01,0.01,0.05,0.05,,0.1,0.05,0.1,0.01,,0.05,0.05,0.05,0.1,0.1,0.05,0.05,0.05,0.05,0.05,0.05,0.05,0.01,0.05,0.01,0.05,0.1,0.05,0.05,0.01,0.1,0.01,0.05,0.05,0.1,0.02,0.5,0.05,0.05,0.05,0.1,,0.05,0.1,0.05,0.05,0.02,0.05,0.05,0.1,,0.1,0.05,0.1,0.1,0.05,0.05,0.05,0.1,0.1,0.05,0.1,0.1,0.05,0.05,0.05,0.05,0.05,0.1,0.05,0.02,0.1,0.05,0.05,0.05,0.05,0.05,0.05,0.05,0.3,0.02,0.05,0.05,0.05,0.05,0.05,0.05,0.02,0.05,0.05,,0.05,0.05,0.05,0.05,0.01,0.05,0.1,0.05,0.05,0.1,0.5,0.05,0.05,0.05,0.1,0.05,0.01,0.05,0.05,,0.05,0.05,0.05,0.1,0.02,0.02,20.0,0.1,0.01,0.01,0.05,0.05,0.05,0.05,0.05,0.05,0.15,0.05,0.05,0.05,0.05,0.1,0.05,0.05,0.05,0.05,0.05,0.1,0.05,0.01,0.1,0.05,0.05,0.05,0.05,0.05,0.1,0.1,0.1,0.02,0.05,0.5,0.05,0.05,0.05,,0.05,0.05,0.05,0.05,0.05,0.1,0.05,0.05,0.1,0.05,0.01,0.05,0.05,0.02,0.03,0.05,0.05,0.05,0.05,0.15,0.01,0.05,0.1,0.1,0.05,0.02,0.1,0.05,,0.1,0.05,0.05,0.05,0.1,0.1,0.1,0.02,,0.05,0.05,0.05,0.05,0.05,0.1,0.1,0.01,0.05,0.05,0.05,0.05,0.05,0.05,0.05,0.05,0.05,0.05,0.1,0.05,0.05,0.1,0.02,100.0,0.05,0.1,0.05,0.05,0.05,0.02,0.005,0.05,0.05,0.05,0.05,0.05,0.05,0.05,,0.1,0.05,0.05,0.05,0.05,0.05,0.05,0.02,0.05,0.05,0.05,0.01,0.05,0.05,0.2,0.01
11,(c) sheep,(c) sheep,0.01,,0.1,0.02,,0.06,0.01,0.01,0.01,,0.05,0.01,0.01,,0.01,0.1,0.01,0.01,,0.02,0.01,,0.01,0.02,0.01,0.01,0.01,0.01,0.2,0.03,,,0.01,,0.01,0.01,0.01,0.01,0.02,,0.01,,0.01,0.01,0.01,,0.01,0.01,,0.02,0.01,,0.01,0.1,,0.02,0.02,0.01,,0.01,0.01,0.01,,0.01,,0.01,0.05,0.01,0.01,0.05,0.02,0.05,0.01,0.01,0.01,0.01,0.01,0.01,0.01,,0.05,0.05,0.01,0.01,0.01,,0.03,0.01,,,,,0.05,0.01,0.05,0.02,,0.05,0.01,,,0.1,,0.01,0.05,0.02,0.05,0.05,0.01,0.01,0.01,0.01,0.01,0.01,0.01,0.1,0.2,0.02,,0.01,,0.02,,,0.01,,0.01,0.01,0.01,,0.02,,,0.01,0.01,,,,0.3,1.0,0.02,,0.06,,,0.01,0.01,0.01,,,0.01,,,,0.02,0.1,0.01,0.01,,0.01,0.02,,0.01,0.01,,0.01,0.01,0.01,0.03,0.01,,0.02,,0.01,0.01,0.05,0.05,0.01,0.01,0.05,0.01,0.01,0.01,0.02,,0.05,0.05,0.01,0.01,0.01,,0.01,0.01,0.03,0.01,0.05,0.01,0.02,,0.01,0.01,,0.01,0.02,0.02,0.02,,0.02,,0.05,0.01,0.05,0.01,,,,,0.01,,0.05,0.02,,,0.01,,0.01,0.01,,0.01,,0.01,0.01,,,0.02,0.02,,0.01,0.02,0.005,,,0.3,,,,0.02,0.01,0.05,,,0.01,0.02,0.01,,,,,0.05,0.01,0.01,0.01,0.01,0.01,,,0.01,1.0,,0.05,0.05,0.02,,0.01,0.2,,0.01,0.01,,0.05,,,,,0.01,,0.01,0.02,0.01,0.1,0.1,0.01,0.02,0.01,0.01,0.01,0.05,0.01,0.01,0.01,,0.01,,,0.01,,0.1,0.01,0.01,,,0.02,,0.01,,0.01,,,0.01,,,0.01,,0.02,0.01,,,0.01,0.01,,0.02,0.05,0.01,0.01,0.02,0.03,0.01,,0.01,,0.01,0.01,0.01,,0.1,0.01,,0.02,0.01,,0.01,0.01,0.01,0.01,,0.01,0.01,,0.01,0.01,0.01,0.01,0.01,0.01,,0.01,0.01,0.01,0.01,0.01,0.01,0.01,,0.05,0.01,0.05,0.01,,0.01,0.01,0.01,0.05,0.01,0.01,0.05,0.05,,,0.01,0.01,0.1,,0.01,,,,,0.02,0.01,,0.05,0.01,0.01,0.03,0.01,0.05,0.01,0.01,0.02,,0.01,0.01,0.01,0.01,0.01,0.01,0.01,0.05,,0.02,0.01,,,0.01,0.05,0.02,0.01,0.01,0.05,0.01,0.01,,,0.01,0.01,0.01,0.01,,,0.02,0.2,0.01,,0.01,0.02,,0.01,,0.01,0.01,0.01,0.01,0.03,0.01,0.01,0.02,,,0.01,,,,,,,0.01,0.02,0.01,0.02,,,,0.01,0.01,0.01,,0.01,0.1,0.01,0.01,,0.05,0.01,0.01,0.02,0.01,0.01,0.01,0.01,0.05,0.01,0.01,0.05,,,0.01,0.05,,,0.01,0.01,0.01,0.01,0.01,,0.01,0.01,,,0.01,0.01,,0.01,0.01,0.01,0.05,,0.01,0.01,0.03,0.01,0.01,0.01,0.01,,0.01
12,(d) any other parts of the plant,(d) any other parts of the plant,0.1,0.02,0.02,0.05,0.05,0.1,,0.05,0.05,0.1,0.05,0.01,0.01,0.05,0.05,0.1,0.05,0.05,0.05,0.05,0.05,0.05,0.05,0.05,0.05,0.05,0.05,0.05,0.02,0.05,0.05,0.05,0.05,0.1,0.05,0.05,0.02,0.1,0.1,0.1,0.01,0.05,0.05,0.05,0.05,0.05,0.05,0.05,0.05,0.1,0.05,0.1,0.05,0.1,0.05,,0.05,0.05,0.1,0.05,0.05,0.05,0.05,0.01,0.01,0.01,50.0,0.05,0.05,0.05,0.05,0.05,0.05,0.05,0.05,0.05,0.01,0.05,0.1,0.1,0.05,0.1,0.05,0.05,0.01,,0.1,0.1,0.02,,0.05,0.05,0.1,0.05,0.02,0.02,0.05,0.1,0.05,0.1,0.05,0.1,0.025,0.05,0.05,0.05,0.05,0.05,0.01,0.01,0.05,0.05,0.05,0.05,0.05,0.1,0.1,0.1,0.05,0.05,5.0,0.05,100.0,,0.01,0.05,0.05,0.1,0.05,0.1,0.05,0.05,0.05,0.1,0.1,0.1,0.05,0.1,0.1,0.2,0.05,0.1,0.1,0.02,0.05,0.05,0.05,0.05,0.05,0.05,0.05,0.1,0.02,0.05,0.1,0.05,0.05,0.05,20.0,0.05,0.05,0.1,0.05,0.05,0.1,0.05,0.05,0.05,0.05,0.05,0.1,0.1,,0.05,0.05,0.05,0.05,0.05,0.01,0.1,0.05,0.01,0.05,0.05,0.01,0.1,0.1,0.05,0.01,0.02,0.1,0.05,0.05,0.1,0.02,0.1,0.05,0.1,0.05,0.05,0.05,0.05,0.05,0.05,0.05,0.05,0.05,0.05,0.1,0.05,0.05,0.1,0.05,0.05,0.02,0.05,0.05,0.05,0.05,0.05,0.1,0.1,0.005,0.05,0.1,0.05,0.05,0.05,0.1,0.05,0.05,0.05,0.05,0.05,0.05,0.1,,0.05,0.1,0.05,0.05,0.05,10.0,0.02,0.05,0.05,0.1,0.05,0.05,0.05,0.05,0.05,0.05,0.05,0.05,0.05,0.05,0.05,0.1,0.05,0.05,0.05,0.05,0.05,500.0,0.05,0.05,1.0,0.1,2.0,0.05,0.1,0.02,0.05,0.02,0.02,0.01,0.01,0.05,0.05,,0.1,0.05,0.1,0.01,,0.05,0.05,0.05,0.1,0.1,0.05,0.05,0.05,0.05,0.05,0.05,0.05,0.01,0.05,0.01,0.05,0.1,0.05,0.05,0.01,0.1,0.01,0.05,0.05,0.1,0.02,0.5,0.05,0.05,0.05,0.1,0.05,0.05,0.1,0.05,0.05,0.02,0.05,0.05,0.1,0.05,0.1,0.05,0.1,0.1,0.05,0.05,0.05,0.1,0.1,0.05,0.1,0.1,0.05,0.05,0.05,0.05,0.05,0.1,0.05,0.02,0.1,0.05,0.05,0.05,0.05,0.05,0.05,0.05,0.3,0.02,0.05,0.05,0.05,0.05,0.05,0.05,0.02,0.05,0.05,0.05,0.05,0.05,0.05,0.05,0.01,0.05,0.1,0.05,0.05,0.1,0.05,0.05,0.05,0.05,0.1,0.05,0.01,0.05,0.05,,0.05,0.05,0.05,0.1,0.02,0.02,20.0,0.1,0.01,0.01,0.05,0.05,0.05,0.05,0.05,0.05,0.15,0.05,0.05,0.05,0.05,0.1,0.05,0.05,0.05,0.05,0.05,0.1,0.05,0.01,0.1,0.05,0.05,0.05,0.05,0.05,0.1,0.1,0.1,0.02,0.05,0.5,0.05,0.05,0.05,0.05,0.05,0.05,0.05,0.05,0.05,0.1,0.05,0.05,0.1,0.05,0.01,0.05,0.05,0.02,0.03,0.05,0.05,0.05,0.05,0.15,0.01,0.05,0.1,0.1,0.05,0.02,0.1,0.05,,0.1,0.05,0.05,0.05,0.1,0.1,0.1,0.02,0.05,0.05,0.05,0.05,0.05,0.05,0.1,0.1,0.01,0.05,0.05,0.05,0.05,0.05,0.05,0.05,0.05,0.05,0.05,0.1,0.05,0.05,0.1,0.02,100.0,0.05,0.1,0.05,0.05,0.05,0.02,0.005,0.05,0.05,0.05,0.05,0.05,0.05,0.05,,0.1,0.05,0.05,0.05,0.05,0.05,0.05,0.02,0.05,0.05,0.05,0.01,0.05,0.05,0.2,0.01
577,KOHLRABI,(d) kohlrabies,0.01,0.01,0.01,0.01,0.05,0.06,,0.01,0.01,0.05,0.01,0.01,0.01,0.01,0.01,0.1,0.01,0.01,0.01,0.01,0.01,0.01,0.01,0.01,0.01,0.01,0.01,0.02,0.01,9.0,0.01,0.01,0.01,0.05,0.01,0.01,0.01,0.01,0.05,0.05,1.0,0.01,0.02,0.01,0.01,5.0,0.01,0.02,0.01,0.02,0.01,0.03,0.01,0.1,0.01,,0.01,0.01,0.4,0.01,0.01,0.01,0.01,0.01,5.0,0.01,30.0,0.01,0.01,0.01,0.01,0.05,0.01,0.01,0.01,0.01,0.01,0.01,0.02,0.03,0.01,0.1,0.01,0.002,0.01,,0.03,0.02,0.01,,0.01,0.06,0.01,0.01,0.01,0.02,0.01,0.01,0.01,0.03,0.01,0.02,0.005,0.01,0.01,0.01,0.01,0.01,0.01,0.01,0.01,0.01,0.01,0.01,0.01,0.05,0.5,0.02,0.02,0.01,0.5,0.01,20.0,,0.01,2.0,0.01,0.05,0.01,9.0,0.01,0.01,0.01,0.02,0.01,1.0,0.05,0.02,0.01,0.05,0.01,0.05,0.06,0.02,0.01,0.01,0.01,0.01,0.2,0.05,0.01,0.02,0.01,0.01,0.02,0.05,0.01,0.01,0.05,0.01,0.01,0.4,0.01,0.01,0.05,0.01,0.02,0.01,0.01,0.01,0.02,0.02,,0.01,0.01,0.05,0.01,0.01,0.01,1.0,0.01,0.01,0.01,0.01,0.002,0.05,0.01,0.01,0.01,0.01,0.05,0.01,0.01,0.03,0.01,0.05,0.01,0.02,0.01,0.01,0.01,0.01,0.01,0.01,0.02,0.01,0.01,0.01,0.01,0.01,0.01,0.1,0.01,0.01,0.01,0.01,0.01,0.01,0.01,0.01,0.02,0.02,0.005,0.01,0.15,0.01,0.01,0.01,0.01,0.01,0.01,0.01,0.01,0.05,0.01,0.02,,0.01,0.02,0.01,0.03,0.15,0.2,0.01,0.01,0.09,0.02,0.01,0.01,0.01,0.01,0.01,0.01,0.01,0.01,0.01,0.08,0.15,0.03,0.01,0.01,0.01,0.01,0.01,10.0,0.02,0.01,1.0,0.03,0.1,0.05,0.02,0.01,0.01,0.01,0.01,0.01,0.01,0.01,0.01,,0.02,0.01,0.05,0.01,,0.01,0.01,0.01,0.1,0.1,0.01,0.01,0.01,0.01,0.01,0.01,0.01,0.01,0.01,0.01,0.01,0.02,0.01,0.01,0.01,0.1,0.01,0.01,0.01,0.05,0.02,0.2,0.01,0.1,0.01,0.05,0.01,0.01,0.02,0.01,0.01,0.01,0.01,0.01,0.02,0.02,0.15,0.01,0.3,0.02,0.01,0.01,0.01,0.02,0.03,0.01,0.02,0.01,0.01,0.01,0.01,0.01,0.01,0.1,0.01,0.01,0.02,0.01,0.01,0.01,0.01,0.05,0.05,0.01,0.01,0.01,0.01,0.01,0.01,0.01,0.01,0.01,0.01,0.001,0.01,0.01,0.01,0.01,0.01,0.01,0.01,0.02,0.05,0.01,0.01,0.02,0.3,0.01,0.01,0.01,0.05,0.01,0.01,0.01,0.02,,0.01,0.01,0.01,0.05,0.01,0.01,5.0,0.01,0.01,0.01,0.01,0.01,0.02,0.5,0.01,0.01,0.03,0.01,0.01,0.01,0.01,0.02,0.3,0.01,0.01,0.01,0.01,0.05,0.01,0.005,0.02,0.01,0.01,0.01,0.01,0.01,0.02,0.02,0.02,0.01,0.01,1.0,0.01,0.01,0.05,0.01,0.01,0.01,0.01,0.01,0.01,0.1,0.01,0.02,0.02,0.01,0.01,0.01,0.01,0.01,0.03,0.01,0.01,0.01,0.01,0.03,0.01,0.01,0.02,2.0,0.02,0.02,1.5,0.01,,0.01,0.01,0.01,0.01,0.03,0.02,0.02,0.01,0.02,0.01,0.01,0.01,0.01,0.01,0.02,0.1,0.01,0.01,0.01,0.01,0.01,0.01,0.01,0.01,0.01,0.01,0.01,0.1,0.05,0.01,0.02,0.005,20.0,0.01,0.1,0.01,0.01,0.01,0.01,0.001,0.01,0.01,0.01,0.01,0.01,0.01,0.01,,0.02,0.01,0.01,0.01,0.01,0.05,0.01,0.01,0.01,0.01,0.01,0.01,0.01,0.01,0.1,0.01
436,FRUITS,(d) other small fruits and berries,0.01,0.01,0.01,0.01,0.05,0.06,,0.01,0.01,0.1,0.01,0.01,0.01,0.01,0.01,0.1,0.01,0.01,0.01,0.01,0.01,,0.01,,0.01,0.01,0.01,0.02,0.01,0.01,0.01,0.01,0.01,0.05,0.01,0.01,0.01,0.01,0.05,0.05,1.0,0.01,0.02,0.01,0.01,,0.01,0.02,0.01,0.02,0.01,0.03,0.01,0.1,,,0.01,0.01,,,0.01,0.01,0.01,0.01,15.0,0.01,5.0,0.01,0.01,0.01,0.01,,1.5,0.01,0.01,0.01,0.01,0.01,0.02,,0.01,0.1,0.01,0.01,0.01,,0.03,0.02,0.01,,,0.05,0.01,0.01,0.01,0.01,0.01,0.01,0.01,0.03,0.01,0.02,0.01,0.01,0.01,0.01,0.01,0.01,0.01,0.01,0.01,0.01,0.01,0.01,0.01,0.05,0.1,0.02,,0.01,,0.01,5.0,,0.01,,0.01,0.05,0.01,0.09,0.01,,0.01,0.02,0.01,0.05,0.05,,0.01,0.05,0.01,0.05,0.06,0.02,0.6,0.01,0.01,0.01,,0.05,0.01,0.02,0.01,0.01,0.02,0.05,0.01,0.01,,0.01,0.01,,0.01,0.01,0.05,0.01,0.01,0.01,0.01,0.01,0.02,0.02,,0.01,0.01,0.05,,0.01,,,0.01,0.01,0.01,0.01,0.002,0.05,0.01,0.01,0.01,0.01,,0.01,2.0,0.03,0.01,0.05,0.01,0.02,0.01,0.01,0.01,0.01,0.01,0.01,,0.01,,0.01,0.01,,0.01,0.1,0.01,0.01,0.01,0.01,0.01,,,0.01,0.02,0.02,0.005,0.01,,0.01,0.01,,,0.01,0.01,0.01,,0.05,0.01,0.02,,0.01,0.02,0.01,0.01,,,0.01,0.01,,0.02,0.01,0.01,0.01,0.01,0.01,0.01,0.01,0.01,0.01,0.01,,0.03,0.01,0.01,0.01,0.01,0.01,,0.02,0.01,1.0,,0.1,0.05,0.02,0.01,0.01,0.01,0.01,0.01,0.01,0.01,0.01,,0.02,0.01,0.05,0.01,,0.01,0.01,,0.1,0.1,,0.01,0.01,0.01,0.01,0.01,,0.01,0.01,,0.01,0.02,,0.01,,0.1,0.01,0.01,,0.05,0.02,0.2,0.01,0.01,0.01,0.05,,0.01,0.02,0.01,0.01,0.01,0.01,0.01,0.02,,0.05,0.01,0.02,,0.01,0.01,0.01,0.02,0.03,0.01,0.02,0.01,,0.01,0.01,0.01,,0.1,0.01,0.01,0.02,0.01,0.01,0.01,0.01,,0.01,0.01,,0.01,0.01,0.01,0.01,0.01,0.01,0.01,0.01,0.001,0.01,,0.01,0.01,0.01,0.01,0.01,0.02,0.05,0.01,,0.02,0.05,0.01,0.01,,0.05,0.01,0.01,0.01,0.02,,0.01,0.01,0.01,,0.01,0.01,,0.01,0.01,0.01,0.01,0.01,0.02,1.0,0.01,0.01,0.03,0.01,0.01,0.01,0.01,0.02,0.01,0.01,0.01,0.01,0.01,0.05,0.01,0.005,0.02,0.01,,0.01,0.01,,0.02,,0.02,0.01,0.01,1.0,0.01,0.01,0.05,,,0.01,0.01,0.01,,0.1,0.01,2.0,0.02,0.02,0.01,0.01,0.01,0.01,0.03,0.01,0.01,,0.01,0.03,0.01,0.01,,1.5,,0.02,1.5,0.01,,0.01,0.01,,0.01,0.03,0.02,0.02,0.01,1.5,,1.5,0.01,0.01,0.01,0.02,0.1,0.01,0.01,0.01,0.01,0.01,0.01,0.01,0.01,0.01,0.01,0.01,0.1,0.05,0.01,0.02,0.005,15.0,0.01,0.1,0.01,0.01,0.01,0.01,0.001,0.01,0.01,0.01,0.01,0.01,3.0,3.0,,0.02,0.01,0.01,0.01,0.01,0.05,0.01,0.01,0.01,0.01,0.01,0.01,0.01,0.01,0.1,0.01
316,CORN,(d) sweet corn,0.01,0.01,0.01,0.01,0.05,0.06,,0.01,0.01,0.05,0.01,0.01,0.001,0.01,0.01,0.1,0.01,0.01,0.01,0.01,0.01,0.01,0.01,0.01,0.02,0.01,0.01,0.02,0.01,0.01,0.01,0.01,0.01,0.05,0.01,0.01,0.01,0.01,0.05,0.05,1.0,0.01,0.02,0.01,0.01,0.01,0.01,0.02,0.01,0.02,0.01,0.3,0.01,0.1,0.01,0.03,0.01,0.01,0.01,0.01,0.01,0.01,0.01,0.01,0.05,0.01,30.0,0.01,0.01,0.01,0.01,0.05,0.01,0.01,0.01,0.01,0.01,0.01,0.02,0.03,0.01,0.1,0.01,0.002,0.01,,0.03,0.02,0.01,,0.01,0.1,0.01,0.01,0.01,0.02,0.01,0.01,0.01,0.03,0.01,0.02,0.005,0.01,0.01,0.01,0.01,0.01,0.01,0.01,0.01,0.01,0.01,0.01,0.01,0.05,0.5,0.02,0.02,0.01,0.5,0.01,10.0,,0.01,0.01,0.01,0.05,0.01,0.09,0.01,0.01,0.01,0.02,0.01,0.05,0.05,0.02,0.01,0.05,0.01,0.05,0.06,0.02,0.02,0.01,0.01,0.01,0.02,0.07,0.01,0.02,0.01,0.01,0.02,0.05,0.01,0.01,0.05,0.01,0.01,0.2,0.01,0.01,0.05,0.01,0.01,0.01,0.01,0.01,0.02,0.02,,0.01,0.01,0.05,0.01,0.02,0.01,0.05,0.01,0.01,0.01,0.01,0.002,0.05,0.01,0.01,0.01,0.01,0.05,0.01,0.01,0.03,0.01,0.05,0.01,0.02,0.01,0.01,0.01,0.01,0.01,0.01,0.02,0.01,0.01,0.01,0.01,0.01,0.01,0.1,0.01,0.01,0.01,0.01,0.01,0.01,0.01,0.01,0.02,0.02,0.005,0.01,0.03,0.01,0.01,0.01,0.01,0.02,0.01,0.01,0.01,0.05,0.01,0.02,,0.01,0.02,0.01,0.01,0.02,0.2,0.01,0.01,0.05,0.02,0.01,0.01,0.01,0.01,0.01,0.01,0.01,0.01,0.01,0.01,0.15,0.03,0.01,0.01,0.01,0.01,0.01,5.0,0.02,0.01,1.0,0.03,3.0,0.05,0.02,0.01,0.01,0.01,0.01,0.01,0.01,0.01,0.01,,0.02,0.01,0.05,0.01,,0.01,0.01,0.01,0.1,0.1,0.01,0.01,0.01,0.01,0.01,0.01,0.01,0.01,0.01,0.01,0.01,0.02,0.01,0.01,0.05,0.1,0.01,0.01,0.01,0.05,0.02,0.2,0.01,0.01,0.01,0.05,0.04,0.01,0.02,0.01,0.01,0.01,0.01,0.01,0.02,0.05,0.05,0.01,0.02,0.02,0.01,0.01,0.01,0.02,0.03,0.01,0.02,0.01,0.02,0.01,0.01,0.01,0.01,0.1,0.01,0.01,0.02,0.01,0.01,0.01,0.01,0.01,0.01,0.01,0.01,0.01,0.01,0.01,0.01,0.01,0.01,0.01,0.01,0.001,0.01,0.01,0.01,0.01,0.01,0.01,0.01,0.02,0.05,0.01,0.01,0.02,0.05,0.01,0.01,0.02,0.05,0.01,0.01,0.01,0.02,,0.01,0.01,0.01,0.05,0.01,0.01,1.5,0.01,0.01,0.01,0.01,0.01,0.02,0.05,0.01,0.01,0.03,0.01,0.01,0.01,0.01,0.02,0.01,0.01,0.01,0.01,0.01,0.05,0.01,0.005,0.02,0.01,0.01,0.01,0.01,0.02,0.02,0.04,0.02,0.01,0.01,1.0,0.01,0.01,0.05,0.01,0.01,0.01,0.01,0.01,0.01,0.1,0.01,0.02,0.02,0.01,0.01,0.01,0.01,0.01,0.03,0.01,0.01,0.01,0.01,0.03,0.01,0.01,0.02,0.02,0.02,0.02,1.5,0.01,,0.05,0.01,0.01,0.01,0.03,0.02,0.02,0.01,0.6,0.01,0.01,0.01,0.01,0.01,0.05,0.1,0.01,"0.02, 0.01",0.01,0.01,0.01,0.01,0.01,0.01,0.01,0.01,0.01,0.1,0.05,0.01,0.02,0.005,10.0,0.01,0.1,0.01,0.01,0.01,0.01,0.001,0.01,0.01,0.01,0.01,0.01,0.01,0.01,,0.02,0.01,0.01,0.01,0.01,0.05,0.01,0.01,0.01,0.01,0.01,0.01,0.01,0.01,0.1,0.01
13,(d) watercresses,(d) watercresses,0.01,0.01,0.01,0.01,0.05,0.06,,0.01,0.01,0.05,0.01,0.01,0.01,0.01,0.01,0.1,0.01,0.01,0.01,0.01,0.01,0.01,0.01,0.01,0.01,0.01,0.01,0.02,0.01,50.0,0.01,0.01,0.01,0.05,0.01,0.01,0.01,0.01,0.05,0.05,1.0,0.01,0.02,0.01,0.01,0.01,0.01,0.02,0.01,0.02,0.01,0.03,0.01,0.1,0.01,,0.01,0.01,0.01,0.01,0.01,0.01,0.01,0.01,0.01,0.01,50.0,0.01,0.01,0.01,0.01,0.05,0.01,0.01,0.01,0.01,0.01,0.01,0.02,0.03,0.01,0.1,0.01,0.01,0.01,,0.03,0.02,0.01,,20.0,0.7,0.01,0.01,0.01,0.02,0.01,0.01,0.01,0.03,0.01,0.02,0.005,0.01,0.01,0.01,0.01,0.01,0.01,0.01,0.01,0.01,0.01,0.01,0.01,0.05,0.5,0.02,0.02,0.01,0.5,0.01,20.0,,0.01,0.01,0.01,0.05,0.01,0.09,0.01,0.01,0.01,0.02,0.01,0.7,0.05,0.02,0.01,0.05,0.01,0.05,0.06,0.02,2.0,0.01,0.01,0.01,0.01,0.05,0.01,0.02,0.01,0.01,0.02,0.05,0.01,0.01,0.5,0.01,0.01,0.08,0.01,0.01,0.05,0.01,0.01,0.01,0.01,0.01,0.02,0.02,7.0,0.01,0.01,0.05,0.01,0.01,0.01,0.3,0.01,0.01,0.01,0.01,0.6,0.05,0.01,0.01,0.01,0.01,0.05,0.01,0.01,0.03,0.01,0.05,0.01,0.02,0.01,0.01,0.01,0.01,0.01,0.01,0.02,0.01,0.01,0.01,0.01,0.01,0.01,0.1,0.01,0.01,0.01,0.01,0.01,0.01,0.01,0.01,0.02,0.02,0.005,0.01,0.03,0.01,0.01,0.01,0.01,0.01,0.01,0.01,10.0,0.05,0.01,0.02,,0.01,0.02,0.01,30.0,0.15,0.2,0.01,0.01,0.07,0.02,0.01,0.01,0.01,0.01,0.01,0.01,0.01,0.01,0.01,0.01,0.01,0.03,0.01,0.01,0.01,0.01,0.01,2.0,0.02,0.01,1.0,0.03,0.1,0.05,0.02,0.01,0.01,0.01,0.01,0.01,0.01,0.01,0.01,,0.02,0.01,0.05,0.01,,0.01,0.01,0.01,0.1,0.1,0.01,0.01,0.01,0.01,0.01,0.01,0.01,0.01,0.01,0.01,0.01,0.02,0.01,0.01,0.01,0.1,0.01,0.01,0.01,0.05,0.02,0.2,0.01,25.0,0.01,0.05,0.01,0.01,0.02,0.01,0.01,0.01,0.01,0.01,0.02,0.01,0.05,0.01,0.02,0.02,0.01,0.01,0.01,0.02,0.03,0.01,0.02,0.01,0.01,0.01,0.01,0.01,0.01,0.1,0.01,0.01,0.02,0.01,0.01,0.01,0.01,0.05,0.01,0.01,0.01,0.01,0.01,0.01,0.01,0.01,0.01,0.01,0.01,0.001,0.01,0.01,0.01,0.01,0.01,0.01,0.01,0.02,0.05,0.01,0.01,0.02,0.05,0.01,0.01,0.01,0.05,0.01,0.01,0.01,0.02,,0.01,0.01,0.01,0.05,0.01,0.01,1.5,0.01,0.01,0.01,0.01,0.01,0.02,0.01,0.01,0.01,0.03,0.01,0.01,0.01,0.01,0.02,0.01,0.01,0.01,0.01,0.01,0.05,0.01,0.005,0.02,0.01,0.01,0.01,0.01,0.01,0.02,0.02,0.02,0.01,0.01,1.0,0.01,0.01,0.05,0.01,0.01,0.01,0.01,0.01,0.01,0.1,0.01,0.02,0.02,0.01,0.01,0.01,0.01,0.01,0.03,0.01,0.01,0.01,0.01,0.03,0.01,0.01,0.02,10.0,0.02,0.02,7.0,0.01,,0.01,0.01,0.01,0.01,0.03,0.02,0.02,0.01,0.02,10.0,0.01,0.01,0.01,0.01,0.02,0.1,0.01,0.01,0.01,0.01,0.01,0.01,0.01,0.01,0.01,0.01,0.01,0.1,0.05,0.01,0.02,0.005,150.0,0.01,0.1,0.01,0.01,0.01,0.01,0.001,0.01,0.01,0.01,0.01,0.01,0.01,0.01,,0.02,0.01,0.01,0.01,0.01,0.05,0.01,0.01,0.01,0.01,0.01,0.01,0.01,0.01,0.1,0.01
14,(e) equine,(e) equine,0.01,,0.1,0.02,,0.06,0.01,0.01,0.01,,0.05,0.01,0.01,,0.01,0.1,0.01,0.01,,0.02,0.01,,0.01,0.02,0.01,0.01,0.01,0.01,0.2,,,,0.01,,0.01,0.01,0.01,0.01,0.02,,0.01,,0.01,0.01,0.01,,0.01,0.01,,0.02,0.01,,0.01,0.1,,0.02,0.02,0.01,,0.01,0.01,0.01,,0.01,,0.01,0.05,0.01,0.01,0.05,0.02,0.05,0.01,0.01,0.01,0.01,0.01,0.01,0.01,,0.05,0.05,0.01,0.01,0.01,,0.03,0.01,,,,,0.05,0.01,0.05,0.02,,0.05,0.01,,,0.1,,0.01,0.05,0.02,0.05,0.05,0.01,0.01,0.01,0.01,0.01,0.01,0.01,0.1,0.2,0.02,0.05,0.01,0.05,0.02,,,0.01,,0.01,0.01,0.01,,0.02,0.01,,0.01,0.01,,,,,1.0,0.02,,0.06,,,0.01,0.01,0.01,0.01,,0.01,,,,0.02,0.1,0.01,0.01,,0.01,0.02,,0.01,0.01,,0.01,0.01,0.01,0.03,0.01,,0.02,,0.01,0.01,0.05,0.05,0.01,0.01,0.05,0.01,0.01,0.01,0.02,,0.05,0.05,0.01,0.01,0.01,,0.01,0.01,0.03,0.01,0.05,0.01,0.02,,0.01,0.01,,0.01,0.01,0.02,0.02,,0.02,,0.05,0.01,0.05,0.01,,,,,0.01,,0.05,0.02,,0.005,0.01,,0.01,0.01,,0.01,,0.01,0.01,,,0.02,0.02,,0.01,0.02,0.005,,,0.3,,,,0.02,0.01,0.05,,,0.01,0.02,0.01,,,,,0.05,0.01,0.01,0.01,0.01,0.01,,,0.01,1.0,,0.05,0.05,0.02,,0.01,0.2,,0.01,0.01,,0.05,,,,,0.01,,0.01,0.02,0.01,0.1,0.1,0.01,0.02,0.01,0.01,0.01,0.05,0.01,0.01,0.01,,0.01,,,0.01,,0.1,0.01,0.01,,,0.02,,0.01,,0.01,,,0.01,,,0.01,,0.02,0.01,,,0.01,0.01,,0.02,0.05,0.01,0.01,0.02,0.03,0.01,0.05,0.01,,0.01,0.01,0.01,,0.1,0.01,,0.02,0.01,,0.01,0.01,0.01,0.01,,0.01,0.01,,0.01,0.01,0.01,0.01,0.01,0.01,,0.01,0.01,0.01,0.01,0.01,0.01,0.01,,0.05,0.01,0.05,0.01,,0.01,0.01,0.01,,0.01,0.01,0.05,0.05,,,0.01,0.01,0.1,,0.01,,0.02,,,0.02,0.01,,0.05,0.01,0.01,0.03,0.01,0.05,0.01,0.01,0.02,,0.01,0.01,0.01,0.01,0.01,0.01,0.01,0.05,,0.02,0.01,,,0.01,0.05,0.02,0.01,0.01,0.05,0.01,0.01,,,0.01,0.01,0.01,0.01,,,0.02,0.2,0.01,,0.01,0.02,,0.01,,0.01,0.01,0.01,0.01,0.03,0.01,0.01,0.02,,,0.01,,,,,,,0.01,0.02,0.01,0.02,,,,0.01,0.01,0.01,0.01,,0.1,0.01,0.01,,0.05,0.01,0.01,0.02,0.01,0.01,0.01,0.01,0.05,0.01,0.01,0.05,,,0.01,0.05,,,0.01,0.01,0.01,0.01,0.01,,0.01,0.01,,,0.01,0.01,,0.01,0.01,0.01,0.05,,0.01,0.01,0.03,0.01,0.01,0.01,0.01,,0.01
1122,VEGETABLES,(e) other fruiting vegetables,0.01,0.01,0.01,0.01,0.05,0.06,,0.01,0.01,0.05,0.01,0.01,0.01,0.01,0.01,0.1,0.01,0.01,0.01,0.01,0.01,0.2,0.01,0.01,0.01,0.01,0.01,0.02,0.01,0.01,0.01,0.01,0.01,0.05,0.01,0.01,0.01,0.01,0.05,0.05,1.0,0.01,0.02,0.01,0.01,0.01,0.01,0.02,0.01,0.02,0.01,0.03,0.01,0.1,0.9,,0.01,0.01,0.01,0.01,0.01,0.01,0.01,0.01,0.9,0.01,30.0,0.01,0.01,0.01,0.01,0.05,0.01,0.01,0.01,0.01,0.01,0.01,0.02,0.03,0.01,0.1,0.01,0.01,0.01,,0.03,0.02,0.01,,0.01,0.1,0.01,0.01,0.01,0.02,0.01,0.01,0.01,0.03,0.01,0.02,0.005,0.01,0.01,0.01,0.01,0.01,0.01,0.01,0.01,0.01,0.01,0.01,0.01,0.05,0.5,0.02,0.02,0.01,0.5,0.01,5.0,,0.01,0.01,0.01,0.05,0.01,0.09,0.01,0.01,0.01,0.02,0.01,0.05,0.05,0.02,0.01,0.05,0.01,0.05,0.06,0.1,0.01,0.01,0.01,0.01,0.01,0.05,0.01,0.02,0.01,0.01,0.02,0.05,0.01,0.01,0.6,0.01,0.01,0.15,0.01,0.01,0.05,0.01,0.01,0.01,0.01,0.01,0.02,0.02,,0.01,0.01,0.05,0.01,0.01,0.01,0.05,0.01,0.01,0.01,0.01,0.002,0.05,0.01,0.01,0.01,0.01,0.05,0.01,0.01,0.03,0.01,0.05,0.01,0.02,0.01,0.01,0.01,0.01,0.01,0.01,0.02,0.01,0.01,0.01,0.01,0.01,0.01,0.1,0.01,0.01,0.01,0.01,0.01,0.01,0.01,0.01,0.02,0.02,0.005,0.01,0.03,0.01,0.01,0.01,0.01,0.01,0.01,0.01,0.01,0.05,0.01,0.02,,0.01,0.02,0.01,0.01,0.01,0.2,0.01,0.01,0.01,0.02,0.01,0.01,0.01,0.01,0.01,0.01,0.01,0.01,0.01,0.01,0.01,0.03,0.01,0.01,0.01,0.01,0.01,5.0,0.02,0.01,1.0,0.03,0.1,0.05,0.02,0.01,0.01,0.01,0.01,0.01,0.01,0.01,0.01,,0.02,0.01,0.05,0.01,,0.01,0.01,0.01,0.1,0.1,0.01,0.01,0.01,0.01,0.01,0.01,0.01,0.01,0.01,0.01,0.01,0.02,0.01,0.01,0.01,0.1,0.01,0.01,0.01,0.05,0.02,0.2,0.01,0.01,0.01,0.05,0.01,0.01,0.02,0.01,0.01,0.01,0.01,0.01,0.02,0.01,0.05,0.01,0.02,0.02,0.01,0.01,0.01,0.02,0.03,0.01,0.02,0.01,0.01,0.01,0.01,0.01,0.01,0.1,0.01,0.01,0.02,0.01,0.01,0.01,0.01,0.01,0.01,0.01,0.01,0.01,0.01,0.01,0.01,0.01,0.01,0.01,0.01,0.001,0.01,0.01,0.01,0.01,0.01,0.01,0.01,0.02,0.05,0.01,0.01,0.02,0.05,0.01,0.01,0.01,0.05,0.01,0.01,0.01,0.02,,0.01,0.01,0.01,0.05,0.01,0.01,1.5,0.01,0.01,0.01,0.01,0.01,0.02,0.01,0.01,0.01,0.03,0.01,0.01,0.01,0.01,0.02,0.01,0.01,0.01,0.01,0.01,0.05,0.01,0.005,0.02,0.01,0.01,0.01,0.01,0.01,0.02,0.02,0.02,0.01,0.01,1.0,0.01,0.01,0.05,0.01,0.01,0.01,0.01,0.01,0.01,0.1,0.01,0.02,0.02,0.01,0.01,0.01,0.01,0.01,0.03,0.01,0.01,0.01,0.01,0.03,0.01,0.01,0.02,0.02,0.02,0.02,0.02,0.01,,0.01,0.01,0.01,0.01,0.03,0.02,0.02,0.01,0.02,0.01,0.01,0.01,0.01,0.01,0.02,0.1,0.01,0.01,0.01,0.01,0.01,0.01,0.01,0.01,0.01,0.01,0.01,0.1,0.05,0.01,0.02,0.005,5.0,0.01,0.1,0.01,0.01,0.01,0.01,0.001,0.01,0.01,0.01,0.01,0.01,0.01,0.01,,0.02,0.01,0.01,0.01,0.01,0.05,0.01,0.01,0.01,0.01,0.01,0.01,0.01,0.01,0.1,
15,(e) witloofs/Belgian endives,(e) witloofs/Belgian endives,0.01,0.01,0.01,0.01,0.05,0.06,,0.01,0.01,0.05,0.01,0.01,0.01,0.01,0.01,0.1,0.01,0.01,0.01,0.01,0.01,0.01,0.01,0.01,0.01,0.01,0.01,0.02,0.01,0.01,0.01,0.01,0.01,0.05,0.01,0.01,0.01,0.01,0.05,0.05,1.0,0.01,0.02,0.01,0.01,0.3,0.01,0.02,0.01,0.02,0.01,0.03,0.01,0.1,0.01,,0.01,0.01,0.01,0.01,0.01,0.01,0.01,0.01,7.0,0.01,50.0,0.01,0.01,0.01,0.01,0.05,0.01,0.01,0.01,0.01,0.01,0.01,0.02,0.03,0.01,0.1,0.01,0.002,0.01,,0.03,0.02,0.01,,20.0,0.7,0.01,0.01,0.01,0.01,0.01,0.01,0.01,0.03,0.01,0.02,0.005,0.01,0.01,0.01,0.01,0.01,0.01,0.01,0.01,0.01,0.01,0.01,0.01,0.05,0.5,0.02,0.02,0.01,0.5,0.01,20.0,,0.01,0.01,0.01,0.05,0.01,0.09,0.01,0.01,0.01,0.02,0.01,0.05,0.05,0.06,0.01,0.05,0.01,0.05,0.06,0.02,0.01,0.01,0.01,0.01,0.01,0.05,0.01,0.02,0.01,0.01,0.02,0.05,0.01,0.01,4.0,0.01,0.01,0.08,0.01,0.01,0.05,0.01,0.05,0.01,0.01,0.01,0.02,0.02,,0.01,0.01,0.05,0.01,0.01,0.01,0.5,0.01,0.01,0.01,0.01,0.002,0.05,0.01,0.01,0.01,0.01,0.05,0.01,0.01,0.03,0.01,0.05,0.01,0.02,0.01,0.01,0.01,0.01,0.01,0.01,0.02,0.01,0.01,0.01,0.01,0.01,0.01,0.1,0.01,0.01,0.01,0.01,0.01,0.01,0.01,0.01,0.02,0.02,0.005,0.01,0.03,0.01,0.01,0.01,0.01,0.01,0.01,0.01,0.02,0.05,0.01,0.02,,0.01,0.02,0.01,0.01,0.3,0.2,0.01,0.01,0.07,0.02,0.01,0.01,0.01,0.01,0.01,0.01,0.01,0.01,0.01,0.01,6.0,0.03,0.01,0.01,0.01,0.01,0.01,75.0,0.02,0.01,1.0,0.03,0.1,0.05,0.02,0.01,0.01,0.01,0.01,0.01,0.01,0.01,0.01,,0.02,0.01,0.05,0.01,,0.01,0.01,0.01,0.1,0.1,0.01,0.01,0.01,0.01,0.01,0.01,0.01,0.01,0.01,0.01,0.01,0.02,0.01,0.01,0.01,0.1,0.01,0.01,0.01,0.05,0.02,0.2,0.01,0.15,0.01,0.05,0.01,0.01,0.02,0.01,0.01,0.01,0.01,0.01,0.02,0.4,0.05,0.01,0.02,0.02,0.01,0.01,0.01,0.02,0.03,0.01,0.02,0.01,0.01,0.01,0.01,0.01,0.01,0.1,0.01,0.01,0.02,0.01,0.01,0.01,0.01,0.05,0.01,0.01,0.01,0.01,0.01,0.01,0.01,0.01,0.01,0.01,0.01,0.001,0.01,0.01,0.01,0.01,0.01,0.01,0.01,0.02,0.05,0.01,0.01,0.02,0.05,0.01,0.01,0.01,0.05,0.01,0.01,0.01,0.02,,0.01,0.01,0.01,0.05,0.01,0.01,150.0,0.01,0.01,0.01,0.01,0.01,0.02,0.05,0.01,0.01,0.03,0.01,0.01,0.01,0.01,0.02,15.0,0.01,0.01,0.01,0.01,0.05,0.01,0.005,0.02,0.01,0.01,0.01,0.01,0.01,0.02,0.09,0.02,0.01,0.01,1.0,0.01,0.01,0.05,0.01,0.01,0.01,0.01,0.01,0.01,0.1,0.01,0.02,0.02,0.01,0.01,0.01,0.01,0.01,0.03,0.01,0.01,0.01,0.01,0.03,0.01,0.01,0.02,0.02,0.02,0.02,0.03,0.01,,0.01,0.01,0.01,0.01,0.03,0.02,0.02,0.01,0.15,0.05,0.01,0.01,0.01,0.01,0.02,0.1,0.01,0.01,0.02,0.01,0.15,0.01,0.01,0.01,0.01,0.01,0.01,0.1,0.05,0.01,0.02,0.005,20.0,0.01,0.1,0.01,0.01,0.01,0.01,0.001,0.01,0.01,0.01,0.01,0.01,0.01,0.01,,0.02,0.01,0.01,0.01,0.01,0.05,0.01,0.01,0.01,0.01,0.01,0.01,0.01,0.01,0.1,0.01
541,HERBS,(f) herbs and edible flowers,0.01,0.01,0.01,0.02,0.05,0.1,,0.02,0.02,0.1,0.02,0.01,0.01,0.02,0.02,0.1,0.02,0.02,,0.02,0.02,3.0,0.02,0.3,0.8,0.02,0.02,0.02,0.01,,0.02,0.02,0.02,0.05,0.02,0.02,0.02,0.01,0.1,0.05,1.0,0.02,0.02,0.02,0.02,70.0,0.02,0.05,0.02,0.05,0.02,10.0,0.02,0.1,1.0,,0.02,0.02,0.02,0.1,0.02,0.02,0.02,0.01,50.0,0.01,50.0,0.02,0.02,0.02,0.02,0.05,0.02,0.02,0.02,0.02,0.01,0.02,0.05,0.06,0.02,0.1,0.02,0.02,0.01,,0.06,0.04,0.01,,20.0,0.7,0.01,0.02,0.01,0.02,0.02,0.01,0.02,0.1,0.01,0.02,0.01,0.02,0.02,0.02,0.02,0.02,0.01,0.01,0.02,0.02,0.02,0.02,0.02,0.05,0.5,0.05,0.02,0.15,3.0,0.02,,,0.01,,0.02,0.1,0.02,,0.02,0.02,0.02,0.05,0.02,2.0,0.05,40.0,0.01,0.05,0.02,0.05,0.1,0.02,,0.02,0.02,0.02,0.02,4.0,0.02,0.05,0.01,0.02,0.02,0.05,0.02,0.02,,0.02,0.02,0.3,0.02,0.01,0.1,0.02,10.0,0.02,0.02,0.02,0.05,0.05,,0.02,0.02,0.05,0.02,0.02,0.01,5.0,0.02,0.01,0.02,0.01,,0.05,0.01,0.02,0.01,0.01,0.05,0.01,0.02,,0.02,0.1,0.02,0.05,3.0,0.02,0.02,0.02,0.02,0.02,0.02,0.02,0.02,0.02,0.01,50.0,0.02,0.1,0.02,0.02,0.01,0.02,0.02,0.02,0.02,0.01,0.05,0.05,0.005,0.02,6.0,0.02,0.02,0.02,0.05,0.02,0.02,0.02,20.0,0.05,0.02,0.05,,0.01,0.05,0.02,,,,0.01,0.02,40.0,0.05,0.02,0.02,,0.02,0.02,0.02,0.02,0.02,0.02,0.02,3.0,0.06,0.01,0.02,0.02,0.02,0.02,400.0,0.02,0.02,1.0,,0.1,0.05,0.05,0.01,0.02,0.01,0.01,0.01,0.01,0.02,0.02,,0.02,0.02,0.1,0.01,,0.02,0.02,0.05,0.1,0.1,0.02,0.02,0.02,0.02,0.02,0.02,20.0,0.01,0.02,0.01,0.01,0.05,0.02,0.02,0.7,0.1,0.01,0.02,0.02,0.05,0.02,0.2,0.01,30.0,0.02,0.05,7.0,0.02,0.05,0.02,0.02,0.03,0.02,0.02,0.04,3.0,2.0,,0.1,0.05,0.01,0.02,0.02,0.02,0.06,0.02,0.05,0.01,,0.02,0.02,0.02,0.02,0.1,0.02,0.01,0.05,0.02,0.02,0.02,0.02,0.05,0.02,0.02,0.1,0.01,0.02,0.02,0.02,0.02,0.02,0.02,0.01,0.001,0.02,,0.02,0.02,0.02,0.02,0.01,0.02,0.05,0.02,0.02,0.04,,0.02,0.02,,0.05,0.02,0.01,,0.05,,0.02,0.02,0.02,0.05,0.01,0.015,300.0,0.01,0.01,0.01,0.02,0.02,0.02,,0.02,0.02,0.06,0.02,0.03,0.02,0.02,0.05,30.0,0.02,0.02,0.02,0.02,0.1,0.02,0.01,0.05,0.2,0.02,20.0,0.02,0.02,0.05,2.0,0.02,0.01,0.02,1.0,0.02,0.02,,20.0,0.02,0.02,0.02,0.02,0.02,0.1,0.02,0.02,0.05,0.2,0.01,0.02,0.02,0.01,0.03,0.02,0.02,0.01,0.02,0.06,0.01,0.02,4.0,,0.02,0.02,,0.02,,0.1,0.02,,0.02,0.06,0.05,0.04,0.01,2.0,,0.02,0.02,0.02,0.02,0.04,0.1,0.01,0.02,0.02,0.01,0.02,0.02,0.02,0.02,0.02,0.02,0.02,0.1,0.05,,0.05,0.01,150.0,0.02,0.1,0.02,0.02,0.02,0.01,0.002,0.02,0.02,0.02,0.02,0.02,15.0,30.0,,0.05,0.02,0.02,0.02,0.01,0.05,0.02,0.01,0.01,0.02,0.02,0.01,0.02,0.02,0.1,0.01
16,(f) poultry,(f) poultry,0.01,,0.1,0.02,,0.06,0.01,0.01,0.01,0.05,0.05,0.01,0.01,,0.01,0.1,0.01,0.01,0.01,0.02,0.01,,0.01,0.02,0.01,0.01,0.01,0.01,0.2,0.03,0.02,,0.01,0.05,0.01,0.01,0.01,0.01,0.02,,0.01,,0.01,0.01,0.01,0.01,0.01,0.01,,0.02,0.01,0.02,0.01,0.1,0.01,0.01,0.02,0.01,,0.01,0.01,0.01,,0.01,,0.01,0.05,0.01,0.01,0.05,0.02,0.05,0.01,0.01,0.01,0.01,0.01,0.01,0.01,0.03,0.05,0.05,0.01,0.01,0.01,,0.03,0.01,,,,,0.05,0.01,0.05,0.02,,0.05,0.01,,,0.1,,0.01,,0.02,0.05,0.05,0.01,0.01,0.01,0.01,0.01,0.01,0.01,0.1,0.2,0.02,0.05,0.01,0.05,0.02,,,0.01,,0.01,0.01,0.01,,0.02,0.01,0.01,0.01,0.01,,0.05,0.02,,1.0,0.02,,0.06,,,0.01,0.01,0.01,,,0.01,,,,,0.1,0.01,0.01,0.1,0.01,0.02,,0.01,0.01,,0.01,0.01,0.01,0.03,0.01,,0.02,,0.01,0.01,0.05,0.05,,0.01,0.05,0.01,0.01,0.01,0.02,0.01,0.05,0.05,0.01,0.01,0.01,,0.01,0.01,0.03,0.01,0.05,0.01,0.02,,0.01,0.01,0.01,0.01,0.02,0.02,0.01,0.05,0.02,,0.05,0.01,0.05,0.01,0.01,,0.02,0.01,0.01,0.01,0.05,0.02,0.02,0.005,0.01,,0.01,0.01,,0.01,0.01,0.01,0.01,,,0.02,0.02,,0.01,0.02,0.005,,,0.3,,,0.01,0.02,0.01,0.05,0.01,,0.01,0.02,0.01,0.05,,,,0.05,0.01,0.01,0.01,0.01,0.01,,,0.01,1.0,,,0.05,0.02,,0.01,0.2,,0.01,0.01,,0.05,,,0.02,0.01,0.01,0.05,0.01,0.02,0.01,0.1,0.1,0.01,0.02,0.01,0.01,0.01,0.05,0.01,0.01,0.01,0.01,0.01,,0.05,0.01,,0.1,0.01,0.01,,,0.02,,0.01,0.01,0.01,,,0.01,,,0.01,,0.02,0.01,,,0.01,0.01,0.05,0.02,0.05,0.01,0.01,0.02,0.03,0.01,0.05,0.01,0.01,0.01,0.01,0.01,0.01,0.1,0.01,,0.02,0.01,,0.01,0.01,0.01,0.01,,0.01,0.01,,0.01,0.01,0.01,0.01,0.01,0.01,,0.01,0.01,0.01,0.01,0.01,0.01,0.01,,0.05,0.01,,0.01,0.01,0.01,0.01,0.01,0.05,0.01,0.01,0.05,0.05,,,0.01,0.01,0.1,,0.01,0.5,,,,0.02,0.01,,0.01,0.01,0.01,0.03,0.01,0.05,0.01,0.01,0.02,,0.01,0.01,0.01,0.01,0.01,0.01,0.01,0.05,,0.02,0.01,,,0.01,0.05,0.02,0.01,0.01,0.05,0.01,0.01,0.05,0.05,0.01,0.01,0.01,0.01,,0.02,0.02,0.2,0.01,,0.01,0.02,,0.01,0.01,0.01,0.01,0.01,0.01,0.03,0.01,0.01,0.02,,,0.01,0.02,,,0.01,,,0.01,0.02,0.01,0.02,,0.1,0.02,0.01,0.01,0.01,,0.01,0.1,0.01,0.01,,0.05,0.01,0.01,0.02,0.01,0.01,0.01,0.01,0.05,0.01,0.01,0.05,,,0.01,0.05,,,0.01,0.01,0.01,0.01,0.01,0.01,0.01,0.01,0.04,0.04,0.01,0.01,0.01,0.01,0.01,0.01,,,0.01,0.01,0.03,0.01,0.01,0.01,0.01,,0.01
17,(g) other farmed terrestrial animals,(g) other farmed terrestrial animals,0.01,,0.1,0.02,,0.06,0.01,0.01,0.01,,0.05,0.01,0.01,,0.01,0.1,0.01,0.01,,0.02,0.01,,0.01,0.02,0.01,0.01,0.01,0.01,0.2,0.03,,,0.01,,0.01,0.01,0.01,0.01,0.02,,0.01,,0.01,0.01,0.01,,0.01,0.01,,0.02,0.01,,0.01,0.1,,0.02,0.02,0.01,,0.01,0.01,0.01,,0.01,,0.01,0.05,0.01,0.01,0.05,0.02,0.05,0.01,0.01,0.01,0.01,0.01,0.01,0.01,,0.05,0.05,0.01,0.01,0.01,,0.03,0.01,,,,,0.05,0.01,0.05,0.02,,0.05,0.01,,,0.1,,0.01,0.05,0.02,0.05,0.05,0.01,0.01,0.01,0.01,0.01,0.01,0.01,0.1,0.05,0.02,0.05,0.01,0.05,0.02,,,0.01,,0.01,0.01,0.01,,0.02,,,0.01,0.01,0.2,,,,1.0,0.02,,0.06,,,0.01,0.01,0.01,0.01,,0.01,,,,0.02,0.1,0.01,0.01,,0.01,0.02,,0.01,0.01,,0.01,0.01,0.01,0.03,0.01,,0.02,,0.01,0.01,0.05,0.05,0.01,0.01,0.05,0.01,0.01,0.01,0.02,,0.05,0.05,0.01,0.01,0.01,,0.01,0.01,0.03,0.01,0.05,0.01,0.02,,0.01,0.01,,0.01,0.01,0.02,0.02,,0.02,,0.05,0.01,0.05,0.01,,,,,0.01,,0.05,0.02,,0.005,0.01,,0.01,0.01,,0.01,,0.01,0.01,,,0.02,0.02,,0.01,0.02,0.005,,,0.3,,,,0.02,0.01,0.05,,,0.01,0.02,0.01,,,,,0.05,0.01,0.01,0.01,0.01,0.01,,,0.01,1.0,,0.05,0.05,0.02,,0.01,0.2,,0.01,0.01,,0.05,,,,,0.01,,0.01,0.02,0.01,0.1,0.1,0.01,0.02,0.01,0.01,0.01,0.05,0.01,0.01,0.01,,0.01,,,0.01,,0.1,0.01,0.01,,,0.02,,0.01,,0.01,,0.01,0.01,,,0.01,,0.02,0.01,,,0.01,0.01,,0.02,0.05,0.01,0.01,0.02,0.03,0.01,0.05,0.01,,0.01,0.01,0.01,,0.1,0.01,,0.02,0.01,,0.01,0.01,0.01,0.01,,0.01,0.01,,0.01,0.01,0.01,0.01,0.01,0.01,,0.01,0.01,0.01,0.01,0.01,0.01,0.01,,0.05,0.01,0.05,0.01,,0.01,0.01,0.01,,0.01,0.01,0.05,0.05,,0.01,0.01,0.01,0.1,,0.01,,0.02,,,0.02,0.01,,0.05,0.01,0.01,0.03,0.01,0.05,0.01,0.01,0.02,,0.01,0.01,0.01,0.01,0.01,0.01,0.01,0.05,,0.02,0.01,,,0.01,0.05,0.02,0.01,0.01,0.05,0.01,0.01,,,0.01,0.01,0.01,0.01,,0.02,0.02,0.2,0.01,,0.01,0.02,,0.01,,0.01,0.01,0.01,0.01,0.03,0.01,0.01,0.02,,,0.01,,,,,,,0.01,0.02,0.01,0.02,,,,0.01,0.01,0.01,0.01,0.01,0.1,0.01,0.01,,0.05,0.01,0.01,0.02,0.01,0.01,0.01,0.01,0.05,0.01,0.01,0.05,,,0.01,0.05,,,0.01,0.01,0.01,0.01,0.01,,0.01,0.01,,,0.01,0.01,,0.01,0.01,0.01,0.05,,0.01,0.01,0.03,0.01,0.01,0.01,0.01,,0.01
21,Algae and prokaryotes organisms,Algae and prokaryotes organisms,0.01,0.01,0.01,0.01,0.05,0.06,,0.01,0.01,0.05,0.01,0.01,0.01,0.01,0.01,0.1,0.01,0.01,0.01,0.01,0.01,0.01,0.01,0.01,0.01,0.01,0.01,0.02,0.01,0.01,0.01,0.01,0.01,0.05,0.01,0.01,0.01,0.01,0.05,,0.01,0.01,0.02,0.01,0.01,0.01,0.01,0.02,,0.02,0.01,0.03,0.01,0.1,0.01,,0.01,0.01,0.01,0.01,0.01,0.01,0.01,0.01,0.01,0.01,5.0,0.01,0.01,0.01,0.01,0.05,0.01,0.01,0.01,0.01,0.01,0.01,0.02,0.03,0.01,0.1,0.01,0.01,0.01,,0.03,0.02,0.01,,0.01,0.05,0.01,0.01,0.01,0.01,0.01,0.01,0.01,0.03,0.01,0.02,0.005,0.01,0.01,0.01,0.01,0.01,0.01,0.01,0.01,0.01,0.01,0.01,0.01,0.05,0.1,0.02,,0.01,0.5,0.01,20.0,,0.01,0.01,,0.05,0.01,0.09,0.01,0.01,0.01,0.02,0.01,0.05,0.05,0.02,0.01,0.05,0.01,0.05,0.06,0.02,0.01,0.01,0.01,0.01,0.01,0.05,0.01,0.02,0.01,0.01,0.02,0.05,0.01,0.01,0.05,0.01,0.01,0.02,0.01,0.01,0.05,0.01,0.01,0.01,0.01,0.01,0.02,0.02,,0.01,0.01,0.05,0.01,0.01,0.01,0.05,0.01,0.01,0.01,0.01,0.002,0.05,0.01,0.01,0.01,0.01,0.05,0.01,0.01,0.03,0.01,0.05,0.01,0.02,0.01,0.01,0.01,0.01,0.01,0.01,0.02,0.01,0.01,0.01,0.01,0.01,0.01,0.01,0.01,0.01,0.01,0.01,0.01,0.01,0.01,0.01,0.02,0.02,0.005,0.01,0.03,0.01,0.01,0.01,0.01,0.01,0.01,0.01,0.01,0.05,0.01,0.02,,0.01,0.02,0.01,0.01,0.01,0.2,0.01,0.01,0.01,0.02,0.01,0.01,0.01,0.01,0.01,0.01,0.01,0.01,0.01,0.01,0.01,0.03,0.01,0.01,0.01,0.01,0.01,2.0,0.02,0.01,1.0,0.03,,0.05,0.02,0.01,0.01,0.01,0.01,0.01,0.01,0.01,0.01,,0.02,0.01,0.05,0.01,,0.01,0.01,0.01,0.1,0.1,0.01,0.01,0.01,0.01,0.01,0.01,0.01,0.01,0.01,0.01,0.01,0.02,0.01,0.01,0.01,0.1,0.01,0.01,0.01,,0.02,0.2,0.01,0.01,0.01,0.05,0.01,0.01,0.02,0.01,0.01,0.01,0.01,0.01,0.02,0.01,0.05,0.01,0.02,0.02,0.01,0.01,0.01,0.02,0.03,0.01,0.02,0.01,0.01,0.01,0.01,0.01,0.01,0.1,0.01,0.01,0.02,0.01,0.01,0.01,0.01,0.01,0.01,0.01,0.01,0.01,0.01,0.01,0.01,0.01,0.01,0.01,0.01,0.001,0.01,0.01,0.01,0.01,0.01,0.01,0.01,0.02,0.05,0.01,,0.02,0.05,0.01,0.01,0.01,0.05,0.01,0.01,0.01,0.02,,0.01,0.01,0.01,0.05,0.01,0.01,1.5,0.01,0.01,0.01,0.01,0.01,0.02,0.01,0.01,0.01,0.03,0.01,0.01,0.01,0.01,0.02,0.01,0.01,0.01,0.01,0.01,,0.01,0.005,0.02,0.01,0.01,0.01,0.01,0.01,0.02,0.02,0.02,0.01,0.01,1.0,0.01,0.01,0.05,0.01,0.01,0.01,0.01,0.01,0.01,0.1,0.01,,0.02,0.01,0.01,0.01,0.01,0.01,0.03,0.01,0.01,0.01,0.01,0.03,0.01,0.01,0.02,0.02,0.02,0.02,0.02,0.01,,0.01,0.01,0.01,0.01,0.03,0.02,0.02,0.01,0.02,0.01,0.01,0.01,0.01,0.01,0.02,0.1,0.01,0.01,0.01,0.01,0.01,0.01,0.01,0.01,0.01,0.01,0.01,0.1,0.05,0.01,0.02,0.005,20.0,0.01,0.1,0.01,0.01,0.01,0.01,0.001,0.01,0.01,0.01,0.01,0.01,0.01,0.01,,0.02,0.01,0.01,0.01,0.01,0.05,0.01,0.01,0.01,0.01,0.01,0.01,0.01,0.01,0.1,
25,Allspice/pimento,Allspice/pimento,0.02,0.02,0.02,0.05,0.05,0.1,,0.05,0.05,0.1,0.05,0.01,0.01,0.05,0.05,0.1,0.05,0.05,0.05,0.2,0.05,0.05,0.05,0.05,0.01,0.05,0.05,0.05,0.1,0.05,0.05,0.05,0.05,0.1,0.05,0.05,0.02,0.1,0.1,0.1,0.01,0.05,0.05,0.5,0.05,0.3,0.05,0.05,0.05,0.1,0.05,0.1,0.05,0.1,0.05,,0.05,0.05,0.03,0.05,0.05,0.05,0.05,0.01,0.9,0.01,"50.0, 400.0",0.05,0.05,0.05,0.05,0.05,0.05,0.05,0.05,0.05,0.01,0.05,0.1,0.1,0.8,0.1,0.05,0.05,0.01,,0.1,0.1,0.02,,0.05,0.07,0.1,0.05,0.02,0.02,0.05,0.1,0.05,0.1,0.05,0.1,0.025,0.05,0.05,0.05,0.05,0.05,0.01,0.01,0.05,0.05,0.05,0.05,0.05,0.1,0.1,0.1,0.05,0.05,0.5,0.05,40.0,,0.01,0.05,0.05,0.1,0.05,0.1,0.05,0.05,0.03,0.1,0.1,0.1,0.05,0.1,0.1,1.0,0.05,0.1,0.1,0.02,0.05,0.05,0.05,0.05,0.1,0.05,0.05,0.1,"0.02, 0.1",0.05,0.1,0.05,0.05,0.05,0.3,0.05,0.05,0.1,0.05,0.05,0.1,0.05,0.05,0.05,0.05,0.05,0.1,0.1,,0.05,0.05,0.05,0.05,0.05,0.01,0.1,0.05,0.01,0.05,0.05,0.01,5.0,0.1,0.05,0.01,0.02,0.1,5.0,0.05,0.1,0.02,0.1,0.05,0.1,0.05,0.05,0.05,0.05,0.05,0.05,0.05,0.05,0.05,0.05,0.1,0.05,1.0,0.1,0.05,0.05,0.02,0.05,0.05,0.05,0.05,0.05,0.1,0.1,0.005,0.05,0.1,0.05,0.05,0.03,0.1,0.05,0.05,0.05,0.05,0.05,0.05,0.1,,0.05,0.1,0.05,0.05,0.05,5.0,0.02,0.05,0.05,0.1,0.05,0.05,0.05,0.05,0.05,0.05,0.05,0.05,0.05,0.05,0.05,0.1,0.05,0.05,0.05,0.05,0.05,400.0,0.05,0.05,1.0,0.1,0.1,0.05,0.1,0.02,0.05,0.1,0.02,0.01,0.01,0.05,0.05,,0.1,0.05,0.1,0.01,,0.05,0.05,0.05,0.1,0.1,0.05,0.05,0.05,0.05,0.05,0.05,0.05,0.01,0.05,0.01,0.05,0.1,0.05,0.05,0.3,0.1,0.01,0.05,0.05,0.1,0.02,0.5,0.05,0.05,0.05,0.1,0.05,0.05,0.1,0.05,0.05,0.02,0.05,0.05,0.1,0.05,0.1,0.05,0.1,0.1,0.05,0.05,0.1,0.1,0.1,0.05,0.1,0.1,0.05,0.05,0.05,0.05,0.05,0.1,0.05,0.02,0.1,0.05,0.05,0.05,0.05,0.05,0.05,0.05,0.3,0.02,0.05,0.05,0.05,0.05,0.05,0.05,0.02,0.05,0.05,0.05,0.05,0.05,0.05,0.05,0.01,0.05,0.1,5.0,0.05,0.1,0.05,0.05,0.05,0.05,0.1,0.05,0.01,0.05,0.05,,0.1,2.0,0.05,0.1,0.02,0.02,300.0,0.02,0.01,0.01,0.05,0.05,0.05,0.05,0.5,0.05,0.15,0.05,0.07,0.05,0.05,0.1,0.05,0.05,0.05,0.05,0.05,0.1,0.05,0.01,0.1,0.05,0.05,0.3,0.05,0.05,0.1,0.1,0.1,0.02,0.05,0.5,0.05,0.05,0.15,0.05,0.05,0.05,0.05,0.05,0.05,0.1,0.05,0.05,0.1,0.05,0.01,0.05,0.05,0.02,0.03,0.05,0.05,0.05,0.05,0.15,0.01,0.05,0.1,0.1,0.05,0.02,0.1,0.05,,0.1,0.05,0.05,0.05,0.1,0.1,0.1,0.02,0.05,0.05,0.05,0.05,0.05,0.05,0.1,0.1,0.01,0.05,0.05,0.05,0.05,0.05,0.05,0.05,0.05,0.05,0.05,0.1,0.05,0.05,0.1,0.02,40.0,0.05,0.1,0.05,0.05,0.05,0.07,0.005,0.05,0.05,0.05,0.05,0.05,0.05,0.05,,0.1,0.05,0.05,0.05,0.05,0.05,0.05,0.02,0.05,0.05,0.05,0.01,0.05,0.05,0.2,0.05
26,ALMOND,Almonds,0.01,0.01,0.01,0.01,0.05,0.06,,0.02,0.02,0.2,0.05,0.01,0.01,0.02,0.01,0.1,0.01,0.02,0.01,0.02,0.01,0.07,0.01,0.01,0.01,0.01,0.02,0.05,0.01,0.01,0.01,0.05,0.01,0.05,0.02,0.02,0.02,0.01,0.1,0.05,1.0,0.01,0.02,0.01,0.02,0.01,0.02,0.02,0.01,0.02,0.01,0.03,0.02,0.1,0.01,,0.01,0.01,0.05,0.01,0.01,0.02,0.01,0.01,0.05,0.01,50.0,0.02,0.01,0.01,0.01,0.05,0.01,0.01,0.02,0.02,0.01,0.02,0.05,0.07,0.02,0.1,0.01,0.02,0.01,,0.05,0.05,0.01,,0.03,0.1,0.01,0.02,0.01,0.01,0.02,0.01,0.02,0.04,0.01,0.02,0.01,0.01,0.02,0.02,0.01,0.01,0.01,0.01,0.01,0.02,0.02,0.02,0.01,0.05,0.1,0.05,0.05,0.02,0.5,0.01,30.0,,0.01,0.04,0.02,0.05,0.01,0.09,0.01,0.01,0.01,0.05,0.01,0.05,0.05,0.02,0.01,0.05,0.02,0.05,0.1,0.02,0.01,0.01,0.01,0.02,0.05,0.05,0.01,0.02,0.01,0.01,0.05,0.05,0.01,0.01,0.05,0.01,0.01,0.04,0.01,0.01,0.1,0.01,0.02,0.01,0.01,0.02,0.05,0.05,,0.02,0.02,0.05,0.02,0.02,0.05,0.05,0.01,0.01,0.01,0.02,0.005,0.1,0.01,0.01,0.01,0.01,0.1,0.02,0.01,0.03,0.01,0.1,0.02,0.05,0.01,0.01,0.01,0.01,0.01,0.01,0.02,0.02,0.01,0.02,0.01,0.02,0.02,0.1,0.01,0.01,0.01,0.01,0.01,0.01,0.05,0.02,0.05,0.05,0.005,0.01,0.06,0.01,0.01,0.01,0.01,0.1,0.02,0.02,0.01,0.05,0.01,0.05,,0.01,0.05,0.01,0.01,0.03,30.0,0.01,0.01,0.02,0.02,0.01,0.01,0.01,0.02,0.01,0.01,0.01,0.01,0.8,0.01,0.04,0.07,0.02,0.02,0.02,0.01,0.02,1500.0,0.02,0.01,1.0,0.1,0.1,0.05,0.05,0.01,0.01,0.01,0.01,0.01,0.01,0.02,0.05,,0.05,0.01,0.05,0.01,,0.01,0.02,0.01,0.1,0.1,0.01,0.02,0.01,0.01,0.01,0.02,0.01,0.01,0.01,0.01,0.01,0.02,0.01,0.02,0.01,0.1,0.01,0.01,0.01,0.05,0.02,0.2,0.01,0.01,0.01,0.05,0.06,0.02,0.05,0.02,0.01,0.02,0.02,0.01,0.02,0.01,0.05,0.01,0.02,0.05,0.02,0.02,0.02,0.05,0.03,0.01,0.05,0.01,0.1,0.01,0.01,0.01,0.01,0.1,0.01,0.01,0.02,0.02,0.02,0.02,0.02,0.01,0.01,0.02,0.02,0.01,0.01,0.01,0.01,0.01,0.01,0.01,0.01,0.01,0.01,0.01,0.02,0.02,0.01,0.01,0.01,0.02,0.05,0.02,0.01,0.02,0.05,0.01,0.01,0.05,0.05,0.01,0.01,0.01,0.05,,0.02,0.02,0.01,2.0,0.01,0.09,1000.0,0.01,0.01,0.01,0.01,0.01,0.02,0.02,0.01,0.01,0.03,0.02,0.02,0.01,0.01,0.05,0.01,0.02,0.02,0.02,0.01,0.2,0.01,0.01,0.05,0.02,0.02,0.02,0.02,0.02,0.02,0.02,0.02,0.01,0.02,1.0,0.05,0.01,0.05,0.2,0.01,0.01,0.01,0.02,0.02,0.15,0.02,0.02,0.05,0.01,0.01,0.02,0.02,0.01,0.03,0.01,0.02,0.02,0.01,0.03,0.01,0.01,0.02,0.07,0.1,0.02,0.5,0.05,,0.05,0.02,0.02,10.0,0.03,0.02,0.02,0.01,0.05,0.05,0.01,0.02,0.01,0.01,0.02,0.1,0.01,0.01,0.01,0.02,0.02,0.02,0.01,0.01,0.01,0.02,0.01,0.2,0.05,0.01,0.02,0.005,40.0,0.01,0.1,0.01,0.01,0.01,0.01,0.005,0.01,0.02,0.01,0.01,0.02,0.02,0.02,,0.02,0.01,0.01,0.01,0.02,0.05,0.01,0.01,0.01,0.01,0.02,0.01,0.01,0.01,0.1,0.01
842,PERSIMMON,American persimmons/Virginia kaki,0.01,0.01,0.01,0.01,0.05,0.06,,0.01,0.01,0.05,0.01,0.01,0.01,0.01,0.01,0.1,0.01,0.01,0.01,0.01,0.01,0.01,0.01,0.01,0.01,0.01,0.01,0.02,0.01,0.01,0.01,0.01,0.01,0.05,0.01,0.01,0.01,0.01,0.05,0.05,0.01,0.01,0.02,0.01,0.01,0.01,0.01,0.02,0.01,0.02,0.01,0.03,0.01,0.1,0.01,,0.01,0.01,0.01,0.01,0.01,0.01,0.01,0.01,0.01,0.01,"10.0, 20.0",0.01,0.01,0.01,0.01,0.05,0.01,0.01,0.01,0.01,0.01,0.01,0.02,0.03,0.01,0.1,0.01,0.01,0.01,,0.03,0.02,0.01,,0.01,0.3,0.01,0.01,0.01,0.02,0.01,0.01,0.01,0.03,0.01,0.02,0.005,0.01,0.01,0.01,0.01,0.01,0.01,0.01,0.01,0.01,0.01,0.01,0.01,0.05,0.1,0.02,0.02,0.01,0.5,0.01,20.0,,0.01,0.01,0.01,0.05,0.01,0.09,0.01,0.01,0.01,0.02,0.01,0.05,0.05,0.02,0.01,0.05,0.01,0.05,0.06,0.02,0.01,0.01,0.01,0.01,0.01,0.05,0.01,0.02,0.01,0.01,0.02,0.05,0.01,0.01,0.1,0.01,0.01,0.02,0.01,0.01,0.05,0.01,0.01,0.01,0.01,0.01,0.02,0.02,,0.01,0.01,0.05,0.01,0.01,0.01,0.05,0.01,0.01,0.01,0.01,0.002,0.05,0.01,0.01,0.01,0.01,0.05,0.01,0.01,0.03,0.01,0.05,0.01,0.02,0.01,0.01,0.01,0.01,0.01,0.01,0.02,0.01,0.01,0.01,0.01,0.01,0.01,0.1,0.01,0.01,0.01,0.01,0.01,0.01,0.01,0.01,0.02,0.02,0.005,0.01,0.03,0.01,0.01,0.01,0.01,0.01,0.01,0.01,0.01,0.05,0.01,0.02,,0.01,0.02,0.01,0.01,0.01,0.2,0.01,0.01,0.01,0.02,0.01,0.01,0.01,0.01,0.01,0.01,0.01,0.01,0.01,0.01,0.01,0.03,0.01,0.01,0.01,0.01,0.01,2.0,0.02,0.01,1.0,0.1,0.1,0.05,0.02,0.01,0.01,0.01,0.01,0.01,0.01,0.01,0.01,,0.02,0.01,0.05,0.01,,0.01,0.01,0.01,0.1,0.1,0.01,0.01,0.01,0.01,0.01,0.01,0.01,0.01,0.01,0.01,0.01,0.02,0.01,0.01,0.01,0.1,0.01,0.01,0.01,0.05,0.02,0.2,0.01,0.01,0.01,0.05,0.01,0.01,0.02,0.01,0.01,0.01,0.01,0.01,0.02,0.01,0.05,0.01,0.02,0.02,0.01,0.01,0.01,0.02,0.03,0.01,0.02,0.01,0.01,0.01,0.01,0.01,0.01,0.1,0.01,0.01,0.02,0.01,0.01,0.01,0.01,0.01,0.01,0.01,0.01,0.01,0.01,0.01,0.01,0.01,0.01,0.01,0.01,0.001,0.01,0.01,0.01,0.01,0.01,0.01,0.01,0.02,0.05,0.01,0.01,0.02,0.05,0.01,0.01,0.01,0.05,0.01,0.01,0.01,0.02,,0.01,0.01,0.01,2.0,0.01,0.01,1.5,0.01,0.01,0.01,0.01,0.01,0.02,0.01,0.01,0.01,0.03,0.01,0.01,0.01,0.01,0.02,0.01,0.01,0.01,0.01,0.01,0.05,0.01,0.005,0.02,0.01,0.01,0.01,0.01,0.01,0.02,0.02,0.02,0.01,0.01,1.0,0.01,0.01,0.05,0.01,0.01,0.01,0.01,0.01,0.01,0.1,0.01,0.02,0.02,0.01,0.01,0.01,0.01,0.01,0.03,0.01,0.01,0.01,0.01,0.03,0.01,0.01,0.02,0.02,0.02,0.02,0.02,0.01,,0.01,0.01,0.01,0.01,0.03,0.02,0.02,0.01,0.02,0.01,0.01,0.01,0.01,0.01,0.02,0.1,0.01,0.01,0.01,0.01,0.01,0.01,0.01,0.01,0.01,0.01,0.01,0.1,0.05,0.01,0.02,0.005,20.0,0.01,0.1,0.01,0.01,0.01,0.01,0.001,0.01,0.01,0.01,0.01,0.01,0.01,0.01,,0.02,0.01,0.01,0.01,0.01,0.05,0.01,0.01,0.01,0.01,0.01,0.01,0.01,0.01,0.1,0.01
40,Amphibians and Reptiles,Amphibians and Reptiles,,,,0.02,0.2,0.06,0.01,0.01,0.01,0.05,0.05,0.01,0.01,0.01,0.01,0.1,0.01,0.01,0.01,0.02,0.01,0.02,0.01,0.02,0.01,0.01,0.01,0.01,0.01,0.03,0.02,0.01,0.01,,0.01,0.01,0.01,,0.02,,,0.02,,0.01,0.01,0.01,0.01,0.01,0.02,0.02,0.01,0.02,0.01,0.1,0.01,0.02,0.02,0.01,0.01,0.01,0.01,0.01,0.02,0.01,0.01,0.01,,0.01,0.01,0.05,0.02,0.05,0.01,0.01,0.01,0.01,0.01,0.01,0.01,0.03,0.05,0.05,0.01,0.01,0.01,,0.03,0.01,,,0.01,0.05,,0.01,0.005,0.02,,,0.01,0.1,0.01,,0.01,0.01,0.02,0.02,0.05,0.05,0.01,0.01,0.01,0.01,0.01,0.01,0.01,0.1,0.05,0.02,0.05,0.01,0.05,0.01,,,0.01,0.01,0.01,0.01,0.01,0.02,0.02,0.01,0.01,0.01,0.01,0.05,0.05,0.02,0.01,0.05,0.02,,0.06,,0.02,0.01,0.01,0.01,0.01,0.05,0.01,0.02,,0.01,0.02,0.1,0.01,0.01,0.05,0.01,0.02,0.02,0.01,0.01,,0.01,0.01,0.01,0.03,0.01,0.05,0.02,,0.01,0.01,0.05,0.05,0.01,0.01,0.05,0.01,0.01,0.01,0.02,0.01,0.01,0.01,0.01,0.01,0.01,0.05,0.01,0.01,0.03,0.01,0.05,0.01,0.02,0.01,0.01,0.01,0.01,0.01,0.01,0.02,0.01,0.05,0.02,,0.05,0.01,0.05,0.01,0.01,,0.02,0.01,0.01,0.01,0.01,0.02,0.02,0.005,0.01,0.02,0.01,0.01,0.01,0.01,0.01,0.01,0.01,0.01,0.05,0.02,0.02,,0.01,0.02,0.005,0.01,0.02,0.3,,0.02,0.01,0.02,0.01,0.05,0.01,0.01,0.01,0.02,0.01,0.05,0.01,0.01,0.01,0.05,0.01,0.01,0.01,0.01,0.01,0.5,,0.01,1.0,0.05,0.05,0.05,0.02,,0.01,0.01,0.01,0.01,0.01,,0.01,,0.02,0.01,0.01,0.01,0.01,0.01,0.02,0.01,0.1,0.1,0.01,0.02,0.01,0.01,0.01,0.05,0.01,0.01,0.01,0.01,0.01,0.02,0.05,0.01,0.01,,0.01,0.01,0.02,,0.02,0.05,0.01,0.01,0.01,,0.01,0.01,0.05,,0.01,0.01,0.02,0.01,0.02,0.01,0.01,0.01,0.05,0.02,0.05,0.01,,0.02,0.03,0.01,0.05,,0.01,0.01,0.01,0.01,0.01,0.1,0.01,,0.02,0.01,,0.01,0.01,0.01,0.01,0.02,0.01,,0.01,0.01,0.01,0.01,0.01,0.01,0.01,0.01,0.01,0.01,0.01,0.01,0.01,0.01,0.01,,,0.01,0.01,0.01,0.01,0.01,0.01,0.01,,0.01,0.01,0.05,0.05,,0.01,0.01,0.01,0.05,,0.01,0.5,0.02,0.01,0.01,0.02,0.01,,0.05,0.01,0.01,0.03,0.01,0.01,0.01,0.01,0.02,0.01,0.01,0.01,0.01,0.01,0.01,0.01,0.01,0.05,0.02,0.02,0.01,0.02,0.01,0.01,0.05,0.02,0.01,0.01,,0.01,0.01,0.05,0.05,0.01,0.01,0.01,0.01,,0.02,0.02,0.02,0.01,0.01,0.01,0.02,0.02,,0.01,0.01,0.01,0.01,0.01,0.03,0.01,0.01,0.02,0.02,0.02,0.01,0.02,0.02,,0.01,0.02,0.01,0.01,0.02,0.01,0.02,,0.1,0.01,0.01,0.01,0.01,0.01,0.01,0.1,,0.01,0.01,0.05,0.01,0.01,0.01,0.01,0.01,0.01,0.01,0.05,0.01,0.01,0.05,0.01,6.0,0.01,,0.01,0.01,0.01,0.01,0.01,0.01,0.01,0.01,0.01,0.01,0.02,0.02,0.01,0.01,0.01,0.01,0.01,0.01,,0.01,0.01,0.01,0.03,0.01,0.01,0.01,0.01,,0.01
50,Anise/aniseed,Anise/aniseed,0.02,0.02,0.02,0.05,0.05,0.1,,0.05,0.05,0.1,0.05,0.01,0.01,0.05,0.05,0.1,0.05,0.05,0.05,0.2,0.05,0.05,0.05,0.05,0.01,0.05,0.05,0.05,0.1,0.05,0.05,0.05,0.05,0.1,0.05,0.05,0.02,0.1,0.1,0.1,0.01,0.05,0.05,0.5,0.05,0.3,0.05,0.05,0.05,0.1,0.05,0.1,0.05,0.1,0.05,,0.05,0.05,0.05,0.05,0.05,0.05,0.05,0.01,0.9,0.01,"50.0, 400.0",0.05,0.05,0.05,0.05,0.05,0.05,0.05,0.05,0.05,0.01,0.05,0.1,0.1,0.05,0.1,0.05,0.05,0.01,,0.1,0.1,0.02,,0.05,0.07,0.1,0.05,0.02,0.02,0.05,0.1,0.05,0.1,0.05,0.1,0.025,0.05,0.05,0.05,0.05,0.05,0.01,0.01,0.05,0.05,0.05,0.05,0.05,0.1,0.1,0.1,0.05,0.05,0.5,0.05,40.0,,0.01,0.05,0.05,0.1,0.05,0.1,0.05,0.05,0.05,0.1,0.1,0.1,0.05,0.1,0.1,1.0,0.05,0.1,0.1,0.02,0.05,0.05,0.05,0.05,5.0,0.05,0.05,0.1,"0.1, 0.02",0.05,0.1,0.05,0.05,0.05,0.3,0.05,0.05,0.1,0.05,0.05,0.1,0.05,30.0,0.05,0.05,0.05,0.1,0.1,,0.05,0.05,0.05,0.05,0.05,0.01,0.1,0.05,0.01,0.05,0.05,0.01,1.0,0.1,0.05,0.01,0.02,0.1,3.0,0.05,0.6,0.02,0.1,0.05,0.1,0.05,0.05,0.05,0.05,0.05,0.05,0.05,0.05,0.05,0.05,0.1,0.05,7.0,0.1,0.05,0.05,0.02,0.05,0.05,0.05,0.05,0.05,0.1,0.1,0.005,0.05,0.1,0.05,0.05,0.03,0.1,0.05,0.05,0.05,0.05,0.05,0.05,0.1,,0.05,0.1,0.05,0.05,0.05,5.0,0.02,0.05,0.05,0.1,0.05,0.05,0.05,0.05,0.05,0.05,0.05,0.05,0.05,0.05,0.05,0.1,0.05,0.05,0.05,0.05,0.05,400.0,0.05,0.05,1.0,0.1,0.1,0.05,0.1,0.02,0.05,0.1,0.02,0.01,0.01,0.05,0.05,,0.1,0.05,0.1,0.01,,0.05,0.05,0.05,0.1,0.1,0.05,0.05,0.05,0.05,0.05,0.05,0.05,0.01,0.05,0.01,0.05,0.1,0.05,0.05,0.3,0.1,0.01,0.05,0.05,0.1,0.02,0.5,0.05,0.05,0.05,0.1,0.05,0.05,0.1,0.05,0.05,0.02,0.05,0.05,0.1,0.05,0.1,0.05,0.1,0.1,0.05,0.05,0.1,0.1,0.1,0.05,0.1,0.1,0.05,0.05,0.05,0.05,0.05,0.1,0.05,0.02,0.1,0.05,0.05,0.05,0.05,0.05,0.05,0.05,0.3,0.02,0.05,0.05,0.05,0.05,0.05,0.05,0.02,0.05,0.05,0.05,0.05,0.05,0.05,0.05,0.01,0.05,0.1,5.0,0.05,0.1,0.05,0.05,0.05,0.05,0.1,0.05,0.01,0.05,0.05,7.0,0.5,2.0,0.05,0.1,0.02,0.02,300.0,0.02,0.01,0.01,0.05,0.05,0.05,5.0,3.0,0.05,0.15,0.05,0.05,0.05,0.05,0.1,0.05,0.05,0.05,0.05,0.05,0.1,0.05,0.01,0.1,0.05,0.05,0.3,0.05,0.05,0.1,0.1,0.1,0.02,0.05,0.5,0.05,0.05,0.15,0.05,0.05,0.05,0.05,0.05,0.05,0.1,0.05,0.05,0.1,0.05,0.01,0.05,0.05,0.02,0.03,0.05,0.05,0.05,0.05,0.15,0.01,0.05,0.1,0.1,0.05,0.02,0.1,0.05,,0.1,0.05,0.05,0.05,0.1,0.1,0.1,0.02,1.5,0.05,0.05,0.05,0.05,0.05,0.1,0.1,0.01,0.05,0.05,0.05,0.05,0.05,0.05,0.05,0.05,0.05,0.05,0.1,0.05,0.05,0.1,0.02,40.0,0.05,0.1,0.05,0.05,0.05,0.02,0.005,0.05,0.05,0.05,0.05,0.05,0.05,0.05,,0.1,0.05,0.05,0.05,0.05,0.05,0.05,0.02,0.05,0.05,0.05,0.01,0.05,0.05,0.2,0.05
53,APPLE,Apples,0.01,0.01,0.01,0.01,0.05,0.15,,0.01,0.01,0.05,0.01,0.01,0.01,0.01,0.01,0.1,0.01,0.01,0.006,0.01,0.4,0.07,0.01,0.3,0.01,0.01,0.01,0.02,0.01,0.01,0.01,0.01,0.01,0.05,0.01,0.01,0.01,0.01,0.05,0.05,1.0,0.01,0.02,0.01,0.2,0.01,0.01,0.02,0.01,0.02,0.01,0.03,0.01,0.1,0.2,,0.01,0.01,0.01,0.01,0.01,0.01,0.01,0.01,2.0,0.01,"20.0, 5.0",0.01,0.01,0.01,0.01,0.2,0.3,0.01,0.01,0.01,0.01,0.01,0.02,10.0,0.01,0.2,0.01,0.001,0.01,,0.03,0.02,0.01,,0.4,0.05,0.01,0.01,0.01,0.01,0.01,0.01,0.01,0.03,0.01,0.02,0.005,0.01,0.05,0.01,0.01,0.01,0.01,0.01,0.01,0.01,0.01,0.01,0.01,0.05,0.1,0.02,0.5,0.01,0.5,0.01,5.0,,0.01,0.8,0.01,0.05,0.01,0.4,0.06,0.4,0.1,0.02,0.01,1.0,0.1,2.0,0.01,0.05,0.01,0.05,0.06,0.02,0.2,0.01,0.01,0.01,0.01,0.1,0.01,0.02,0.01,0.01,0.02,0.05,0.01,0.01,0.8,0.01,0.01,0.2,0.01,0.01,0.05,0.01,0.01,0.01,0.01,0.01,0.02,0.02,,0.01,0.01,0.05,0.02,0.01,1.5,5.0,0.01,0.01,0.9,0.01,0.02,0.05,0.01,0.01,0.01,0.01,0.8,0.01,0.06,0.03,0.01,0.05,0.01,0.02,0.7,0.01,0.01,0.01,0.01,0.01,0.1,0.15,0.5,0.01,0.01,0.01,0.01,0.1,0.01,0.01,0.01,0.01,0.01,0.01,0.3,0.01,0.02,0.1,0.005,0.01,0.3,0.01,0.01,0.01,0.3,0.9,0.01,0.01,5.0,0.05,0.01,0.02,,0.01,0.02,0.01,0.01,0.8,0.2,0.01,0.01,0.6,0.02,0.01,0.01,0.05,0.01,0.01,0.01,0.15,0.01,0.4,0.3,0.9,0.3,0.01,0.01,0.01,0.01,0.01,150.0,0.02,0.01,1.0,0.1,0.1,0.05,0.02,0.01,0.01,0.01,0.01,0.01,0.01,0.01,0.4,,0.02,0.01,0.05,0.01,,0.01,0.01,0.01,0.1,0.1,0.01,0.01,0.01,0.01,0.01,0.01,0.6,0.01,0.01,0.7,0.01,0.02,0.2,0.01,0.08,0.1,0.01,0.01,1.0,0.05,0.02,0.2,0.01,0.01,0.01,0.05,0.4,0.01,0.02,0.01,0.01,0.01,0.01,0.01,0.9,0.01,0.05,0.02,0.02,0.02,0.01,0.01,0.01,0.03,0.03,0.01,0.02,0.01,0.01,0.01,0.01,0.01,1.0,0.1,0.01,0.01,0.02,0.01,0.01,0.01,0.01,0.6,0.01,0.01,0.01,0.01,0.01,0.01,0.01,0.01,0.01,0.01,0.01,0.001,0.01,0.01,0.01,0.01,0.01,0.05,0.01,0.02,0.05,0.01,0.3,0.02,0.05,0.01,0.01,0.5,0.05,0.01,0.01,0.01,0.02,,0.01,0.01,0.005,0.5,0.01,0.01,70.0,0.01,0.01,0.01,0.01,0.01,0.02,0.5,0.01,0.01,0.03,0.01,0.01,0.01,0.1,0.02,0.01,0.01,0.01,0.01,0.01,0.05,0.01,0.005,0.02,0.02,0.08,0.01,0.01,0.01,0.02,0.5,0.02,0.01,0.01,1.0,0.15,0.01,0.05,15.0,0.01,0.05,0.01,0.01,0.01,0.1,0.01,0.05,0.02,0.02,0.01,0.01,0.01,0.01,0.03,0.01,0.01,0.01,0.01,0.03,0.01,0.01,0.15,0.3,0.8,0.02,0.7,0.01,,0.01,0.01,0.4,0.01,0.03,0.02,0.02,0.01,0.3,1.0,0.3,0.01,0.01,0.01,0.02,0.1,0.01,0.01,0.3,0.01,4.0,0.01,0.01,0.01,0.01,0.01,0.01,0.5,0.05,0.01,0.02,0.005,6.0,0.01,0.1,0.01,0.01,0.01,0.01,0.001,0.01,0.01,0.05,0.01,0.01,0.7,0.7,,0.02,0.01,0.01,0.01,0.01,0.05,0.01,0.01,0.01,0.01,0.01,0.01,0.01,0.01,0.1,0.01
54,APRICOT,Apricots,0.01,0.01,0.01,0.01,0.05,0.06,,0.01,0.01,0.05,0.01,0.01,0.01,0.01,0.01,0.1,0.01,0.01,0.02,0.01,0.01,0.08,0.01,0.2,0.01,0.01,0.01,0.02,0.01,0.01,0.01,0.01,0.01,0.05,0.01,0.01,0.01,0.01,0.05,0.05,1.0,0.01,0.02,0.01,0.01,2.0,0.01,0.02,0.01,0.02,0.01,0.03,0.01,0.1,0.01,,0.01,0.01,0.01,0.01,0.01,0.01,0.01,0.01,5.0,0.01,"20.0, 5.0",0.01,0.01,0.01,0.01,0.3,0.3,0.01,0.01,0.01,0.01,0.01,0.02,6.0,0.01,0.2,0.01,0.002,0.01,,0.03,0.02,0.01,,1.0,0.05,0.01,0.01,0.01,0.01,0.01,0.01,0.01,0.03,0.01,0.02,0.005,0.01,0.01,0.01,0.01,0.01,0.01,0.01,0.01,0.01,0.01,0.01,0.01,0.05,0.1,0.02,0.02,0.01,0.5,0.01,5.0,,0.01,0.7,0.01,0.05,0.01,0.09,0.06,0.3,0.01,0.02,0.01,2.0,0.1,2.0,0.01,0.05,0.01,0.05,0.06,0.02,0.15,0.01,0.01,0.01,0.01,0.05,0.01,0.02,0.01,0.01,0.02,0.05,0.01,0.01,0.7,0.01,0.01,0.3,0.01,0.01,0.05,0.01,0.01,0.01,0.01,0.01,0.02,0.02,,0.01,0.01,0.05,0.02,0.01,0.5,2.0,0.01,0.01,0.1,0.01,0.05,0.05,0.01,0.01,0.01,0.01,0.05,0.01,0.04,0.03,0.01,0.05,0.01,0.02,0.6,0.01,0.01,0.01,0.01,0.01,0.5,0.01,0.01,0.01,0.01,10.0,0.01,0.1,0.01,0.01,0.01,0.01,0.01,5.0,0.3,0.01,0.02,0.2,0.005,0.01,0.3,0.01,0.01,0.01,0.01,2.0,0.01,0.01,5.0,0.05,0.01,0.02,,0.01,0.02,0.01,0.01,1.5,0.2,0.01,0.01,1.0,0.02,0.01,0.01,0.01,0.01,0.01,0.01,0.01,0.01,0.01,0.3,1.5,0.03,0.01,0.01,0.01,0.01,0.01,2.0,0.02,0.01,1.0,0.15,0.1,0.05,0.02,0.01,0.01,0.01,0.01,0.01,0.01,0.01,0.7,,0.02,0.01,0.05,0.01,,0.01,0.01,0.01,0.1,0.1,0.01,0.01,0.01,0.01,0.01,0.01,3.0,0.01,0.01,0.01,0.01,0.02,0.01,0.01,0.15,0.1,0.01,0.01,0.2,0.05,0.02,0.2,2.0,0.01,0.01,0.05,2.0,0.01,0.02,0.01,0.01,0.01,0.01,0.01,0.02,0.01,0.05,0.01,0.02,0.1,0.01,0.01,0.01,0.02,0.03,0.01,0.02,0.01,2.0,0.01,0.01,0.01,0.7,0.1,0.01,0.01,0.02,0.01,0.01,0.01,0.01,3.0,0.01,0.01,0.01,0.01,0.01,0.01,0.01,0.01,0.01,0.01,0.01,0.001,0.01,0.01,0.01,0.01,0.01,0.15,0.01,0.02,0.05,0.01,0.07,0.02,0.05,0.01,0.01,3.0,0.05,0.01,0.01,0.01,0.02,,0.01,0.01,0.01,0.05,0.01,0.01,60.0,0.01,0.01,0.01,0.01,0.01,0.02,3.0,0.01,0.01,0.03,0.01,0.01,0.01,0.01,0.02,0.01,0.01,0.01,0.01,0.01,0.05,0.01,0.005,0.02,0.02,0.01,0.01,0.01,0.01,0.02,1.0,0.02,0.01,0.01,1.0,0.01,0.01,0.05,10.0,0.01,0.4,0.01,0.01,0.01,0.1,0.01,0.05,0.02,0.02,0.01,0.01,0.01,0.01,0.03,0.01,0.01,0.01,0.01,0.03,0.01,0.01,0.2,0.6,2.0,0.02,3.0,0.01,,0.01,0.01,0.5,0.01,0.03,0.02,0.02,0.01,0.6,1.5,0.3,0.01,0.01,0.01,0.02,0.1,0.01,0.01,0.03,0.01,0.01,0.01,0.01,0.01,0.01,0.01,0.01,2.0,0.05,0.01,0.02,0.005,5.0,0.01,0.1,0.01,0.01,0.01,0.01,0.001,0.01,0.01,0.05,0.01,0.01,3.0,3.0,,0.02,0.01,0.01,0.01,0.01,0.05,0.01,0.01,0.01,0.01,0.01,0.01,0.01,0.01,0.1,0.01
55,Aril spices,Aril spices,0.02,0.02,0.02,0.05,0.05,0.1,,0.05,0.05,0.1,0.05,0.01,0.01,0.05,0.05,0.1,0.05,0.05,0.05,0.2,0.05,0.05,0.05,0.05,0.05,0.05,0.05,0.05,0.1,0.05,0.05,0.05,0.05,0.1,0.05,0.05,0.02,0.1,0.1,0.1,0.01,0.05,0.05,0.5,0.05,0.05,0.05,0.05,0.05,0.1,0.05,0.1,0.05,0.1,0.05,,0.05,0.05,0.05,,0.05,0.05,0.05,0.01,0.9,0.01,"400.0, 50.0",0.05,0.05,0.05,0.05,0.05,0.05,0.05,0.05,0.05,0.01,0.05,0.1,0.1,0.05,0.1,0.05,0.05,0.01,,0.1,0.1,0.02,,0.05,0.07,0.1,0.05,0.02,0.02,0.05,0.1,0.05,0.1,0.05,0.1,0.025,0.05,0.05,0.05,0.05,0.05,0.01,0.01,0.05,0.05,0.05,0.05,0.05,0.1,0.1,0.1,0.05,0.05,0.5,0.05,40.0,,0.01,0.05,0.05,0.1,0.05,0.1,0.05,0.05,0.05,0.1,0.1,0.1,0.05,0.1,0.1,1.0,0.05,0.1,0.1,0.02,0.05,0.05,0.05,0.05,0.05,0.05,0.05,0.1,"0.02, 0.1",0.05,0.1,0.05,0.05,0.05,0.3,0.05,0.05,0.1,0.05,0.05,0.1,0.05,0.05,0.05,0.05,0.05,0.1,0.1,,0.05,0.05,0.05,0.05,0.05,0.01,0.1,0.05,0.01,0.05,0.05,0.01,0.1,0.1,0.05,0.01,0.02,0.1,0.05,0.05,0.1,0.02,0.1,0.05,0.1,0.05,0.05,0.05,0.05,0.05,0.05,0.05,0.05,0.05,0.05,0.1,0.05,0.05,0.1,0.05,0.05,0.02,0.05,0.05,0.05,0.05,0.05,0.1,0.1,0.005,0.05,0.1,0.05,0.05,0.05,0.1,0.05,0.05,0.05,0.05,0.05,0.05,0.1,,0.05,0.1,0.05,0.05,0.05,5.0,0.02,0.05,0.05,0.1,0.05,0.05,0.05,0.05,0.05,0.05,0.05,0.05,0.05,0.05,0.05,0.1,0.05,0.05,0.05,0.05,0.05,400.0,0.05,0.05,1.0,0.1,0.1,0.05,0.1,0.02,0.05,0.1,0.02,0.01,0.01,0.05,0.05,,0.1,0.05,0.1,0.01,,0.05,0.05,0.05,0.1,0.1,0.05,0.05,0.05,0.05,0.05,0.05,0.05,0.01,0.05,0.01,0.05,0.1,0.05,0.05,0.01,0.1,0.01,0.05,0.05,0.1,0.02,0.5,0.05,0.05,0.05,0.1,0.05,0.05,0.1,0.05,0.05,,0.05,0.05,0.1,0.05,0.1,0.05,0.1,0.1,0.05,0.05,0.1,0.1,0.1,0.05,0.1,0.1,0.05,0.05,0.05,0.05,0.05,0.1,0.05,0.02,0.1,0.05,0.05,0.05,0.05,0.05,0.05,0.05,0.3,0.02,0.05,0.05,0.05,0.05,0.05,0.05,0.02,0.05,0.05,0.05,0.05,0.05,0.05,0.05,0.01,0.05,0.1,0.05,0.05,0.1,0.05,0.05,0.05,0.05,0.1,0.05,0.01,0.05,0.05,,0.05,0.05,0.05,0.1,0.02,0.02,20.0,0.02,0.01,0.01,0.05,0.05,0.05,0.05,0.05,0.05,0.15,0.05,0.05,0.05,0.05,0.1,0.05,0.05,0.05,0.05,0.05,0.1,0.05,0.01,0.1,0.05,0.05,0.05,0.05,0.05,0.1,0.1,0.1,0.02,0.05,0.5,0.05,0.05,0.05,0.05,0.05,0.05,0.05,0.05,0.05,0.1,0.05,0.05,0.1,0.05,0.01,0.05,0.05,0.02,0.03,0.05,0.05,0.05,0.05,0.15,0.01,0.05,0.1,0.1,0.05,0.02,0.1,0.05,,0.1,0.05,0.05,0.05,0.1,0.1,0.1,0.02,0.05,0.05,0.05,0.05,0.05,0.05,0.1,0.1,0.01,0.05,0.05,0.05,0.05,0.05,0.05,0.05,0.05,0.05,0.05,0.1,0.05,0.05,0.1,0.02,40.0,0.05,0.1,0.05,0.05,0.05,0.02,0.005,0.05,0.05,0.05,0.05,0.05,0.05,0.05,,0.1,0.05,0.05,0.05,0.05,0.05,0.05,0.02,0.05,0.05,0.05,0.01,0.05,0.05,0.2,0.05
56,Arrowroots,Arrowroots,0.01,0.01,0.01,0.01,0.05,0.06,,0.01,0.01,0.05,0.01,0.01,0.01,0.01,0.01,0.1,0.01,0.01,0.01,0.01,0.01,0.01,0.01,0.01,0.01,0.01,0.01,0.02,0.01,0.05,0.01,0.01,0.01,0.05,0.01,0.01,0.01,0.01,0.05,0.05,1.0,0.01,0.02,0.01,0.01,1.0,0.01,0.02,0.01,0.02,0.01,0.03,0.01,0.1,0.02,,0.01,0.01,0.05,0.01,0.01,0.01,0.06,0.01,2.0,0.01,50.0,0.01,0.01,0.01,0.01,0.05,0.01,0.01,0.01,0.01,0.01,0.01,0.02,0.03,0.01,0.1,0.01,0.002,0.01,,0.03,0.02,0.01,,0.02,0.05,0.01,0.01,0.01,0.02,0.01,0.01,0.01,0.03,0.01,0.02,0.005,0.01,0.01,0.01,0.01,0.01,0.01,0.01,0.01,0.01,0.01,0.01,0.01,0.05,0.1,0.02,0.02,0.01,1.0,0.01,5.0,,0.01,0.15,0.01,0.05,0.01,0.09,0.01,0.01,0.01,0.02,0.01,0.05,0.05,0.02,0.01,0.05,0.01,0.05,0.06,0.02,0.01,0.01,0.01,0.01,0.01,0.05,0.01,0.02,0.01,0.01,0.02,0.05,0.01,0.01,0.1,0.01,0.01,0.2,0.01,0.01,0.05,0.01,0.01,0.01,0.01,0.01,0.02,0.02,,0.01,0.01,0.05,0.01,0.01,0.01,0.05,0.01,0.01,0.01,0.01,0.002,0.05,0.01,0.01,0.01,0.01,0.05,0.01,0.01,0.03,0.01,0.05,0.01,0.02,0.01,0.01,0.01,0.01,0.01,0.01,0.02,0.01,0.01,0.01,0.01,0.01,0.01,0.1,0.01,0.01,0.01,0.01,0.01,0.01,0.01,0.01,0.02,0.02,0.005,0.01,0.03,0.01,0.01,0.01,0.01,0.01,0.01,0.01,0.01,0.05,0.01,0.02,,0.01,0.02,0.01,0.01,0.06,0.2,0.01,0.01,0.05,0.02,0.01,0.01,0.01,0.01,0.01,0.01,0.01,0.01,0.01,0.01,0.2,0.03,0.01,0.01,0.01,0.01,0.01,2.0,0.02,0.01,1.0,0.03,0.1,0.05,0.02,0.01,0.01,0.01,0.01,0.01,0.01,0.01,0.01,,0.02,0.01,0.05,0.01,,0.01,0.01,0.01,0.1,0.1,0.01,0.01,0.01,0.01,0.01,0.01,0.01,0.01,0.01,0.01,0.01,0.02,0.01,0.01,0.01,0.5,0.01,0.01,0.01,0.05,0.02,0.2,0.01,0.01,0.01,0.05,0.05,0.01,0.02,0.01,0.01,0.01,0.01,0.01,0.02,0.01,0.05,0.01,0.02,0.04,0.01,0.01,0.01,0.02,0.03,0.01,0.02,0.01,0.01,0.01,0.01,0.01,0.01,0.1,0.01,0.01,0.02,0.01,0.01,0.01,0.01,0.06,0.01,0.01,0.01,0.01,0.01,0.01,0.01,0.01,0.01,0.01,0.01,0.001,0.01,0.01,0.01,0.01,0.01,0.01,0.01,0.02,0.05,0.01,0.01,0.02,0.05,0.01,0.01,0.01,0.05,0.01,0.01,0.01,0.02,,0.01,0.01,0.01,0.05,0.01,0.01,1.5,0.01,0.01,0.01,0.01,0.01,0.02,0.05,0.01,0.01,0.03,0.01,0.01,0.01,0.01,0.02,0.01,0.01,0.01,0.01,0.01,0.05,0.01,0.005,0.02,0.01,0.01,0.01,0.01,0.01,0.02,0.02,0.02,0.01,0.01,1.0,0.01,0.01,0.05,0.01,0.01,0.01,0.01,0.01,0.01,0.1,0.01,0.02,0.02,0.01,0.01,0.01,0.01,0.01,0.03,0.01,0.01,0.01,0.01,0.03,0.01,0.01,0.02,0.02,0.02,0.02,0.02,0.01,,0.01,0.01,0.03,0.01,0.03,0.02,0.02,0.01,0.02,0.01,0.01,0.01,0.01,0.01,0.02,0.1,0.01,0.01,0.01,0.01,0.01,0.01,0.01,0.01,0.01,0.01,0.01,0.1,0.05,0.01,0.02,0.005,5.0,0.01,0.1,0.01,0.01,0.01,0.01,0.001,0.01,0.01,0.01,0.01,0.01,0.01,0.01,,0.02,0.01,0.01,0.01,0.01,0.05,0.01,0.01,0.01,0.01,0.01,0.01,0.01,0.01,0.1,0.01
61,Asparagus,Asparagus,0.01,0.01,0.01,0.01,0.05,0.06,,0.01,0.01,0.05,0.01,0.01,0.01,0.01,0.01,0.1,0.01,0.01,0.01,0.01,0.01,0.01,0.01,0.01,0.01,0.01,0.01,0.02,0.01,0.01,0.01,0.01,0.01,0.05,0.01,0.01,0.01,0.01,0.05,0.05,1.0,0.01,0.02,0.01,0.01,0.01,0.01,0.02,0.01,0.02,0.01,0.03,0.01,0.1,0.01,,0.01,0.01,0.01,0.01,0.01,0.01,0.01,0.01,0.9,0.01,30.0,0.01,0.01,0.01,0.01,0.05,0.01,0.01,0.01,0.01,0.01,0.01,0.02,0.03,0.01,0.1,0.01,0.002,0.01,,0.03,0.02,0.01,,0.01,0.25,0.01,0.01,0.01,0.02,0.01,0.01,0.01,0.03,0.01,0.02,0.005,0.01,0.01,0.01,0.01,0.01,0.01,0.01,0.01,0.01,0.01,0.01,0.01,0.05,0.5,0.02,0.02,0.01,0.5,0.01,5.0,,0.01,0.01,0.01,0.05,0.01,0.09,0.01,0.01,0.01,0.02,0.01,0.1,0.1,0.02,0.01,0.05,0.01,0.05,0.06,0.02,0.01,0.01,0.01,0.01,0.01,5.0,0.01,0.02,0.01,0.01,0.02,0.05,0.01,0.01,0.05,0.01,0.01,0.5,0.01,0.01,0.05,0.01,0.01,0.01,0.01,0.01,0.02,0.02,,0.01,0.01,0.05,0.01,0.02,0.01,0.5,0.01,0.01,0.01,0.01,0.002,0.05,0.01,0.01,0.01,0.01,0.05,0.01,0.01,0.03,0.01,0.05,0.01,0.02,0.01,0.01,0.01,0.01,0.01,0.01,0.02,0.01,0.01,0.01,0.01,0.02,0.01,0.1,0.01,0.01,0.01,0.01,0.01,0.01,0.01,0.01,0.02,0.02,0.005,0.01,0.03,0.01,0.01,0.01,0.01,0.01,0.01,0.01,0.01,0.05,0.01,0.02,,0.01,0.02,0.01,0.01,0.01,0.2,0.01,0.01,0.01,0.02,0.01,0.01,0.01,0.01,0.01,0.01,0.01,0.01,0.01,0.01,0.01,0.03,0.01,0.01,0.01,0.01,0.01,2.0,0.02,0.01,1.0,0.4,0.1,0.05,0.02,0.01,0.01,0.01,0.01,0.01,0.01,0.01,0.01,,0.02,0.01,0.05,0.01,,0.01,0.01,0.01,0.1,0.1,0.01,0.01,0.01,0.01,0.01,0.01,0.01,0.01,0.01,0.01,0.01,0.02,0.05,0.01,0.02,0.1,0.01,0.01,0.01,0.05,0.02,0.2,0.01,0.01,0.01,0.05,0.01,0.01,0.02,0.01,0.01,0.01,0.01,0.01,0.02,0.02,0.05,0.01,0.02,0.02,0.01,0.01,0.01,0.02,0.03,0.01,0.02,0.01,0.01,0.01,0.01,0.01,0.01,0.1,0.01,0.01,0.02,0.01,0.01,0.01,0.01,0.01,0.01,0.01,0.01,0.01,0.01,0.01,0.01,0.05,0.01,0.01,0.01,0.001,0.01,2.0,0.01,0.01,0.01,0.01,0.01,0.02,0.05,0.01,0.01,0.02,0.1,0.01,0.01,0.01,0.05,0.01,0.01,0.01,0.02,,0.01,0.01,0.01,0.05,0.01,0.01,1.5,0.01,0.01,0.01,0.01,0.01,0.02,0.01,0.01,0.01,0.03,0.01,0.01,0.01,0.01,0.02,0.01,0.01,0.01,0.01,0.01,0.05,0.01,0.005,0.02,0.01,0.01,0.01,0.01,0.01,0.02,0.02,0.02,0.01,0.01,1.0,0.01,0.01,0.05,0.01,0.01,0.01,0.01,0.01,0.01,0.1,0.01,0.02,0.02,0.01,0.01,0.01,0.01,0.01,0.03,0.01,0.01,0.01,0.01,0.03,0.01,0.01,0.02,0.02,0.02,0.02,0.02,0.01,,0.01,0.01,0.01,0.01,0.03,0.02,0.02,0.01,0.02,0.01,0.01,0.01,0.01,0.01,0.02,0.1,0.01,0.01,0.01,0.01,0.01,0.01,0.01,0.01,0.01,0.01,0.01,0.1,0.05,0.01,0.02,0.005,5.0,0.01,0.1,0.01,0.01,0.01,0.01,0.001,0.01,0.01,0.01,0.01,0.01,0.05,0.05,,0.02,0.01,0.01,0.01,0.01,0.05,0.01,0.01,0.01,0.01,0.01,0.01,0.01,0.01,0.1,0.01
64,Aubergines/eggplants,Aubergines/eggplants,0.01,0.01,0.01,0.01,0.05,0.06,,0.01,0.01,0.05,0.01,0.01,0.01,0.01,0.01,0.1,0.01,0.01,0.09,0.01,0.3,0.2,0.01,0.15,0.01,0.01,0.01,0.02,0.01,2.0,0.01,0.01,0.4,0.05,0.01,0.01,0.01,0.01,0.05,0.05,1.0,0.01,0.02,0.01,0.01,3.0,0.01,0.02,0.3,0.02,0.01,0.03,0.01,0.1,0.9,,0.01,0.01,0.3,0.01,0.01,0.01,0.01,0.01,3.0,0.01,30.0,0.01,0.01,0.01,0.01,2.0,1.5,0.01,0.01,0.01,0.01,0.01,0.02,0.03,0.01,0.5,0.01,0.002,0.01,,0.03,0.02,0.01,,0.6,0.4,0.01,0.01,0.01,0.02,0.01,0.01,0.01,0.03,0.01,0.02,0.005,0.01,0.01,0.01,0.01,0.01,0.01,0.01,0.01,0.01,0.01,0.01,0.01,0.05,0.5,0.02,0.02,0.01,0.5,0.01,5.0,,0.01,1.0,0.3,0.05,0.01,1.5,0.02,0.4,0.2,0.02,0.3,0.5,0.05,1.5,0.01,0.05,0.01,0.05,0.06,0.1,0.4,0.01,0.01,0.01,0.01,0.05,0.01,0.02,0.01,0.01,0.02,0.05,0.01,0.01,0.6,0.01,0.01,0.9,0.01,0.01,0.05,0.01,1.0,0.01,0.01,0.01,0.02,0.02,,0.01,0.01,0.05,0.01,0.01,0.01,3.0,0.01,0.01,0.01,0.01,0.02,0.05,0.01,0.01,0.01,0.01,0.05,0.01,0.1,0.03,0.01,0.05,0.01,0.02,0.01,0.01,0.01,0.01,0.01,0.01,0.02,0.01,0.01,0.01,0.01,2.0,0.01,0.1,0.01,0.01,0.01,0.01,0.01,3.0,0.3,0.01,0.02,0.06,0.005,0.01,0.5,0.01,0.01,1.0,0.01,0.01,0.01,0.01,0.4,0.05,0.01,0.02,,0.01,0.02,0.01,1.0,0.4,0.2,0.01,0.01,1.0,0.02,0.01,0.01,0.01,0.01,0.01,0.01,0.01,0.01,0.01,0.15,0.6,0.03,0.01,0.01,0.01,0.3,0.01,100.0,0.02,0.01,1.0,0.1,0.1,0.05,0.02,0.01,0.01,0.01,0.01,0.01,0.01,0.01,0.1,,0.02,0.01,0.05,0.01,,0.01,0.01,0.3,0.1,0.1,0.01,0.01,0.01,0.01,0.01,0.01,1.5,0.01,0.01,0.5,0.01,0.02,0.6,0.01,0.3,0.1,0.01,0.01,0.3,0.05,0.02,0.2,0.01,3.0,0.01,0.05,1.5,1.5,0.02,0.01,0.01,0.01,0.01,0.01,0.7,0.01,0.15,0.01,0.02,0.02,0.01,0.01,0.01,0.02,0.03,0.01,0.02,0.01,0.3,0.4,0.01,0.01,0.6,0.1,0.01,0.01,0.02,0.01,0.01,0.01,0.01,0.2,0.01,0.01,0.01,0.01,0.01,0.01,0.01,0.01,0.01,0.01,0.01,0.001,0.01,0.4,0.01,0.01,0.01,0.01,0.01,0.02,0.05,0.01,0.1,0.02,0.05,0.01,0.01,2.0,0.05,0.01,0.01,0.01,0.02,,0.01,0.01,0.01,0.05,0.01,0.01,70.0,0.01,0.01,0.01,0.01,0.01,0.02,0.5,0.01,0.01,0.03,0.01,0.01,0.01,0.01,0.02,4.0,0.01,0.01,0.01,0.01,0.05,0.01,0.005,0.02,0.01,0.15,0.01,0.01,0.01,0.02,0.3,0.02,0.01,0.01,1.0,0.15,1.5,0.05,1.0,0.01,0.6,0.01,0.01,0.01,0.1,0.01,0.02,0.02,0.05,0.01,0.01,0.01,0.01,0.03,0.01,0.01,0.01,0.01,0.03,0.01,0.01,0.05,0.7,0.02,0.5,1.0,0.01,,0.01,0.01,0.3,0.01,0.03,0.02,0.02,0.01,0.4,1.5,0.8,0.01,0.01,0.01,0.02,0.1,0.01,0.01,0.15,0.01,0.01,0.01,0.01,0.01,0.01,0.01,0.01,2.0,0.05,0.01,0.02,0.005,10.0,0.01,0.1,0.01,0.01,0.01,0.01,0.001,0.01,0.01,0.01,0.01,0.01,0.7,0.7,,0.02,0.01,0.01,0.01,0.01,0.05,0.01,0.01,0.01,0.4,0.01,0.01,0.01,0.01,0.1,0.5
65,AVOCADO,Avocados,0.01,0.01,0.01,0.01,0.05,0.06,,0.01,0.01,0.05,0.01,0.01,0.01,0.01,0.01,0.1,0.01,0.02,0.02,0.01,0.01,0.01,0.01,0.01,0.01,0.01,0.01,0.02,0.01,0.01,0.01,0.05,0.01,0.05,0.01,0.01,0.01,0.01,0.05,0.05,0.01,0.01,0.02,0.01,0.01,0.01,0.01,0.02,0.01,0.02,0.01,0.03,0.01,0.1,0.01,,0.01,0.01,0.01,0.01,0.01,0.01,0.01,0.01,0.01,0.01,"10.0, 50.0",0.01,0.01,0.01,0.01,0.05,0.01,0.01,0.01,0.01,0.01,0.01,0.02,0.03,0.01,0.1,0.01,0.01,0.01,,0.05,0.05,0.01,,0.3,0.3,0.01,0.01,0.01,0.02,0.01,0.01,0.01,0.04,0.01,0.02,0.005,0.01,0.01,0.01,0.01,0.01,0.01,0.01,0.01,0.01,0.01,0.01,0.01,0.05,0.1,0.02,0.02,0.01,0.5,0.01,20.0,,0.01,0.4,0.01,0.05,0.01,0.09,0.01,0.01,0.01,0.02,0.01,0.05,0.05,1.0,0.01,0.05,0.01,0.05,0.06,0.02,0.01,0.01,0.01,0.01,0.01,0.05,0.01,0.02,0.01,0.01,0.02,0.05,0.01,0.01,0.6,0.01,0.01,0.15,0.01,0.01,0.05,0.01,0.01,0.01,0.01,0.01,0.02,0.02,,0.01,0.01,0.05,0.01,0.01,0.01,7.0,0.01,0.01,0.01,0.01,0.005,0.05,0.01,0.01,0.01,0.01,0.05,0.01,0.01,0.03,0.01,0.05,0.01,0.02,0.01,0.01,0.01,0.01,0.01,0.01,0.02,0.01,0.01,0.02,0.01,0.01,0.01,0.1,0.01,0.01,0.01,0.01,0.01,0.01,0.2,0.01,0.02,0.02,0.005,0.01,0.03,0.01,0.01,0.01,0.01,0.01,0.01,0.01,1.5,0.05,0.01,0.02,,0.01,0.02,0.01,0.01,0.01,0.2,0.01,0.01,0.6,0.02,0.01,0.01,0.01,0.01,0.01,0.01,0.01,0.01,0.01,0.01,0.01,0.03,0.01,0.01,0.01,0.01,0.01,70.0,0.02,0.01,1.0,0.1,0.1,0.05,0.02,0.01,0.01,0.01,0.01,0.01,0.01,0.01,0.01,,0.05,0.01,0.05,0.01,,0.01,0.01,0.01,0.1,0.1,0.01,0.01,0.01,0.01,0.01,0.01,0.01,0.01,0.01,0.01,0.01,0.02,0.01,0.01,0.15,0.1,0.01,0.01,0.01,0.05,0.02,0.2,0.01,0.01,0.01,0.05,1.0,0.01,0.02,0.01,0.01,0.01,0.01,0.01,0.02,0.01,0.05,0.01,0.02,0.02,0.01,0.01,0.01,0.02,0.03,0.01,0.02,0.01,0.7,0.01,0.01,0.01,0.01,0.1,0.01,0.01,0.02,0.01,0.01,0.01,0.01,0.01,0.01,0.01,0.02,0.01,0.01,0.01,0.01,0.01,0.01,0.01,0.01,0.005,0.01,0.07,0.01,0.01,0.01,0.01,0.01,0.02,0.05,0.01,0.01,0.02,0.05,0.01,0.01,0.01,0.05,0.01,0.01,0.01,0.02,,0.01,0.01,0.01,0.05,0.01,0.01,50.0,0.01,0.01,0.01,0.01,0.01,0.02,0.01,0.01,0.01,0.03,0.01,0.01,0.01,0.01,0.02,0.01,0.01,0.01,0.01,0.01,0.2,0.01,0.01,0.02,0.01,0.02,0.01,0.01,0.01,0.02,0.2,0.02,0.01,0.01,1.0,0.01,0.01,0.05,0.01,0.01,0.01,0.01,0.01,0.01,0.15,0.01,0.02,0.02,0.01,0.01,0.01,0.01,0.01,0.03,0.01,0.01,0.01,0.01,0.03,0.01,0.01,0.02,0.02,1.0,0.02,0.4,0.01,,0.01,0.01,0.01,0.01,0.03,0.02,0.02,0.01,0.02,1.0,0.01,0.01,0.01,0.01,0.02,0.1,0.01,0.01,0.01,0.01,15.0,0.01,0.01,0.01,0.01,0.01,0.01,0.1,0.05,0.01,0.02,0.005,20.0,0.01,0.1,0.01,0.01,0.01,0.01,0.005,0.01,0.01,0.01,0.01,0.01,0.01,0.01,,0.02,0.01,0.01,0.01,0.01,0.05,0.01,0.01,0.01,0.01,0.01,0.01,0.01,0.01,0.1,0.01
66,Azaroles/Mediterranean medlars,Azaroles/Mediterranean medlars,0.01,0.01,0.01,0.01,0.05,0.06,,0.01,0.01,0.1,0.01,0.01,0.01,0.01,0.01,0.1,0.01,0.01,0.01,0.01,0.01,0.01,0.01,0.01,0.01,0.01,0.01,0.02,0.01,0.01,0.01,0.01,0.01,0.05,0.01,0.01,0.01,0.01,0.05,0.05,1.0,0.01,0.02,0.01,0.01,5.0,0.01,0.02,0.01,0.02,0.01,0.03,0.01,0.1,0.2,,0.01,0.01,0.01,0.01,0.01,0.01,0.01,0.01,15.0,0.01,5.0,0.01,0.01,0.01,0.01,0.05,1.5,0.01,0.01,0.01,0.01,0.01,0.02,0.03,0.01,0.1,0.01,0.01,0.01,,0.03,0.02,0.01,,1.0,0.05,0.01,0.01,0.01,0.01,0.01,0.01,0.01,0.03,0.01,0.02,0.01,0.01,0.01,0.01,0.01,0.01,0.01,0.01,0.01,0.01,0.01,0.01,0.01,0.05,0.1,0.02,0.02,0.01,0.5,0.01,5.0,,0.01,0.8,0.01,0.05,0.01,0.09,0.01,0.4,0.01,0.02,0.01,0.05,0.05,3.0,0.01,0.05,0.01,0.05,0.06,0.02,0.6,0.01,0.01,0.01,0.01,0.05,0.01,0.02,0.01,0.01,0.02,0.05,0.01,0.01,0.8,0.01,0.01,0.02,0.01,0.01,0.05,0.01,0.01,0.01,0.01,0.01,0.02,0.02,,0.01,0.01,0.05,0.02,0.01,0.01,0.05,0.01,0.01,0.01,0.01,0.002,0.05,0.01,0.01,0.01,0.01,0.05,0.01,2.0,0.03,0.01,0.05,0.01,0.02,0.01,0.01,0.01,0.01,0.01,0.01,0.02,0.01,0.01,0.01,0.01,15.0,0.01,0.1,0.01,0.01,0.01,0.01,0.01,0.01,0.4,0.01,0.02,0.02,0.005,0.01,0.7,0.01,0.01,0.1,0.01,0.01,0.01,0.01,0.01,0.05,0.01,0.02,,0.01,0.02,0.01,0.01,0.01,0.2,0.01,0.01,0.7,0.02,0.01,0.01,0.01,0.01,0.01,0.01,0.01,0.01,0.01,0.01,0.01,0.03,0.01,0.01,0.01,0.01,0.01,50.0,0.02,0.01,1.0,0.03,0.1,0.05,0.02,0.01,0.01,0.01,0.01,0.01,0.01,0.01,0.01,,0.02,0.01,0.05,0.01,,0.01,0.01,0.01,0.1,0.1,0.01,0.01,0.01,0.01,0.01,0.01,0.6,0.01,0.01,0.4,0.01,0.02,0.9,0.01,0.2,0.1,0.01,0.01,1.0,0.05,0.02,0.2,0.01,0.01,0.01,0.05,2.0,0.01,0.02,0.01,0.01,0.01,0.01,0.01,0.02,0.01,0.05,0.01,0.02,0.02,0.01,0.01,0.01,0.02,0.03,0.01,0.02,0.01,0.01,0.01,0.01,0.01,1.0,0.1,0.01,0.01,0.02,0.01,0.01,0.01,0.01,0.6,0.01,0.01,0.01,0.01,0.01,0.01,0.01,0.01,0.01,0.01,0.01,0.001,0.01,0.01,0.01,0.01,0.01,0.01,0.01,0.02,0.05,0.01,0.01,0.02,0.05,0.01,0.01,0.4,0.05,0.01,0.01,0.01,0.02,,0.01,0.01,0.01,2.0,0.01,0.01,50.0,0.01,0.01,0.01,0.01,0.01,0.02,1.0,0.01,0.01,0.03,0.01,0.01,0.01,0.01,0.02,0.01,0.01,0.01,0.01,0.01,0.05,0.01,0.005,0.02,0.01,0.01,0.01,0.01,0.01,0.02,3.0,0.02,0.01,0.01,1.0,0.01,0.01,0.05,15.0,0.01,0.01,0.01,0.01,0.01,0.1,0.01,2.0,0.02,0.02,0.01,0.01,0.01,0.01,0.03,0.01,0.01,0.01,0.01,0.03,0.01,0.01,0.4,1.5,0.1,0.02,1.5,0.01,,0.01,0.01,0.3,0.01,0.03,0.02,0.02,0.01,1.5,0.01,1.5,0.01,0.01,0.01,0.02,0.1,0.01,0.01,0.01,0.01,0.01,0.01,0.01,0.01,0.01,0.01,0.01,0.1,0.05,0.01,0.02,0.005,15.0,0.01,0.1,0.01,0.01,0.01,0.01,0.001,0.01,0.01,0.01,0.01,0.01,3.0,3.0,,0.02,0.01,0.01,0.01,0.01,0.05,0.01,0.01,0.01,0.01,0.01,0.01,0.01,0.01,0.1,0.01
181,BRASSICA,Baby leaf crops (including brassica species),0.01,0.01,0.01,0.01,0.05,0.06,,0.01,0.01,0.05,0.01,0.01,0.01,0.01,0.01,0.1,0.01,0.01,3.0,0.01,0.01,3.0,0.01,0.3,0.01,0.01,0.01,0.02,0.01,50.0,0.01,0.01,0.01,0.05,0.01,0.01,0.01,0.01,0.05,0.05,1.0,0.01,0.02,0.01,0.01,10.0,0.01,0.02,0.01,0.02,0.01,0.03,0.01,0.1,0.01,,0.01,0.01,4.0,0.01,0.01,0.01,0.01,0.01,50.0,0.01,50.0,0.01,0.01,0.01,0.01,0.05,0.01,0.01,0.01,0.01,0.01,0.01,0.02,0.03,0.01,0.1,0.01,0.002,0.01,,0.03,0.02,0.01,,40.0,0.7,0.01,0.01,0.01,0.02,0.01,0.01,0.01,0.03,0.01,0.02,0.005,0.01,0.01,0.01,0.01,0.01,0.01,0.01,0.01,0.01,0.01,0.01,0.01,0.05,0.5,0.02,0.02,0.01,0.5,0.01,100.0,,0.01,15.0,0.01,0.05,0.01,3.0,0.01,0.01,0.01,0.02,0.01,2.0,0.05,15.0,0.01,0.05,0.01,0.05,0.06,0.03,2.0,0.01,0.01,0.01,0.01,0.05,0.01,0.02,0.01,0.01,0.02,0.05,0.01,0.01,4.0,0.01,0.01,0.3,0.01,0.01,0.05,0.01,10.0,0.01,0.01,0.01,0.02,0.02,,0.01,0.01,0.05,0.01,0.01,0.01,5.0,0.01,0.01,0.01,0.01,0.6,0.05,0.01,0.01,0.01,0.01,0.05,0.01,0.01,0.03,0.01,0.05,0.01,0.02,0.01,0.01,0.01,0.01,0.01,0.01,0.02,0.01,0.01,0.01,0.01,50.0,0.01,0.1,0.01,0.01,0.01,0.01,0.01,0.01,0.01,0.01,0.02,0.02,0.005,0.01,0.6,0.01,0.01,0.02,0.01,0.01,0.01,0.01,20.0,0.05,0.01,0.02,,0.01,0.02,0.01,30.0,20.0,0.2,0.01,0.01,6.0,0.02,0.01,0.01,0.01,0.01,0.01,0.01,0.01,0.01,0.01,0.7,4.0,0.03,0.01,0.01,0.01,0.01,0.01,75.0,0.02,0.01,1.0,0.06,0.1,0.05,0.02,0.01,0.01,0.01,0.01,0.01,0.01,0.01,0.01,,0.02,0.01,0.05,0.01,,0.01,0.01,0.01,0.1,0.1,0.01,0.01,0.01,0.01,0.01,0.01,20.0,0.01,0.01,0.01,0.01,0.02,0.01,0.01,0.7,0.1,0.01,0.01,0.01,0.05,0.02,0.2,0.01,25.0,0.01,0.05,7.0,0.01,0.02,0.01,0.01,0.01,0.01,0.01,20.0,3.0,2.0,0.03,0.02,0.02,0.01,0.01,0.01,0.02,0.03,0.01,0.02,0.01,4.0,0.03,0.01,0.01,0.01,0.1,0.01,0.01,0.02,0.01,0.01,0.01,0.01,0.05,0.05,0.01,0.01,0.01,0.01,0.01,0.01,0.01,0.01,0.01,0.01,0.001,0.01,5.0,0.01,0.01,0.01,0.01,0.01,0.02,0.05,0.01,0.01,0.02,0.6,0.01,0.01,50.0,0.05,0.01,0.01,0.01,0.02,,0.01,0.01,0.01,0.05,0.01,0.01,150.0,0.01,0.01,0.01,0.01,0.01,0.02,15.0,0.01,0.01,0.03,0.01,0.01,0.01,0.01,0.02,20.0,0.01,0.01,0.01,0.01,0.05,0.01,0.005,0.02,0.2,0.01,0.01,0.01,0.01,0.02,10.0,0.02,0.01,0.01,1.0,0.01,0.01,0.05,20.0,0.01,0.01,0.01,0.01,0.01,0.1,0.01,0.02,0.02,0.2,0.01,0.01,0.01,0.01,0.03,0.01,0.01,0.01,0.01,0.03,0.01,0.01,4.0,15.0,0.02,0.02,7.0,0.01,,0.01,0.01,0.01,0.01,0.03,0.02,0.02,0.01,0.5,10.0,0.01,0.01,0.01,0.09,0.02,0.1,0.01,0.01,0.01,0.01,0.01,0.01,0.01,0.01,0.01,0.01,0.01,0.1,0.05,0.9,0.02,0.005,150.0,0.01,0.1,0.01,0.01,0.01,0.01,0.001,0.01,0.01,0.01,0.01,0.01,15.0,15.0,,0.02,0.01,0.01,0.01,0.01,0.05,0.01,0.01,0.01,0.01,0.01,0.01,0.01,0.01,0.1,0.01
67,Bamboo shoots,Bamboo shoots,0.01,0.01,0.01,0.01,0.05,0.06,,0.01,0.01,0.05,0.01,0.01,0.01,0.01,0.01,0.1,0.01,0.01,0.01,0.01,0.01,0.01,0.01,0.01,0.01,0.01,0.01,0.02,0.01,0.01,0.01,0.01,0.01,0.05,0.01,0.01,0.01,0.01,0.05,0.05,1.0,0.01,0.02,0.01,0.01,0.01,0.01,0.02,0.01,0.02,0.01,0.03,0.01,0.1,0.01,,0.01,0.01,0.01,0.01,0.01,0.01,0.01,0.01,0.01,0.01,30.0,0.01,0.01,0.01,0.01,0.05,0.01,0.01,0.01,0.01,0.01,0.01,0.02,0.03,0.01,0.1,0.01,0.002,0.01,,0.03,0.02,0.01,,0.01,0.25,0.01,0.01,0.01,0.02,0.01,0.01,0.01,0.03,0.01,0.02,0.005,0.01,0.01,0.01,0.01,0.01,0.01,0.01,0.01,0.01,0.01,0.01,0.01,0.05,0.5,0.02,0.02,0.01,0.5,0.01,20.0,,0.01,0.01,0.01,0.05,0.01,0.09,0.01,0.01,0.01,0.02,0.01,0.05,0.05,0.02,0.01,0.05,0.01,0.05,0.06,0.02,0.01,0.01,0.01,0.01,0.01,0.05,0.01,0.02,0.01,0.01,0.02,0.05,0.01,0.01,0.05,0.01,0.01,0.2,0.01,0.01,0.05,0.01,0.01,0.01,0.01,0.01,0.02,0.02,,0.01,0.01,0.05,0.01,0.01,0.01,0.05,0.01,0.01,0.01,0.01,0.002,0.05,0.01,0.01,0.01,0.01,0.05,0.01,0.01,0.03,0.01,0.05,0.01,0.02,0.01,0.01,0.01,0.01,0.01,0.01,0.02,0.01,0.01,0.01,0.01,0.01,0.01,0.1,0.01,0.01,0.01,0.01,0.01,0.01,0.01,0.01,0.02,0.02,0.005,0.01,0.03,0.01,0.01,0.01,0.01,0.01,0.01,0.01,0.01,0.05,0.01,0.02,,0.01,0.02,0.01,0.01,0.01,0.2,0.01,0.01,0.01,0.02,0.01,0.01,0.01,0.01,0.01,0.01,0.01,0.01,0.01,0.01,0.01,0.03,0.01,0.01,0.01,0.01,0.01,2.0,0.02,0.01,1.0,0.03,0.1,0.05,0.02,0.01,0.01,0.01,0.01,0.01,0.01,0.01,0.01,,0.02,0.01,0.05,0.01,,0.01,0.01,0.01,0.1,0.1,0.01,0.01,0.01,0.01,0.01,0.01,0.01,0.01,0.01,0.01,0.01,0.02,0.01,0.01,0.01,0.1,0.01,0.01,0.01,0.05,0.02,0.2,0.01,0.01,0.01,0.05,0.01,0.01,0.02,0.01,0.01,0.01,0.01,0.01,0.02,0.01,0.05,0.01,0.02,0.02,0.01,0.01,0.01,0.02,0.03,0.01,0.02,0.01,0.01,0.01,0.01,0.01,0.01,0.1,0.01,0.01,0.02,0.01,0.01,0.01,0.01,0.01,0.01,0.01,0.01,0.01,0.01,0.01,0.01,0.01,0.01,0.01,0.01,0.001,0.01,0.01,0.01,0.01,0.01,0.01,0.01,0.02,0.05,0.01,0.01,0.02,0.05,0.01,0.01,0.01,0.05,0.01,0.01,0.01,0.02,,0.01,0.01,0.01,0.05,0.01,0.01,1.5,0.01,0.01,0.01,0.01,0.01,0.02,0.01,0.01,0.01,0.03,0.01,0.01,0.01,0.01,0.02,0.01,0.01,0.01,0.01,0.01,0.05,0.01,0.005,0.02,0.01,0.01,0.01,0.01,0.01,0.02,0.02,0.02,0.01,0.01,1.0,0.01,0.01,0.05,0.01,0.01,0.01,0.01,0.01,0.01,0.1,0.01,0.02,0.02,0.01,0.01,0.01,0.01,0.01,0.03,0.01,0.01,0.01,0.01,0.03,0.01,0.01,0.02,0.02,0.02,0.02,0.02,0.01,,0.01,0.01,0.01,0.01,0.03,0.02,0.02,0.01,0.02,0.01,0.01,0.01,0.01,0.01,0.02,0.1,0.01,0.01,0.01,0.01,0.01,0.01,0.01,0.01,0.01,0.01,0.01,0.1,0.05,0.01,0.02,0.005,20.0,0.01,0.1,0.01,0.01,0.01,0.01,0.001,0.01,0.01,0.01,0.01,0.01,0.01,0.01,,0.02,0.01,0.01,0.01,0.01,0.05,0.01,0.01,0.01,0.01,0.01,0.01,0.01,0.01,0.1,0.01
69,BANANA,Bananas,0.01,0.01,0.01,0.01,0.05,0.06,,0.01,0.01,0.05,0.01,0.01,0.01,0.01,0.01,0.1,0.01,0.01,0.02,0.01,0.01,0.01,0.01,0.08,0.01,0.01,0.01,0.02,0.01,0.01,0.01,0.01,0.01,0.05,0.01,0.01,0.01,0.01,0.05,0.05,0.01,0.01,0.02,0.01,0.01,2.0,0.01,0.02,0.01,0.02,0.01,0.03,0.01,0.1,0.01,,0.01,0.01,0.1,0.01,0.01,0.01,0.01,0.01,0.6,0.01,"10.0, 50.0",0.01,0.01,0.01,0.01,0.05,0.01,0.01,0.01,0.01,0.01,0.01,0.02,0.03,0.01,0.1,0.01,0.01,0.01,,0.03,0.02,0.01,,0.01,0.3,0.01,0.01,0.01,0.02,0.01,0.01,0.01,0.03,0.01,0.02,0.005,0.01,0.01,0.01,0.01,0.01,0.01,0.01,0.01,0.01,0.01,0.01,0.01,0.05,0.1,0.02,2.0,0.01,0.5,0.01,20.0,,0.01,0.01,0.01,0.05,0.01,0.09,0.01,0.01,0.01,0.02,0.01,0.05,0.05,0.02,0.01,0.05,0.01,0.05,0.06,0.02,0.01,0.01,0.01,0.01,0.01,0.05,0.01,0.02,0.01,0.01,0.02,0.05,0.09,0.01,0.1,0.01,0.01,0.02,0.01,0.01,0.05,0.01,0.01,0.01,0.01,0.01,0.02,0.02,,0.01,0.01,0.05,0.02,0.01,0.01,2.0,0.01,0.01,0.5,0.01,0.002,0.05,0.01,0.01,0.01,0.01,0.05,0.01,0.01,0.03,0.01,0.05,0.01,0.02,0.01,0.01,0.01,0.01,0.01,0.01,0.2,0.01,0.01,0.01,0.01,0.01,0.01,0.1,0.01,0.15,0.01,0.2,0.6,0.01,0.01,0.01,0.02,0.02,0.005,0.01,0.03,0.01,0.01,0.01,0.01,0.01,0.01,0.01,2.0,0.05,0.01,0.02,,0.01,0.02,0.01,0.01,0.8,0.2,0.01,0.01,0.01,0.02,0.01,0.01,0.01,0.01,0.01,0.01,0.01,0.01,0.3,0.01,3.0,0.03,0.01,0.01,0.01,0.01,0.01,2.0,0.05,0.01,1.0,0.2,0.1,0.05,0.02,0.01,0.01,0.01,0.01,0.01,0.01,0.01,0.01,,0.02,0.01,0.05,0.01,,0.01,0.01,0.01,0.1,0.1,0.01,0.01,0.01,0.01,0.01,0.01,0.01,0.01,0.01,0.05,0.01,0.02,0.01,0.01,0.15,0.1,0.01,0.01,0.01,0.05,0.02,0.2,0.01,0.01,0.01,0.05,1.5,0.01,0.02,0.01,0.01,0.01,0.01,0.01,0.02,0.01,0.05,0.01,0.02,0.1,0.01,0.01,0.01,0.02,0.03,0.01,0.02,0.01,0.01,0.01,0.01,0.01,0.01,0.1,0.01,0.01,0.02,0.01,0.01,0.01,0.01,3.0,0.01,0.01,0.01,0.01,0.01,0.01,0.01,0.01,0.01,0.01,0.01,0.001,0.01,0.01,0.01,0.01,0.01,0.01,0.01,0.02,0.05,0.01,0.01,0.02,0.05,0.01,0.01,0.01,0.05,0.01,0.01,0.01,0.02,,0.01,0.01,0.01,0.05,0.01,0.01,1.5,0.01,0.01,0.01,0.01,0.01,0.02,0.01,0.01,0.01,0.03,0.01,0.01,0.01,0.01,0.02,0.01,0.01,0.01,0.01,0.01,0.05,0.01,0.005,0.02,0.01,0.01,0.01,0.01,0.01,0.02,0.02,0.02,0.01,0.01,1.0,0.01,0.01,0.05,0.1,0.01,0.7,0.01,0.01,0.01,0.1,0.01,0.02,0.02,0.01,0.01,0.01,0.01,0.01,0.03,0.01,0.01,0.01,0.01,0.03,0.01,0.01,0.02,2.0,0.3,0.02,0.4,3.0,,0.01,0.01,0.01,0.01,0.03,0.02,0.02,0.01,1.5,0.01,0.01,0.01,0.01,0.01,0.02,0.1,0.05,0.01,0.01,0.01,6.0,0.01,0.01,0.01,0.01,0.01,0.01,0.1,0.05,0.01,0.02,0.005,20.0,0.01,0.1,0.01,0.01,0.01,0.01,0.001,0.01,0.01,0.01,0.01,0.01,0.05,0.05,,0.02,0.01,0.01,0.01,0.01,0.05,0.01,0.01,0.01,0.01,0.01,0.01,0.01,0.01,0.1,0.01
70,Bark spices,Bark spices,0.02,0.02,0.02,0.05,0.05,0.1,,0.05,0.05,0.1,0.05,0.01,0.01,0.05,0.05,0.1,0.05,0.05,0.05,0.2,0.05,0.05,0.05,0.05,0.05,0.05,0.05,0.05,0.1,0.05,0.05,0.05,0.05,0.1,0.05,0.05,0.02,0.1,0.1,0.1,0.01,0.05,0.05,0.5,0.05,0.05,0.05,0.05,0.05,0.1,0.05,0.1,0.05,0.1,0.05,,0.05,0.05,0.05,0.05,0.05,0.05,0.05,0.01,0.9,0.01,"400.0, 50.0",0.05,0.05,0.05,0.05,0.05,0.05,0.05,0.05,0.05,0.01,0.05,0.1,0.1,0.05,0.1,0.05,0.05,0.01,,0.1,0.1,0.02,,0.05,0.07,0.1,0.05,0.02,0.02,0.05,0.1,0.05,0.1,0.05,0.1,0.025,0.05,0.05,0.05,0.05,0.05,0.01,0.01,0.05,0.05,0.05,0.05,0.05,0.1,0.1,0.1,0.05,0.05,0.5,0.05,40.0,,0.01,0.05,0.05,0.1,0.05,0.1,0.05,0.05,0.05,0.1,0.1,0.1,0.05,0.1,0.1,1.0,0.05,0.1,0.1,0.02,0.05,0.05,0.05,0.05,0.05,0.05,0.05,0.1,"0.1, 0.02",0.05,0.1,0.05,0.05,0.05,0.3,0.05,0.05,0.1,0.05,0.05,0.1,0.05,0.05,0.05,0.05,0.05,0.1,0.1,,0.05,0.05,0.05,0.05,0.05,0.01,0.1,0.05,0.01,0.05,0.05,0.01,0.1,0.1,0.05,0.01,0.02,0.1,0.05,0.05,0.1,0.02,0.1,0.05,0.1,0.05,0.05,0.05,0.05,0.05,0.05,0.05,0.05,0.05,0.05,0.1,0.05,0.05,0.1,0.05,0.05,0.02,0.05,0.05,0.05,0.05,0.05,0.1,0.1,0.005,0.05,0.1,0.05,0.05,0.05,0.1,0.05,0.05,0.05,0.05,0.05,0.05,0.1,,0.05,0.1,0.05,0.05,0.05,5.0,0.02,0.05,0.05,0.1,0.05,0.05,0.05,0.05,0.05,0.05,0.05,0.05,0.05,0.05,0.05,0.1,0.05,0.05,0.05,0.05,0.05,400.0,0.05,0.05,1.0,0.1,0.1,0.05,0.1,0.02,0.05,0.1,0.02,0.01,0.01,0.05,0.05,,0.1,0.05,0.1,0.01,,0.05,0.05,0.05,0.1,0.1,0.05,0.05,0.05,0.05,0.05,0.05,0.05,0.01,0.05,0.01,0.05,0.1,0.05,0.05,0.01,0.1,0.01,0.05,0.05,0.1,0.02,0.5,0.05,0.05,0.05,0.1,0.05,0.05,0.1,0.05,0.05,0.02,0.05,0.05,0.1,0.05,0.1,0.05,0.1,0.1,0.05,0.05,0.1,0.1,0.1,0.05,0.1,0.1,0.05,0.05,0.05,0.05,0.05,0.1,0.05,0.02,0.1,0.05,0.05,0.05,0.05,0.05,0.05,0.05,0.3,0.02,0.05,0.05,0.05,0.05,0.05,0.05,0.02,0.05,0.05,0.05,0.05,0.05,0.05,0.05,0.01,0.05,0.1,0.05,0.05,0.1,0.05,0.05,0.05,0.05,0.1,0.05,0.01,0.05,0.05,,0.05,0.05,0.05,0.1,0.02,0.02,20.0,0.02,0.01,0.01,0.05,0.05,0.05,0.05,0.05,0.05,0.15,0.05,0.05,0.05,0.05,0.1,0.05,0.05,0.05,0.05,0.05,0.1,0.05,0.01,0.1,0.05,0.05,0.05,0.05,0.05,0.1,0.1,0.1,0.02,0.05,0.5,0.05,0.05,0.05,0.05,0.05,0.05,0.05,0.05,0.05,0.1,0.05,0.05,0.1,0.05,0.01,0.05,0.05,0.02,0.03,0.05,0.05,0.05,0.05,0.15,0.01,0.05,0.1,0.1,0.05,0.02,0.1,0.05,,0.1,0.05,0.05,0.05,0.1,0.1,0.1,0.02,0.05,0.05,0.05,0.05,0.05,0.05,0.1,0.1,0.01,0.05,0.05,0.05,0.05,0.05,0.05,0.05,0.05,0.05,0.05,0.1,0.05,0.05,0.1,0.02,40.0,0.05,0.1,0.05,0.05,0.05,0.02,0.005,0.05,0.05,0.05,0.05,0.05,0.05,0.05,,0.1,0.05,0.05,0.05,0.05,0.05,0.05,0.02,0.05,0.05,0.05,0.01,0.05,0.05,0.2,0.05
71,BARLEY,Barley,0.01,0.01,0.01,0.01,0.05,0.06,,0.01,0.01,0.05,0.05,0.01,0.001,0.01,0.02,0.1,0.01,0.02,0.01,0.01,0.01,0.05,0.01,0.05,0.01,0.01,0.01,0.02,0.01,0.01,0.01,0.15,0.01,0.05,0.01,0.01,0.01,0.01,0.05,0.05,1.0,0.01,0.05,0.01,0.01,1.5,0.01,0.05,0.01,0.02,0.01,0.1,0.02,0.1,1.5,0.04,0.01,0.02,0.05,0.01,0.01,0.01,1.5,0.01,4.0,0.01,"10.0, 50.0",0.01,0.01,0.01,0.01,0.05,0.01,0.01,0.01,0.01,0.01,0.01,0.02,0.07,0.5,2.0,0.01,0.01,0.01,0.01,0.03,0.05,0.05,,0.02,0.05,0.01,0.01,,0.01,0.02,0.01,0.01,0.03,7.0,0.02,0.005,0.01,0.1,0.02,0.01,0.01,0.01,0.01,0.01,0.01,0.01,0.01,0.01,0.05,0.1,0.02,0.02,0.01,2.0,0.01,10.0,,0.01,0.01,0.02,0.05,0.01,0.09,0.1,0.01,0.3,0.01,0.01,2.0,0.2,4.0,0.02,0.05,0.02,0.05,0.06,0.02,2.0,0.01,0.01,0.01,0.01,7.0,0.01,0.2,0.01,0.02,0.02,0.05,0.01,0.01,0.3,0.01,0.02,0.8,0.01,0.01,0.05,0.01,0.01,0.01,0.01,0.01,0.05,0.02,,0.01,0.01,0.05,0.02,0.2,0.01,2.0,0.01,0.01,0.01,0.01,0.005,0.05,0.01,0.01,0.01,0.01,1.0,0.01,0.01,0.03,0.01,0.05,0.01,0.02,0.01,0.01,0.01,0.2,0.01,0.01,0.02,0.01,0.01,0.01,0.01,0.01,0.05,0.1,0.01,0.01,0.01,0.6,0.2,0.01,0.01,0.01,0.02,0.3,0.005,0.01,0.4,0.01,0.01,0.01,0.02,0.01,0.01,0.01,0.01,0.1,0.01,0.02,,0.01,0.02,0.005,0.01,0.2,2.0,0.01,0.5,3.0,0.02,0.01,0.01,0.1,0.02,0.01,0.01,0.01,0.01,1.5,0.4,3.0,2.0,0.01,0.01,0.02,0.01,0.01,2.0,0.02,0.01,1.0,0.03,20.0,0.05,0.02,0.01,0.01,0.01,0.01,0.01,0.01,0.01,0.01,15.0,0.02,0.01,0.05,0.01,,0.01,0.01,0.01,0.1,0.1,0.01,0.01,0.01,0.01,0.01,0.01,0.01,0.01,0.01,0.6,0.01,0.02,0.15,0.01,0.5,0.1,0.01,0.01,0.01,0.2,8.0,0.2,0.01,0.01,0.01,0.05,3.0,0.01,4.0,0.01,0.01,0.01,0.01,0.01,0.02,0.01,0.05,0.01,0.02,0.4,0.01,0.01,0.01,0.02,0.03,0.01,5.0,0.01,0.01,0.01,0.01,0.01,0.6,0.1,0.01,0.01,0.02,0.01,0.02,0.01,0.01,0.01,0.01,0.01,0.02,0.01,0.01,0.01,0.01,0.01,0.01,0.01,0.01,0.005,0.01,0.01,0.01,0.02,0.01,0.01,0.01,0.02,0.05,0.02,0.01,0.02,0.05,0.01,0.01,0.4,0.05,0.01,0.01,0.01,0.05,,0.02,0.01,0.01,0.05,0.01,0.05,1.5,0.01,0.2,0.2,0.05,0.01,1.0,0.05,5.0,0.01,0.03,0.01,0.01,0.01,0.1,0.02,0.01,0.01,0.01,0.01,0.01,0.05,0.01,0.005,0.02,0.01,0.04,0.01,0.01,0.2,0.05,1.0,0.02,0.02,0.01,3.0,0.01,0.01,0.05,0.05,0.03,0.01,0.01,0.01,0.01,0.1,0.02,0.2,0.02,0.01,0.01,0.02,0.01,0.01,0.03,0.01,0.01,0.01,0.01,0.03,0.01,0.01,0.02,2.0,0.02,0.02,0.02,0.05,,0.02,0.02,0.6,0.01,0.7,0.02,0.02,0.01,2.0,0.01,0.01,0.01,0.01,0.02,0.02,0.1,0.01,0.01,0.01,0.01,0.01,0.01,0.01,0.01,0.01,0.01,0.01,0.3,0.05,0.01,0.05,0.01,10.0,0.01,0.1,0.01,0.01,0.01,0.02,0.003,0.01,0.01,0.01,0.01,0.01,0.5,0.5,,0.02,0.01,0.01,0.01,0.01,10.0,3.0,0.01,0.01,0.01,0.01,0.01,0.01,0.01,0.1,0.01
72,BASIL,Basil and edible flowers,0.01,0.01,0.01,0.02,0.05,0.1,,0.02,0.02,0.1,0.02,0.01,0.01,0.02,0.02,0.1,0.02,0.02,2.0,0.02,0.02,3.0,0.02,0.3,0.8,0.02,0.02,0.02,0.01,40.0,0.02,0.02,0.02,0.05,0.02,0.02,0.02,0.01,0.1,0.05,1.0,0.02,0.02,0.02,0.02,70.0,0.02,0.05,0.02,0.05,0.02,10.0,0.02,0.1,1.0,,0.02,0.02,0.02,0.1,0.02,0.02,0.02,0.01,50.0,0.01,50.0,0.02,0.02,0.02,0.02,0.05,0.02,0.02,0.02,0.02,0.01,0.02,0.05,0.06,0.02,0.1,0.02,0.02,0.01,,0.06,0.04,0.01,,20.0,0.7,0.01,0.02,0.01,0.02,0.02,0.01,0.02,0.1,0.01,0.02,0.01,0.02,0.02,0.02,0.02,0.02,0.01,0.01,0.02,0.02,0.02,0.02,0.02,0.05,0.5,0.05,0.02,0.15,3.0,0.02,20.0,,0.01,0.02,0.02,0.1,0.02,2.0,0.02,0.02,0.02,0.05,0.02,2.0,0.05,40.0,0.01,0.05,0.02,0.05,0.1,0.02,1.5,0.02,0.02,0.02,0.02,4.0,0.02,0.05,0.01,0.02,0.02,0.05,0.02,0.02,10.0,0.02,0.02,0.3,0.02,0.01,0.1,0.02,10.0,0.02,0.02,0.02,0.05,0.05,,0.02,0.02,0.05,0.02,0.02,0.01,5.0,0.02,0.01,0.02,0.01,0.2,0.05,0.01,0.02,0.01,0.01,0.05,0.01,0.02,1.0,0.02,0.1,0.02,0.05,3.0,0.02,0.02,0.02,0.02,0.02,0.02,0.02,0.02,0.02,0.01,50.0,0.02,0.1,0.02,0.02,0.01,0.02,0.02,0.02,0.02,0.01,0.05,0.05,0.005,0.02,6.0,0.02,0.02,0.02,0.05,0.02,0.02,0.02,20.0,0.05,0.02,0.05,,0.01,0.05,0.02,9.0,60.0,2.0,0.01,0.02,40.0,0.05,0.02,0.02,0.3,0.02,0.02,0.02,0.02,0.02,0.02,0.02,3.0,0.06,0.01,0.02,0.02,0.02,0.02,400.0,0.02,0.02,1.0,0.04,0.1,0.05,0.05,0.01,0.02,0.01,0.01,0.01,0.01,0.02,0.02,,0.02,0.02,0.1,0.01,,0.02,0.02,0.05,0.1,0.1,0.02,0.02,0.02,0.02,0.02,0.02,20.0,0.01,0.02,0.01,0.01,0.05,0.02,0.02,0.7,0.1,0.01,0.02,0.02,0.05,0.02,0.2,0.01,30.0,0.02,0.05,7.0,0.02,0.05,0.02,0.02,0.03,0.02,0.02,0.04,3.0,2.0,0.01,0.1,0.05,0.01,0.02,0.02,0.02,0.06,0.02,0.05,0.01,80.0,0.02,0.02,0.02,0.02,0.1,0.02,0.01,0.05,0.02,0.02,0.02,0.02,0.05,0.02,0.02,0.1,0.01,0.02,0.02,0.02,0.02,0.02,0.02,0.01,0.001,0.02,10.0,0.02,0.02,0.02,0.02,0.01,0.02,0.05,0.02,0.02,0.04,0.6,0.02,0.02,0.02,0.05,0.02,0.01,7.0,0.05,,0.02,0.02,0.02,0.05,0.01,0.015,300.0,0.01,0.01,0.01,0.02,0.02,0.02,0.8,0.02,0.02,0.06,0.02,0.03,0.02,0.02,0.05,30.0,0.02,0.02,0.02,0.02,0.1,0.02,0.01,0.05,0.2,0.02,20.0,0.02,0.02,0.05,2.0,0.02,0.01,0.02,1.0,0.02,0.02,0.05,20.0,0.02,0.02,0.02,0.02,0.02,0.1,0.02,0.02,0.05,0.2,0.01,0.02,0.02,0.01,0.03,0.02,0.02,0.01,0.02,0.06,0.01,0.02,4.0,15.0,0.02,0.02,7.0,0.02,,0.1,0.02,0.02,0.02,0.06,0.05,0.04,0.01,2.0,20.0,0.02,0.02,0.02,0.02,0.04,0.1,0.01,0.02,0.02,0.01,0.02,0.02,0.02,0.02,0.02,0.02,0.02,0.1,0.05,0.02,0.05,0.01,150.0,0.02,0.1,0.02,0.02,0.02,0.01,0.002,0.02,0.02,0.02,0.02,0.02,15.0,30.0,,0.05,0.02,0.02,0.02,0.01,0.05,0.02,0.01,0.01,0.02,0.02,0.01,0.02,0.02,0.1,0.01
138,BEANS,Beans,0.01,0.01,0.01,0.01,0.05,0.06,,0.01,0.01,0.05,0.01,0.01,0.01,0.01,0.02,0.1,0.01,0.02,0.01,0.01,0.01,0.15,0.01,0.01,0.08,0.01,0.01,0.02,0.01,0.01,0.01,0.05,0.01,0.05,0.01,0.01,0.01,0.01,0.05,0.05,0.01,0.01,0.02,0.01,0.01,0.15,0.01,0.01,0.01,0.05,0.01,0.1,0.02,0.1,0.2,,0.01,0.01,0.3,0.01,0.01,0.01,0.04,0.01,3.0,0.01,"50.0, 5.0",0.01,0.01,0.01,0.01,0.05,0.01,0.01,0.01,0.01,0.01,0.01,0.02,0.07,0.05,0.1,0.01,0.005,0.01,,0.03,0.05,0.01,,0.3,0.35,0.01,0.01,0.01,0.02,0.01,0.01,0.01,0.03,0.01,0.02,0.005,0.01,0.01,0.02,0.01,0.01,0.01,0.01,0.01,0.01,0.01,0.01,0.01,0.05,2.0,0.02,0.02,0.01,0.5,0.01,20.0,,0.01,0.6,0.02,0.05,0.01,30.0,0.01,0.01,0.01,0.01,0.01,0.05,0.08,0.2,0.02,0.05,0.02,0.05,0.06,0.02,0.01,0.01,0.01,0.01,0.01,0.05,0.01,0.02,0.01,0.02,0.02,0.05,0.01,0.01,0.06,0.01,0.01,3.0,0.01,0.01,0.05,0.01,0.01,0.01,0.01,0.01,0.05,0.02,,0.01,0.01,0.05,0.2,0.01,0.01,0.1,0.01,0.01,0.01,0.01,0.005,0.05,0.01,0.01,0.01,0.01,0.05,0.01,0.01,0.03,0.01,0.05,0.01,0.02,0.05,0.01,0.01,0.01,0.01,0.02,0.02,0.01,0.01,0.01,0.01,0.01,0.01,0.1,0.01,0.01,0.01,0.01,0.01,0.01,0.01,0.01,0.02,0.02,0.005,0.01,0.8,0.01,0.01,4.0,0.02,1.0,0.01,0.01,0.5,0.05,0.01,0.02,,0.01,0.02,0.005,0.01,0.5,2.0,0.01,0.01,3.0,0.02,0.01,0.01,0.01,0.02,0.01,0.01,0.01,0.01,0.01,0.01,0.3,0.07,0.01,0.01,0.02,0.01,0.01,2.0,0.02,0.01,1.0,0.05,2.0,0.05,0.02,0.01,0.01,0.01,0.01,0.01,0.01,0.01,0.01,,0.02,0.01,0.05,0.01,,0.01,0.01,2.0,0.1,0.1,0.01,0.01,0.01,0.01,0.01,0.01,0.09,0.01,0.01,0.01,0.02,0.02,0.01,0.01,0.05,0.1,0.01,0.01,0.01,0.1,0.02,0.2,0.01,0.01,0.01,0.05,0.07,0.01,0.02,0.01,0.01,0.01,0.01,0.01,0.02,0.02,0.2,0.01,0.02,0.15,0.01,0.01,0.01,0.02,0.03,0.01,0.05,0.01,0.5,0.01,0.01,0.01,0.01,0.1,0.01,0.01,0.02,0.01,0.01,0.01,0.01,0.01,0.01,0.01,0.01,0.01,0.01,0.01,0.01,0.01,0.01,0.01,0.01,0.01,0.01,0.01,0.01,0.01,0.01,0.01,0.01,0.02,0.05,0.01,0.01,0.02,0.15,0.01,0.01,0.3,0.05,0.01,0.01,0.01,0.05,,0.05,0.01,0.01,0.05,0.01,0.01,3.0,0.01,0.01,0.01,0.05,0.01,0.02,0.2,0.01,0.01,0.03,0.01,0.01,0.01,0.02,0.02,0.01,0.01,0.01,0.01,0.01,0.05,0.01,0.005,0.02,0.01,0.01,0.01,0.01,0.05,0.05,0.3,0.02,0.01,0.01,3.0,0.01,0.01,0.05,0.5,0.01,0.01,0.01,0.01,0.01,0.1,0.02,0.02,0.02,0.2,0.01,0.02,0.01,0.01,0.5,0.01,0.01,0.01,0.01,0.03,0.01,0.01,0.02,0.02,0.02,0.02,2.0,0.01,,0.02,0.02,0.3,0.01,0.03,0.02,0.02,0.01,0.3,0.01,0.01,0.01,0.01,0.01,0.02,0.1,0.01,0.01,0.01,0.01,0.01,0.01,0.01,0.01,0.01,0.01,0.01,0.1,0.05,0.01,0.05,0.01,20.0,0.01,0.1,0.01,0.01,0.01,0.01,0.003,0.01,0.01,0.01,0.01,0.01,0.2,0.2,,0.02,0.01,0.01,0.01,0.01,0.05,10.0,0.01,0.01,0.01,0.01,0.01,0.01,0.01,0.1,0.01
138,BEANS,Beans (with pods),0.01,0.01,0.01,0.01,0.05,0.06,,0.01,0.01,0.05,0.01,0.01,0.01,0.01,0.01,0.1,0.01,0.01,0.08,0.01,0.01,0.6,0.01,1.0,0.08,0.01,0.01,0.02,0.01,0.01,0.01,0.01,0.01,0.05,0.01,0.01,0.01,0.01,0.05,0.05,1.0,0.01,0.02,0.01,0.01,3.0,0.01,0.02,0.01,0.02,0.01,0.3,0.01,0.1,0.01,,0.01,0.01,0.01,0.01,0.01,0.01,0.01,0.01,5.0,0.01,30.0,0.01,0.01,0.01,0.01,0.05,0.01,0.01,0.01,0.01,0.01,0.01,0.02,0.03,0.01,0.2,0.01,0.01,0.01,,0.03,0.02,0.01,,0.8,0.35,0.01,0.01,0.01,0.02,0.01,0.01,0.01,0.03,0.01,0.02,0.005,0.01,0.01,0.01,0.01,0.01,0.01,0.01,0.01,0.01,0.01,0.01,0.01,0.05,0.5,0.02,0.02,0.01,0.5,0.01,20.0,,0.01,1.5,0.01,0.05,0.01,15.0,0.01,0.01,0.01,0.02,0.05,0.7,0.05,2.0,0.01,0.05,0.01,0.05,0.06,0.02,0.2,0.01,0.01,0.01,0.01,0.05,0.01,0.02,0.01,0.01,0.02,0.05,0.01,0.01,1.0,0.01,0.01,0.9,0.01,0.01,0.05,0.01,0.01,0.01,0.01,0.01,0.02,0.02,,0.01,0.01,0.05,0.01,0.01,0.01,1.0,0.01,0.01,0.01,0.01,0.03,0.05,0.01,0.01,0.01,0.01,0.05,0.01,0.01,0.1,0.01,0.05,0.01,0.02,0.4,0.01,0.01,0.01,0.01,0.01,0.02,0.01,0.01,0.01,0.01,15.0,0.01,0.1,0.01,0.01,0.01,0.01,0.01,0.01,0.7,0.01,0.02,0.1,0.005,0.01,1.5,0.01,0.01,1.5,0.01,2.0,0.01,0.01,1.0,0.05,0.01,0.02,,0.01,0.02,0.01,0.01,3.0,0.2,0.01,0.01,0.5,0.02,0.01,0.01,0.01,0.01,0.01,0.01,0.01,0.01,0.01,0.6,2.0,0.03,0.01,0.01,0.01,0.01,0.01,2.0,0.02,0.01,1.0,0.1,0.1,0.05,0.02,0.01,0.01,0.01,0.01,0.01,0.01,0.01,0.01,,0.02,0.01,0.05,0.01,,0.01,0.01,5.0,0.1,0.1,0.01,0.01,0.01,0.01,0.01,0.01,0.6,0.01,0.01,0.01,0.01,0.02,0.01,0.01,0.4,0.1,0.01,0.01,0.01,0.05,0.02,0.2,0.01,1.0,0.01,0.05,0.05,0.01,0.02,0.01,0.01,0.01,0.01,0.01,0.02,0.02,0.4,0.01,0.02,0.02,0.01,0.01,0.01,0.02,0.03,0.01,0.02,0.01,2.0,0.01,0.01,0.01,0.01,0.1,0.01,0.01,0.02,0.01,0.01,0.01,0.01,0.8,0.01,0.01,0.01,0.01,0.01,0.01,0.01,0.01,0.01,0.01,0.01,0.001,0.01,0.01,0.01,0.01,0.01,0.01,0.01,0.02,0.05,0.01,0.01,0.02,0.06,0.01,0.01,3.0,0.05,0.01,0.01,0.01,0.02,,0.05,0.01,0.01,0.05,0.01,0.01,1.5,0.01,0.01,0.01,0.01,0.01,0.02,1.5,0.01,0.01,0.03,0.01,0.01,0.01,0.01,0.02,0.1,0.01,0.01,0.01,0.01,0.05,0.01,0.005,0.02,0.01,0.01,0.01,0.01,0.01,0.02,0.6,0.02,0.01,0.01,1.0,0.01,0.01,0.05,3.0,0.01,0.01,0.01,0.01,0.01,0.1,0.01,0.02,0.02,0.3,0.01,0.01,0.01,0.01,0.03,0.01,0.01,0.01,0.01,0.03,0.01,0.01,0.05,0.3,0.02,1.0,2.0,0.01,,0.01,0.01,0.01,0.01,0.03,0.02,0.02,0.01,2.0,0.01,0.01,0.01,0.01,0.01,0.02,0.1,0.01,0.01,0.01,0.01,0.01,0.01,0.01,0.01,0.01,0.01,0.01,0.1,0.05,0.01,0.02,0.005,20.0,0.01,0.1,0.01,0.01,0.01,0.01,0.001,0.01,0.01,0.01,0.01,0.01,1.0,0.8,,0.02,0.01,0.01,0.01,0.01,0.05,0.01,0.01,0.01,0.01,0.01,0.01,0.01,0.01,0.1,0.01
138,BEANS,Beans (without pods),0.01,0.01,0.01,0.01,0.05,0.06,,0.01,0.01,0.05,0.01,0.01,0.01,0.01,0.01,0.1,0.01,0.01,0.01,0.01,0.01,0.3,0.01,0.01,0.02,0.01,0.01,0.02,0.01,0.01,0.01,0.01,0.01,0.05,0.01,0.01,0.01,0.01,0.05,0.05,1.0,0.01,0.02,0.01,0.01,3.0,0.01,0.02,0.01,0.02,0.01,0.05,0.01,0.1,0.01,,0.01,0.01,0.01,0.01,0.01,0.01,0.01,0.01,3.0,0.01,30.0,0.01,0.01,0.01,0.01,0.05,0.01,0.01,0.01,0.01,0.01,0.01,0.02,0.03,0.01,0.1,0.01,0.01,0.01,,0.03,0.02,0.01,,0.01,0.35,0.01,0.01,0.01,0.02,0.01,0.01,0.01,0.03,0.01,0.02,0.005,0.01,0.01,0.01,0.01,0.01,0.01,0.01,0.01,0.01,0.01,0.01,0.01,0.05,0.5,0.02,0.02,0.01,0.5,0.01,20.0,,0.01,0.3,0.01,0.05,0.01,15.0,0.01,0.01,0.01,0.02,0.05,0.7,0.05,0.08,0.01,0.05,0.01,0.05,0.06,0.02,0.2,0.01,0.01,0.01,0.01,0.05,0.01,0.02,0.01,0.01,0.02,0.05,0.01,0.01,1.0,0.01,0.01,1.0,0.01,0.01,0.05,0.01,0.04,0.01,0.01,0.01,0.02,0.02,,0.01,0.01,0.05,0.01,0.01,0.01,0.1,0.01,0.01,0.01,0.01,0.015,0.05,0.01,0.01,0.01,0.01,0.05,0.01,0.01,0.03,0.01,0.05,0.01,0.02,0.01,0.01,0.01,0.01,0.01,0.01,0.02,0.01,0.01,0.01,0.01,0.01,0.01,0.1,0.01,0.01,0.01,0.01,0.01,0.01,0.05,0.01,0.02,0.02,0.005,0.01,0.7,0.01,0.01,0.01,0.01,2.0,0.01,0.01,0.4,0.05,0.01,0.02,,0.01,0.02,0.01,0.01,0.15,0.2,0.01,0.01,0.4,0.02,0.01,0.01,0.01,0.01,0.01,0.01,0.01,0.01,0.01,0.05,0.09,0.03,0.01,0.01,0.01,0.01,0.01,2.0,0.02,0.01,1.0,0.1,0.1,0.05,0.02,0.01,0.01,0.01,0.01,0.01,0.01,0.01,0.01,,0.02,0.01,0.05,0.01,,0.01,0.01,2.0,0.1,0.1,0.01,0.01,0.01,0.01,0.01,0.01,0.01,0.01,0.01,0.01,0.02,0.02,0.01,0.01,0.2,0.1,0.01,0.01,0.01,0.1,0.02,0.2,0.01,0.01,0.01,0.05,0.04,0.01,0.02,0.01,0.01,0.01,0.01,0.01,0.02,0.02,0.3,0.01,0.02,0.02,0.01,0.01,0.01,0.02,0.03,0.01,0.02,0.01,0.3,0.01,0.01,0.01,0.01,0.1,0.01,0.01,0.02,0.01,0.01,0.01,0.01,0.01,0.01,0.01,0.01,0.01,0.01,0.01,0.01,0.01,0.01,0.01,0.01,0.001,0.01,0.01,0.01,0.01,0.01,0.01,0.01,0.02,0.05,0.01,0.01,0.02,0.05,0.01,0.01,0.4,0.05,0.01,0.01,0.01,0.02,,0.05,0.01,0.01,0.05,0.01,0.01,1.5,0.01,0.01,0.01,0.01,0.01,0.02,0.7,0.01,0.01,0.03,0.01,0.01,0.01,0.01,0.02,0.01,0.01,0.01,0.01,0.01,0.05,0.01,0.005,0.02,0.01,0.01,0.01,0.01,0.01,0.02,0.3,0.02,0.01,0.01,1.0,0.01,0.01,0.05,0.01,0.01,0.01,0.01,0.01,0.01,0.1,0.01,0.02,0.02,0.2,0.01,0.01,0.01,0.01,0.03,0.01,0.01,0.01,0.01,0.03,0.01,0.01,0.02,0.3,0.02,0.05,1.5,0.01,,0.01,0.01,0.01,0.01,0.03,0.02,0.02,0.01,2.0,0.01,0.01,0.01,0.01,0.01,0.02,0.1,0.01,0.01,0.01,0.01,0.01,0.01,0.01,0.01,0.01,0.01,0.01,0.1,0.05,0.01,0.02,0.005,20.0,0.01,0.1,0.01,0.01,0.01,0.01,0.001,0.01,0.01,0.01,0.01,0.01,0.09,0.09,,0.02,0.01,0.01,0.01,0.01,0.05,0.01,0.01,0.01,0.01,0.01,0.01,0.01,0.01,0.1,0.01
146,BEETROOT,Beetroots,0.01,0.01,0.01,0.01,0.05,0.06,,0.01,0.01,0.05,0.01,0.01,0.01,0.01,0.01,0.1,0.01,0.01,0.01,0.01,0.01,0.01,0.01,0.01,0.01,0.01,0.01,0.02,0.01,0.01,0.01,0.01,0.01,0.05,0.01,0.01,0.01,0.01,0.05,0.05,1.0,0.01,0.02,0.01,0.01,1.0,0.01,0.02,0.01,0.02,0.01,0.03,0.01,0.1,0.01,,0.01,0.01,0.05,0.01,0.01,0.01,0.09,0.01,4.0,0.01,50.0,0.01,0.01,0.01,0.01,0.05,0.01,0.01,0.01,0.01,0.01,0.01,0.02,0.03,0.01,0.1,0.01,0.002,0.01,,0.03,0.02,0.01,,0.06,0.15,0.01,0.01,0.01,0.02,0.01,0.01,0.01,0.03,0.01,0.02,0.005,0.01,0.01,0.01,0.01,0.01,0.01,0.01,0.01,0.01,0.01,0.01,0.01,0.05,0.5,0.02,0.02,0.01,1.0,0.01,5.0,,0.01,0.05,0.01,0.05,0.01,3.0,0.01,0.01,0.01,0.02,0.01,0.05,0.05,1.5,0.01,0.05,0.01,0.05,0.06,0.02,0.02,0.01,0.01,0.01,0.01,0.05,0.01,0.02,0.01,0.01,0.02,0.05,0.01,0.01,0.4,0.01,0.01,0.4,0.01,0.01,0.05,0.01,0.01,0.01,0.01,0.01,0.02,0.02,,0.01,0.01,0.05,0.01,0.01,0.01,0.5,0.01,0.01,0.01,0.01,0.002,0.05,0.01,0.01,0.01,0.01,0.05,0.01,0.01,0.2,0.01,0.05,0.01,0.02,0.01,0.01,0.01,0.01,0.01,0.01,0.02,0.01,0.01,0.01,0.01,0.01,0.01,0.1,0.01,0.01,0.01,0.01,0.01,0.01,0.01,0.01,0.02,0.02,0.005,0.01,0.3,0.01,0.01,0.5,0.01,0.01,0.01,0.01,1.0,0.05,0.01,0.02,,0.01,0.02,0.01,0.2,0.2,0.2,0.01,0.01,0.9,0.02,0.01,0.01,0.01,0.01,0.01,0.01,0.01,0.01,0.01,0.01,0.9,0.03,0.01,0.01,0.01,0.01,0.01,2.0,0.02,0.01,1.0,0.1,0.1,0.05,0.02,0.01,0.01,0.01,0.01,0.01,0.01,0.01,0.01,,0.02,0.01,0.05,0.01,,0.01,0.01,0.01,0.1,0.1,0.01,0.01,0.01,0.01,0.01,0.01,0.01,0.01,0.01,0.2,0.01,0.02,0.05,0.01,0.04,0.1,0.01,0.01,0.01,0.05,0.02,0.2,0.01,0.1,0.01,0.05,0.5,0.01,0.02,0.01,0.01,0.01,0.01,0.01,0.02,0.02,0.3,0.01,0.02,0.02,0.01,0.01,0.01,0.02,0.03,0.01,0.02,0.01,0.01,0.02,0.01,0.01,0.01,0.1,0.01,0.01,0.02,0.01,0.01,0.01,0.01,0.06,0.01,0.01,0.01,0.01,0.01,0.01,0.01,0.01,0.01,0.01,0.01,0.001,0.01,0.01,0.01,0.01,0.01,0.01,0.01,0.02,0.05,0.01,0.01,0.02,0.05,0.01,0.01,0.6,0.05,0.01,0.01,0.15,0.02,,0.01,0.01,0.01,0.05,0.01,0.01,1.5,0.01,0.01,0.01,0.01,0.01,0.02,0.05,0.01,0.01,0.03,0.01,0.01,0.01,0.01,0.02,0.01,0.01,0.01,0.01,0.01,0.05,0.01,0.005,0.02,0.01,0.01,0.01,0.01,0.1,0.02,0.5,0.02,0.01,0.01,1.0,0.01,0.01,0.05,0.01,0.01,0.01,0.01,0.01,0.01,0.15,0.01,0.02,0.02,0.06,0.01,0.01,0.01,0.01,0.03,0.01,0.01,0.01,0.01,0.03,0.01,0.01,0.02,0.02,0.02,0.02,0.07,0.01,,0.01,0.01,0.03,0.01,0.03,0.02,0.02,0.01,0.02,0.01,0.01,0.01,0.01,0.08,0.02,0.1,0.01,0.01,0.01,0.01,0.01,0.01,0.01,0.01,0.01,0.01,0.01,0.1,0.05,0.01,0.02,0.005,5.0,0.01,0.1,0.01,0.01,0.01,0.01,0.001,0.01,0.01,0.01,0.01,0.01,0.02,0.02,,0.02,0.01,0.01,0.01,0.01,0.05,0.01,0.01,0.01,0.01,0.01,0.01,0.01,0.01,0.1,0.01
436,FRUITS,Berries and small fruits,0.01,0.01,0.01,0.01,0.05,0.06,,0.01,0.01,0.1,0.01,0.01,0.01,0.01,0.01,0.1,0.01,0.01,,0.01,,,0.01,,0.01,0.01,0.01,0.02,0.01,,0.01,0.01,,0.05,0.01,0.01,0.01,0.01,0.05,0.05,1.0,0.01,0.02,0.01,,,0.01,0.02,,0.02,0.01,0.03,,0.1,,,0.01,0.01,,,0.01,0.01,0.01,0.01,,0.01,,0.01,0.01,0.01,0.01,,,0.01,0.01,0.01,0.01,0.01,0.02,,0.01,,0.01,,0.01,,0.03,0.02,0.01,,,0.05,0.01,0.01,0.01,,0.01,0.01,0.01,0.03,,0.02,0.01,0.01,0.01,0.01,0.01,0.01,0.01,0.01,0.01,0.01,0.01,0.01,0.01,0.05,,0.02,,0.01,,0.01,,,0.01,,,0.05,0.01,,,,0.01,0.02,,,,,0.01,0.05,0.01,0.05,0.06,0.02,,0.01,0.01,0.01,,0.05,0.01,0.02,0.01,0.01,0.02,0.05,0.01,0.01,,0.01,0.01,,0.01,0.01,0.05,0.01,,0.01,0.01,0.01,0.02,0.02,,0.01,0.01,0.05,,0.01,,,0.01,0.01,0.01,0.01,,0.05,0.01,0.01,0.01,0.01,,0.01,,0.03,0.01,0.05,0.01,0.02,,0.01,0.01,,0.01,0.01,,,,0.01,0.01,,0.01,0.1,0.01,0.01,,0.01,0.01,,,0.01,0.02,,0.005,0.01,,0.01,0.01,,,,0.01,0.01,,0.05,0.01,0.02,,0.01,,0.01,,,,0.01,0.01,,0.02,0.01,0.01,0.01,0.01,0.01,0.01,,0.01,,,,,0.01,0.01,0.01,,0.01,,0.02,0.01,1.0,,,0.05,0.02,0.01,0.01,0.01,0.01,0.01,0.01,0.01,,,0.02,,0.05,0.01,,0.01,0.01,,0.1,0.1,,0.01,0.01,0.01,0.01,,,0.01,0.01,,,0.02,,0.01,,0.1,0.01,0.01,,0.05,0.02,0.2,,,0.01,0.05,,,,0.01,,0.01,0.01,0.01,0.02,,0.05,,0.02,,0.01,0.01,0.01,0.02,0.03,0.01,0.02,0.01,,,0.01,0.01,,0.1,0.01,0.01,0.02,0.01,0.01,0.01,0.01,,0.01,0.01,,0.01,0.01,0.01,0.01,0.01,0.01,0.01,0.01,0.001,0.01,,0.01,0.01,0.01,0.01,0.01,0.02,0.05,0.01,,0.02,0.05,0.01,0.01,,0.05,0.01,0.01,,0.02,,0.01,0.01,0.01,,0.01,0.01,,0.01,0.01,0.01,0.01,0.01,0.02,,0.01,0.01,0.03,0.01,0.01,0.01,,0.02,0.01,0.01,0.01,0.01,0.01,0.05,0.01,0.005,0.02,0.01,,,0.01,,0.02,,0.02,0.01,0.01,1.0,,0.01,0.05,,,,0.01,0.01,,0.1,0.01,,0.02,0.02,0.01,0.01,0.01,0.01,0.03,0.01,0.01,,0.01,0.03,0.01,0.01,,,,,,,,0.01,0.01,,0.01,0.03,0.02,0.02,0.01,,,,0.01,,0.01,0.02,0.1,0.01,0.01,,0.01,0.01,0.01,0.01,0.01,0.01,0.01,0.01,,0.05,0.01,0.02,0.005,,0.01,0.1,0.01,0.01,0.01,0.01,0.001,0.01,0.01,0.01,0.01,0.01,,,,0.02,0.01,0.01,0.01,0.01,0.05,0.01,0.01,0.01,,0.01,0.01,0.01,0.01,0.1,
370,EGGS,Birds eggs,0.01,,0.1,0.02,0.4,0.06,0.01,0.01,0.01,0.01,0.05,0.01,0.01,0.01,0.01,0.1,0.01,0.01,0.01,0.02,0.01,0.02,0.01,0.02,0.01,0.01,0.01,0.01,0.02,0.03,0.01,0.01,0.01,0.01,0.05,0.01,0.01,0.01,0.02,,0.01,0.02,0.01,0.01,0.01,0.01,0.01,0.01,0.02,0.02,0.01,0.02,0.01,0.1,0.01,0.01,0.02,0.01,0.01,0.01,0.01,0.01,0.05,0.01,0.01,0.01,0.05,0.01,0.01,0.05,0.02,0.05,0.01,0.01,0.01,0.01,0.01,0.01,0.01,0.03,0.05,0.05,0.01,0.01,0.01,,0.03,0.01,,,0.2,0.05,0.05,0.01,0.005,0.02,,0.05,0.01,0.1,0.15,0.1,0.01,0.01,0.02,0.02,0.05,0.05,0.01,0.01,0.01,0.01,0.01,0.01,0.01,0.1,0.05,0.02,0.02,0.01,0.05,0.01,2.0,,0.01,0.3,0.01,0.01,0.01,0.15,0.02,0.01,0.01,0.01,0.01,0.05,0.05,0.02,0.05,0.05,0.02,,0.06,,0.02,0.01,0.01,0.01,0.02,0.05,0.01,0.02,,0.01,0.05,0.1,0.01,0.01,0.05,0.01,0.02,0.1,0.01,0.01,,0.01,0.01,0.01,0.02,0.01,0.05,0.02,0.02,0.01,0.01,0.05,0.05,,0.01,0.05,0.01,0.01,0.01,0.02,0.01,0.05,0.005,0.01,0.01,0.01,0.05,0.01,0.01,0.03,0.01,0.05,0.01,0.02,0.015,0.01,0.01,0.01,0.01,0.01,0.02,0.01,0.05,0.02,,0.05,0.01,0.05,0.01,0.01,,0.02,0.01,0.01,0.01,0.01,0.02,0.02,0.005,0.01,0.15,0.01,0.01,0.02,0.01,0.01,0.01,0.01,0.02,0.05,0.01,0.02,,0.01,0.02,0.005,0.01,0.15,0.2,,0.05,0.01,0.02,0.01,0.05,0.01,0.01,0.01,0.02,0.01,0.05,0.01,0.01,0.02,0.05,0.01,0.01,0.01,0.01,0.01,0.7,,0.01,1.0,0.05,0.05,0.05,0.02,,0.01,0.02,0.01,0.01,0.01,,0.01,,0.02,0.01,0.01,0.01,0.01,0.01,0.02,0.01,0.1,0.1,0.01,0.02,0.01,0.01,0.01,0.05,0.01,0.01,0.01,0.01,0.01,0.02,0.05,0.01,0.02,0.1,0.01,0.01,0.02,0.05,0.02,0.1,0.01,0.01,0.01,,0.015,0.01,0.07,,0.01,0.01,0.02,0.01,0.02,0.01,0.01,0.01,0.05,0.02,0.05,0.01,0.01,0.02,0.03,0.01,0.05,0.01,0.01,0.01,0.01,0.01,0.01,0.1,0.01,,0.02,0.01,,0.01,0.01,0.01,0.01,0.02,0.05,0.01,0.01,0.01,0.01,0.01,0.01,0.01,0.01,0.005,0.01,0.01,0.01,0.01,0.01,0.01,0.01,,0.05,0.01,0.05,0.01,0.01,0.01,0.01,0.01,,0.01,0.01,0.05,0.05,,0.05,0.01,0.01,0.05,,0.01,0.5,,0.01,0.01,0.02,0.01,,0.01,0.01,0.01,0.03,0.01,0.02,0.01,0.01,0.02,0.05,0.01,0.01,0.01,0.01,0.01,0.01,0.01,0.05,0.01,0.02,0.01,0.02,0.01,0.01,0.05,0.02,0.01,0.01,0.05,0.01,0.01,0.05,0.01,0.01,0.01,0.01,0.01,,0.02,0.02,0.02,0.01,0.01,0.01,0.02,0.02,0.01,0.01,0.01,0.01,0.01,0.01,0.03,0.01,0.01,0.02,0.2,0.02,0.01,0.01,0.05,,0.01,0.02,0.1,0.01,0.02,0.01,0.02,,0.1,0.02,0.01,0.01,0.01,0.05,0.01,0.1,0.01,0.01,0.05,0.05,0.01,0.02,0.01,0.01,0.01,0.01,0.01,0.05,0.01,0.01,0.05,0.01,2.0,0.01,0.05,0.01,0.01,0.01,0.01,0.01,0.01,0.01,0.01,0.01,0.01,0.04,0.04,0.01,0.01,0.01,0.01,0.01,0.01,0.01,0.01,0.01,0.01,0.03,0.01,0.01,0.01,0.01,,0.01
166,Black caraway/black cumin,Black caraway/black cumin,0.02,0.02,0.02,0.05,0.05,0.1,,0.05,0.05,0.1,0.05,0.01,0.01,0.05,0.05,0.1,0.05,0.05,0.05,0.2,0.05,0.05,0.05,0.05,0.01,0.05,0.05,0.05,0.1,0.05,0.05,0.05,0.05,0.1,0.05,0.05,0.02,0.1,0.1,0.1,0.01,0.05,0.05,0.5,0.05,0.3,0.05,0.05,0.05,0.1,0.05,0.1,0.05,0.1,0.05,,0.05,0.05,0.05,0.05,0.05,0.05,0.05,0.01,0.9,0.01,"50.0, 400.0",0.05,0.05,0.05,0.05,0.05,0.05,0.05,0.05,0.05,0.01,0.05,0.1,0.1,0.05,0.1,0.05,0.05,0.01,,0.1,0.1,0.02,,0.05,0.07,0.1,0.05,0.02,0.02,0.05,0.1,0.05,0.1,0.05,0.1,0.025,0.05,0.05,0.05,0.05,0.05,0.01,0.01,0.05,0.05,0.05,0.05,0.05,0.1,0.1,0.1,0.05,0.05,0.5,0.05,40.0,,0.01,0.05,0.05,0.1,0.05,0.1,0.05,0.05,0.05,0.1,0.1,0.1,0.05,0.1,0.1,1.0,0.05,0.1,0.1,0.02,0.05,0.05,0.05,0.05,5.0,0.05,0.05,0.1,"0.02, 0.1",0.05,0.1,0.05,0.05,0.05,0.3,0.05,0.05,0.1,0.05,0.05,0.1,0.05,30.0,0.05,0.05,0.05,0.1,0.1,,0.05,0.05,0.05,0.05,0.05,0.01,0.1,0.05,0.01,0.05,0.05,0.01,1.0,0.1,0.05,0.01,0.02,0.1,3.0,0.05,0.6,0.02,0.1,0.05,0.1,0.05,0.05,0.05,0.05,0.05,0.05,0.05,0.05,0.05,0.05,0.1,0.05,7.0,0.1,0.05,0.05,0.02,0.05,0.05,0.05,0.05,0.05,0.1,0.1,0.005,0.05,0.1,0.05,0.05,0.03,0.1,0.05,0.05,0.05,0.05,0.05,0.05,0.1,,0.05,0.1,0.05,0.05,0.05,5.0,0.02,0.05,0.05,0.1,0.05,0.05,0.05,0.05,0.05,0.05,0.05,0.05,0.05,0.05,0.05,0.1,0.05,0.05,0.05,0.05,0.05,400.0,0.05,0.05,1.0,0.1,0.1,0.05,0.1,0.02,0.05,0.1,0.02,0.01,0.01,0.05,0.05,,0.1,0.05,0.1,0.01,,0.05,0.05,0.05,0.1,0.1,0.05,0.05,0.05,0.05,0.05,0.05,0.05,0.01,0.05,0.01,0.05,0.1,0.05,0.05,0.3,0.1,0.01,0.05,0.05,0.1,0.02,0.5,0.05,0.05,0.05,0.1,0.05,0.05,0.1,0.05,0.05,0.02,0.05,0.05,0.1,0.05,0.1,0.05,0.1,0.1,0.05,0.05,0.1,0.1,0.1,0.05,0.1,0.1,0.05,0.05,0.05,0.05,0.05,0.1,0.05,0.02,0.1,0.05,0.05,0.05,0.05,0.05,0.05,0.05,0.3,0.02,0.05,0.05,0.05,0.05,0.05,0.05,0.02,0.05,0.05,0.05,0.05,0.05,0.05,0.05,0.01,0.05,0.1,5.0,0.05,0.1,0.05,0.05,0.05,0.05,0.1,0.05,0.01,0.05,0.05,7.0,0.5,2.0,0.05,0.1,0.02,0.02,300.0,0.02,0.01,0.01,0.05,0.05,0.05,5.0,3.0,0.05,0.15,0.05,0.05,0.05,0.05,0.1,0.05,0.05,0.05,0.05,0.05,0.1,0.05,0.01,0.1,0.05,0.05,0.3,0.05,0.05,0.1,0.1,0.1,0.02,0.05,0.5,0.05,0.05,0.15,0.05,0.05,0.05,0.05,0.05,0.05,0.1,0.05,0.05,0.1,0.05,0.01,0.05,0.05,0.02,0.03,0.05,0.05,0.05,0.05,0.15,0.01,0.05,0.1,0.1,0.05,0.02,0.1,0.05,,0.1,0.05,0.05,0.05,0.1,0.1,0.1,0.02,1.5,0.05,0.05,0.05,0.05,0.05,0.1,0.1,0.01,0.05,0.05,0.05,0.05,0.05,0.05,0.05,0.05,0.05,0.05,0.1,0.05,0.05,0.1,0.02,40.0,0.05,0.1,0.05,0.05,0.05,0.02,0.005,0.05,0.05,0.05,0.05,0.05,0.05,0.05,,0.1,0.05,0.05,0.05,0.05,0.05,0.05,0.02,0.05,0.05,0.05,0.01,0.05,0.05,0.2,0.05
168,Blackberries,Blackberries,0.01,0.01,0.01,0.01,0.05,0.06,,0.01,0.01,0.1,0.01,0.01,0.01,0.01,0.01,0.1,0.01,0.01,0.08,0.01,0.01,0.6,0.01,0.01,0.01,0.01,0.01,0.02,0.01,0.01,0.01,0.01,0.01,0.05,0.01,0.01,0.01,0.01,0.05,0.05,1.0,0.01,0.02,0.01,0.01,5.0,0.01,0.02,0.01,0.02,0.01,0.03,0.01,0.1,0.01,,0.01,0.01,1.0,0.01,0.01,0.01,0.01,0.01,10.0,0.01,"5.0, 20.0",0.01,0.01,0.01,0.01,1.5,0.7,0.01,0.01,0.01,0.01,0.01,0.02,20.0,0.01,0.1,0.01,0.01,0.01,,0.03,0.02,0.01,,1.5,0.05,0.01,0.01,0.01,0.01,0.01,0.01,0.01,0.03,0.01,0.02,0.01,0.01,0.01,0.01,0.01,0.01,0.01,0.01,0.01,0.01,0.01,0.01,0.01,0.05,0.1,0.02,3.0,0.01,0.5,0.01,5.0,,0.01,4.0,0.01,0.05,0.01,0.09,0.07,0.01,0.01,0.02,0.01,0.5,0.05,3.0,0.01,0.05,0.01,0.05,0.06,0.02,0.08,0.01,0.01,0.01,0.01,0.05,0.01,0.02,0.01,0.01,0.02,0.05,0.01,0.01,1.5,0.01,0.01,0.07,0.01,0.01,0.05,0.01,0.01,0.01,0.01,0.01,0.02,0.02,,0.01,0.01,0.05,0.01,0.01,0.5,0.05,0.01,0.01,0.01,0.01,0.002,0.05,0.01,0.01,0.01,0.01,0.05,0.01,0.07,0.03,0.01,0.05,0.01,0.02,0.01,0.01,0.01,0.01,0.01,0.01,0.02,0.01,0.01,0.01,0.01,15.0,0.01,0.1,0.01,0.01,0.01,0.01,0.01,5.0,0.7,0.01,0.02,0.02,0.005,0.01,1.0,0.01,0.01,0.08,0.01,0.01,0.01,0.01,5.0,0.05,0.01,0.02,,0.01,0.02,0.01,3.0,5.0,0.2,0.01,0.01,6.0,0.02,0.01,0.01,0.01,0.01,0.01,0.01,0.01,0.01,0.01,0.01,0.01,0.03,0.01,0.01,0.01,0.01,0.01,300.0,0.02,0.01,1.0,0.03,0.1,0.05,0.02,0.01,0.01,0.01,0.01,0.01,0.01,0.01,3.0,,0.02,2.0,0.05,0.01,,0.01,0.01,0.01,0.1,0.1,0.01,0.01,0.01,0.01,0.01,0.01,7.0,0.01,0.01,0.01,0.01,0.02,0.01,0.01,0.2,0.1,0.01,0.01,0.01,0.05,0.02,0.2,0.01,0.01,0.01,0.05,3.0,4.0,0.02,0.01,0.01,0.01,0.01,0.01,0.02,0.02,0.05,0.01,0.02,0.02,0.01,0.01,0.01,0.02,0.03,0.01,0.02,0.01,0.01,0.01,0.01,0.01,0.01,0.1,0.01,0.01,0.02,0.01,0.01,0.01,0.01,0.8,0.01,0.01,0.01,0.01,0.01,0.01,0.01,0.01,0.01,0.01,0.01,0.001,0.01,0.5,0.01,0.01,0.01,0.01,0.01,0.02,0.05,0.01,0.4,0.02,0.05,0.01,0.01,0.01,0.05,0.01,0.01,0.01,0.02,,0.01,0.01,0.01,0.05,0.01,0.01,200.0,0.01,0.01,0.01,0.01,0.01,0.02,4.0,0.01,0.01,0.03,0.01,0.01,0.01,0.01,0.02,0.01,0.01,0.01,0.01,0.01,0.05,0.01,0.005,0.02,0.01,0.01,0.01,0.01,0.01,0.02,3.0,0.02,0.01,0.01,1.0,0.01,0.01,0.05,15.0,0.9,0.01,0.01,0.01,0.01,0.1,0.01,0.02,0.02,0.02,0.01,0.01,0.01,0.01,0.03,0.01,0.01,0.01,0.01,0.03,0.01,0.01,1.0,1.5,0.02,0.02,0.02,0.01,,0.01,0.01,0.01,0.01,0.03,0.02,0.02,0.01,0.5,0.01,0.05,0.01,0.01,0.01,0.02,0.1,0.01,0.01,0.01,0.01,0.01,0.01,0.01,0.01,0.01,0.01,0.01,0.1,0.05,0.01,0.02,0.005,5.0,0.01,0.1,0.01,0.01,0.01,0.01,0.001,0.01,0.01,0.01,0.01,0.01,3.0,3.0,,0.02,0.01,0.01,0.01,0.01,0.05,0.01,0.01,0.01,0.01,0.01,0.01,0.01,0.01,0.1,0.01
172,Blueberries,Blueberries,0.01,0.01,0.01,0.01,0.05,0.06,,0.01,0.01,0.1,0.01,0.01,0.01,0.01,0.01,0.1,0.01,0.01,0.01,0.01,0.01,0.7,0.01,0.01,0.01,0.01,0.01,0.02,0.01,0.01,0.01,0.01,0.01,0.05,0.01,0.01,0.01,0.01,0.05,0.05,1.0,0.01,0.02,0.01,0.01,5.0,0.01,0.02,0.01,0.02,0.01,0.03,0.01,0.1,2.0,,0.01,0.01,3.0,0.01,0.01,0.01,0.01,0.01,15.0,0.01,5.0,0.01,0.01,0.01,0.01,0.05,1.5,0.01,0.01,0.01,0.01,0.01,0.02,30.0,0.01,0.1,0.01,0.01,0.01,,0.03,0.02,0.01,,1.5,0.05,0.01,0.01,0.01,0.01,0.01,0.01,0.01,0.03,0.01,0.02,0.01,0.01,0.01,0.01,0.01,0.01,0.01,0.01,0.01,0.01,0.01,0.01,0.01,0.05,0.1,0.02,0.02,0.01,0.5,0.01,5.0,,0.01,4.0,0.01,0.05,0.01,0.09,0.01,0.01,0.01,0.02,0.01,0.05,0.05,8.0,0.01,0.05,0.01,0.05,0.06,0.02,0.6,0.01,0.01,0.01,0.01,0.05,0.01,0.02,0.01,0.01,0.02,0.05,0.01,0.01,4.0,0.01,0.01,0.05,0.01,0.01,0.05,0.01,0.01,0.01,0.01,0.01,0.02,0.02,,0.01,0.01,0.05,0.01,0.01,0.01,5.0,0.01,0.01,0.01,0.01,0.002,0.05,0.01,0.01,0.01,0.01,20.0,0.01,2.0,0.03,0.01,0.05,0.01,0.02,0.01,0.01,0.01,0.01,0.01,0.01,0.02,0.01,0.5,0.01,0.01,20.0,0.01,0.1,0.01,0.01,0.01,0.01,0.01,4.0,0.4,0.01,0.02,0.02,0.005,0.01,0.8,0.01,0.01,0.3,3.0,0.01,0.01,0.01,4.0,0.05,0.01,0.02,,0.01,0.02,0.01,0.01,7.0,0.2,0.01,0.01,4.0,0.02,0.01,0.01,0.01,0.01,0.01,0.01,0.01,0.01,0.01,0.01,7.0,0.03,0.01,0.01,0.01,0.01,0.01,200.0,0.02,0.01,1.0,0.9,0.1,0.05,0.02,0.01,0.01,0.01,0.01,0.01,0.01,0.01,0.01,,0.02,0.01,0.05,0.01,,0.01,0.01,5.0,0.1,0.1,0.01,0.01,0.01,0.01,0.01,0.01,4.0,0.01,0.01,0.01,0.01,0.02,0.9,0.01,0.2,0.1,0.01,0.01,0.01,0.05,0.02,0.2,0.01,0.01,0.01,0.05,5.0,0.01,0.02,0.01,0.01,0.01,0.01,0.01,0.02,0.01,0.05,0.01,0.02,0.4,0.01,0.01,0.01,0.02,0.03,0.01,0.02,0.01,4.0,0.01,0.01,0.01,0.01,0.1,0.01,0.01,0.02,0.01,0.01,0.01,0.01,0.01,0.01,0.01,0.01,0.01,0.01,0.01,0.01,0.01,0.01,0.01,0.01,0.001,0.01,0.5,0.01,0.01,0.01,0.01,0.01,0.02,0.05,0.01,0.01,0.02,0.05,0.01,0.01,0.01,0.05,0.01,0.01,0.01,0.02,,0.01,0.01,0.01,10.0,0.01,0.01,150.0,0.01,0.01,0.01,0.01,0.01,0.02,1.0,0.01,0.01,0.03,0.01,0.01,0.01,0.01,0.02,0.01,0.01,0.01,0.01,0.01,0.05,0.01,0.005,0.02,0.01,1.5,0.01,0.01,0.01,0.02,4.0,0.02,0.01,0.01,1.0,0.01,0.01,0.05,8.0,1.5,0.01,0.01,0.01,0.01,0.1,0.01,2.0,0.02,0.02,0.01,0.01,0.01,0.01,0.03,0.01,0.01,0.01,0.01,0.03,0.01,0.01,0.4,1.5,4.0,0.02,1.5,0.01,,0.01,0.01,0.01,0.01,0.03,0.02,0.02,0.01,1.5,3.0,1.5,0.01,0.01,0.01,0.02,0.1,0.01,0.01,0.01,0.01,0.01,0.01,0.01,0.01,0.01,0.01,0.01,0.1,0.05,0.01,0.02,0.005,15.0,0.01,0.1,0.01,0.01,0.01,0.01,0.001,0.01,0.01,0.01,0.01,0.01,3.0,3.0,,0.02,0.01,0.01,0.01,0.01,0.05,0.01,0.01,0.01,0.01,0.01,0.01,0.01,0.01,0.1,0.01
178,Borage seeds,Borage seeds,0.01,0.02,0.02,0.01,0.05,0.06,,0.02,0.02,0.05,0.05,0.01,0.01,0.02,0.01,0.1,0.01,0.02,0.01,0.02,0.01,0.01,0.01,0.01,0.01,0.01,0.02,0.05,0.02,0.01,0.01,0.05,0.01,0.05,0.02,0.02,0.02,0.01,0.1,0.05,0.01,0.01,0.02,0.01,0.02,0.4,0.02,0.02,0.01,0.02,0.01,0.03,0.02,0.1,0.01,,0.01,0.01,0.02,0.01,0.01,0.02,0.01,0.01,1.0,0.01,"5.0, 20.0",0.02,0.01,0.01,0.01,0.05,0.01,0.01,0.02,0.02,0.01,0.02,0.05,0.07,0.05,0.1,0.01,0.02,0.01,,0.05,0.05,0.02,,2.0,0.05,0.01,0.02,0.02,0.01,0.02,0.01,0.02,0.04,0.01,0.02,0.01,0.01,0.02,0.02,0.01,0.01,0.01,0.01,0.01,0.02,0.02,0.02,0.01,0.05,0.1,0.05,0.05,0.02,0.5,0.01,30.0,,0.01,1.5,0.02,0.05,0.01,7.0,0.01,0.01,0.01,0.05,0.01,0.05,0.4,0.02,0.01,0.05,0.02,0.1,0.1,0.02,0.01,0.01,0.01,0.02,0.02,0.05,0.01,0.02,0.01,0.01,0.05,0.05,0.01,0.01,0.05,0.01,0.01,0.05,0.01,0.01,0.1,0.01,0.02,0.01,0.01,0.02,0.05,0.05,,0.02,0.02,0.05,0.1,0.02,0.02,0.1,0.01,0.01,0.01,0.02,0.005,0.1,0.01,0.01,0.01,0.02,0.1,0.02,0.01,0.03,0.01,0.1,0.02,0.05,0.01,0.01,0.01,0.01,0.01,0.01,0.02,0.01,0.01,0.02,0.01,0.02,0.02,0.1,0.01,0.01,0.01,0.01,0.01,0.01,0.01,0.02,0.05,0.05,0.005,0.01,0.06,0.01,0.01,4.0,0.01,0.01,0.02,0.02,0.3,0.05,0.01,0.05,,0.01,0.05,0.01,0.01,0.01,2.0,0.01,0.01,0.01,0.02,0.01,0.01,0.01,0.02,0.01,0.01,0.01,0.01,0.02,0.02,0.9,0.07,0.02,0.02,0.02,0.01,0.02,2.0,0.05,0.01,1.0,0.03,0.1,0.05,0.05,0.01,0.01,0.01,0.02,0.01,0.01,0.02,0.01,,0.05,0.01,0.05,0.01,,0.01,0.02,0.01,0.1,0.1,0.01,0.02,0.01,0.01,0.01,0.02,0.01,0.01,0.01,0.01,0.01,0.02,0.01,0.02,0.2,0.1,0.01,0.01,0.01,0.1,0.02,0.5,0.01,0.01,0.01,0.05,1.0,0.02,0.05,0.02,0.01,0.02,0.02,0.01,0.02,0.01,0.6,0.01,0.06,0.05,0.02,0.02,0.02,0.05,0.03,0.01,0.05,0.01,0.01,0.01,0.01,0.01,0.01,0.1,0.01,0.01,0.02,0.02,0.02,0.02,0.02,0.01,0.02,0.02,0.02,0.02,0.01,0.01,0.01,0.01,0.01,0.01,0.02,0.01,0.01,0.01,0.02,0.02,0.01,0.01,0.01,0.02,0.05,0.02,0.01,0.02,0.05,0.01,0.01,0.01,0.1,0.01,0.01,0.01,0.05,,0.02,0.02,0.01,0.05,0.01,0.05,1.5,0.02,0.03,0.03,0.01,0.01,0.02,0.1,0.5,0.01,0.03,0.02,0.02,0.01,0.01,0.05,0.01,0.05,0.02,0.02,0.01,0.2,0.01,0.01,0.05,0.01,0.02,0.02,0.02,0.02,0.02,0.2,0.02,0.01,0.02,3.0,0.01,0.01,0.05,0.02,0.01,0.01,0.01,0.02,0.02,0.15,0.02,0.05,0.05,0.01,0.01,0.02,0.02,0.02,0.03,0.01,0.02,0.02,0.01,0.03,0.01,0.01,0.02,0.02,0.02,0.02,0.02,0.05,,0.05,0.02,0.02,0.01,0.03,0.02,0.02,0.01,0.02,0.01,0.01,0.02,0.01,0.01,0.02,0.1,0.01,0.01,0.01,0.02,0.02,0.02,0.01,0.01,0.01,0.02,0.01,0.1,0.05,0.01,0.02,0.005,30.0,0.01,0.1,0.01,0.01,0.01,0.01,0.005,0.01,0.02,0.01,0.01,0.02,0.01,0.01,,0.02,0.01,0.01,0.01,0.02,0.05,0.01,0.02,0.01,0.01,0.02,0.01,0.01,0.01,0.1,0.01
181,BRASSICA,Brassica vegetables(excluding brassica roots and brassica baby leaf crops),0.01,0.01,0.01,0.01,0.05,0.06,,0.01,0.01,0.05,0.01,0.01,0.01,0.01,0.01,0.1,0.01,0.01,,0.01,0.01,,0.01,0.01,0.01,0.01,0.01,0.02,0.01,,0.01,0.01,0.01,0.05,0.01,0.01,0.01,0.01,0.05,0.05,1.0,0.01,0.02,0.01,0.01,,0.01,0.02,0.01,0.02,0.01,0.03,0.01,0.1,0.01,,0.01,0.01,,0.01,0.01,0.01,0.01,0.01,,0.01,30.0,0.01,0.01,0.01,0.01,0.05,0.01,0.01,0.01,0.01,0.01,0.01,0.02,0.03,0.01,,0.01,0.002,0.01,,0.03,0.02,0.01,,,,0.01,0.01,0.01,0.02,0.01,0.01,0.01,0.03,0.01,0.02,0.005,0.01,0.01,0.01,0.01,0.01,0.01,0.01,0.01,0.01,0.01,0.01,0.01,0.05,,0.02,0.02,0.01,,0.01,20.0,,0.01,,0.01,0.05,0.01,,0.01,0.01,,0.02,0.01,,0.05,,0.01,0.05,0.01,0.05,0.06,,,0.01,0.01,0.01,,0.05,0.01,0.02,0.01,0.01,0.02,0.05,0.01,0.01,,0.01,0.01,,0.01,0.01,0.05,0.01,,0.01,0.01,0.01,0.02,0.02,,0.01,0.01,0.05,0.01,0.01,0.01,,0.01,0.01,0.01,0.01,,0.05,0.01,0.01,0.01,0.01,0.05,0.01,0.01,0.03,0.01,0.05,0.01,0.02,,0.01,0.01,0.01,0.01,0.01,0.02,0.01,0.01,0.01,0.01,0.01,0.01,0.1,0.01,0.01,0.01,0.01,0.01,0.01,0.01,0.01,0.02,,0.005,0.01,,0.01,0.01,0.01,0.01,,0.01,0.01,,0.05,0.01,0.02,,0.01,0.02,0.01,,,0.2,0.01,0.01,,0.02,0.01,0.01,0.01,0.01,0.01,0.01,0.01,,0.01,,,0.03,0.01,0.01,0.01,0.01,0.01,,0.02,0.01,1.0,0.03,0.1,0.05,0.02,0.01,0.01,0.01,0.01,0.01,0.01,0.01,0.01,,0.02,0.01,0.05,0.01,,0.01,0.01,0.01,0.1,0.1,0.01,0.01,0.01,0.01,0.01,0.01,0.01,0.01,0.01,0.01,0.01,0.02,0.01,0.01,,0.1,0.01,0.01,0.01,0.05,0.02,0.2,0.01,,0.01,0.05,,0.01,0.02,0.01,0.01,0.01,0.01,0.01,,,,0.01,,0.02,0.01,0.01,0.01,0.02,0.03,0.01,0.02,0.01,0.01,,0.01,0.01,0.01,0.1,0.01,0.01,0.02,0.01,0.01,0.01,0.01,0.05,,0.01,0.01,0.01,0.01,0.01,0.01,0.01,0.01,0.01,0.01,0.001,0.01,,0.01,0.01,0.01,0.01,0.01,0.02,0.05,0.01,0.01,0.02,,0.01,0.01,,0.05,0.01,0.01,0.01,0.02,,0.01,0.01,0.01,0.05,0.01,0.01,,0.01,,,0.01,0.01,0.02,,0.01,0.01,0.03,0.01,0.01,0.01,0.01,0.02,,0.01,0.01,0.01,0.01,0.05,0.01,0.005,0.02,,0.01,0.01,0.01,,0.02,,0.02,0.01,0.01,1.0,0.01,0.01,,0.01,0.01,0.01,0.01,0.01,0.01,0.1,0.01,0.02,0.02,,0.01,0.01,0.01,0.01,0.03,0.01,0.01,0.01,0.01,0.03,0.01,0.01,0.02,2.0,0.02,0.02,,0.01,,0.01,0.01,,0.01,0.03,0.02,0.02,0.01,,,0.01,0.01,0.01,0.01,0.02,0.1,0.01,0.01,0.01,0.01,0.01,0.01,0.01,0.01,0.01,0.01,0.01,,0.05,0.01,0.02,0.005,,0.01,0.1,0.01,0.01,0.01,0.01,0.001,0.01,0.01,0.01,0.01,0.01,,,,0.02,0.01,0.01,0.01,0.01,0.05,0.01,0.01,0.01,0.01,0.01,0.01,0.01,0.01,0.1,0.01
182,Brazil nuts,Brazil nuts,0.01,0.01,0.01,0.01,0.05,0.06,,0.02,0.02,0.2,0.05,0.01,0.01,0.02,0.01,0.1,0.01,0.02,0.01,0.02,0.01,0.07,0.01,0.01,0.01,0.01,0.02,0.05,0.01,0.01,0.01,0.05,0.01,0.05,0.02,0.02,0.02,0.01,0.1,0.05,0.01,0.01,0.02,0.01,0.02,0.01,0.02,0.02,0.01,0.02,0.01,0.03,0.02,0.1,0.01,,0.01,0.01,0.05,0.01,0.01,0.02,0.01,0.01,0.05,0.01,50.0,0.02,0.01,0.01,0.01,0.05,0.01,0.01,0.02,0.02,0.01,0.02,0.05,0.07,0.02,0.1,0.01,0.02,0.01,,0.05,0.05,0.01,,0.03,0.1,0.01,0.02,0.01,0.02,0.02,0.01,0.02,0.04,0.01,0.02,0.01,0.01,0.02,0.02,0.01,0.01,0.01,0.01,0.01,0.02,0.02,0.02,0.01,0.05,0.1,0.05,0.05,0.02,0.5,0.01,30.0,,0.01,0.04,0.02,0.05,0.01,0.09,0.01,0.01,0.01,0.05,0.01,0.05,0.05,0.04,0.01,0.05,0.02,0.05,0.1,0.02,0.01,0.01,0.01,0.02,0.02,0.05,0.01,0.02,0.01,0.01,0.05,0.05,0.01,0.01,0.05,0.01,0.01,0.04,0.01,0.01,0.1,0.01,0.02,0.01,0.01,0.02,0.05,0.05,,0.02,0.02,0.05,0.02,0.02,0.01,0.05,0.01,0.01,0.01,0.02,0.005,0.1,0.01,0.01,0.01,0.01,0.1,0.02,0.01,0.03,0.01,0.1,0.02,0.05,0.01,0.01,0.01,0.01,0.01,0.01,0.02,0.02,0.01,0.02,0.01,0.02,0.02,0.1,0.01,0.01,0.01,0.01,0.01,0.01,0.05,0.02,0.05,0.05,0.005,0.01,0.06,0.01,0.01,0.01,0.01,0.1,0.02,0.02,0.01,0.05,0.01,0.05,,0.01,0.05,0.01,0.01,0.03,30.0,0.01,0.01,0.02,0.02,0.01,0.01,0.01,0.02,0.01,0.01,0.01,0.01,0.02,0.01,0.04,0.07,0.02,0.02,0.02,0.01,0.02,500.0,0.02,0.01,1.0,0.1,0.1,0.05,0.05,0.01,0.01,0.01,0.01,0.01,0.01,0.02,0.05,,0.05,0.01,0.05,0.01,,0.01,0.02,0.01,0.1,0.1,0.01,0.02,0.01,0.01,0.01,0.02,0.01,0.01,0.01,0.01,0.01,0.02,0.01,0.02,0.01,0.1,0.01,0.01,0.01,0.05,0.02,0.2,0.01,0.01,0.01,0.05,0.06,0.02,0.05,0.02,0.01,0.02,0.02,0.01,0.02,0.01,0.05,0.01,0.02,0.05,0.02,0.02,0.02,0.05,0.03,0.01,0.05,0.01,0.1,0.01,0.01,0.01,0.01,0.1,0.01,0.01,0.02,0.02,0.02,0.02,0.02,0.01,0.01,0.02,0.02,0.01,0.01,0.01,0.01,0.01,0.01,0.01,0.01,0.01,0.01,0.01,0.02,0.02,0.01,0.01,0.01,0.02,0.05,0.02,0.01,0.02,0.05,0.01,0.01,0.05,0.05,0.01,0.01,0.01,0.05,,0.02,0.02,0.01,0.05,0.01,0.09,400.0,0.01,0.01,0.01,0.01,0.01,0.02,0.02,0.01,0.01,0.03,0.02,0.02,0.01,0.01,0.05,0.01,0.02,0.02,0.02,0.01,0.2,0.01,0.01,0.05,0.01,0.02,0.02,0.02,0.02,0.02,0.02,0.02,0.01,0.02,1.0,0.05,0.01,0.05,0.02,0.01,0.01,0.01,0.02,0.02,0.15,0.02,0.02,0.05,0.01,0.01,0.02,0.02,0.01,0.03,0.01,0.02,0.02,0.01,0.03,0.01,0.01,0.02,0.07,0.05,0.02,0.5,0.05,,0.05,0.02,0.02,10.0,0.03,0.02,0.02,0.01,0.05,0.01,0.01,0.02,0.01,0.01,0.02,0.1,0.01,0.01,0.01,0.02,0.02,0.02,0.01,0.01,0.01,0.02,0.01,0.2,0.05,0.01,0.02,0.005,40.0,0.01,0.1,0.01,0.01,0.01,0.01,0.005,0.01,0.02,0.01,0.01,0.02,0.02,0.02,,0.02,0.01,0.01,0.01,0.02,0.05,0.01,0.01,0.01,0.01,0.02,0.01,0.01,0.01,0.1,0.01
184,Breadfruit,Breadfruits,0.01,0.01,0.01,0.01,0.05,0.06,,0.01,0.01,0.05,0.01,0.01,0.01,0.01,0.01,0.1,0.01,0.01,0.01,0.01,0.01,0.01,0.01,0.01,0.01,0.01,0.01,0.02,0.01,0.01,0.01,0.01,0.01,0.05,0.01,0.01,0.01,0.01,0.05,0.05,0.01,0.01,0.02,0.01,0.01,0.01,0.01,0.02,0.01,0.02,0.01,0.03,0.01,0.1,0.01,,0.01,0.01,0.01,0.01,0.01,0.01,0.01,0.01,0.01,0.01,"10.0, 20.0",0.01,0.01,0.01,0.01,0.05,0.01,0.01,0.01,0.01,0.01,0.01,0.02,0.03,0.01,0.1,0.01,0.01,0.01,,0.03,0.02,0.01,,0.01,0.3,0.01,0.01,0.01,0.02,0.01,0.01,0.01,0.03,0.01,0.02,0.005,0.01,0.01,0.01,0.01,0.01,0.01,0.01,0.01,0.01,0.01,0.01,0.01,0.05,0.1,0.02,0.02,0.01,0.5,0.01,20.0,,0.01,0.01,0.01,0.05,0.01,0.09,0.01,0.01,0.01,0.02,0.01,0.05,0.05,0.02,0.01,0.05,0.01,0.05,0.06,0.02,0.01,0.01,0.01,0.01,0.01,0.05,0.01,0.02,0.01,0.01,0.02,0.05,0.01,0.01,0.1,0.01,0.01,0.02,0.01,0.01,0.05,0.01,0.01,0.01,0.01,0.01,0.02,0.02,,0.01,0.01,0.05,0.01,0.01,0.01,0.05,0.01,0.01,0.01,0.01,0.002,0.05,0.01,0.01,0.01,0.01,0.05,0.01,0.01,0.03,0.01,0.05,0.01,0.02,0.01,0.01,0.01,0.01,0.01,0.01,0.02,0.01,0.01,0.01,0.01,0.01,0.01,0.1,0.01,0.01,0.01,0.01,0.01,0.01,0.01,0.01,0.02,0.02,0.005,0.01,0.03,0.01,0.01,0.01,0.01,0.01,0.01,0.01,0.01,0.05,0.01,0.02,,0.01,0.02,0.01,0.01,0.01,0.2,0.01,0.01,0.01,0.02,0.01,0.01,0.01,0.01,0.01,0.01,0.01,0.01,0.01,0.01,0.01,0.03,0.01,0.01,0.01,0.01,0.01,2.0,0.02,0.01,1.0,0.1,0.1,0.05,0.02,0.01,0.01,0.01,0.01,0.01,0.01,0.01,0.01,,0.02,0.01,0.05,0.01,,0.01,0.01,0.01,0.1,0.1,0.01,0.01,0.01,0.01,0.01,0.01,0.01,0.01,0.01,0.01,0.01,0.02,0.01,0.01,0.01,0.1,0.01,0.01,0.01,0.05,0.02,0.2,0.01,0.01,0.01,0.05,0.01,0.01,0.02,0.01,0.01,0.01,0.01,0.01,0.02,0.01,0.05,0.01,0.02,0.02,0.01,0.01,0.01,0.02,0.03,0.01,0.02,0.01,0.01,0.01,0.01,0.01,0.01,0.1,0.01,0.01,0.02,0.01,0.01,0.01,0.01,0.01,0.01,0.01,0.01,0.01,0.01,0.01,0.01,0.01,0.01,0.01,0.01,0.001,0.01,0.01,0.01,0.01,0.01,0.01,0.01,0.02,0.05,0.01,0.01,0.02,0.05,0.01,0.01,0.01,0.05,0.01,0.01,0.01,0.02,,0.01,0.01,0.01,0.05,0.01,0.01,1.5,0.01,0.01,0.01,0.01,0.01,0.02,0.01,0.01,0.01,0.03,0.01,0.01,0.01,0.01,0.02,0.01,0.01,0.01,0.01,0.01,0.05,0.01,0.005,0.02,0.01,0.01,0.01,0.01,0.01,0.02,0.02,0.02,0.01,0.01,1.0,0.01,0.01,0.05,0.01,0.01,0.01,0.01,0.01,0.01,0.1,0.01,0.02,0.02,0.01,0.01,0.01,0.01,0.01,0.03,0.01,0.01,0.01,0.01,0.03,0.01,0.01,0.02,0.02,0.02,0.02,0.02,0.01,,0.01,0.01,0.01,0.01,0.03,0.02,0.02,0.01,0.02,0.01,0.01,0.01,0.01,0.01,0.02,0.1,0.01,0.01,0.01,0.01,0.01,0.01,0.01,0.01,0.01,0.01,0.01,0.1,0.05,0.01,0.02,0.005,20.0,0.01,0.1,0.01,0.01,0.01,0.01,0.001,0.01,0.01,0.01,0.01,0.01,0.01,0.01,,0.02,0.01,0.01,0.01,0.01,0.05,0.01,0.01,0.01,0.01,0.01,0.01,0.01,0.01,0.1,0.01
186,BROCCOLI,Broccoli,0.01,0.01,0.01,0.01,0.05,0.06,,0.01,0.01,0.05,0.01,0.01,0.01,0.01,0.01,0.1,0.01,0.01,0.01,0.01,0.01,0.06,0.01,0.01,0.01,0.01,0.01,0.02,0.01,9.0,0.01,0.01,0.01,0.05,0.01,0.01,0.01,0.01,0.05,0.05,1.0,0.01,0.02,0.01,0.01,5.0,0.01,0.02,0.01,0.02,0.01,0.03,0.01,0.1,0.01,,0.01,0.01,0.4,0.01,0.01,0.01,0.01,0.01,5.0,0.01,30.0,0.01,0.01,0.01,0.01,0.05,0.01,0.01,0.01,0.01,0.01,0.01,0.02,0.03,0.01,0.1,0.01,0.002,0.01,,0.03,0.02,0.01,,1.5,0.4,0.01,0.01,0.01,0.02,0.01,0.01,0.01,0.03,0.01,0.02,0.005,0.01,0.01,0.01,0.01,0.01,0.01,0.01,0.01,0.01,0.01,0.01,0.01,0.05,0.5,0.02,0.02,0.01,1.5,0.01,20.0,,0.01,2.0,0.01,0.05,0.01,9.0,0.01,0.01,0.01,0.02,0.01,1.0,0.05,2.0,0.01,0.05,0.01,0.05,0.06,0.02,0.1,0.01,0.01,0.01,0.01,0.05,0.01,0.02,0.01,0.01,0.02,0.05,0.01,0.01,1.0,0.01,0.01,0.7,0.01,0.01,0.05,0.01,5.0,0.01,0.01,0.01,0.02,0.02,,0.01,0.01,0.05,0.01,0.01,0.01,1.0,0.01,0.01,0.01,0.01,0.003,0.05,0.01,0.01,0.01,0.01,0.05,0.01,0.01,0.03,0.01,0.05,0.01,0.02,0.4,0.01,0.01,0.01,0.01,0.01,0.02,0.01,0.01,0.01,0.01,0.01,0.01,0.1,0.01,0.01,0.01,0.01,0.01,0.01,0.01,0.01,0.02,0.05,0.005,0.01,0.03,0.01,0.01,0.01,0.01,0.01,0.01,0.01,0.7,0.05,0.01,0.02,,0.01,0.02,0.01,2.0,0.5,0.2,0.01,0.01,0.6,0.02,0.01,0.01,0.01,0.01,0.01,0.01,0.01,0.05,0.01,0.3,2.0,0.03,0.01,0.01,0.01,0.01,0.01,70.0,0.02,0.01,1.0,0.03,0.1,0.05,0.02,0.01,0.01,0.01,0.01,0.01,0.01,0.01,0.01,,0.02,0.01,0.05,0.01,,0.01,0.01,0.01,0.1,0.1,0.01,0.01,0.01,0.01,0.01,0.01,0.01,0.01,0.01,0.01,0.01,0.02,0.01,0.01,0.1,0.1,0.01,0.01,0.01,0.05,0.02,0.2,0.01,2.0,0.01,0.05,0.7,0.01,0.02,0.01,0.01,0.01,0.01,0.01,0.02,0.2,0.7,0.01,0.06,0.02,0.01,0.01,0.01,0.02,0.03,0.01,0.02,0.01,0.01,0.01,0.01,0.01,0.01,0.1,0.01,0.01,0.02,0.01,0.01,0.01,0.01,0.05,0.01,0.01,0.01,0.01,0.01,0.01,0.01,0.01,0.01,0.01,0.01,0.001,0.01,1.5,0.01,0.01,0.01,0.01,0.01,0.02,0.05,0.01,0.01,0.02,0.05,0.01,0.01,4.0,0.05,0.01,0.01,0.01,0.02,,0.01,0.01,0.01,0.05,0.01,0.01,50.0,0.01,0.08,0.08,0.01,0.01,0.02,0.5,0.01,0.01,0.03,0.01,0.01,0.01,0.01,0.02,3.0,0.01,0.01,0.01,0.01,0.05,0.01,0.005,0.02,0.02,0.01,0.01,0.01,0.05,0.02,0.5,0.02,0.01,0.01,1.0,0.01,0.01,0.05,0.01,0.01,0.01,0.01,0.01,0.01,0.1,0.01,0.02,0.02,0.4,0.01,0.01,0.01,0.01,0.03,0.01,0.01,0.01,0.01,0.03,0.01,0.01,0.02,2.0,0.02,0.02,1.0,0.01,,0.01,0.01,3.0,0.01,0.03,0.02,0.02,0.01,0.15,0.5,0.01,0.01,0.01,0.01,0.02,0.1,0.01,0.01,0.01,0.01,0.01,0.01,0.01,0.01,0.01,0.01,0.01,0.1,0.05,0.01,0.02,0.005,20.0,0.01,0.1,0.01,0.01,0.01,0.01,0.001,0.01,0.01,0.01,0.01,0.01,0.6,0.6,,0.02,0.01,0.01,0.01,0.01,0.05,0.01,0.01,0.01,0.01,0.01,0.01,0.01,0.01,0.1,0.01
190,BRUSSELS SPROUTS,Brussels sprouts,0.01,0.01,0.01,0.01,0.05,0.06,,0.01,0.01,0.05,0.01,0.01,0.01,0.01,0.01,0.1,0.01,0.01,0.01,0.01,0.01,0.05,0.01,0.01,0.01,0.01,0.01,0.02,0.01,9.0,0.01,0.01,0.01,0.05,0.01,0.01,0.01,0.01,0.05,0.05,1.0,0.01,0.02,0.01,0.01,5.0,0.01,0.02,0.01,0.02,0.01,0.03,0.01,0.1,0.01,,0.01,0.01,0.4,0.01,0.01,0.01,0.01,0.01,5.0,0.01,30.0,0.01,0.01,0.01,0.01,0.05,0.01,0.01,0.01,0.01,0.01,0.01,0.02,0.03,0.01,0.5,0.01,0.002,0.01,,0.03,0.02,0.01,,0.01,0.07,0.01,0.01,0.01,0.02,0.01,0.01,0.01,0.03,0.01,0.02,0.005,0.01,0.01,0.01,0.01,0.01,0.01,0.01,0.01,0.01,0.01,0.01,0.01,0.05,0.5,0.02,0.02,0.01,0.5,0.01,20.0,,0.01,2.0,0.01,0.05,0.01,9.0,0.01,0.01,0.01,0.02,0.01,1.0,0.05,0.02,0.01,0.05,0.01,0.05,0.06,0.02,0.01,0.01,0.01,0.01,0.01,0.05,0.01,0.02,0.01,0.01,0.02,0.05,0.01,0.01,0.4,0.01,0.01,0.4,0.01,0.01,0.05,0.01,0.01,0.01,0.01,0.01,0.02,0.02,,0.01,0.01,0.05,0.01,0.01,0.01,2.0,0.01,0.01,0.01,0.01,0.004,0.05,0.01,0.01,0.01,0.01,0.05,0.01,0.01,0.03,0.01,0.05,0.01,0.02,0.01,0.01,0.01,0.01,0.01,0.01,0.02,0.01,0.01,0.01,0.01,0.01,0.01,0.1,0.01,0.01,0.01,0.01,0.01,0.01,0.01,0.01,0.02,0.05,0.005,0.01,0.6,0.01,0.01,0.01,0.01,4.0,0.01,0.01,0.01,0.05,0.01,0.02,,0.01,0.02,0.01,0.2,0.4,0.2,0.01,0.01,0.09,0.02,0.01,0.01,0.01,0.01,0.01,0.01,0.01,0.05,0.01,0.15,0.4,0.03,0.01,0.01,0.01,0.01,0.01,10.0,0.02,0.01,1.0,0.03,0.1,0.05,0.02,0.01,0.01,0.01,0.01,0.01,0.01,0.01,0.01,,0.02,0.01,0.05,0.01,,0.01,0.01,0.01,0.1,0.1,0.01,0.01,0.01,0.01,0.01,0.01,0.01,0.01,0.01,0.01,0.01,0.02,0.01,0.01,0.04,0.1,0.01,0.01,0.01,0.05,0.02,0.2,0.01,0.2,0.01,0.05,0.4,0.01,0.02,0.01,0.01,0.01,0.01,0.01,1.0,0.15,0.4,0.01,0.06,0.02,0.01,0.01,0.01,0.02,0.03,0.01,0.02,0.01,0.01,0.01,0.01,0.01,0.01,0.1,0.01,0.01,0.02,0.01,0.01,0.01,0.01,0.05,0.01,0.01,0.01,0.01,0.01,0.01,0.01,0.01,0.01,0.01,0.01,0.001,0.01,0.01,0.01,0.01,0.01,0.01,0.01,0.02,0.05,0.01,0.01,0.02,0.05,0.01,0.01,0.01,0.05,0.01,0.01,0.01,0.02,,0.01,0.01,0.01,0.05,0.01,0.01,2.0,0.01,0.01,0.01,0.01,0.01,0.02,0.6,0.01,0.01,0.03,0.01,0.01,0.01,0.01,0.02,2.0,0.01,0.01,0.01,0.01,0.05,0.01,0.005,0.02,0.01,0.01,0.01,0.01,0.1,0.02,0.3,0.02,0.01,0.01,1.0,0.01,0.01,0.05,0.01,0.01,0.01,0.01,0.01,0.01,0.1,0.01,0.02,0.02,0.01,0.01,0.01,0.01,0.01,0.03,0.01,0.01,0.01,0.01,0.03,0.01,0.01,0.02,2.0,0.02,0.02,0.3,0.01,,0.01,0.01,0.01,0.01,0.03,0.02,0.02,0.01,0.7,0.01,0.01,0.01,0.01,0.01,0.02,0.1,0.01,0.01,0.01,0.01,0.01,0.01,0.01,0.01,0.01,0.01,0.01,1.0,0.05,0.01,0.02,0.005,20.0,0.01,0.1,0.01,0.01,0.01,0.01,0.001,0.01,0.01,0.01,0.01,0.01,0.6,0.6,,0.02,0.01,0.01,0.01,0.01,0.05,0.01,0.01,0.01,0.01,0.01,0.01,0.01,0.01,0.1,0.01
247,CEREALS,Buckwheat and other pseudocereals,0.01,0.01,0.01,0.01,0.05,0.06,,0.01,0.01,0.05,0.01,0.01,0.001,0.01,0.02,0.1,0.01,0.02,0.01,0.01,0.01,0.01,0.01,0.01,0.01,0.01,0.01,0.02,0.01,0.01,0.01,0.05,0.01,0.05,0.01,0.01,0.01,0.01,0.05,0.05,1.0,0.01,0.05,0.01,0.01,0.01,0.01,0.01,0.01,0.02,0.01,0.03,0.02,0.1,0.01,0.02,0.01,0.01,0.01,0.01,0.01,0.01,0.01,0.01,0.15,0.01,"50.0, 10.0",0.01,0.01,0.01,0.01,0.05,0.01,0.01,0.01,0.01,0.01,0.01,0.02,0.07,0.5,0.01,0.01,0.01,0.01,0.01,0.03,0.05,0.05,,0.02,0.05,0.01,0.01,,0.01,0.02,0.01,0.01,0.03,0.01,0.02,0.005,0.01,0.01,0.02,0.01,0.01,0.01,0.01,0.01,0.01,0.01,0.01,0.01,0.05,0.1,0.02,0.02,0.01,2.0,0.01,10.0,,0.01,0.01,0.02,0.05,0.01,0.09,0.1,0.01,0.01,0.01,0.01,0.3,0.1,0.02,0.02,0.05,0.02,0.05,0.06,0.02,2.0,0.01,0.01,0.01,0.01,0.3,0.01,0.02,0.01,0.02,0.02,0.05,0.01,0.01,0.05,0.01,0.01,0.3,0.01,0.01,0.05,0.01,0.01,0.01,0.01,0.01,0.05,0.02,,0.01,0.01,0.05,0.02,0.02,0.01,0.05,0.01,0.01,0.01,0.01,0.005,0.05,0.01,0.01,0.01,0.01,0.05,0.01,0.01,0.03,0.01,0.05,0.01,0.02,0.01,0.01,0.01,0.01,0.01,0.01,0.02,0.01,0.01,0.01,0.01,0.01,0.05,0.1,0.01,0.01,0.01,0.01,0.01,0.01,0.01,0.01,0.02,0.02,0.005,0.01,0.03,0.01,0.01,0.01,0.02,0.01,0.01,0.01,0.01,0.05,0.01,0.02,,0.01,0.02,0.005,0.01,0.02,2.0,0.01,0.01,0.01,0.02,0.01,0.01,0.01,0.02,0.01,0.01,0.01,0.01,0.01,0.01,0.01,0.07,0.01,0.01,0.02,0.01,0.01,2.0,0.02,0.01,1.0,0.03,0.1,0.05,0.02,0.01,0.01,0.01,0.01,0.01,0.01,0.01,0.01,15.0,0.02,0.01,0.05,0.01,,0.01,0.01,0.01,0.1,0.1,0.01,0.01,0.01,0.01,0.01,0.01,0.01,0.01,0.01,0.01,0.01,0.02,0.15,0.01,0.01,0.1,0.01,0.01,0.01,0.05,8.0,0.2,0.01,0.01,0.01,0.05,0.01,0.01,0.02,0.01,0.01,0.01,0.01,0.01,0.02,0.01,0.05,0.01,0.02,0.02,0.01,0.01,0.01,0.02,0.03,0.01,5.0,0.01,0.01,0.01,0.01,0.01,0.01,0.1,0.01,0.01,0.02,0.01,0.02,0.01,0.01,0.01,0.01,0.01,0.02,0.01,0.01,0.01,0.01,0.01,0.01,0.01,0.01,0.005,0.01,0.01,0.01,0.01,0.01,0.01,0.01,0.02,0.05,0.02,0.01,0.02,0.05,0.01,0.01,0.01,0.05,0.01,0.01,0.01,0.05,,0.02,0.01,0.01,0.05,0.01,0.7,2.0,0.01,0.01,0.01,0.05,0.01,0.02,0.05,0.5,0.01,0.03,0.01,0.01,0.01,0.02,0.02,0.01,0.01,0.01,0.01,0.01,0.05,0.01,0.005,0.02,0.01,0.01,0.01,0.01,0.01,0.05,0.02,0.02,0.02,0.01,3.0,0.01,0.01,0.05,0.01,0.01,0.01,0.01,0.01,0.01,0.1,0.02,0.02,0.02,0.01,0.01,0.02,0.01,0.01,0.03,0.01,0.01,0.01,0.01,0.03,0.01,0.01,0.02,2.0,0.02,0.02,0.02,0.01,,0.02,0.02,0.01,0.01,0.03,0.02,0.02,0.01,0.02,0.01,0.01,0.01,0.01,0.01,0.02,0.1,0.01,0.01,0.01,0.01,0.01,0.01,0.01,0.01,0.01,0.01,0.01,0.01,0.05,0.01,0.05,0.01,20.0,0.01,0.1,0.01,0.01,0.01,0.02,0.003,0.01,0.01,0.01,0.01,0.01,0.01,0.01,,0.02,0.01,0.01,0.01,0.01,0.05,0.02,0.01,0.01,0.01,0.01,0.01,0.01,0.01,0.1,0.01
191,Bud spices,Bud spices,0.02,0.02,0.02,0.05,0.05,0.1,,0.05,0.05,0.1,0.05,0.01,0.01,0.05,0.05,0.1,0.05,0.05,0.05,0.2,0.05,0.05,0.05,0.05,0.05,0.05,0.05,0.05,0.1,0.05,0.05,0.05,0.05,0.1,0.05,0.05,0.02,0.1,0.1,0.1,0.01,0.05,0.05,0.5,0.05,0.05,0.05,0.05,0.05,0.1,0.05,0.1,0.05,0.1,0.05,,0.05,0.05,0.05,0.05,0.05,0.05,0.05,0.01,0.9,0.01,"400.0, 50.0",0.05,0.05,0.05,0.05,0.05,0.05,0.05,0.05,0.05,0.01,0.05,0.1,0.1,0.05,0.1,0.05,0.05,0.01,,0.1,0.1,0.02,,0.05,0.07,0.1,0.05,0.02,0.02,0.05,0.1,0.05,0.1,0.05,0.1,0.025,0.05,0.05,0.05,0.05,0.05,0.01,0.01,0.05,0.05,0.05,0.05,0.05,0.1,0.1,0.1,0.05,0.05,0.5,0.05,40.0,,0.01,0.05,0.05,0.1,0.05,0.1,0.05,0.05,0.05,0.1,0.1,0.1,0.05,0.1,0.1,1.0,0.05,0.1,0.1,0.02,0.05,0.05,0.05,0.05,0.05,0.05,0.05,0.1,"0.1, 0.02",0.05,0.1,0.05,0.05,0.05,0.3,0.05,0.05,0.1,0.05,0.05,0.1,0.05,0.05,0.05,0.05,0.05,0.1,0.1,,0.05,0.05,0.05,0.05,0.05,0.01,,0.05,0.01,0.05,0.05,0.01,0.1,0.1,0.05,0.01,0.02,0.1,0.05,0.05,0.1,0.02,0.1,0.05,0.1,0.05,0.05,0.05,0.05,0.05,0.05,0.05,0.05,0.05,0.05,0.1,0.05,0.05,0.1,0.05,0.05,0.02,0.05,0.05,0.05,0.05,0.05,0.1,0.1,0.005,0.05,0.1,0.05,0.05,0.05,0.1,0.05,0.05,0.05,0.05,0.05,0.05,0.1,,0.05,0.1,0.05,0.05,0.05,5.0,0.02,0.05,0.05,0.1,0.05,0.05,0.05,0.05,0.05,0.05,0.05,0.05,0.05,0.05,0.05,0.1,0.05,0.05,0.05,0.05,0.05,400.0,0.05,0.05,1.0,0.1,0.1,0.05,0.1,0.02,0.05,0.1,0.02,0.01,0.01,0.05,0.05,,0.1,0.05,0.1,0.01,,0.05,0.05,0.05,0.1,0.1,0.05,0.05,0.05,0.05,0.05,0.05,0.05,0.01,0.05,0.01,0.05,0.1,0.05,0.05,0.01,0.1,0.01,0.05,0.05,0.1,0.02,0.5,0.05,0.05,0.05,0.1,0.05,0.05,0.1,0.05,0.05,0.02,0.05,0.05,0.1,0.05,0.1,0.05,0.1,0.1,0.05,0.05,0.1,0.1,0.1,0.05,0.1,0.1,0.05,0.05,0.05,0.05,0.05,0.1,0.05,0.02,0.1,0.05,0.05,0.05,0.05,0.05,0.05,0.05,0.3,0.02,0.05,0.05,0.05,0.05,0.05,0.05,0.02,0.05,0.05,0.05,0.05,0.05,0.05,0.05,0.01,0.05,0.1,0.05,0.05,0.1,0.05,0.05,0.05,0.05,0.1,0.05,0.01,0.05,0.05,,0.05,0.05,0.05,0.1,0.02,0.02,20.0,0.02,0.01,0.01,0.05,0.05,0.05,0.05,0.05,0.05,0.15,0.05,0.05,0.05,0.05,0.1,0.05,0.05,0.05,0.05,0.05,0.1,0.05,0.01,0.1,0.05,0.05,0.05,0.05,0.05,0.1,0.1,0.1,0.02,0.05,0.5,0.05,0.05,0.05,0.05,0.05,0.05,0.05,0.05,0.05,0.1,0.05,0.05,0.1,0.05,0.01,0.05,0.05,0.02,0.03,0.05,0.05,0.05,0.05,0.15,0.01,0.05,0.1,0.1,0.05,0.02,0.1,0.05,,0.1,0.05,0.05,0.05,0.1,0.1,0.1,0.02,0.05,0.05,0.05,0.05,0.05,0.05,0.1,0.1,0.01,0.05,0.05,0.05,0.05,0.05,0.05,0.05,0.05,0.05,0.05,0.1,0.05,0.05,0.1,0.02,40.0,0.05,0.1,0.05,0.05,0.05,0.02,0.005,0.05,0.05,0.05,0.05,0.05,0.05,0.05,,0.1,0.05,0.05,0.05,0.05,0.05,0.05,0.02,0.05,0.05,0.05,0.01,0.05,0.05,0.2,0.05
1122,VEGETABLES,Bulb vegetables,0.01,0.01,0.01,0.01,0.05,0.06,,0.01,0.01,0.05,0.01,0.01,0.01,0.01,0.01,0.1,0.01,0.01,0.01,0.02,0.01,,0.01,,,0.01,0.02,0.05,0.01,,0.01,0.01,0.01,0.05,0.01,0.02,0.01,0.01,0.05,0.05,1.0,0.01,0.02,0.01,0.02,10.0,0.01,0.02,,0.02,0.01,,,0.1,,,0.01,0.01,0.01,0.01,0.01,0.01,0.01,0.01,,0.01,30.0,0.01,0.01,0.01,0.01,0.05,0.01,0.01,0.01,0.02,0.01,0.01,0.05,0.03,0.02,0.1,0.01,0.002,0.01,,0.03,0.02,0.01,,0.01,,0.01,0.01,0.01,0.02,0.02,0.01,0.01,0.03,0.01,0.02,0.005,0.01,0.01,0.01,0.01,0.01,0.01,0.01,0.01,0.02,0.02,0.01,0.01,0.05,0.5,0.02,0.02,0.01,,0.01,5.0,,0.01,,,0.05,0.01,,0.01,0.01,0.01,0.02,0.01,,0.05,,0.01,0.05,0.01,0.05,0.06,0.02,,0.01,0.01,0.01,,0.05,0.01,0.02,0.01,,0.05,0.05,0.01,0.01,,0.01,0.01,0.15,0.01,0.01,0.1,0.01,,0.01,0.01,0.01,0.02,0.02,,0.01,0.01,0.05,0.01,0.02,0.01,,0.01,0.01,0.01,0.02,0.002,0.1,0.01,0.01,0.01,0.01,0.05,0.02,0.01,0.03,0.01,0.05,0.01,0.02,0.01,0.01,0.01,0.01,0.01,0.01,0.02,0.01,0.01,0.01,0.01,,0.02,0.1,0.01,0.01,0.01,0.01,0.01,0.01,0.01,0.02,0.02,0.02,0.005,0.01,0.03,0.01,0.01,,,0.01,0.01,0.01,,0.05,0.01,0.05,,0.01,0.02,0.01,,,0.2,0.01,,0.01,0.02,0.01,0.01,,0.01,0.01,0.01,0.01,0.01,0.01,0.01,,0.03,0.02,0.01,0.01,0.01,0.01,,0.02,0.01,,,0.1,0.05,0.02,0.01,,0.01,0.01,0.01,0.01,0.02,0.01,,0.02,0.01,0.05,0.01,,0.01,0.01,0.01,0.1,0.1,0.01,0.01,0.01,0.01,0.01,,0.01,0.01,0.01,0.01,0.01,0.02,,0.02,0.2,0.1,0.01,0.01,0.01,0.05,0.02,,0.01,,0.01,0.05,,0.01,0.02,0.02,0.01,0.01,0.01,0.01,0.02,,0.05,0.01,,0.02,0.02,0.01,0.02,0.05,0.03,0.01,0.05,0.01,0.01,,0.01,0.01,0.01,0.1,0.01,0.01,0.02,0.01,0.02,0.01,0.02,0.06,0.01,0.01,0.01,0.01,0.01,0.01,0.01,0.01,0.01,0.01,0.01,0.001,0.01,,0.02,0.02,0.01,0.01,0.01,0.02,0.05,0.02,0.01,0.02,0.05,0.01,0.01,,0.05,0.01,0.01,0.01,0.02,,0.02,0.01,0.01,0.05,0.01,0.01,,0.01,0.01,0.01,0.01,0.01,0.02,,0.01,0.01,0.03,0.02,0.02,0.01,0.01,0.05,,0.01,0.01,0.01,0.01,0.05,0.01,0.005,0.02,0.01,0.01,,0.01,,0.02,,0.02,0.01,0.01,1.0,0.01,0.01,,,0.01,0.01,0.01,0.01,0.02,0.1,0.01,0.02,0.05,,0.01,0.01,0.01,0.01,0.03,0.01,0.01,0.02,0.01,0.03,0.01,0.01,,,0.02,0.02,,0.01,,0.01,0.01,,0.01,0.03,0.02,0.02,0.01,,0.01,0.01,0.01,0.01,,0.02,0.1,0.01,0.01,0.01,0.02,0.01,0.01,0.01,0.01,0.01,0.01,0.01,0.1,0.05,0.01,0.02,0.005,,0.01,0.1,0.01,0.01,0.01,0.01,0.001,0.01,0.02,0.01,0.01,0.02,,,,0.02,0.01,0.01,0.01,0.02,0.05,0.01,0.01,0.01,,0.01,0.01,0.01,0.01,0.1,
247,CEREALS,CEREALS,0.01,0.01,0.01,0.01,0.05,0.06,,0.01,0.01,,,0.01,0.001,0.01,0.02,0.1,0.01,0.02,0.01,0.01,0.01,,0.01,,0.01,0.01,0.01,,0.01,0.01,0.01,,0.01,0.05,0.01,0.01,0.01,0.01,0.05,0.05,1.0,0.01,0.05,0.01,0.01,,0.01,,0.01,0.02,0.01,,0.02,0.1,,,0.01,,,0.01,,0.01,,0.01,,0.01,"50.0, 10.0",0.01,0.01,0.01,,0.05,0.01,0.01,0.01,0.01,0.01,0.01,0.02,0.07,,,0.01,0.01,0.01,0.01,0.03,0.05,0.05,,,0.05,0.01,0.01,,,0.02,0.01,0.01,0.03,,0.02,0.005,0.01,,0.02,0.01,0.01,0.01,0.01,0.01,0.01,0.01,0.01,0.01,0.05,0.1,0.02,0.02,0.01,,0.01,10.0,,0.01,0.01,0.02,0.05,0.01,,,0.01,,0.01,0.01,,,,0.02,0.05,0.02,,0.06,0.02,,0.01,0.01,0.01,0.01,,0.01,,0.01,0.02,0.02,0.05,0.01,0.01,,0.01,,,0.01,0.01,0.05,0.01,0.01,0.01,,0.01,0.05,0.02,,0.01,0.01,0.05,,,,,0.01,0.01,0.01,0.01,0.005,0.05,0.01,0.01,0.01,0.01,,0.01,0.01,0.03,0.01,0.05,0.01,0.02,0.01,0.01,0.01,,0.01,0.01,0.02,0.01,0.01,0.01,0.01,0.01,0.05,0.1,0.01,,0.01,,,0.01,0.01,0.01,0.02,,0.005,0.01,,0.01,,0.01,0.02,,0.01,0.01,0.01,,0.01,0.02,,0.01,0.02,0.005,0.01,,2.0,0.01,,,0.02,0.01,0.01,,0.02,0.01,0.01,0.01,,,,,,0.01,0.01,0.02,0.01,0.01,,0.02,0.01,1.0,,,0.05,0.02,0.01,0.01,0.01,0.01,0.01,0.01,0.01,,15.0,0.02,0.01,0.05,,,0.01,0.01,0.01,0.1,0.1,0.01,0.01,0.01,0.01,0.01,0.01,0.01,,0.01,,0.01,0.02,,0.01,,0.1,0.01,0.01,0.01,,8.0,0.2,0.01,0.01,0.01,0.05,,0.01,,0.01,0.01,0.01,0.01,0.01,,,0.05,0.01,0.02,,0.01,0.01,0.01,,0.03,0.01,5.0,0.01,,0.01,0.01,0.01,,0.1,0.01,0.01,0.02,0.01,0.02,0.01,0.01,0.01,0.01,0.01,0.02,0.01,0.01,0.01,0.01,0.01,0.01,0.01,0.01,0.005,0.01,0.01,0.01,,0.01,0.01,0.01,,0.05,0.02,0.01,0.02,0.05,0.01,0.01,,0.05,0.01,0.01,0.01,0.05,,,0.01,0.01,,0.01,,,0.01,,,,0.01,,0.05,,0.01,0.03,0.01,0.01,0.01,,0.02,0.01,0.01,0.01,0.01,0.01,0.05,0.01,0.005,0.02,0.01,,0.01,0.01,,0.05,,0.02,,0.01,3.0,0.01,0.01,0.05,,,0.01,0.01,0.01,,0.1,0.02,,0.02,,0.01,0.02,0.01,0.01,0.03,0.01,0.01,0.01,0.01,0.03,0.01,0.01,0.02,2.0,0.02,0.02,0.02,,,,0.02,,0.01,,0.02,0.02,0.01,,,0.01,0.01,0.01,,0.02,0.1,0.01,,,0.01,0.01,0.01,0.01,0.01,0.01,0.01,0.01,,0.05,0.01,0.05,0.01,,0.01,0.1,0.01,0.01,0.01,0.02,0.003,0.01,0.01,,0.01,0.01,,,,0.02,0.01,0.01,0.01,0.01,,,0.01,0.01,0.01,0.01,0.01,0.01,0.01,0.1,0.01
224,Capers,Capers,0.02,0.02,0.02,0.05,0.05,0.1,,0.05,0.05,0.1,0.05,0.01,0.01,0.05,0.05,0.1,0.05,0.05,0.05,0.2,0.05,0.05,0.05,0.05,0.05,0.05,0.05,0.05,0.1,0.05,0.05,0.05,0.05,0.1,0.05,0.05,0.02,0.1,0.1,0.1,0.01,0.05,0.05,0.5,0.05,0.05,0.05,0.05,0.05,0.1,0.05,0.1,0.05,0.1,0.05,,0.05,0.05,0.05,0.05,0.05,0.05,0.05,0.01,0.9,0.01,"50.0, 400.0",0.05,0.05,0.05,0.05,0.05,0.05,0.05,0.05,0.05,0.01,0.05,0.1,0.1,0.05,0.1,0.05,0.05,0.01,,0.1,0.1,0.02,,0.05,0.07,0.1,0.05,0.02,0.02,0.05,0.1,0.05,0.1,0.05,0.1,0.025,0.05,0.05,0.05,0.05,0.05,0.01,0.01,0.05,0.05,0.05,0.05,0.05,0.1,0.1,0.1,0.05,0.05,0.5,0.05,40.0,,0.01,0.05,0.05,0.1,0.05,0.1,0.05,0.05,0.05,0.1,0.1,0.1,0.05,0.1,0.1,1.0,0.05,0.1,0.1,0.02,0.05,0.05,0.05,0.05,0.05,0.05,0.05,0.1,"0.02, 0.1",0.05,0.1,0.05,0.05,0.05,0.3,0.05,0.05,0.1,0.05,0.05,0.1,0.05,0.05,0.05,0.05,0.05,0.1,0.1,,0.05,0.05,0.05,0.05,0.05,0.01,25.0,0.05,0.01,0.05,0.05,0.01,0.1,0.1,0.05,0.01,0.02,0.1,0.05,0.05,0.1,0.02,0.1,0.05,0.1,0.05,0.05,0.05,0.05,0.05,0.05,0.05,0.05,0.05,0.05,0.1,0.05,0.05,0.1,0.05,0.05,0.02,0.05,0.05,0.05,0.05,0.05,0.1,0.1,0.005,0.05,0.1,0.05,0.05,0.05,0.1,0.05,0.05,0.05,0.05,0.05,0.05,0.1,,0.05,0.1,0.05,0.05,0.05,5.0,0.02,0.05,0.05,0.1,0.05,0.05,0.05,0.05,0.05,0.05,0.05,0.05,0.05,0.05,0.05,0.1,0.05,0.05,0.05,0.05,0.05,400.0,0.05,0.05,1.0,0.1,0.1,0.05,0.1,0.02,0.05,0.1,0.02,0.01,0.01,0.05,0.05,,0.1,0.05,0.1,0.01,,0.05,0.05,0.05,0.1,0.1,0.05,0.05,0.05,0.05,0.05,0.05,0.05,0.01,0.05,0.01,0.05,0.1,0.05,0.05,0.01,0.1,0.01,0.05,0.05,0.1,0.02,0.5,0.05,0.05,0.05,0.1,0.05,0.05,0.1,0.05,0.05,0.02,0.05,0.05,0.1,0.05,0.1,0.05,0.1,0.1,0.05,0.05,0.1,0.1,0.1,0.05,0.1,0.1,0.05,0.05,0.05,0.05,0.05,0.1,0.05,0.02,0.1,0.05,0.05,0.05,0.05,0.05,0.05,0.05,0.3,0.02,0.05,0.05,0.05,0.05,0.05,0.05,0.02,0.05,0.05,0.05,0.05,0.05,0.05,0.05,0.01,0.05,0.1,0.05,0.05,0.1,0.05,0.05,0.05,0.05,0.1,0.05,0.01,0.05,0.05,,0.05,0.05,0.05,0.1,0.02,0.02,20.0,0.02,0.01,0.01,0.05,0.05,0.05,0.05,0.05,0.05,0.15,0.05,0.05,0.05,0.05,0.1,0.05,0.05,0.05,0.05,0.05,0.1,0.05,0.01,0.1,0.05,0.05,0.05,0.05,0.05,0.1,0.1,0.1,0.02,0.05,0.5,0.05,0.05,0.05,0.05,0.05,0.05,0.05,0.05,0.05,0.1,0.05,0.05,0.1,0.05,0.01,0.05,0.05,0.02,0.03,0.05,0.05,0.05,0.05,0.15,0.01,0.05,0.1,0.1,0.05,0.02,0.1,0.05,,0.1,0.05,0.05,0.05,0.1,0.1,0.1,0.02,0.05,0.05,0.05,0.05,0.05,0.05,0.1,0.1,0.01,0.05,0.05,0.05,0.05,0.05,0.05,0.05,0.05,0.05,0.05,0.1,0.05,0.05,0.1,0.02,40.0,0.05,0.1,0.05,0.05,0.05,0.02,0.005,0.05,0.05,0.05,0.05,0.05,0.05,0.05,,0.1,0.05,0.05,0.05,0.05,0.05,0.05,0.02,0.05,0.05,0.05,0.01,0.05,0.05,0.2,0.05
225,Carambolas,Carambolas,0.01,0.01,0.01,0.01,0.05,0.06,,0.01,0.01,0.05,0.01,0.01,0.01,0.01,0.01,0.1,0.01,0.01,0.01,0.01,0.01,0.01,0.01,0.01,0.01,0.01,0.01,0.02,0.01,0.01,0.01,0.01,0.01,0.05,0.01,0.01,0.01,0.01,0.05,0.05,0.01,0.01,0.02,0.01,0.01,0.1,0.01,0.02,0.01,0.02,0.01,0.03,0.01,0.1,0.01,,0.01,0.01,0.01,0.01,0.01,0.01,0.01,0.01,0.01,0.01,"10.0, 20.0",0.01,0.01,0.01,0.01,0.05,0.01,0.01,0.01,0.01,0.01,0.01,0.02,0.03,0.01,0.1,0.01,0.003,0.01,,0.03,0.02,0.01,,0.01,0.3,0.01,0.01,0.01,0.02,0.01,0.01,0.01,0.03,0.01,0.02,0.005,0.01,0.01,0.01,0.01,0.01,0.01,0.01,0.01,0.01,0.01,0.01,0.01,0.05,0.1,0.02,0.02,0.01,0.5,0.01,20.0,,0.01,0.01,0.01,0.05,0.01,0.09,0.01,0.01,0.01,0.02,0.01,0.2,0.05,0.02,0.01,0.05,0.01,0.05,0.06,0.02,0.01,0.01,0.01,0.01,0.01,0.05,0.01,0.02,0.01,0.01,0.02,0.05,0.01,0.01,0.1,0.01,0.01,0.02,0.01,0.01,0.05,0.01,0.01,0.01,0.01,0.01,0.02,0.02,,0.01,0.01,0.05,0.01,0.01,0.01,0.05,0.01,0.01,0.01,0.01,0.002,0.05,0.01,0.01,0.01,0.01,0.05,0.01,0.01,0.03,0.01,0.05,0.01,0.02,0.01,0.01,0.01,0.01,0.01,0.01,0.02,0.01,0.01,0.01,0.01,0.01,0.01,0.1,0.01,0.01,0.01,0.01,0.01,0.01,0.01,0.01,0.02,0.02,0.005,0.01,0.03,0.01,0.01,0.01,0.01,0.01,0.01,0.01,0.01,0.05,0.01,0.02,,0.01,0.02,0.01,0.01,0.01,0.2,0.01,0.01,0.01,0.02,0.01,0.01,0.01,0.01,0.01,0.01,0.01,0.01,0.01,0.01,0.01,0.03,0.01,0.01,0.01,0.01,0.01,2.0,0.02,0.01,1.0,0.1,0.1,0.05,0.02,0.01,0.01,0.01,0.01,0.01,0.01,0.01,0.01,,0.02,0.01,0.05,0.01,,0.01,0.01,0.01,0.1,0.1,0.01,0.01,0.01,0.01,0.01,0.01,0.01,0.01,0.01,0.01,0.01,0.02,0.01,0.01,0.01,0.1,0.01,0.01,0.01,0.05,0.02,0.2,0.01,0.01,0.01,0.05,0.01,0.01,0.02,0.01,0.01,0.01,0.01,0.01,0.02,0.05,0.05,0.01,0.02,0.02,0.01,0.01,0.01,0.02,0.03,0.01,0.02,0.01,0.01,0.01,0.01,0.01,0.01,0.1,0.01,0.01,0.02,0.01,0.01,0.01,0.01,0.01,0.01,0.01,0.01,0.01,0.01,0.01,0.01,0.01,0.01,0.01,0.01,0.001,0.01,0.01,0.01,0.01,0.01,0.01,0.01,0.02,0.05,0.01,0.01,0.02,0.05,0.01,0.01,0.01,0.05,0.01,0.01,0.01,0.02,,0.01,0.01,0.01,2.0,0.01,0.01,1.5,0.01,0.01,0.01,0.01,0.01,0.02,0.01,0.01,0.01,0.03,0.01,0.01,0.01,0.01,0.02,0.01,0.01,0.01,0.01,0.01,0.05,0.01,0.005,0.02,0.01,0.01,0.01,0.01,0.01,0.02,0.02,0.02,0.01,0.01,1.0,0.01,0.01,0.05,0.01,0.01,0.01,0.01,0.01,0.01,0.1,0.01,0.02,0.02,0.01,0.01,0.01,0.01,0.01,0.03,0.01,0.01,0.01,0.01,0.03,0.01,0.01,0.02,0.02,0.02,0.02,0.02,0.01,,0.01,0.01,0.01,0.01,0.03,0.02,0.02,0.01,0.02,0.01,0.01,0.01,0.01,0.01,0.02,0.1,0.01,0.01,0.01,0.01,0.01,0.01,0.01,0.01,0.01,0.01,0.01,0.1,0.05,0.01,0.02,0.005,20.0,0.01,0.1,0.01,0.01,0.01,0.01,0.001,0.01,0.01,0.01,0.01,0.01,0.01,0.01,,0.02,0.01,0.01,0.01,0.01,0.05,0.01,0.01,0.01,0.01,0.01,0.01,0.01,0.01,0.1,0.01
166,Black caraway/black cumin,Caraway,0.02,0.02,0.02,0.05,0.05,0.1,,0.05,0.05,0.1,0.05,0.01,0.01,0.05,0.05,0.1,0.05,0.05,0.05,0.2,0.05,0.05,0.05,0.05,0.03,0.05,0.05,0.05,0.1,0.05,0.05,0.05,0.05,0.1,0.05,0.05,0.02,0.1,0.1,0.1,0.01,0.05,0.05,0.5,0.05,0.3,0.05,0.05,0.05,0.1,0.05,0.1,0.05,0.1,0.05,,0.05,0.05,0.03,0.05,0.05,0.05,0.05,0.01,0.9,0.01,"400.0, 50.0",0.05,0.05,0.05,0.05,0.05,0.05,0.05,0.05,0.05,0.01,0.05,0.1,0.1,0.8,0.1,0.05,0.05,0.01,,0.1,0.1,0.02,,0.05,0.07,0.1,0.05,0.02,0.02,0.05,0.1,0.05,0.1,0.05,0.1,0.025,0.05,0.05,0.05,0.05,0.05,0.01,0.01,0.05,0.05,0.05,0.05,0.05,0.1,0.1,0.1,0.05,0.05,0.5,0.05,40.0,,0.01,0.05,0.05,0.1,0.05,0.1,0.05,0.05,0.03,0.1,0.1,0.1,0.05,0.1,0.1,1.0,0.05,0.1,0.1,0.02,0.05,0.05,0.05,0.05,0.1,0.05,0.05,0.1,"0.02, 0.1",0.05,0.1,0.05,0.05,0.05,0.3,0.05,0.05,0.1,0.05,0.05,0.1,0.05,30.0,0.05,0.05,0.05,0.1,0.1,,0.05,0.05,0.05,0.05,0.05,0.01,0.1,0.05,0.01,0.05,0.05,0.01,5.0,0.1,0.05,0.01,0.02,0.1,5.0,0.05,0.1,0.02,0.1,0.05,0.1,0.05,0.05,0.05,0.05,0.05,0.05,0.05,0.05,0.05,0.05,0.1,0.05,1.0,0.1,0.05,0.05,0.02,0.05,0.05,0.05,0.05,0.05,0.1,0.1,0.005,0.05,0.1,0.05,0.05,0.03,0.1,0.05,0.05,0.05,0.05,0.05,0.05,0.1,,0.05,0.1,0.05,0.05,0.05,5.0,0.02,0.05,0.05,0.1,0.05,0.05,0.05,0.05,0.05,0.05,0.05,0.05,0.05,0.05,0.05,0.1,0.05,0.05,0.05,0.05,0.05,400.0,0.05,0.05,1.0,0.1,0.1,0.05,0.1,0.02,0.05,0.1,0.02,0.01,0.01,0.05,0.05,,0.1,0.05,0.1,0.01,,0.05,0.05,0.05,0.1,0.1,0.05,0.05,0.05,0.05,0.05,0.05,0.05,0.01,0.05,0.01,0.05,0.1,0.05,0.05,0.3,0.1,0.01,0.05,0.05,0.1,0.02,0.5,0.05,0.05,0.05,0.1,0.05,0.05,0.1,0.05,0.05,0.02,0.05,0.05,0.1,0.05,0.1,0.05,0.1,0.1,0.05,0.05,0.1,0.1,0.1,0.05,0.1,0.1,0.05,0.05,0.05,0.05,0.05,0.1,0.05,0.02,0.1,0.05,0.05,0.05,0.05,0.05,0.05,0.05,0.3,0.02,0.05,0.05,0.05,0.05,0.05,0.05,0.02,0.05,0.05,0.05,0.05,0.05,0.05,0.05,0.01,0.05,0.1,5.0,0.05,0.1,0.05,0.05,0.05,0.05,0.1,0.05,0.01,0.05,0.05,,0.1,2.0,0.05,0.1,0.02,0.02,300.0,0.02,0.01,0.01,0.05,0.05,0.05,0.05,0.5,0.05,0.15,0.05,0.07,0.05,0.05,0.1,0.05,0.05,0.05,0.05,0.05,0.1,0.05,0.01,0.1,0.05,0.05,0.3,0.05,0.05,0.1,0.1,0.1,0.02,0.05,0.5,0.05,0.05,0.15,0.05,0.05,0.05,0.05,0.05,0.05,0.1,0.05,0.05,0.1,0.04,0.01,0.05,0.05,0.02,0.03,0.05,0.05,0.05,0.05,0.15,0.01,0.05,0.1,0.1,0.05,0.02,0.1,0.05,,0.1,0.05,0.05,0.05,0.1,0.1,0.1,0.02,1.5,0.05,0.05,0.05,0.05,0.05,0.1,0.1,0.01,0.05,0.05,0.05,0.05,0.05,0.05,0.05,0.05,0.05,0.05,0.1,0.05,0.05,0.1,0.02,40.0,0.05,0.1,0.05,0.05,0.05,0.07,0.005,0.05,0.05,0.05,0.05,0.05,0.05,0.05,,0.1,0.05,0.05,0.05,0.05,0.05,0.05,0.02,0.05,0.05,0.05,0.01,0.05,0.05,0.2,0.05
227,Cardamom,Cardamom,0.02,0.02,0.02,0.05,0.05,0.1,,0.05,0.05,0.1,0.05,0.01,0.01,0.05,0.05,0.1,0.05,0.05,0.05,0.2,0.05,0.1,0.05,0.05,0.01,0.05,0.05,0.05,0.1,0.05,0.05,0.05,0.05,0.1,0.05,0.05,0.02,0.1,0.1,0.1,0.01,0.05,0.05,0.5,0.05,0.3,0.05,0.05,0.05,0.1,0.05,0.1,0.05,0.1,0.05,,0.05,0.05,0.03,0.05,0.05,0.05,0.05,0.01,0.9,0.01,"50.0, 400.0",0.05,0.05,0.05,0.05,0.05,0.05,0.05,0.05,0.05,0.01,0.05,0.1,0.1,0.8,0.1,0.05,0.05,0.01,,0.1,0.1,0.02,,0.05,0.07,0.1,0.05,0.02,0.02,0.05,0.1,0.05,0.1,0.05,0.1,0.025,0.05,0.05,0.05,0.05,0.05,0.01,0.01,0.05,0.05,0.05,0.05,0.05,0.1,0.1,0.1,0.05,0.05,0.5,0.05,40.0,,0.01,0.05,0.05,0.1,0.05,0.1,0.05,0.05,0.03,0.1,0.1,3.0,0.05,0.1,0.1,1.0,0.05,0.1,0.1,0.02,0.05,0.05,0.05,0.05,0.1,0.05,0.05,0.1,"0.02, 0.1",0.05,0.1,0.05,0.05,0.05,0.3,0.05,0.05,0.1,0.05,0.05,0.1,0.05,0.05,0.05,0.05,0.05,0.1,0.1,,0.05,0.05,0.05,0.05,0.05,0.01,0.1,0.05,0.01,0.05,0.05,0.01,5.0,0.1,0.05,0.01,0.02,0.1,5.0,0.05,0.1,0.02,0.1,0.05,0.1,0.05,0.05,0.05,0.05,0.05,0.05,0.05,0.05,0.05,0.05,0.1,0.05,1.0,0.1,0.05,0.05,0.02,0.05,0.05,0.05,0.05,0.05,0.1,0.1,0.005,0.05,0.1,0.05,0.05,0.03,0.1,0.05,0.05,0.05,0.05,0.05,0.05,0.1,,0.05,0.1,0.05,0.05,0.05,5.0,0.02,0.05,0.05,0.1,0.05,0.05,0.05,0.05,0.05,0.05,0.05,0.05,0.05,0.05,0.05,0.1,0.05,0.05,0.05,0.05,0.05,400.0,0.05,0.05,1.0,0.1,0.1,0.05,0.1,0.02,0.05,0.1,0.02,0.01,0.01,0.05,0.05,,0.1,0.05,0.1,0.01,,0.05,0.05,0.05,0.1,0.1,0.05,0.05,0.05,0.05,0.05,0.05,0.05,0.01,0.05,0.01,0.05,0.1,0.05,0.05,2.0,0.1,0.01,0.05,0.05,0.1,0.02,0.5,0.05,0.05,0.05,0.1,0.05,0.05,0.1,0.05,0.05,0.02,0.05,0.05,0.1,0.05,0.1,0.05,0.1,0.1,0.05,0.05,0.1,0.1,0.1,0.05,0.1,0.1,0.05,0.05,0.05,0.05,0.05,0.1,0.05,0.02,0.1,0.05,0.05,0.05,0.05,0.05,0.05,0.05,0.3,0.02,0.05,0.05,0.05,0.05,0.05,0.05,0.02,0.05,0.05,0.05,0.05,0.05,0.05,0.05,0.01,0.05,0.1,5.0,0.05,0.1,0.05,0.05,0.05,0.05,0.1,0.05,0.01,0.05,0.05,,0.1,2.0,0.05,0.1,0.02,0.02,300.0,0.02,0.01,0.01,0.05,0.05,0.05,0.05,0.5,0.05,0.15,0.05,3.0,0.05,0.05,0.1,0.05,0.05,0.05,0.05,0.05,0.1,0.05,0.01,0.1,0.05,0.05,0.3,0.05,0.05,0.1,0.1,0.1,0.02,0.05,0.5,0.05,0.05,0.15,0.05,0.05,0.05,0.05,0.05,0.05,0.1,0.05,0.05,0.1,0.05,0.01,0.05,0.05,0.02,0.03,0.05,0.05,0.05,0.05,0.15,0.01,0.05,0.1,0.1,0.05,0.02,0.1,0.05,,0.1,0.05,0.05,0.05,0.1,0.1,0.1,0.02,0.05,0.05,0.05,0.05,0.05,0.05,0.1,0.1,0.01,0.05,0.05,0.05,0.05,0.05,0.05,0.05,0.05,0.05,0.05,0.1,0.05,0.05,0.1,0.02,40.0,0.05,0.1,0.05,0.05,0.05,4.0,0.005,0.05,0.05,0.05,0.05,0.05,0.05,0.05,,0.1,0.05,0.05,0.05,0.05,0.05,0.05,0.02,0.05,0.05,0.05,0.01,0.05,0.05,0.2,0.05
228,Cardoons,Cardoons,0.01,0.01,0.01,0.01,0.05,0.06,,0.01,0.01,0.05,0.01,0.01,0.01,0.01,0.01,0.1,0.01,0.01,0.01,0.01,0.01,0.01,0.01,0.01,0.01,0.01,0.01,0.02,0.01,0.01,0.01,0.01,0.01,0.05,0.01,0.01,0.01,0.01,0.05,0.05,1.0,0.01,0.02,0.01,0.01,15.0,0.01,0.02,0.01,0.02,0.01,0.03,0.01,0.1,0.01,,0.01,0.01,0.01,0.01,0.01,0.01,0.01,0.01,0.9,0.01,30.0,0.01,0.01,0.01,0.01,0.05,0.01,0.01,0.01,0.01,0.01,0.01,0.02,0.03,0.01,0.1,0.01,0.002,0.01,,0.03,0.02,0.01,,8.0,0.25,0.01,0.01,0.01,0.02,0.01,0.01,0.01,0.03,0.01,0.02,0.005,0.01,0.01,0.01,0.01,0.01,0.01,0.01,0.01,0.01,0.01,0.01,0.01,0.05,0.5,0.02,0.02,0.01,0.5,0.01,20.0,,0.01,0.01,0.01,0.05,0.01,0.09,0.01,0.01,0.01,0.02,0.01,0.05,0.05,0.02,0.01,0.05,0.01,0.05,0.06,0.02,0.01,0.01,0.01,0.01,0.01,0.05,0.01,0.02,0.01,0.01,0.02,0.05,0.01,0.01,7.0,0.01,0.01,0.2,0.01,0.01,0.05,0.01,0.01,0.01,0.01,0.01,0.02,0.02,,0.01,0.01,0.05,0.01,0.01,0.01,0.05,0.01,0.01,0.01,0.01,0.002,0.05,0.01,0.01,0.01,0.01,0.05,0.01,0.01,0.03,0.01,0.05,0.01,0.02,0.01,0.01,0.01,0.01,0.01,0.01,0.02,0.01,0.01,0.01,0.01,0.01,0.01,0.1,0.01,0.01,0.01,0.01,0.01,0.01,0.01,0.01,0.02,0.02,0.005,0.01,0.3,0.01,0.01,0.3,0.01,0.01,0.01,0.01,0.01,0.05,0.01,0.02,,0.01,0.02,0.01,0.01,0.01,0.2,0.01,0.01,0.01,0.02,0.01,0.01,0.01,0.01,0.01,0.01,0.01,0.01,0.01,0.01,9.0,0.03,0.01,0.01,0.01,0.01,0.01,2.0,0.02,0.01,1.0,0.03,0.1,0.05,0.02,0.01,0.01,0.01,0.01,0.01,0.01,0.01,0.01,,0.02,0.01,0.05,0.01,,0.01,0.01,0.01,0.1,0.1,0.01,0.01,0.01,0.01,0.01,0.01,0.01,0.01,0.01,0.01,0.01,0.02,0.01,0.01,0.01,0.1,0.01,0.01,0.01,0.05,0.02,0.2,0.01,0.01,0.01,0.05,3.0,0.01,0.02,0.01,0.01,0.01,0.01,0.01,0.02,0.01,0.05,0.01,0.02,0.02,0.01,0.01,0.01,0.02,0.03,0.01,0.02,0.01,0.01,0.01,0.01,0.01,0.01,0.1,0.01,0.01,0.02,0.01,0.01,0.01,0.01,0.01,0.01,0.01,0.01,0.01,0.01,0.01,0.01,0.01,0.01,0.01,0.01,0.001,0.01,0.01,0.01,0.01,0.01,0.01,0.01,0.02,0.05,0.01,0.01,0.02,0.05,0.01,0.01,20.0,0.05,0.01,0.01,0.01,0.02,,0.01,0.01,0.01,0.05,0.01,0.01,1.5,0.01,0.01,0.01,0.01,0.01,0.02,0.2,0.01,0.01,0.03,0.01,0.01,0.01,0.01,0.02,0.01,0.01,0.01,0.01,0.01,0.05,0.01,0.005,0.02,0.02,0.01,0.01,0.01,0.01,0.02,0.02,0.02,0.01,0.01,1.0,0.01,0.01,0.05,0.01,0.01,0.01,0.01,0.01,0.01,0.1,0.01,0.02,0.02,0.01,0.01,0.01,0.01,0.01,0.03,0.01,0.01,0.01,0.01,0.03,0.01,0.01,0.02,0.02,0.02,0.02,0.02,0.01,,0.01,0.01,0.01,0.01,0.03,0.02,0.02,0.01,0.02,0.01,0.01,0.01,0.01,0.01,0.02,0.1,0.01,0.01,0.01,0.01,0.01,0.01,0.01,0.01,0.01,0.01,0.01,0.1,0.05,0.01,0.02,0.005,20.0,0.01,0.1,0.01,0.01,0.01,0.01,0.001,0.01,0.01,0.01,0.01,0.01,0.01,0.01,,0.02,0.01,0.01,0.01,0.01,0.05,0.01,0.01,0.01,0.01,0.01,0.01,0.01,0.01,0.1,0.01
229,CAROB,Carobs/Saint John's breads,0.1,0.02,0.02,0.05,0.05,0.1,,0.05,0.05,0.1,0.05,0.01,0.01,0.05,0.05,0.1,0.05,0.05,0.05,0.05,0.05,0.05,0.05,0.05,0.05,0.05,0.05,0.05,0.02,0.05,0.05,0.05,0.05,0.1,0.05,0.05,0.02,0.1,0.1,0.1,0.01,0.05,0.05,0.05,0.05,0.05,0.05,0.05,0.05,0.1,0.05,0.1,0.05,0.1,0.05,,0.05,0.05,0.05,0.05,0.05,0.05,0.05,0.01,0.01,0.01,"50.0, 70.0",0.05,0.05,0.05,0.05,0.05,0.05,0.05,0.05,0.05,0.01,0.05,0.1,0.1,0.05,0.1,0.05,0.05,0.01,,0.1,0.1,0.02,,0.05,0.05,0.1,0.05,0.02,0.02,0.05,0.1,0.05,0.1,0.05,0.1,0.025,0.05,0.05,0.05,0.05,0.05,0.01,0.01,0.05,0.05,0.05,0.05,0.05,0.1,0.1,0.1,0.05,0.05,0.5,0.05,20.0,,0.01,0.05,0.05,0.1,0.05,0.1,0.05,0.05,0.05,0.1,0.1,0.1,0.05,0.1,0.1,0.2,0.05,0.1,0.1,0.02,0.7,0.05,0.05,0.05,0.05,0.05,0.05,0.1,0.02,0.05,0.1,0.05,0.05,0.05,0.05,0.05,0.05,0.1,0.05,0.05,0.1,0.05,0.05,0.05,0.05,0.05,0.1,0.1,,0.05,0.05,0.05,0.05,0.05,0.01,0.1,0.05,0.01,0.05,0.05,0.01,0.1,0.01,0.05,0.01,0.02,0.1,0.05,0.05,0.1,0.02,0.1,0.05,0.1,0.05,0.05,0.05,0.05,0.05,0.05,0.05,0.05,0.05,0.05,0.1,0.05,0.05,0.1,0.05,0.05,0.02,0.05,0.05,0.05,0.05,0.05,0.1,0.1,0.005,0.05,0.1,0.05,0.05,0.05,0.1,0.05,0.05,0.05,0.05,0.05,0.05,0.1,,0.05,0.1,0.05,0.05,0.05,10.0,0.02,0.05,0.05,0.1,0.05,0.05,0.05,0.05,0.05,0.05,0.05,0.05,0.05,0.05,0.05,0.1,0.05,0.05,0.05,0.05,0.05,2.0,0.05,0.05,1.0,0.1,0.1,0.05,0.1,0.02,0.05,0.02,0.02,0.01,0.01,0.05,0.05,,0.1,0.05,0.1,0.01,,0.05,0.05,0.05,0.1,0.1,0.05,0.05,0.05,0.05,0.05,0.05,0.05,0.01,0.05,0.01,0.05,0.1,0.05,0.05,0.01,0.1,0.01,0.05,0.05,0.1,0.02,0.5,0.05,0.05,0.05,0.1,0.05,0.05,0.1,0.05,0.05,0.02,0.05,0.05,0.1,0.05,0.1,0.05,0.1,0.1,0.05,0.05,0.05,0.1,0.1,0.05,0.1,0.1,0.05,0.05,0.05,0.05,0.05,0.1,0.05,0.02,0.1,0.05,0.05,0.05,0.05,0.05,0.05,0.05,0.05,0.02,0.05,0.05,0.05,0.05,0.05,0.05,0.02,0.05,0.05,0.05,0.05,0.05,0.05,0.05,0.01,0.05,0.1,0.05,0.05,0.1,0.05,0.05,0.05,0.05,0.1,0.05,0.01,0.05,0.05,,0.05,0.05,0.05,0.1,0.02,0.05,20.0,0.1,0.01,0.01,0.05,0.05,0.05,0.05,0.05,0.05,0.15,0.05,0.05,0.05,0.05,0.1,0.05,0.05,0.05,0.05,0.05,0.1,0.05,0.01,0.1,0.05,0.05,0.05,0.05,0.05,0.1,0.1,0.1,0.02,0.05,0.5,0.05,0.05,0.05,0.05,0.05,0.05,0.05,0.05,0.05,0.1,0.05,0.05,0.1,0.05,0.01,0.05,0.05,0.02,0.03,0.05,0.05,0.05,0.05,0.15,0.01,0.05,0.1,0.1,0.05,0.02,0.1,0.05,,0.1,0.05,0.05,0.05,0.1,0.1,0.1,0.02,0.05,0.05,0.05,0.05,0.05,0.05,0.1,0.1,0.01,0.05,0.05,0.05,0.05,0.05,0.05,0.05,0.05,0.05,0.05,0.1,0.05,0.05,0.1,0.02,20.0,0.05,0.1,0.05,0.05,0.05,0.02,0.005,0.05,0.05,0.05,0.05,0.05,0.05,0.05,,0.1,0.05,0.05,0.05,0.05,0.05,0.05,0.02,0.05,0.05,0.05,0.01,0.05,0.05,0.2,0.01
230,CARROT,Carrots,0.01,0.01,0.01,0.01,0.05,0.06,,0.01,0.01,0.05,0.01,0.01,0.01,0.01,0.01,0.1,0.01,0.01,0.01,0.01,0.01,0.01,0.01,0.01,0.08,0.01,0.01,0.02,0.01,0.01,0.01,0.01,0.01,0.05,0.01,0.01,0.01,0.01,0.05,0.05,1.0,0.01,0.02,0.01,0.01,1.0,0.01,0.02,0.01,0.02,0.01,0.03,0.01,0.1,0.01,,0.01,0.01,0.05,0.01,0.01,0.01,0.09,0.01,2.0,0.01,50.0,0.01,0.01,0.01,0.01,0.05,0.01,0.01,0.01,0.01,0.01,0.01,0.02,0.03,0.01,0.1,0.01,0.002,0.01,,0.03,0.02,0.01,,0.08,0.15,0.01,0.01,0.01,0.02,0.01,0.01,0.01,0.03,0.01,0.02,0.005,0.01,0.01,0.01,0.01,0.01,0.01,0.01,0.01,0.01,0.01,0.01,0.01,0.05,0.5,0.02,0.02,0.01,0.5,0.01,5.0,,0.01,0.05,0.01,0.05,0.01,5.0,0.01,0.01,0.01,0.02,0.01,0.05,0.05,1.5,0.01,0.05,0.01,0.05,0.06,0.02,0.02,0.01,0.01,0.01,0.01,0.05,0.01,0.02,0.01,0.01,0.02,0.05,0.01,0.01,0.4,0.01,0.01,0.4,0.01,0.01,0.05,0.01,0.01,0.01,0.01,0.01,0.02,0.02,,0.01,0.01,0.05,0.01,0.01,0.05,0.2,0.01,0.01,0.01,0.01,0.002,0.05,0.01,0.01,0.01,0.01,0.05,0.01,0.01,0.03,0.01,0.05,0.01,0.02,0.01,0.01,0.01,0.01,0.01,0.01,0.02,0.01,0.01,0.01,0.01,0.01,0.01,0.1,0.01,0.01,0.01,0.01,0.01,0.01,0.01,0.01,0.02,0.02,0.005,0.01,0.3,0.01,0.01,0.4,0.01,0.01,0.01,0.01,1.0,0.05,0.01,0.02,,0.01,0.02,0.01,0.2,0.4,0.2,0.01,0.01,0.9,0.02,0.01,0.08,0.01,0.01,0.01,0.01,0.01,0.01,0.01,0.01,0.9,0.03,0.01,0.01,0.01,0.01,0.01,2.0,0.02,0.01,1.0,0.1,0.1,0.05,0.02,0.01,0.01,0.01,0.01,0.01,0.01,0.01,0.01,,0.02,0.01,0.05,0.01,,0.01,0.01,0.01,0.1,0.1,0.01,0.01,0.01,0.01,0.01,0.01,0.01,0.01,0.01,0.2,0.01,0.02,0.01,0.01,0.04,0.1,0.01,0.01,0.01,0.05,0.02,30.0,0.01,0.01,0.01,0.05,0.5,0.01,0.02,0.01,0.01,0.01,0.01,0.01,0.02,0.1,0.3,0.01,0.02,0.02,0.01,0.01,0.01,0.02,0.03,0.01,0.02,0.01,0.5,0.02,0.01,0.01,0.01,0.1,0.01,0.01,0.02,0.01,0.01,0.01,0.01,0.06,0.01,0.01,0.01,0.01,0.01,0.01,0.01,0.01,0.01,0.01,0.01,0.001,0.01,0.01,0.01,0.01,0.01,0.01,0.01,0.02,0.05,0.01,0.01,0.02,0.7,0.01,0.01,0.6,0.05,0.01,0.01,0.01,0.02,,0.01,0.01,0.01,0.05,0.01,0.01,1.5,0.01,0.01,0.01,0.01,0.01,0.02,0.05,0.01,0.01,0.03,0.01,0.01,0.01,0.01,0.02,0.01,0.01,0.01,0.01,0.01,0.05,0.01,0.005,0.02,0.01,0.01,1.0,0.01,0.1,0.02,0.5,0.02,0.01,0.01,1.0,0.01,0.01,0.05,1.0,0.01,0.01,0.01,0.01,0.01,0.1,0.01,0.02,0.02,0.2,0.01,0.01,0.01,0.01,0.03,0.01,0.01,0.01,0.01,0.03,0.01,0.01,0.02,0.02,0.02,0.02,0.07,0.01,,0.01,0.01,0.05,0.01,0.03,0.02,0.02,0.01,0.4,0.01,0.01,0.01,0.01,0.08,0.02,0.1,0.01,0.01,0.01,0.01,0.01,0.01,0.01,0.01,0.01,0.01,0.01,0.1,0.05,0.01,0.02,0.005,5.0,0.01,0.1,0.01,0.01,0.01,0.01,0.001,0.01,0.01,0.01,0.01,0.01,0.1,0.1,,0.02,0.01,0.01,0.01,0.01,0.05,0.01,0.01,0.01,0.01,0.01,0.01,0.01,0.01,0.1,0.01
231,Cashew nuts,Cashew nuts,0.01,0.01,0.01,0.01,0.05,0.06,,0.02,0.02,0.2,0.05,0.01,0.01,0.02,0.01,0.1,0.01,0.02,0.01,0.02,0.01,0.07,0.01,0.01,0.01,0.01,0.02,0.05,0.01,0.01,0.01,0.05,0.01,0.05,0.02,0.02,0.02,0.01,0.1,0.05,0.01,0.01,0.02,0.01,0.02,0.01,0.02,0.02,0.01,0.02,0.01,0.03,0.02,0.1,0.01,,0.01,0.01,0.05,0.01,0.01,0.02,0.01,0.01,0.05,0.01,50.0,0.02,0.01,0.01,0.01,0.05,0.01,0.01,0.02,0.02,0.01,0.02,0.05,0.07,0.02,0.1,0.01,0.02,0.01,,0.05,0.05,0.01,,0.03,0.1,0.01,0.02,0.01,0.02,0.02,0.01,0.02,0.04,0.01,0.02,0.01,0.01,0.02,0.02,0.01,0.01,0.01,0.01,0.01,0.02,0.02,0.02,0.01,0.05,0.1,0.05,0.05,0.02,0.5,0.01,30.0,,0.01,0.04,0.02,0.05,0.01,0.09,0.01,0.01,0.01,0.05,0.01,0.05,0.05,0.04,0.01,0.05,0.02,0.05,0.1,0.02,0.01,0.01,0.01,0.02,0.02,0.05,0.01,0.02,0.01,0.01,0.05,0.05,0.01,0.01,0.05,0.01,0.01,0.04,0.01,0.01,0.1,0.01,0.02,0.01,0.01,0.02,0.05,0.05,,0.02,0.02,0.05,0.02,0.02,0.01,0.05,0.01,0.01,0.01,0.02,0.005,0.1,0.01,0.01,0.01,0.01,0.1,0.02,0.01,0.03,0.01,0.1,0.02,0.05,0.01,0.01,0.01,0.01,0.01,0.01,0.02,0.02,0.01,0.02,0.01,0.02,0.02,0.1,0.01,0.01,0.01,0.01,0.01,0.01,0.05,0.02,0.05,0.05,0.005,0.01,0.06,0.01,0.01,0.01,0.01,0.1,0.02,0.02,0.01,0.05,0.01,0.05,,0.01,0.05,0.01,0.01,0.03,30.0,0.01,0.01,0.02,0.02,0.01,0.01,0.01,0.02,0.01,0.01,0.01,0.01,0.02,0.01,0.04,0.07,0.02,0.02,0.02,0.01,0.02,500.0,0.02,0.01,1.0,0.1,0.1,0.05,0.05,0.01,0.01,0.01,0.01,0.01,0.01,0.02,0.05,,0.05,0.01,0.05,0.01,,0.01,0.02,0.01,0.1,0.1,0.01,0.02,0.01,0.01,0.01,0.02,0.01,0.01,0.01,0.01,0.01,0.02,0.01,0.02,0.01,0.1,0.01,0.01,0.01,0.05,0.02,0.2,0.01,0.01,0.01,0.05,0.06,0.02,0.05,0.02,0.01,0.02,0.02,0.01,0.02,0.01,0.05,0.01,0.02,0.05,0.02,0.02,0.02,0.05,0.03,0.01,0.05,0.01,0.1,0.01,0.01,0.01,0.01,0.1,0.01,0.01,0.02,0.02,0.02,0.02,0.02,0.01,0.01,0.02,0.02,0.01,0.01,0.01,0.01,0.01,0.01,0.01,0.01,0.01,0.01,0.01,0.02,0.02,0.01,0.01,0.01,0.02,0.05,0.02,0.01,0.02,0.05,0.01,0.01,0.05,0.05,0.01,0.01,0.01,0.05,,0.02,0.02,0.01,0.05,0.01,0.09,400.0,0.01,0.01,0.01,0.01,0.01,0.02,0.02,0.01,0.01,0.03,0.02,0.02,0.01,0.01,0.05,0.01,0.02,0.02,0.02,0.01,0.2,0.01,0.01,0.05,0.01,0.02,0.02,0.02,0.02,0.02,0.02,0.02,0.01,0.02,1.0,0.05,0.01,0.05,0.02,0.01,0.01,0.01,0.02,0.02,0.15,0.02,0.02,0.05,0.01,0.01,0.02,0.02,0.01,0.03,0.01,0.02,0.02,0.01,0.03,0.01,0.01,0.02,0.07,0.05,0.02,0.5,0.05,,0.05,0.02,0.02,10.0,0.03,0.02,0.02,0.01,0.05,0.01,0.01,0.02,0.01,0.01,0.02,0.1,0.01,0.01,0.01,0.02,0.02,0.02,0.01,0.01,0.01,0.02,0.01,0.2,0.05,0.01,0.02,0.005,30.0,0.01,0.1,0.01,0.01,0.01,0.01,0.005,0.01,0.02,0.01,0.01,0.02,0.02,0.02,,0.02,0.01,0.01,0.01,0.02,0.05,0.01,0.01,0.01,0.01,0.02,0.01,0.01,0.01,0.1,0.01
233,Cassava roots/manioc,Cassava roots/manioc,0.01,0.01,0.01,0.01,0.05,0.06,,0.01,0.01,0.05,0.01,0.01,0.01,0.01,0.01,0.1,0.01,0.01,0.01,0.01,0.01,0.01,0.01,0.01,0.01,0.01,0.01,0.02,0.01,0.05,0.01,0.01,0.01,0.05,0.01,0.01,0.01,0.01,0.05,0.05,1.0,0.01,0.02,0.01,0.01,1.0,0.01,0.02,0.01,0.02,0.01,0.03,0.01,0.1,0.02,,0.01,0.01,0.05,0.01,0.01,0.01,0.06,0.01,2.0,0.01,50.0,0.01,0.01,0.01,0.01,0.05,0.01,0.01,0.01,0.01,0.01,0.01,0.02,0.03,0.01,0.1,0.01,0.002,0.01,,0.03,0.02,0.01,,0.02,0.05,0.01,0.01,0.01,0.02,0.01,0.01,0.01,0.03,0.01,0.02,0.005,0.01,0.01,0.01,0.01,0.01,0.01,0.01,0.01,0.01,0.01,0.01,0.01,0.05,0.1,0.02,0.02,0.01,1.0,0.01,5.0,,0.01,0.15,0.01,0.05,0.01,0.09,0.01,0.01,0.01,0.02,0.01,0.05,0.05,0.02,0.01,0.05,0.01,0.05,0.06,0.02,0.01,0.01,0.01,0.01,0.01,0.05,0.01,0.02,0.01,0.01,0.02,0.05,0.01,0.01,0.1,0.01,0.01,0.2,0.01,0.01,0.05,0.01,0.01,0.01,0.01,0.01,0.02,0.02,,0.01,0.01,0.05,0.01,0.01,0.01,0.05,0.01,0.01,0.01,0.01,0.002,0.05,0.01,0.01,0.01,0.01,0.05,0.01,0.01,0.03,0.01,0.05,0.01,0.02,0.01,0.01,0.01,0.01,0.01,0.01,0.02,0.01,0.01,0.01,0.01,0.01,0.01,0.1,0.01,0.01,0.01,0.01,0.01,0.01,0.01,0.01,0.02,0.02,0.005,0.01,0.03,0.01,0.01,0.01,0.01,0.01,0.01,0.01,0.01,0.05,0.01,0.02,,0.01,0.02,0.01,0.01,0.06,0.2,0.01,0.01,0.05,0.02,0.01,0.01,0.01,0.01,0.01,0.01,0.01,0.01,0.01,0.01,0.2,0.03,0.01,0.01,0.01,0.01,0.01,2.0,0.02,0.01,1.0,0.03,0.1,0.05,0.02,0.01,0.01,0.01,0.01,0.01,0.01,0.01,0.01,,0.02,0.01,0.05,0.01,,0.01,0.01,0.01,0.1,0.1,0.01,0.01,0.01,0.01,0.01,0.01,0.01,0.01,0.01,0.01,0.01,0.02,0.01,0.01,0.01,0.5,0.01,0.01,0.01,0.05,0.02,0.2,0.01,0.01,0.01,0.05,0.05,0.01,0.02,0.01,0.01,0.01,0.01,0.01,0.02,0.01,0.05,0.01,0.02,0.04,0.01,0.01,0.01,0.02,0.03,0.01,0.02,0.01,0.01,0.01,0.01,0.01,0.01,0.2,0.01,0.01,0.02,0.01,0.01,0.01,0.01,0.06,0.01,0.01,0.01,0.01,0.01,0.01,0.01,0.01,0.01,0.01,0.01,0.001,0.01,0.01,0.01,0.01,0.01,0.01,0.01,0.02,0.05,0.01,0.01,0.02,0.05,0.01,0.01,0.01,0.05,0.01,0.01,0.01,0.02,,0.01,0.01,0.01,0.05,0.01,0.01,1.5,0.01,0.01,0.01,0.01,0.01,0.02,0.05,0.01,0.01,0.03,0.01,0.01,0.01,0.01,0.02,0.01,0.01,0.01,0.01,0.01,0.05,0.01,0.005,0.02,0.01,0.01,0.01,0.01,0.01,0.02,0.02,0.02,0.01,0.01,1.0,0.01,0.01,0.05,0.01,0.01,0.01,0.01,0.01,0.01,0.1,0.01,0.02,0.02,0.01,0.01,0.01,0.01,0.01,0.03,0.01,0.01,0.01,0.01,0.03,0.01,0.01,0.02,0.02,0.02,0.02,0.02,0.01,,0.01,0.01,0.03,0.01,0.03,0.02,0.02,0.01,0.02,0.01,0.01,0.01,0.01,0.01,0.02,0.1,0.01,0.01,0.01,0.01,0.01,0.01,0.01,0.01,0.01,0.01,0.01,0.1,0.05,0.01,0.02,0.005,5.0,0.01,0.1,0.01,0.01,0.01,0.01,0.001,0.01,0.01,0.01,0.01,0.01,0.01,0.01,,0.02,0.01,0.01,0.01,0.01,0.05,0.01,0.01,0.01,0.01,0.01,0.01,0.01,0.01,0.1,0.01
138,BEANS,Castor beans,0.01,0.02,0.02,0.01,0.05,0.06,,0.02,0.02,0.05,0.05,0.01,0.01,0.02,0.01,0.1,0.01,0.02,0.01,0.02,0.01,0.01,0.01,0.01,0.01,0.01,0.02,0.05,0.02,0.01,0.01,0.05,0.01,0.05,0.02,0.02,0.02,0.01,0.1,0.05,0.01,0.01,0.02,0.01,0.02,0.01,0.02,0.02,0.01,0.02,0.01,0.03,0.02,0.1,0.01,,0.01,0.01,0.02,0.01,0.01,0.02,0.01,0.01,1.0,0.01,"20.0, 5.0",0.02,0.01,0.01,0.01,0.05,0.01,0.01,0.02,0.02,0.01,0.02,0.05,0.07,0.05,0.1,0.01,0.02,0.01,,0.05,0.05,0.02,,2.0,0.05,0.01,0.02,0.02,0.02,0.02,0.01,0.02,0.04,0.01,0.02,0.01,0.01,0.02,0.02,0.01,0.01,0.01,0.01,0.01,0.02,0.02,0.02,0.01,0.05,0.1,0.05,0.05,0.02,0.5,0.01,30.0,,0.01,1.5,0.02,0.05,0.01,0.09,0.01,0.01,0.01,0.05,0.01,0.05,0.05,0.02,0.01,0.05,0.02,0.1,0.1,0.02,0.01,0.01,0.01,0.02,0.02,0.05,0.01,0.02,0.01,0.01,0.05,0.05,0.01,0.01,0.05,0.01,0.01,0.05,0.01,0.01,0.1,0.01,0.02,0.01,0.01,0.02,0.05,0.05,,0.02,0.02,0.05,0.01,0.02,0.02,0.1,0.01,0.01,0.01,0.02,0.005,0.1,0.01,0.01,0.01,0.02,0.1,0.02,0.01,0.03,0.01,0.1,0.02,0.05,0.01,0.01,0.01,0.01,0.01,0.01,0.02,0.01,0.01,0.02,0.01,0.02,0.02,0.1,0.01,0.01,0.01,0.01,0.01,0.01,0.01,0.02,0.05,0.05,0.005,0.01,0.06,0.01,0.01,0.01,0.01,0.01,0.02,0.02,0.01,0.05,0.01,0.05,,0.01,0.05,0.01,0.01,0.01,2.0,0.01,0.01,0.01,0.02,0.01,0.01,0.01,0.02,0.01,0.01,0.01,0.01,0.02,0.01,0.9,0.07,0.02,0.02,0.02,0.01,0.02,2.0,0.05,0.01,1.0,0.03,0.1,0.05,0.05,0.01,0.01,0.01,0.02,0.01,0.01,0.02,0.01,,0.05,0.01,0.05,0.01,,0.01,0.02,0.01,0.1,0.1,0.01,0.02,0.01,0.01,0.01,0.02,0.01,0.01,0.01,0.01,0.01,0.02,0.01,0.02,0.2,0.1,0.01,0.01,0.01,0.1,0.02,0.5,0.01,0.01,0.01,0.05,0.01,0.02,0.05,0.02,0.01,0.02,0.02,0.01,0.02,0.01,0.05,0.01,0.02,0.05,0.02,0.02,0.02,0.05,0.03,0.01,0.05,0.01,0.01,0.01,0.01,0.01,0.01,0.1,0.01,0.01,0.02,0.02,0.02,0.02,0.02,0.01,0.02,0.02,0.02,0.02,0.01,0.01,0.01,0.01,0.01,0.01,0.02,0.01,0.01,0.01,0.02,0.02,0.01,0.01,0.01,0.02,0.05,0.02,0.01,0.02,0.05,0.01,0.01,0.01,0.1,0.01,0.01,0.01,0.05,,0.02,0.02,0.01,0.05,0.01,0.05,1.5,0.02,0.01,0.01,0.01,0.01,0.02,0.02,0.5,0.01,0.03,0.02,0.02,0.01,0.01,0.05,0.01,0.05,0.02,0.02,0.01,0.2,0.01,0.01,0.05,0.01,0.02,0.02,0.02,0.02,0.02,0.2,0.02,0.01,0.02,3.0,0.01,0.01,0.05,0.02,0.01,0.01,0.01,0.02,0.02,0.15,0.02,0.05,0.05,0.01,0.01,0.02,0.02,0.02,0.03,0.01,0.02,0.02,0.01,0.03,0.01,0.01,0.02,0.02,0.02,0.02,0.02,0.05,,0.05,0.02,0.02,0.01,0.03,0.02,0.02,0.01,0.02,0.01,0.01,0.02,0.01,0.01,0.02,0.1,0.01,0.01,0.01,0.02,0.02,0.02,0.01,0.01,0.01,0.02,0.01,0.1,0.05,0.01,0.02,0.005,30.0,0.01,0.1,0.01,0.01,0.01,0.01,0.005,0.01,0.02,0.01,0.01,0.02,0.01,0.01,,0.02,0.01,0.01,0.01,0.02,0.05,0.01,0.02,0.01,0.01,0.02,0.01,0.01,0.01,0.1,0.01
237,CATTLE,Cattle,0.01,,0.1,0.02,0.3,0.06,0.01,0.01,0.01,0.01,0.05,0.01,0.001,0.01,0.01,0.1,0.01,0.01,0.01,0.02,0.01,0.2,0.01,0.01,0.01,0.01,0.01,0.01,0.006,0.03,0.07,0.02,0.01,0.01,0.01,0.01,0.01,0.01,0.02,,0.01,0.01,0.01,0.01,0.01,0.01,0.01,0.01,0.02,0.02,0.01,0.02,0.01,0.1,0.01,0.02,0.02,0.01,0.2,0.01,0.01,0.01,0.2,0.01,0.02,0.01,0.05,0.01,0.01,0.01,0.01,0.05,0.01,0.01,0.01,0.01,0.01,0.01,0.01,0.03,0.05,0.05,0.01,0.001,0.01,,0.03,0.01,,,0.05,0.1,0.05,0.01,0.002,0.02,,0.05,0.01,0.1,0.5,0.1,0.01,0.01,0.01,0.02,0.05,0.05,0.01,0.01,0.01,0.01,0.01,0.01,0.01,0.05,0.05,0.02,0.05,0.01,0.05,0.01,2.0,,0.01,0.02,0.01,0.01,0.01,0.06,0.02,0.01,0.02,0.01,0.01,0.05,0.05,0.02,0.01,0.04,0.02,,0.06,,0.05,0.01,0.01,0.01,0.02,0.5,0.01,0.01,,0.01,0.1,0.1,0.01,0.01,0.005,0.01,0.01,0.07,0.01,0.01,,0.01,0.01,0.01,0.01,0.01,0.03,0.02,0.1,0.01,0.01,0.05,0.01,0.01,0.01,0.05,0.01,0.01,0.01,0.02,0.002,0.05,0.001,0.002,0.01,0.01,0.05,0.01,0.01,0.03,0.01,0.05,0.01,0.02,0.07,0.01,0.01,0.03,0.01,0.005,0.02,0.02,0.01,0.02,,0.01,0.01,0.05,0.01,0.015,,0.02,0.01,0.01,0.01,0.01,0.02,0.04,0.005,0.01,0.15,0.01,0.01,0.08,0.01,0.1,0.01,0.01,0.04,0.01,0.01,0.02,0.05,0.01,0.02,0.005,0.02,0.07,0.2,,0.02,0.15,0.02,0.01,0.05,0.06,0.01,0.01,0.02,0.01,0.05,0.01,0.03,0.02,0.05,0.01,0.01,0.01,0.01,0.01,0.5,,0.01,1.0,0.03,0.05,0.02,0.02,,0.002,0.004,0.005,0.01,0.01,,0.05,,0.01,0.02,0.01,0.01,0.01,0.01,0.02,0.01,0.1,0.1,0.01,0.02,0.01,0.01,0.01,0.01,0.01,0.01,0.01,0.01,0.01,0.02,0.02,0.01,0.02,0.1,0.01,0.01,0.15,0.05,0.02,0.07,0.01,0.01,0.01,,0.03,0.01,0.07,,0.01,0.01,0.02,0.01,0.02,0.01,0.01,0.01,0.01,0.02,0.05,0.01,0.01,0.02,0.03,0.01,0.05,0.01,0.05,0.01,0.01,0.01,0.01,0.1,0.01,,0.02,0.01,,0.01,0.01,0.01,0.01,0.02,0.01,0.01,0.02,0.01,0.01,0.01,0.01,0.01,0.01,0.001,0.01,0.01,0.01,0.01,0.01,0.01,0.01,,0.05,0.01,0.01,0.01,0.02,0.01,0.01,0.01,0.05,0.01,0.01,0.05,0.05,,0.01,0.01,0.005,0.05,,0.01,0.4,0.02,0.05,0.05,0.01,0.01,,0.05,0.01,0.01,0.03,0.01,0.01,0.01,0.01,0.02,0.01,0.01,0.01,0.01,0.01,0.01,0.01,0.01,0.02,0.01,0.02,0.01,0.02,0.01,0.01,0.01,0.02,0.01,0.01,0.05,0.01,0.01,0.05,0.05,0.01,0.01,0.01,0.01,,0.02,0.02,0.05,0.01,0.015,0.01,0.02,0.02,0.01,0.01,0.01,0.01,0.01,0.01,0.03,0.01,0.01,0.02,0.2,0.004,0.01,0.01,0.015,0.2,0.01,0.02,0.2,0.01,0.01,0.01,0.02,,0.02,0.01,0.01,0.01,0.01,0.01,0.01,0.02,0.01,0.02,0.02,0.05,0.1,0.01,0.01,0.01,0.01,0.01,0.01,0.05,0.01,0.01,0.01,0.002,2.0,0.01,0.05,0.01,0.01,0.01,0.01,0.01,0.01,0.01,0.01,0.01,0.01,0.02,0.02,0.01,0.01,0.01,0.01,0.01,0.01,0.1,0.01,0.01,0.01,0.03,0.01,0.01,0.01,0.01,,0.01
238,CAULIFLOWER,Cauliflowers,0.01,0.01,0.01,0.01,0.05,0.06,,0.01,0.01,0.05,0.01,0.01,0.01,0.01,0.01,0.1,0.01,0.01,0.01,0.01,0.01,0.06,0.01,0.01,0.01,0.01,0.01,0.02,0.01,9.0,0.01,0.01,0.01,0.05,0.01,0.01,0.01,0.01,0.05,0.05,1.0,0.01,0.02,0.01,0.01,5.0,0.01,0.02,0.01,0.02,0.01,0.03,0.01,0.1,0.01,,0.01,0.01,0.4,0.01,0.01,0.01,0.01,0.01,5.0,0.01,30.0,0.01,0.01,0.01,0.01,0.05,0.01,0.01,0.01,0.01,0.01,0.01,0.02,0.03,0.01,0.1,0.01,0.002,0.01,,0.03,0.02,0.01,,0.5,0.06,0.01,0.01,0.01,0.02,0.01,0.01,0.01,0.03,0.01,0.02,0.005,0.01,0.01,0.01,0.01,0.01,0.01,0.01,0.01,0.01,0.01,0.01,0.01,0.05,0.5,0.02,0.02,0.01,3.0,0.01,20.0,,0.01,2.0,0.01,0.05,0.01,9.0,0.01,0.01,0.01,0.02,0.01,0.5,0.05,2.0,0.01,0.05,0.01,0.05,0.06,0.02,0.1,0.01,0.01,0.01,0.01,0.05,0.01,0.02,0.01,0.01,0.02,0.05,0.01,0.01,0.2,0.01,0.01,0.7,0.01,0.01,0.05,0.01,0.6,0.01,0.01,0.01,0.02,0.02,,0.01,0.01,0.05,0.01,0.01,0.01,1.0,0.01,0.01,0.01,0.01,0.003,0.05,0.01,0.01,0.01,0.01,0.05,0.01,0.01,0.03,0.01,0.05,0.01,0.02,0.4,0.01,0.01,0.01,0.01,0.01,0.02,0.01,0.01,0.01,0.01,0.01,0.01,0.1,0.01,0.01,0.01,0.01,0.01,0.01,0.01,0.01,0.02,0.02,0.005,0.01,0.03,0.01,0.01,0.01,0.01,0.01,0.01,0.01,0.01,0.05,0.01,0.02,,0.01,0.02,0.01,2.0,0.3,0.2,0.01,0.01,0.6,0.02,0.01,0.01,0.01,0.01,0.01,0.01,0.01,0.05,0.01,0.3,0.2,0.03,0.01,0.01,0.01,0.01,0.01,70.0,0.02,0.01,1.0,0.03,0.1,0.05,0.02,0.01,0.01,0.01,0.01,0.01,0.01,0.01,0.01,,0.02,0.01,0.05,0.01,,0.01,0.01,0.01,0.1,0.1,0.01,0.01,0.01,0.01,0.01,0.01,0.01,0.01,0.01,0.01,0.01,0.02,0.01,0.01,0.1,0.1,0.01,0.01,0.01,0.05,0.02,0.2,0.01,0.3,0.01,0.05,0.7,0.01,0.02,0.01,0.01,0.01,0.01,0.01,0.5,0.2,0.7,0.01,0.06,0.02,0.01,0.01,0.01,0.02,0.03,0.01,0.02,0.01,0.01,0.01,0.01,0.01,0.01,0.1,0.01,0.01,0.02,0.01,0.01,0.01,0.01,0.05,0.01,0.01,0.01,0.01,0.01,0.01,0.01,0.01,0.01,0.01,0.01,0.001,0.01,1.5,0.01,0.01,0.01,0.01,0.01,0.02,0.05,0.01,0.01,0.02,0.05,0.01,0.01,4.0,0.05,0.01,0.01,0.01,0.02,,0.01,0.01,0.01,0.05,0.01,0.01,50.0,0.01,0.08,0.08,0.01,0.01,0.02,0.5,0.01,0.01,0.03,0.01,0.01,0.01,0.01,0.02,10.0,0.01,0.01,0.01,0.01,0.05,0.01,0.005,0.02,0.02,0.01,0.01,0.01,0.05,0.02,0.5,0.02,0.01,0.01,1.0,0.01,0.01,0.05,0.01,0.01,0.01,0.01,0.01,0.01,0.1,0.01,0.02,0.02,0.4,0.01,0.01,0.01,0.01,0.03,0.01,0.01,0.01,0.01,0.03,0.01,0.01,0.02,2.0,0.02,0.02,1.0,0.01,,0.01,0.01,0.04,0.01,0.03,0.02,0.02,0.01,0.05,0.01,0.01,0.01,0.01,0.01,0.02,0.1,0.01,0.01,0.01,0.01,0.01,0.01,0.01,0.01,0.01,0.01,0.01,0.1,0.05,0.01,0.02,0.005,20.0,0.01,0.1,0.01,0.01,0.01,0.01,0.001,0.01,0.01,0.01,0.01,0.01,0.5,0.5,,0.02,0.01,0.01,0.01,0.01,0.05,0.01,0.01,0.01,0.01,0.01,0.01,0.01,0.01,0.1,0.01
243,CELERIAC,Celeriacs/turnip rooted celeries,0.01,0.01,0.01,0.01,0.05,0.06,,0.01,0.01,0.05,0.01,0.01,0.01,0.01,0.01,0.1,0.01,0.01,0.01,0.01,0.01,0.01,0.01,0.01,0.3,0.01,0.01,0.02,0.01,0.01,0.01,0.01,0.01,0.05,0.01,0.01,0.01,0.01,0.05,0.05,1.0,0.01,0.02,0.01,0.01,1.0,0.01,0.02,0.01,0.02,0.01,0.03,0.01,0.1,0.01,,0.01,0.01,0.05,0.01,0.01,0.01,0.09,0.01,2.0,0.01,50.0,0.01,0.01,0.01,0.01,0.05,0.01,0.01,0.01,0.01,0.01,0.01,0.02,0.03,0.01,0.1,0.01,0.002,0.01,,0.03,0.02,0.01,,0.06,0.15,0.01,0.01,0.01,0.02,0.01,0.01,0.01,0.03,0.01,0.02,0.005,0.01,0.01,0.01,0.01,0.01,0.01,0.01,0.01,0.01,0.01,0.01,0.01,0.05,0.5,0.02,0.02,0.01,0.5,0.01,5.0,,0.01,0.05,0.01,0.05,0.01,3.0,0.01,0.01,0.01,0.02,0.01,0.05,0.05,0.3,0.01,0.05,0.01,0.05,0.06,0.02,0.02,0.01,0.01,0.01,0.01,0.05,0.01,0.02,0.01,0.01,0.02,0.05,0.01,0.01,2.0,0.01,0.01,0.4,0.01,0.01,0.05,0.01,0.01,0.01,0.01,0.01,0.02,0.02,,0.01,0.01,0.05,0.01,0.01,0.01,0.3,0.01,0.01,0.01,0.01,0.002,0.05,0.01,0.01,0.01,0.01,0.05,0.01,0.01,0.03,0.01,0.05,0.01,0.02,0.01,0.01,0.01,0.01,0.01,0.01,0.02,0.01,0.01,0.01,0.01,0.01,0.01,0.1,0.01,0.01,0.01,0.01,0.01,0.01,0.01,0.01,0.02,0.02,0.005,0.01,0.3,0.01,0.01,0.5,0.01,0.01,0.01,0.01,0.2,0.05,0.01,0.02,,0.01,0.02,0.01,0.2,0.4,0.2,0.01,0.01,0.9,0.02,0.01,0.08,0.01,0.01,0.01,0.01,0.01,0.01,0.01,0.01,0.9,0.03,0.01,0.01,0.01,0.01,0.01,8.0,0.02,0.01,1.0,0.1,0.1,0.05,0.02,0.01,0.01,0.01,0.01,0.01,0.01,0.01,0.01,,0.02,0.01,0.05,0.01,,0.01,0.01,0.01,0.1,0.1,0.01,0.01,0.01,0.01,0.01,0.01,0.01,0.01,0.01,0.2,0.01,0.02,0.01,0.01,0.07,0.1,0.01,0.01,0.01,0.05,0.02,0.2,0.01,0.01,0.01,0.05,0.5,0.01,0.02,0.01,0.01,0.01,0.01,0.01,0.02,0.01,0.3,0.01,0.02,0.02,0.01,0.01,0.01,0.02,0.03,0.01,0.02,0.01,0.01,0.02,0.01,0.01,0.01,0.1,0.01,0.01,0.02,0.01,0.01,0.01,0.01,0.06,0.01,0.01,0.01,0.01,0.01,0.01,0.01,0.01,0.01,0.01,0.01,0.001,0.01,0.01,0.01,0.01,0.01,0.01,0.01,0.02,0.05,0.01,0.01,0.02,0.2,0.01,0.01,0.01,0.05,0.01,0.01,0.01,0.02,,0.01,0.01,0.01,0.05,0.01,0.01,6.0,0.01,0.01,0.01,0.01,0.01,0.02,0.05,0.01,0.01,0.03,0.01,0.01,0.01,0.01,0.02,0.09,0.01,0.01,0.01,0.01,0.05,0.01,0.005,0.02,0.01,0.01,0.08,0.01,0.01,0.02,0.5,0.02,0.01,0.01,1.0,0.01,0.01,0.05,0.01,0.01,0.01,0.01,0.01,0.01,0.1,0.01,0.02,0.02,0.08,0.01,0.01,0.01,0.01,0.03,0.01,0.01,0.01,0.01,0.03,0.01,0.01,0.02,0.02,0.02,0.02,0.07,0.01,,0.01,0.01,0.03,0.01,0.03,0.02,0.02,0.01,0.5,0.01,0.01,0.01,0.01,0.08,0.02,0.1,0.01,0.01,0.01,0.01,0.01,0.01,0.01,0.01,0.01,0.01,0.01,0.1,0.05,0.01,0.02,0.005,5.0,0.01,0.1,0.01,0.01,0.01,0.01,0.001,0.01,0.01,0.01,0.01,0.01,0.03,0.03,,0.02,0.01,0.01,0.01,0.01,0.05,0.01,0.01,0.01,0.01,0.01,0.01,0.01,0.01,0.1,0.01
244,Celeries,Celeries,0.01,0.01,0.01,0.01,0.05,0.06,,0.01,0.01,0.05,0.01,0.01,0.01,0.01,0.01,0.1,0.01,0.01,0.05,0.01,0.01,0.01,0.01,0.01,0.01,0.01,0.01,0.02,0.01,20.0,0.01,0.01,0.01,0.05,0.01,0.01,0.01,0.01,0.05,0.05,1.0,0.01,0.02,0.01,0.01,15.0,0.01,0.02,0.01,0.02,0.01,0.03,0.01,0.1,0.01,,0.01,0.01,0.01,0.01,0.01,0.01,0.01,0.01,9.0,0.01,30.0,0.01,0.01,0.01,0.01,0.05,0.01,0.01,0.01,0.01,0.01,0.01,0.02,0.03,0.01,0.1,0.01,0.002,0.01,,0.03,0.02,0.01,,8.0,0.25,0.01,0.01,0.01,0.02,0.01,0.01,0.01,0.03,0.01,0.02,0.005,0.01,0.01,0.01,0.01,0.01,0.01,0.01,0.01,0.01,0.01,0.01,0.01,0.05,0.5,0.02,0.02,0.01,0.5,0.01,20.0,,0.01,15.0,0.01,0.05,0.01,0.09,0.01,0.01,0.01,0.02,0.01,0.05,0.2,30.0,0.01,0.05,0.01,0.05,0.06,0.02,0.3,0.01,0.01,0.01,0.01,0.05,0.01,0.02,0.01,0.01,0.02,0.05,0.01,0.01,7.0,0.01,0.01,0.2,0.01,0.01,0.05,0.01,15.0,0.01,0.01,0.01,0.02,0.02,0.6,0.01,0.01,0.05,0.01,0.01,0.01,0.05,0.01,0.01,0.01,0.01,0.002,0.05,0.01,0.01,0.01,0.01,0.05,0.01,0.01,0.03,0.01,0.05,0.01,0.02,0.01,0.01,0.01,0.01,0.01,0.01,0.02,0.01,0.01,0.01,0.01,0.01,0.01,0.1,0.01,0.01,0.01,0.01,0.01,0.01,0.01,0.01,0.02,0.02,0.005,0.01,0.3,0.01,0.01,0.3,0.01,6.0,0.01,0.01,1.5,0.05,0.01,0.02,,0.01,0.02,0.01,0.01,20.0,0.2,0.01,0.01,0.01,0.02,0.01,0.01,0.01,0.01,0.01,0.01,0.01,0.01,0.01,0.01,9.0,0.03,0.01,0.01,0.01,0.01,0.01,2.0,0.02,0.01,1.0,0.03,0.1,0.05,0.02,0.01,0.01,0.01,0.01,0.01,0.01,0.01,0.01,,0.02,0.01,0.05,0.01,,0.01,0.01,0.01,0.1,0.1,0.01,0.01,0.01,0.01,0.01,0.01,0.01,0.01,0.01,0.01,0.01,0.02,0.01,0.01,0.2,0.1,0.01,0.01,0.01,0.05,0.02,0.2,0.01,20.0,0.01,0.05,3.0,0.01,0.02,0.01,0.01,0.01,0.01,0.01,0.02,0.01,0.05,0.01,0.02,0.02,0.01,0.01,0.01,0.02,0.03,0.01,0.02,0.01,0.01,0.01,0.01,0.01,0.01,0.1,0.01,0.01,0.02,0.01,0.01,0.01,0.01,0.01,0.01,0.01,0.01,0.01,0.01,0.01,0.01,0.01,0.01,0.01,0.01,0.001,0.01,0.01,0.01,0.01,0.01,0.01,0.01,0.02,0.05,0.01,0.01,0.02,0.1,0.01,0.01,20.0,0.05,0.01,0.01,0.01,0.02,,0.01,0.01,0.01,0.05,0.01,0.01,1.5,0.01,0.01,0.01,0.01,0.01,0.02,0.15,0.01,0.01,0.03,0.01,0.01,0.01,0.01,0.02,0.01,0.01,0.01,0.01,0.01,0.05,0.01,0.005,0.02,0.01,0.01,1.5,0.01,0.01,0.02,1.5,0.02,0.01,0.01,1.0,0.01,0.01,0.05,0.01,0.01,0.01,0.01,0.01,0.01,0.1,0.01,0.02,0.02,0.01,0.01,0.01,0.01,0.01,0.03,0.01,0.01,0.01,0.01,0.03,0.01,0.01,0.02,5.0,0.02,0.02,4.0,0.01,,0.01,0.01,1.5,0.01,0.03,0.02,0.02,0.01,0.5,0.01,0.01,0.01,0.01,0.01,0.02,0.1,0.01,0.01,0.01,0.01,0.01,0.01,0.01,0.01,0.01,0.01,0.01,0.1,0.05,0.01,0.02,0.005,20.0,0.01,0.1,0.01,0.01,0.01,0.01,0.001,0.01,0.01,0.01,0.01,0.01,1.0,1.0,,0.02,0.01,0.01,0.01,0.01,0.05,0.01,0.01,0.01,0.01,0.01,0.01,0.01,0.01,0.1,0.01
245,Celery,Celery,0.02,0.02,0.02,0.05,0.05,0.1,,0.05,0.05,0.1,0.05,0.01,0.01,0.05,0.05,0.1,0.05,0.05,0.05,0.2,0.05,0.05,0.05,0.05,0.01,0.05,0.05,0.05,0.1,0.05,0.05,0.05,0.05,0.1,0.05,0.05,0.02,0.1,0.1,0.1,0.01,0.05,0.05,0.5,0.05,0.3,0.05,0.05,0.05,0.1,0.05,0.1,0.05,0.1,0.05,,0.05,0.05,0.05,0.05,0.05,0.05,0.05,0.01,0.9,0.01,"50.0, 400.0",0.05,0.05,0.05,0.05,0.05,0.05,0.05,0.05,0.05,0.01,0.05,0.1,0.1,0.05,0.1,0.05,0.05,0.01,,0.1,0.1,0.02,,0.05,0.07,0.1,0.05,0.02,0.02,0.05,0.1,0.05,0.1,0.05,0.1,0.025,0.05,0.05,0.05,0.05,0.05,0.01,0.01,0.05,0.05,0.05,0.05,0.05,0.1,0.1,0.1,0.05,0.05,0.5,0.05,40.0,,0.01,0.05,0.05,0.1,0.05,0.1,0.05,0.05,0.05,0.1,0.1,0.1,0.05,0.1,0.1,1.0,0.05,0.1,0.1,0.02,0.05,0.05,0.05,0.05,5.0,0.05,0.05,0.1,"0.02, 0.1",0.05,0.1,0.05,0.05,0.05,0.3,0.05,0.05,0.1,0.05,0.05,0.1,0.05,30.0,0.05,0.05,0.05,0.1,0.1,,0.05,0.05,0.05,0.05,0.05,0.01,0.1,0.05,0.01,0.05,0.05,0.01,1.0,0.1,0.05,0.01,0.02,0.1,3.0,0.05,0.6,0.02,0.1,0.05,0.1,0.05,0.05,0.05,0.05,0.05,0.05,0.05,0.05,0.05,0.05,0.1,0.05,7.0,0.1,0.05,0.05,0.02,0.05,0.05,0.05,0.05,0.05,0.1,0.1,0.005,0.05,0.1,0.05,0.05,0.03,0.1,0.05,0.05,0.05,0.05,0.05,0.05,0.1,,0.05,0.1,0.05,0.05,0.05,5.0,0.02,0.05,0.05,0.1,0.05,0.05,0.05,0.05,0.05,0.05,0.05,0.05,0.05,0.05,0.05,0.1,0.05,0.05,0.05,0.05,0.05,400.0,0.05,0.05,1.0,0.1,0.1,0.05,0.1,0.02,0.05,0.1,0.02,0.01,0.01,0.05,0.05,,0.1,0.05,0.1,0.01,,0.05,0.05,0.05,0.1,0.1,0.05,0.05,0.05,0.05,0.05,0.05,0.05,0.01,0.05,0.01,0.05,0.1,0.05,0.05,0.3,0.1,0.01,0.05,0.05,0.1,0.02,0.5,0.05,0.05,0.05,0.1,0.05,0.05,0.1,0.05,0.05,0.02,0.05,0.05,0.1,0.05,0.1,0.05,0.1,0.1,0.05,0.05,0.1,0.1,0.1,0.05,0.1,0.1,0.05,0.05,0.05,0.05,0.05,0.1,0.05,0.02,0.1,0.05,0.05,0.05,0.05,0.05,0.05,0.05,0.3,0.02,0.05,0.05,0.05,0.05,0.05,0.05,0.02,0.05,0.05,0.05,0.05,0.05,0.05,0.05,0.01,0.05,0.1,5.0,0.05,0.1,0.05,0.05,0.05,0.05,0.1,0.05,0.01,0.05,0.05,7.0,0.5,2.0,0.05,0.1,0.02,0.02,300.0,0.02,0.01,0.01,0.05,0.05,0.05,5.0,3.0,0.05,0.15,0.05,0.05,0.05,0.05,0.1,0.05,0.05,0.05,0.05,0.05,0.1,0.05,0.01,0.1,0.05,0.05,0.3,0.05,0.05,0.1,0.1,0.1,0.02,0.05,0.5,0.05,0.05,0.15,0.05,0.05,0.05,0.05,0.05,0.05,0.1,0.05,0.05,0.1,0.05,0.01,0.05,0.05,0.02,0.03,0.05,0.05,0.05,0.05,0.15,0.01,0.05,0.1,0.1,0.05,0.02,0.1,0.05,,0.1,0.05,0.05,0.05,0.1,0.1,0.1,0.02,1.5,0.05,0.05,0.05,0.05,0.05,0.1,0.1,0.01,0.05,0.05,0.05,0.05,0.05,0.05,0.05,0.05,0.05,0.05,0.1,0.05,0.05,0.1,0.02,40.0,0.05,0.1,0.05,0.05,0.05,0.02,0.005,0.05,0.05,0.05,0.05,0.05,0.05,0.05,,0.1,0.05,0.05,0.05,0.05,0.05,0.05,0.02,0.05,0.05,0.05,0.01,0.05,0.05,0.2,0.05
245,Celery,Celery leaves,0.01,0.01,0.01,0.02,0.05,0.1,,0.02,0.02,0.1,0.02,0.01,0.01,0.02,0.02,0.1,0.02,0.02,0.03,0.02,0.02,3.0,0.02,0.3,0.8,0.02,0.02,0.02,0.01,40.0,0.02,0.02,0.02,0.05,0.02,0.02,0.02,0.01,0.1,0.05,1.0,0.02,0.02,0.02,0.02,70.0,0.02,0.05,0.02,0.05,0.02,10.0,0.02,0.1,1.0,,0.02,0.02,0.02,0.1,0.02,0.02,0.02,0.01,50.0,0.01,50.0,0.02,0.02,0.02,0.02,0.05,0.02,0.02,0.02,0.02,0.01,0.02,0.05,0.06,0.02,0.1,0.02,0.02,0.01,,0.06,0.04,0.01,,20.0,0.7,0.01,0.02,0.01,0.02,0.02,0.01,0.02,0.1,0.01,0.02,0.01,0.02,0.02,0.02,0.02,0.02,0.01,0.01,0.02,0.02,0.02,0.02,0.02,0.05,0.5,0.05,0.02,0.15,3.0,0.02,50.0,,0.01,0.02,0.02,0.1,0.02,2.0,0.02,0.02,0.02,0.05,0.02,2.0,0.05,40.0,0.01,0.05,0.02,0.05,0.1,0.02,1.5,0.02,0.02,0.02,0.02,4.0,0.02,0.05,0.01,0.02,0.02,0.05,0.02,0.02,10.0,0.02,0.02,0.3,0.02,0.01,0.1,0.02,10.0,0.02,0.02,0.02,0.05,0.05,,0.02,0.02,0.05,0.02,0.02,0.01,5.0,0.02,0.01,0.02,0.01,0.2,0.05,0.01,0.02,0.01,0.01,0.05,0.01,0.02,0.05,0.02,0.1,0.02,0.05,3.0,0.02,0.02,0.02,0.02,0.02,0.02,0.02,0.02,0.02,0.01,50.0,0.02,0.1,0.02,0.02,0.01,0.02,0.02,0.02,0.02,0.01,0.05,0.05,0.005,0.02,6.0,0.02,0.02,0.02,0.05,0.02,0.02,0.02,20.0,0.05,0.02,0.05,,0.01,0.05,0.02,9.0,6.0,0.2,0.01,0.02,40.0,0.05,0.02,0.02,0.3,0.02,0.02,0.02,0.02,0.02,0.02,0.02,3.0,0.06,0.01,0.02,0.02,0.02,0.02,400.0,0.02,0.02,1.0,0.04,0.1,0.05,0.05,0.01,0.02,0.01,0.01,0.01,0.01,0.02,0.02,,0.02,0.02,0.1,0.01,,0.02,0.02,0.05,0.1,0.1,0.02,0.02,0.02,0.02,0.02,0.02,20.0,0.01,0.02,0.01,0.01,0.05,0.02,0.02,0.7,0.1,0.01,0.02,0.02,0.05,0.02,0.2,0.01,30.0,0.02,0.05,7.0,0.02,0.05,0.02,0.02,0.03,0.02,0.02,0.04,3.0,2.0,0.01,0.1,0.05,0.01,0.02,0.02,0.02,0.06,0.02,0.05,0.01,4.0,0.02,0.02,0.02,0.02,0.1,0.02,0.01,0.05,0.02,0.02,0.02,0.02,0.05,0.02,0.02,0.1,0.01,0.02,0.02,0.02,0.02,0.02,0.02,0.01,0.001,0.02,0.02,0.02,0.02,0.02,0.02,0.01,0.02,0.05,0.02,0.02,0.04,0.6,0.02,0.02,0.02,0.05,0.02,0.01,7.0,0.05,,0.02,0.02,0.02,0.05,0.01,0.015,300.0,0.01,0.01,0.01,0.02,0.02,0.02,3.0,0.02,0.02,0.06,0.02,0.03,0.02,0.02,0.05,30.0,0.02,0.02,0.02,0.02,0.1,0.02,0.01,0.05,0.2,0.02,20.0,0.02,0.02,0.05,2.0,0.02,0.01,0.02,1.0,0.02,0.02,0.3,20.0,0.02,0.02,0.02,0.02,0.02,0.1,0.02,0.02,0.05,0.2,0.01,0.02,0.02,0.01,0.03,0.02,0.02,0.01,0.02,0.06,0.01,0.02,4.0,15.0,0.02,0.02,7.0,0.02,,0.1,0.02,1.5,0.02,0.06,0.05,0.04,0.01,2.0,0.01,0.02,0.02,0.02,0.02,0.04,0.1,0.01,0.02,0.02,0.01,0.02,0.02,0.02,0.02,0.02,0.02,0.02,0.1,0.05,0.7,0.05,0.01,150.0,0.02,0.1,0.02,0.02,0.02,0.01,0.002,0.02,0.02,0.02,0.02,0.02,15.0,30.0,,0.05,0.02,0.02,0.02,0.01,0.05,0.02,0.01,0.01,0.02,0.02,0.01,0.02,0.02,0.1,0.01
248,Chamomile,Chamomile,0.1,0.02,0.02,0.05,0.05,0.1,,0.05,0.05,0.1,0.05,0.01,0.01,0.05,0.05,0.1,0.05,0.05,0.05,0.05,0.05,0.05,0.05,0.05,0.08,0.05,0.05,0.05,0.02,0.05,0.05,0.05,0.05,0.1,0.05,0.05,0.02,0.1,0.1,0.1,0.01,0.05,0.05,0.05,0.05,60.0,0.05,0.05,0.05,0.1,0.05,0.1,0.05,0.1,0.05,,0.05,0.05,0.1,0.05,0.05,0.05,0.05,0.01,0.9,0.01,"50.0, 250.0",0.05,0.05,0.05,0.05,0.05,0.05,0.05,0.05,0.05,0.01,0.05,0.1,0.1,0.05,0.1,0.05,0.05,0.01,,0.1,0.1,0.02,,0.05,0.05,0.1,0.05,0.02,0.02,0.05,0.1,0.05,0.1,0.05,0.1,0.025,0.05,0.05,0.05,0.05,0.05,0.01,0.01,0.05,0.05,0.05,0.05,0.05,0.1,0.1,0.1,0.05,0.5,5.0,0.05,100.0,,0.01,0.05,0.05,0.1,0.05,0.1,0.05,0.05,0.05,0.1,0.1,0.1,0.05,0.1,0.1,0.5,0.05,0.1,0.1,0.02,9.0,0.05,0.05,0.05,0.05,40.0,0.05,0.1,0.02,0.05,0.1,0.05,0.05,0.05,20.0,0.05,0.05,0.1,0.05,0.05,0.1,0.05,0.05,0.05,0.05,0.05,0.1,0.1,,0.05,0.05,0.05,0.05,0.05,0.01,0.1,0.05,0.01,0.05,0.05,0.01,0.1,0.1,0.05,0.01,0.02,0.1,0.05,0.05,15.0,0.02,0.1,0.05,0.1,0.05,0.05,0.05,0.05,0.05,0.05,0.05,0.05,0.05,0.05,0.1,0.05,0.05,0.1,0.05,0.05,0.02,0.05,0.05,0.05,0.05,0.05,0.1,0.1,0.005,0.05,0.1,0.05,0.05,0.04,0.1,0.05,0.05,0.05,0.05,0.05,0.05,0.1,,0.05,0.1,0.05,0.05,40.0,10.0,0.02,0.05,0.05,0.1,0.05,0.05,2.0,0.05,0.05,0.05,0.05,0.05,0.05,0.05,0.05,0.1,0.05,0.05,0.05,0.05,0.05,500.0,0.05,0.05,1.0,0.1,2.0,0.05,0.1,0.02,0.05,0.1,0.02,0.01,0.01,0.05,0.05,,0.1,0.05,0.1,0.01,,0.05,0.05,0.05,0.1,0.1,0.05,0.05,0.05,0.05,0.05,0.05,0.05,0.01,0.05,0.01,0.05,0.1,0.05,0.05,0.01,0.1,0.01,0.05,0.05,0.1,1.5,0.5,0.05,0.05,0.05,0.1,0.05,0.05,0.1,0.05,0.05,0.02,0.05,0.05,0.1,0.05,0.1,0.05,0.1,0.1,0.05,0.05,0.05,0.1,0.1,0.05,0.1,0.1,0.05,0.05,0.05,0.05,0.05,0.1,0.05,0.02,0.1,0.05,0.05,0.05,0.05,0.05,0.05,0.05,0.3,0.02,0.05,0.05,0.05,0.05,0.05,0.05,0.02,0.05,0.05,0.05,0.05,0.05,0.05,0.05,0.01,0.05,0.1,0.05,0.05,0.1,0.05,0.05,0.05,0.05,0.1,0.05,0.01,0.05,0.05,,0.05,0.05,0.05,0.1,0.02,0.02,20.0,0.1,0.01,0.01,0.05,0.05,0.05,10.0,0.05,0.05,0.15,0.05,0.05,0.05,0.05,0.1,0.05,0.05,0.05,0.05,0.05,0.1,0.05,0.01,0.1,0.4,0.05,2.0,0.05,0.05,0.1,0.1,0.1,0.02,0.05,0.5,0.05,0.05,2.0,0.05,0.05,0.05,0.05,0.05,0.05,0.1,0.05,0.05,0.1,0.8,0.01,0.05,0.05,0.02,0.03,0.05,0.05,0.05,0.05,0.15,0.01,0.05,0.1,0.1,0.05,0.02,0.1,0.05,,0.1,0.05,0.05,0.05,0.1,0.1,0.1,0.02,15.0,0.05,0.05,0.05,0.05,0.05,0.1,0.1,0.01,0.05,0.05,0.05,0.05,0.05,0.05,0.05,0.05,0.05,0.05,0.1,0.05,0.05,0.1,0.02,100.0,0.05,0.1,0.05,0.05,0.05,0.02,0.005,0.05,0.05,0.05,0.05,0.05,0.05,0.05,,0.1,0.05,0.05,0.05,0.05,0.05,0.05,0.02,0.05,0.05,0.05,0.01,0.05,0.05,0.2,0.01
249,Chards/beet leaves,Chards/beet leaves,0.01,0.01,0.01,0.01,0.05,0.06,,0.01,0.01,0.05,0.01,0.01,0.01,0.01,0.01,0.1,0.01,0.01,0.01,0.01,0.01,0.01,0.01,0.01,0.01,0.01,0.01,0.02,0.01,60.0,0.01,0.01,0.01,0.05,0.01,0.01,0.01,0.01,0.05,0.05,1.0,0.01,0.02,0.01,0.01,15.0,0.01,0.02,0.01,0.02,0.01,0.03,0.01,0.1,0.01,,0.01,0.01,0.01,0.01,0.01,0.01,0.01,0.01,30.0,0.01,50.0,0.01,0.01,0.01,0.01,0.05,0.01,0.01,0.01,0.01,0.01,0.01,0.02,0.03,0.01,0.1,0.01,0.005,0.01,,0.03,0.02,0.01,,20.0,0.7,0.01,0.01,0.01,0.02,0.01,0.01,0.01,0.03,0.01,0.02,0.005,0.01,0.01,0.01,0.01,0.01,0.01,0.01,0.01,0.01,0.01,0.01,0.01,0.05,0.5,0.02,0.02,0.01,1.0,0.01,20.0,,0.01,20.0,0.01,0.05,0.01,2.0,0.01,0.01,0.01,0.02,0.01,0.7,0.05,15.0,0.01,0.05,0.01,0.05,0.06,0.15,0.01,0.01,0.01,0.01,0.01,0.05,0.01,0.02,0.01,0.01,0.02,0.05,0.01,0.01,4.0,0.01,0.01,0.3,0.01,0.01,0.05,0.01,4.0,0.01,0.01,0.01,0.02,0.02,,0.01,0.01,0.05,0.01,0.01,0.01,0.05,0.01,0.01,0.01,0.01,0.2,0.05,0.01,0.01,0.01,0.01,0.05,0.01,0.01,0.3,0.01,0.05,0.01,0.02,3.0,0.01,0.01,0.01,0.01,0.01,0.02,0.01,0.01,0.01,0.01,0.01,0.01,0.1,0.01,0.01,0.01,0.01,0.01,8.0,0.01,0.01,0.02,0.02,0.005,0.01,0.6,0.01,0.01,0.02,0.01,0.01,0.01,0.01,20.0,0.05,0.01,0.02,,0.01,0.02,0.01,6.0,2.0,0.2,0.01,0.01,6.0,0.02,0.01,0.01,0.01,0.01,0.01,0.01,0.01,0.01,0.01,0.01,3.0,0.03,0.01,0.01,0.01,0.01,0.01,15.0,0.02,0.01,1.0,0.04,0.1,0.05,0.02,0.01,0.01,0.01,0.01,0.01,0.01,0.01,0.01,,0.02,0.01,0.05,0.01,,0.01,0.01,0.01,0.1,0.1,0.01,0.01,0.01,0.01,0.01,0.01,20.0,0.01,0.01,0.01,0.01,0.02,0.01,0.01,0.2,0.1,0.01,0.01,0.01,0.05,0.02,0.2,0.01,25.0,0.01,0.05,0.01,0.01,0.02,0.01,0.01,0.01,0.01,0.01,0.02,1.5,2.0,0.08,0.02,0.02,0.01,0.01,0.01,0.02,0.03,0.01,0.02,0.01,4.0,0.15,0.01,0.01,0.01,0.1,0.01,0.01,0.02,0.01,0.01,0.01,0.01,0.05,0.01,0.01,0.01,0.01,0.01,0.01,0.01,0.01,0.01,0.01,0.01,0.001,0.01,15.0,0.01,0.01,0.01,0.01,0.01,0.02,0.05,0.01,0.01,0.02,0.05,0.01,0.01,30.0,0.05,0.01,0.01,0.3,0.02,,0.01,0.01,0.01,0.05,0.01,0.01,70.0,0.01,0.01,0.01,0.01,0.01,0.02,0.06,0.01,0.01,0.03,0.01,0.01,0.01,0.01,0.02,40.0,0.01,0.01,0.01,0.01,0.05,0.01,0.005,0.02,0.01,0.01,0.01,0.01,0.01,0.02,1.5,0.02,0.01,0.01,1.0,0.01,0.01,0.05,0.01,0.01,0.01,0.01,0.01,0.01,0.1,0.01,0.02,0.02,0.04,0.01,0.01,0.01,0.01,0.03,0.01,0.01,0.01,0.01,0.03,0.01,0.01,1.5,4.0,0.02,0.02,7.0,0.01,,0.01,0.01,0.01,0.01,0.03,0.02,0.02,0.01,0.02,10.0,0.01,0.01,0.01,0.01,0.02,0.1,0.01,0.01,0.01,0.01,0.01,0.01,0.01,0.01,0.01,0.01,0.01,0.1,0.05,0.01,0.02,0.005,150.0,0.01,0.1,0.01,0.01,0.01,0.01,0.001,0.01,0.01,0.01,0.01,0.01,0.01,0.01,,0.02,0.01,0.01,0.01,0.01,0.05,0.01,0.01,0.01,0.01,0.01,0.01,0.01,0.01,0.1,0.01
256,Cherimoyas,Cherimoyas,0.01,0.01,0.01,0.01,0.05,0.06,,0.01,0.01,0.05,0.01,0.01,0.01,0.01,0.01,0.1,0.01,0.01,0.01,0.01,0.01,0.01,0.01,0.01,0.01,0.01,0.01,0.02,0.01,0.01,0.01,0.01,0.01,0.05,0.01,0.01,0.01,0.01,0.05,0.05,0.01,0.01,0.02,0.01,0.01,0.01,0.01,0.02,0.01,0.02,0.01,0.03,0.01,0.1,0.01,,0.01,0.01,0.01,0.01,0.01,0.01,0.01,0.01,0.01,0.01,"50.0, 10.0",0.01,0.01,0.01,0.01,0.05,0.01,0.01,0.01,0.01,0.01,0.01,0.02,0.03,0.01,0.1,0.01,0.01,0.01,,0.03,0.02,0.01,,0.01,0.3,0.01,0.01,0.01,0.02,0.01,0.01,0.01,0.03,0.01,0.02,0.005,0.01,0.01,0.01,0.01,0.01,0.01,0.01,0.01,0.01,0.01,0.01,0.01,0.05,0.1,0.02,0.02,0.01,0.5,0.01,20.0,,0.01,0.01,0.01,0.05,0.01,0.09,0.01,0.01,0.01,0.02,0.01,0.05,0.05,0.02,0.01,0.05,0.01,0.05,0.06,0.02,0.01,0.01,0.01,0.01,0.01,0.05,0.01,0.02,0.01,0.01,0.02,0.05,0.01,0.01,0.1,0.01,0.01,0.02,0.01,0.01,0.05,0.01,0.01,0.01,0.01,0.01,0.02,0.02,,0.01,0.01,0.05,0.01,0.01,0.01,0.05,0.01,0.01,0.01,0.01,0.002,0.05,0.01,0.01,0.01,0.01,0.05,0.01,0.01,0.03,0.01,0.05,0.01,0.02,0.01,0.01,0.01,0.01,0.01,0.01,0.02,0.01,0.01,0.01,0.01,0.01,0.01,0.1,0.01,0.01,0.01,0.01,0.01,0.01,0.01,0.01,0.02,0.02,0.005,0.01,0.03,0.01,0.01,0.01,0.01,0.01,0.01,0.01,0.01,0.05,0.01,0.02,,0.01,0.02,0.01,0.01,0.01,0.2,0.01,0.01,0.01,0.02,0.01,0.01,0.01,0.01,0.01,0.01,0.01,0.01,0.01,0.01,0.01,0.03,0.01,0.01,0.01,0.01,0.01,2.0,0.02,0.01,1.0,0.1,0.1,0.05,0.02,0.01,0.01,0.01,0.01,0.01,0.01,0.01,0.01,,0.02,0.01,0.05,0.01,,0.01,0.01,0.01,0.1,0.1,0.01,0.01,0.01,0.01,0.01,0.01,0.01,0.01,0.01,0.01,0.01,0.02,0.01,0.01,0.01,0.1,0.01,0.01,0.01,0.05,0.02,0.2,0.01,0.01,0.01,0.05,0.01,0.01,0.02,0.01,0.01,0.01,0.01,0.01,0.02,0.01,0.05,0.01,0.02,0.02,0.01,0.01,0.01,0.02,0.03,0.01,0.02,0.01,0.01,0.01,0.01,0.01,0.01,0.1,0.01,0.01,0.02,0.01,0.01,0.01,0.01,0.01,0.01,0.01,0.01,0.01,0.01,0.01,0.01,0.01,0.01,0.01,0.01,0.001,0.01,0.01,0.01,0.01,0.01,0.01,0.01,0.02,0.05,0.01,0.01,0.02,0.05,0.01,0.01,0.01,0.05,0.01,0.01,0.01,0.02,,0.01,0.01,0.01,2.0,0.01,0.01,1.5,0.01,0.01,0.01,0.01,0.01,0.02,0.01,0.01,0.01,0.03,0.01,0.01,0.01,0.01,0.02,0.01,0.01,0.01,0.01,0.01,0.05,0.01,0.005,0.02,0.01,0.01,0.01,0.01,0.01,0.02,0.02,0.02,0.01,0.01,1.0,0.01,0.01,0.05,0.01,0.01,0.01,0.01,0.01,0.01,0.1,0.01,0.02,0.02,0.01,0.01,0.01,0.01,0.01,0.03,0.01,0.01,0.01,0.01,0.03,0.01,0.01,0.02,0.02,0.02,0.02,0.02,0.01,,0.01,0.01,0.01,0.01,0.03,0.02,0.02,0.01,0.02,0.01,0.01,0.01,0.01,0.01,0.02,0.1,0.01,0.01,0.01,0.01,0.01,0.01,0.01,0.01,0.01,0.01,0.01,0.1,0.05,0.01,0.02,0.005,20.0,0.01,0.1,0.01,0.01,0.01,0.01,0.001,0.01,0.01,0.01,0.01,0.01,0.01,0.01,,0.02,0.01,0.01,0.01,0.01,0.05,0.01,0.01,0.01,0.01,0.01,0.01,0.01,0.01,0.1,0.01
257,Cherries (sweet),Cherries (sweet),0.01,0.01,0.01,0.01,0.05,0.06,,0.01,0.01,0.05,0.01,0.01,0.01,0.01,0.01,0.1,0.01,0.01,0.01,0.01,0.1,0.8,0.01,0.01,0.01,0.01,0.01,0.02,0.01,0.01,0.01,0.01,0.01,0.05,0.01,0.01,0.01,0.01,0.05,0.05,1.0,0.01,0.02,0.01,0.01,2.0,0.01,0.02,0.01,0.02,0.01,0.03,0.01,0.1,0.01,,0.01,0.01,0.01,0.01,0.01,0.01,0.01,0.01,5.0,0.01,"20.0, 5.0",0.01,0.01,0.01,0.01,0.05,0.01,0.01,0.01,0.01,0.01,0.01,0.02,6.0,0.01,0.5,0.01,0.002,0.01,,0.03,0.02,0.01,,1.0,0.05,0.01,0.01,0.01,0.01,0.01,0.01,0.01,0.03,0.01,0.02,0.005,0.01,0.01,0.01,0.01,0.01,0.01,0.01,0.01,0.01,0.01,0.01,0.01,0.05,0.1,0.02,0.02,0.01,0.5,0.01,5.0,,0.01,6.0,0.01,0.05,0.01,0.09,0.1,0.4,0.01,0.02,0.01,2.0,0.1,2.0,0.01,0.05,0.01,0.05,0.06,0.02,0.1,0.01,0.01,0.01,0.01,0.05,0.01,0.02,0.01,0.01,0.02,0.05,0.01,0.01,0.3,0.01,0.01,0.15,0.01,0.01,0.05,0.01,0.01,0.01,0.01,0.01,0.02,0.02,,0.01,0.01,0.05,0.02,0.01,2.0,2.0,0.01,0.01,3.0,0.01,0.04,0.05,0.01,0.01,0.01,0.01,5.0,0.01,0.01,0.03,0.01,0.05,0.01,0.02,0.8,0.01,0.01,0.01,0.01,0.01,1.5,0.01,1.0,0.01,0.01,7.0,0.01,0.1,0.01,0.01,0.01,0.01,0.01,4.0,2.0,0.01,0.02,0.02,0.005,0.01,0.4,0.01,0.01,0.01,0.01,2.0,0.01,0.01,5.0,0.05,0.01,0.02,,0.01,0.02,0.01,0.01,2.0,0.2,0.01,0.01,2.0,0.02,0.01,0.01,0.01,0.01,0.01,0.01,0.4,0.01,1.0,0.4,3.0,0.03,0.01,0.01,0.01,0.01,0.01,2.0,0.02,0.01,1.0,0.15,0.1,0.05,0.02,0.01,0.01,0.01,0.01,0.01,0.01,0.01,1.5,,0.02,0.01,0.05,0.01,,0.01,0.01,0.01,0.1,0.1,0.01,0.01,0.01,0.01,0.01,0.01,4.0,0.01,0.01,0.01,0.01,0.02,0.01,0.01,0.3,0.1,0.01,0.01,0.01,0.05,0.02,0.2,3.0,0.01,0.01,0.05,5.0,0.01,0.02,0.01,0.01,0.01,0.01,0.01,0.02,0.01,0.05,0.01,0.02,0.2,0.01,0.01,0.01,0.02,0.03,0.01,0.02,0.01,2.0,0.01,0.01,0.01,2.0,0.1,0.01,0.01,0.02,0.01,0.01,0.01,0.01,3.0,0.01,0.01,0.01,0.01,0.01,0.01,0.01,0.01,0.01,0.01,0.01,0.001,0.01,0.01,0.01,0.01,0.01,0.01,0.01,0.02,0.05,0.01,0.15,0.02,0.05,0.01,0.01,4.0,0.05,0.01,0.01,0.01,0.02,,0.01,0.01,0.01,1.0,0.01,0.01,8.0,0.01,0.01,0.01,0.01,0.01,0.02,5.0,0.01,0.01,0.03,0.01,0.01,0.01,0.4,0.02,0.01,0.01,0.01,0.01,0.01,0.05,0.01,0.005,0.02,0.02,0.01,0.01,0.01,0.01,0.02,3.0,0.02,0.01,0.01,1.0,0.01,0.01,0.05,4.0,0.01,1.5,0.01,0.01,0.01,0.1,0.01,0.3,0.02,0.02,0.01,0.01,0.01,0.01,0.03,0.01,0.01,0.25,0.01,0.03,0.01,0.01,2.0,0.2,2.0,0.02,3.0,0.01,,0.01,0.01,1.5,0.01,0.03,0.02,0.02,0.01,1.0,0.01,0.01,0.01,0.01,0.01,0.02,0.1,0.01,0.01,0.01,0.01,0.01,0.01,0.01,0.01,0.01,0.01,0.01,0.3,0.05,0.01,0.02,0.005,10.0,0.01,0.1,0.01,0.01,0.01,0.01,0.001,0.01,0.01,0.01,0.01,0.01,3.0,3.0,,0.02,0.01,0.01,0.01,0.01,0.05,0.01,0.01,0.01,0.01,0.01,0.01,0.01,0.01,5.0,0.01
259,Chervil,Chervil,0.01,0.01,0.01,0.02,0.05,0.1,,0.02,0.02,0.1,0.02,0.01,0.01,0.02,0.02,0.1,0.02,0.02,0.03,0.02,0.02,3.0,0.02,0.3,0.8,0.02,0.02,0.02,0.01,50.0,0.02,0.02,0.02,0.05,0.02,0.02,0.02,0.01,0.1,0.05,1.0,0.02,0.02,0.02,0.02,70.0,0.02,0.05,0.02,0.05,0.02,10.0,0.02,0.1,1.0,,0.02,0.02,0.02,0.1,0.02,0.02,0.02,0.01,50.0,0.01,50.0,0.02,0.02,0.02,0.02,0.05,0.02,0.02,0.02,0.02,0.01,0.02,0.05,0.06,0.02,0.1,0.02,0.02,0.01,,0.06,0.04,0.01,,20.0,0.7,0.01,0.02,0.01,0.02,0.02,0.01,0.02,0.1,0.01,0.02,0.01,0.02,0.02,0.02,0.02,0.02,0.01,0.01,0.02,0.02,0.02,0.02,0.02,0.05,0.5,0.05,0.02,0.15,3.0,0.02,20.0,,0.01,0.02,0.02,0.1,0.02,2.0,0.02,0.02,0.02,0.05,0.02,2.0,0.05,40.0,0.01,0.05,0.02,0.05,0.1,0.02,2.0,0.02,0.02,0.02,0.02,4.0,0.02,0.05,0.01,0.02,0.02,0.05,0.02,0.02,10.0,0.02,0.02,0.3,0.02,0.01,0.1,0.02,10.0,0.02,0.02,0.02,0.05,0.05,,0.02,0.02,0.05,0.02,0.02,0.01,5.0,0.02,0.01,0.02,0.01,0.2,0.05,0.01,0.02,0.01,0.01,0.05,0.01,0.02,0.05,0.02,0.1,0.02,0.05,3.0,0.02,0.02,0.02,0.02,0.02,0.02,0.02,0.02,0.02,0.01,50.0,0.02,0.1,0.02,0.02,0.01,0.02,0.02,0.02,0.02,0.01,0.05,0.05,0.005,0.02,6.0,0.02,0.02,0.02,0.05,0.02,0.02,0.02,20.0,0.05,0.02,0.05,,0.01,0.05,0.02,30.0,6.0,0.2,0.01,0.02,40.0,0.05,0.02,0.02,0.02,0.02,0.02,0.02,0.02,0.02,0.02,0.02,3.0,0.06,0.01,0.02,0.02,0.02,0.02,400.0,0.02,0.02,1.0,0.04,0.1,0.05,0.05,0.01,0.02,0.01,0.01,0.01,0.01,0.02,0.02,,0.02,0.02,0.1,0.01,,0.02,0.02,0.05,0.1,0.1,0.02,0.02,0.02,0.02,0.02,0.02,20.0,0.01,0.02,0.01,0.01,0.05,0.02,0.02,0.7,0.1,0.01,0.02,0.02,0.05,0.02,0.2,0.01,30.0,0.02,0.05,7.0,0.02,0.05,0.02,0.02,0.03,0.02,0.02,0.04,3.0,2.0,0.01,0.1,0.05,0.01,0.02,0.02,0.02,0.06,0.02,0.05,0.01,4.0,0.02,0.02,0.02,0.02,0.1,0.02,0.01,0.05,0.02,0.02,0.02,0.02,0.05,0.02,0.02,0.1,0.01,0.02,0.02,0.02,0.02,0.02,0.02,0.01,0.001,0.02,0.02,0.02,0.02,0.02,0.02,0.01,0.02,0.05,0.02,0.02,0.04,0.6,0.02,0.02,20.0,0.05,0.02,0.01,7.0,0.05,,0.02,0.02,0.02,0.05,0.01,0.015,300.0,0.01,0.01,0.01,0.02,0.02,0.02,0.8,0.02,0.02,0.06,0.02,0.03,0.02,0.02,0.05,30.0,0.02,0.02,0.02,0.02,0.1,0.02,0.01,0.05,0.2,0.02,20.0,0.02,0.02,0.05,2.0,0.02,0.01,0.02,1.0,0.02,0.02,0.05,20.0,0.02,0.02,0.02,0.02,0.02,0.1,0.02,0.02,0.05,0.2,0.01,0.02,0.02,0.01,0.03,0.02,0.02,0.01,0.02,0.06,0.01,0.02,4.0,15.0,0.02,0.02,7.0,0.02,,0.1,0.02,0.02,0.02,0.06,0.05,0.04,0.01,2.0,10.0,0.02,0.02,0.02,0.02,0.04,0.1,0.01,0.02,0.02,0.01,0.02,0.02,0.02,0.02,0.02,0.02,0.02,0.1,0.05,0.7,0.05,0.01,150.0,0.02,0.1,0.02,0.02,0.02,0.01,0.002,0.02,0.02,0.02,0.02,0.02,15.0,30.0,,0.05,0.02,0.02,0.02,0.01,0.05,0.02,0.01,0.01,0.02,0.02,0.01,0.02,0.02,0.1,0.01
261,Chestnuts,Chestnuts,0.01,0.01,0.01,0.01,0.05,0.06,,0.02,0.02,0.2,0.05,0.01,0.01,0.02,0.01,0.1,0.01,0.02,0.01,0.02,0.01,0.07,0.01,0.01,0.01,0.01,0.02,0.05,0.01,0.01,0.01,0.05,0.01,0.05,0.02,0.02,0.02,0.01,0.1,0.05,1.0,0.01,0.02,0.01,0.02,0.01,0.02,0.02,0.01,0.02,0.01,0.03,0.02,0.1,0.01,,0.01,0.01,0.05,0.01,0.01,0.02,0.01,0.01,0.05,0.01,50.0,0.02,0.01,0.01,0.01,0.05,0.01,0.01,0.02,0.02,0.01,0.02,0.05,0.07,0.02,0.1,0.01,0.02,0.01,,0.05,0.05,0.01,,0.03,0.1,0.01,0.02,0.01,0.01,0.02,0.01,0.02,0.04,0.01,0.02,0.01,0.01,0.02,0.02,0.01,0.01,0.01,0.01,0.01,0.02,0.02,0.02,0.01,0.05,0.1,0.05,0.05,0.02,0.5,0.01,30.0,,0.01,0.04,0.02,0.05,0.01,0.09,0.01,0.01,0.01,0.05,0.01,0.05,0.05,0.04,0.01,0.05,0.02,0.05,0.1,0.02,0.01,0.01,0.01,0.02,0.02,0.05,0.01,0.02,0.01,0.01,0.05,0.05,0.01,0.01,0.05,0.01,0.01,0.04,0.01,0.01,0.1,0.01,0.02,0.01,0.01,0.02,0.05,0.05,,0.02,0.02,0.05,0.02,0.02,0.01,0.05,0.01,0.01,0.01,0.02,0.005,0.1,0.01,0.01,0.01,0.01,0.1,0.02,0.01,0.03,0.01,0.1,0.02,0.05,0.01,0.01,0.01,0.01,0.01,0.01,0.02,0.02,0.01,0.02,0.01,0.02,0.02,0.1,0.01,0.01,0.01,0.01,0.01,0.01,0.05,0.02,0.05,0.05,0.005,0.01,0.06,0.01,0.01,0.01,0.01,0.1,0.02,0.02,0.01,0.05,0.01,0.05,,0.01,0.05,0.01,0.01,0.03,30.0,0.01,0.01,0.02,0.02,0.01,0.01,0.01,0.02,0.01,0.01,0.01,0.01,0.02,0.01,0.04,0.07,0.02,0.02,0.02,0.01,0.02,1500.0,0.02,0.01,1.0,0.1,0.1,0.05,0.05,0.01,0.01,0.01,0.01,0.01,0.01,0.02,0.05,,0.05,0.01,0.05,0.01,,0.01,0.02,0.01,0.1,0.1,0.01,0.02,0.01,0.01,0.01,0.02,0.01,0.01,0.01,0.01,0.01,0.02,0.01,0.02,0.01,0.1,0.01,0.01,0.01,0.05,0.02,0.2,0.01,0.01,0.01,0.05,0.06,0.02,0.05,0.02,0.01,0.02,0.02,0.01,0.02,0.01,0.05,0.01,0.02,0.05,0.02,0.02,0.02,0.05,0.03,0.01,0.05,0.01,0.1,0.01,0.01,0.01,0.01,0.1,0.01,0.01,0.02,0.02,0.02,0.02,0.02,0.01,0.01,0.02,0.02,0.01,0.01,0.01,0.01,0.01,0.01,0.01,0.01,0.01,0.01,0.01,0.02,0.02,0.01,0.01,0.01,0.02,0.05,0.02,0.01,0.02,0.05,0.01,0.01,0.05,0.05,0.01,0.01,0.01,0.05,,0.02,0.02,0.01,2.0,0.01,0.09,1000.0,0.01,0.01,0.01,0.01,0.01,0.02,0.02,0.01,0.01,0.03,0.02,0.02,0.01,0.01,0.05,0.01,0.02,0.02,0.02,0.01,0.2,0.01,0.01,0.05,0.02,0.02,0.02,0.02,0.02,0.02,0.02,0.02,0.01,0.02,1.0,0.05,0.01,0.05,0.02,0.01,0.01,0.01,0.02,0.02,0.15,0.02,0.02,0.05,0.01,0.01,0.02,0.02,0.01,0.03,0.01,0.02,0.02,0.01,0.03,0.01,0.01,0.02,0.07,0.05,0.02,0.5,0.05,,0.05,0.02,0.02,10.0,0.03,0.02,0.02,0.01,0.05,0.01,0.01,0.02,0.01,0.01,0.02,0.1,0.01,0.01,0.01,0.02,0.02,0.02,0.01,0.01,0.01,0.02,0.01,0.2,0.05,0.01,0.02,0.005,40.0,0.01,0.1,0.01,0.01,0.01,0.01,0.005,0.01,0.02,0.01,0.01,0.02,0.02,0.02,,0.02,0.01,0.01,0.01,0.02,0.05,0.01,0.01,0.01,0.01,0.02,0.01,0.01,0.01,0.1,0.01
268,Chicken,Chicken,0.01,,0.1,0.02,0.4,0.06,0.01,0.01,0.01,0.01,0.05,0.01,0.01,0.01,0.01,0.1,0.01,0.01,0.01,0.02,0.01,0.02,0.01,0.02,0.01,0.01,0.01,0.01,0.02,0.03,0.01,0.01,0.01,0.01,0.05,0.01,0.01,0.01,0.02,,0.01,0.02,0.01,0.01,0.01,0.01,0.01,0.01,0.02,0.02,0.01,0.02,0.01,0.1,0.01,0.01,0.02,0.01,0.01,0.01,0.01,0.01,0.05,0.01,0.01,0.01,0.05,0.01,0.01,0.05,0.02,0.05,0.01,0.01,0.01,0.01,0.01,0.01,0.01,0.03,0.05,0.05,0.01,0.01,0.01,,0.03,0.01,,,0.2,0.05,0.05,0.01,0.005,0.02,,0.05,0.01,0.1,0.15,0.1,0.01,0.01,0.02,0.02,0.05,0.05,0.01,0.01,0.01,0.01,0.01,0.01,0.01,0.1,0.05,0.02,0.02,0.01,0.05,0.01,2.0,,0.01,0.3,0.01,0.01,0.01,0.15,0.02,0.01,0.01,0.01,0.01,0.05,0.05,0.02,0.05,0.05,0.02,,0.06,,0.02,0.01,0.01,0.01,0.02,0.05,0.01,0.02,,0.01,0.05,0.1,0.01,0.01,0.05,0.01,0.02,0.1,0.01,0.01,,0.01,0.01,0.01,0.02,0.01,0.05,0.02,0.02,0.01,0.01,0.05,0.05,0.02,0.01,0.05,0.01,0.01,0.01,0.02,0.01,0.05,0.005,0.01,0.01,0.01,0.05,0.01,0.01,0.03,0.01,0.05,0.01,0.02,0.015,0.01,0.01,0.01,0.01,0.01,0.02,0.01,0.05,0.02,,0.05,0.01,0.05,0.01,0.01,,0.02,0.01,0.01,0.01,0.01,0.02,0.02,0.005,0.01,0.15,0.01,0.01,0.02,0.01,0.01,0.01,0.01,0.02,0.05,0.01,0.02,,0.01,0.02,0.005,0.01,0.15,0.2,,0.05,0.01,0.02,0.01,0.05,0.01,0.01,0.01,0.02,0.01,0.05,0.01,0.01,0.02,0.05,0.01,0.01,0.01,0.01,0.01,0.7,,0.01,1.0,0.05,0.05,0.05,0.02,,0.01,0.02,0.01,0.01,0.01,,0.01,,0.02,0.01,0.01,0.01,0.01,0.01,0.02,0.01,0.1,0.1,0.01,0.02,0.01,0.01,0.01,0.05,0.01,0.01,0.01,0.01,0.01,0.02,0.05,0.01,0.02,0.1,0.01,0.01,0.02,0.05,0.02,0.1,0.01,0.01,0.01,,0.015,0.01,0.07,,0.01,0.01,0.02,0.01,0.02,0.01,0.01,0.01,0.05,0.02,0.05,0.01,0.01,0.02,0.03,0.01,0.05,0.01,0.01,0.01,0.01,0.01,0.01,0.1,0.01,,0.02,0.01,,0.01,0.01,0.01,0.01,0.02,0.05,0.01,0.01,0.01,0.01,0.01,0.01,0.01,0.01,0.005,0.01,0.01,0.01,0.01,0.01,0.01,0.01,,0.05,0.01,0.05,0.01,0.01,0.01,0.01,0.01,0.05,0.01,0.01,0.05,0.05,,0.05,0.01,0.01,0.05,,0.01,0.5,0.06,0.01,0.01,0.02,0.01,,0.01,0.01,0.01,0.03,0.01,0.02,0.01,0.01,0.02,0.05,0.01,0.01,0.01,0.01,0.01,0.01,0.01,0.05,0.01,0.02,0.01,0.02,0.01,0.01,0.05,0.02,0.01,0.01,0.05,0.01,0.01,0.05,0.01,0.01,0.01,0.01,0.01,,0.02,0.02,0.02,0.01,0.01,0.01,0.02,0.02,0.01,0.01,0.01,0.01,0.01,0.01,0.03,0.01,0.01,0.02,0.2,0.02,0.01,0.01,0.05,,0.01,0.02,0.1,0.01,0.02,0.01,0.02,,0.1,0.02,0.01,0.01,0.01,0.05,0.01,0.1,0.01,0.01,0.05,0.05,0.01,0.02,0.01,0.01,0.01,0.01,0.01,0.05,0.01,0.01,0.05,0.01,2.0,0.01,0.05,0.01,0.01,0.01,0.01,0.01,0.01,0.01,0.01,0.01,0.01,0.04,0.04,0.01,0.01,0.01,0.01,0.01,0.01,0.01,0.01,0.01,0.01,0.03,0.01,0.01,0.01,0.01,,0.01
273,Chicory roots,Chicory roots,0.01,0.01,0.01,0.01,0.05,0.06,,0.01,0.01,0.05,0.01,0.01,0.01,0.01,0.01,0.1,0.01,0.01,0.01,0.01,0.01,0.01,0.01,0.01,0.01,0.01,0.01,0.02,0.01,0.01,0.01,0.01,0.01,0.05,0.01,0.01,0.01,0.01,0.05,0.05,0.01,0.01,0.05,0.01,0.01,1.0,0.01,0.02,0.01,0.02,0.01,0.03,0.01,0.1,0.01,0.02,0.01,0.01,0.01,0.01,0.01,0.01,0.09,0.01,0.4,0.01,5.0,0.01,0.01,0.01,0.01,0.05,0.01,0.01,0.01,0.01,0.01,0.01,0.02,0.03,0.01,0.1,0.01,0.01,0.01,,0.03,0.02,0.01,,0.01,0.05,0.01,0.01,0.01,0.01,0.01,0.01,0.01,0.03,0.01,0.02,0.005,0.01,0.01,0.01,0.01,0.01,0.01,0.01,0.01,0.01,0.01,0.01,0.01,0.05,0.1,0.02,0.02,0.01,0.05,0.01,5.0,,0.01,0.05,0.01,0.05,0.01,0.09,0.01,0.01,0.01,0.02,0.01,0.05,0.05,0.02,0.01,0.05,0.01,0.05,0.06,0.02,0.04,0.01,0.01,0.01,0.01,0.05,0.01,0.02,0.01,0.01,0.02,0.05,0.01,0.01,0.6,0.01,0.01,0.09,0.01,0.01,0.05,0.01,0.01,0.01,0.01,0.01,0.02,0.02,,0.01,0.01,0.05,0.01,0.01,0.01,0.05,0.01,0.01,0.01,0.01,0.002,0.05,0.01,0.01,0.01,0.01,0.05,0.01,0.01,0.1,0.01,0.05,0.01,0.02,0.01,0.01,0.01,0.01,0.01,0.01,0.02,0.01,0.01,0.01,0.01,0.01,0.01,0.01,0.01,0.01,0.01,0.01,0.01,0.01,0.01,0.01,0.02,0.02,0.005,0.01,0.03,0.01,0.01,0.01,0.01,0.01,0.01,0.01,0.01,0.05,0.01,0.02,,0.01,0.02,0.01,0.01,0.1,2.0,0.01,0.01,0.01,0.02,0.01,0.01,0.01,0.01,0.01,0.01,0.01,0.01,0.01,0.01,0.3,0.03,0.01,0.01,0.01,0.01,0.01,75.0,0.02,0.01,1.0,0.03,0.1,0.05,0.02,0.01,0.01,0.01,0.01,0.01,0.01,0.01,0.05,,0.02,0.01,0.05,0.01,,0.01,0.01,0.01,0.1,0.1,0.01,0.01,0.01,0.01,0.01,0.01,0.01,0.01,0.01,0.01,0.01,0.02,0.01,0.01,0.01,0.1,0.01,0.01,0.01,0.05,0.02,30.0,0.01,0.01,0.01,0.05,0.5,0.01,0.02,0.01,0.01,0.01,0.01,0.01,0.02,0.01,0.05,0.01,0.02,0.02,0.01,0.01,0.01,0.02,0.03,0.01,0.02,0.01,0.01,0.01,0.01,0.01,0.01,0.1,0.01,0.01,0.02,0.01,0.01,0.01,0.01,0.01,0.01,0.01,0.01,0.01,0.01,0.01,0.01,0.01,0.01,0.01,0.01,0.001,0.01,0.01,0.01,0.01,0.01,0.01,0.01,0.02,0.05,0.01,0.01,0.02,0.2,0.01,0.01,0.01,0.05,0.01,0.01,0.01,0.02,,0.05,0.01,0.01,0.05,0.01,0.01,70.0,0.01,0.01,0.01,0.01,0.01,0.02,0.01,0.01,0.05,0.03,0.01,0.01,0.01,0.01,0.02,0.01,0.01,0.01,0.01,0.01,0.05,0.01,0.005,0.02,0.01,0.01,0.01,0.01,0.03,0.02,0.5,0.02,0.01,0.01,0.5,0.01,0.01,0.05,0.01,0.01,0.01,0.01,0.01,0.01,0.1,0.01,0.02,0.02,0.08,0.01,0.01,0.01,0.02,0.03,0.01,0.01,0.01,0.01,0.03,0.01,0.01,0.02,0.02,0.02,0.02,0.07,0.01,,0.01,0.01,0.01,0.01,0.03,0.02,0.02,0.01,0.02,0.01,0.01,0.01,0.01,0.02,0.02,0.1,0.01,0.01,0.06,0.01,0.01,0.01,0.01,0.01,0.01,0.01,0.01,0.1,0.05,0.01,0.02,0.005,5.0,0.01,0.1,0.01,0.01,0.01,0.01,0.001,0.01,0.01,0.01,0.01,0.01,0.01,0.02,,0.02,0.01,0.01,0.01,0.01,0.05,0.01,0.01,0.01,0.01,0.01,0.01,0.01,0.01,0.1,0.01
201,CABBAGE,Chinese cabbages/pe-tsai,0.01,0.01,0.01,0.01,0.05,0.06,,0.01,0.01,0.05,0.01,0.01,0.01,0.01,0.01,0.1,0.01,0.01,0.05,0.01,0.01,0.01,0.01,0.01,0.01,0.01,0.01,0.02,0.01,60.0,0.01,0.01,0.01,0.05,0.01,0.01,0.01,0.01,0.05,0.05,1.0,0.01,0.02,0.01,0.01,6.0,0.01,0.02,0.01,0.02,0.01,0.03,0.01,0.1,0.01,,0.01,0.01,0.01,0.01,0.01,0.01,0.01,0.01,9.0,0.01,30.0,0.01,0.01,0.01,0.01,0.05,0.01,0.01,0.01,0.01,0.01,0.01,0.02,0.03,0.01,0.1,0.01,0.002,0.01,,0.03,0.02,0.01,,20.0,0.06,0.01,0.01,0.01,0.02,0.01,0.01,0.01,0.03,0.01,0.02,0.005,0.01,0.01,0.01,0.01,0.01,0.01,0.01,0.01,0.01,0.01,0.01,0.01,0.05,1.0,0.02,0.02,0.01,1.0,0.01,20.0,,0.01,30.0,0.01,0.05,0.01,3.0,0.01,0.01,0.01,0.02,0.01,1.0,0.05,0.02,0.01,0.05,0.01,0.05,0.06,0.03,0.2,0.01,0.01,0.01,0.05,0.05,0.01,0.02,0.01,0.01,0.02,0.05,0.01,0.01,2.0,0.01,0.01,0.7,0.01,0.01,0.05,0.01,3.0,0.01,0.01,0.01,0.02,0.02,,0.01,0.01,0.05,0.01,0.01,0.01,0.5,0.01,0.01,0.01,0.01,0.2,0.05,0.01,0.01,0.01,0.01,0.05,0.01,0.01,0.03,0.01,0.05,0.01,0.02,0.01,0.01,0.01,0.01,0.01,0.01,0.02,0.01,0.01,0.01,0.01,0.01,0.01,0.1,0.01,0.01,0.01,0.01,0.01,0.01,0.01,0.01,0.02,0.02,0.005,0.01,0.5,0.01,0.01,0.01,0.01,0.01,0.01,0.01,10.0,0.05,0.01,0.02,,0.01,0.02,0.01,2.0,2.0,0.2,0.01,0.01,4.0,0.02,0.01,0.01,0.01,0.01,0.01,0.01,0.01,0.01,0.01,0.01,4.0,0.03,0.01,0.01,0.01,0.01,0.01,30.0,0.02,0.01,1.0,0.03,0.1,0.05,0.02,0.01,0.01,0.01,0.01,0.01,0.01,0.01,0.01,,0.02,0.01,0.05,0.01,,0.01,0.01,0.01,0.1,0.1,0.01,0.01,0.01,0.01,0.01,0.01,0.01,0.01,0.01,0.01,0.01,0.02,0.01,0.01,0.3,0.1,0.01,0.01,0.01,0.05,0.02,0.2,0.01,25.0,0.01,0.05,0.01,0.01,0.02,0.01,0.01,0.01,0.01,0.01,8.0,0.02,6.0,0.01,0.6,0.02,0.01,0.01,0.01,0.02,0.03,0.01,0.02,0.01,0.01,0.03,0.01,0.01,0.01,0.1,0.01,0.01,0.02,0.01,0.01,0.01,0.01,0.05,0.05,0.01,0.01,0.01,0.01,0.01,0.01,0.01,0.01,0.01,0.01,0.001,0.01,9.0,0.01,0.01,0.01,0.01,0.01,0.02,0.05,0.01,0.01,0.02,0.5,0.01,0.01,0.01,0.05,0.01,0.01,0.01,0.02,,0.01,0.01,0.01,0.05,0.01,0.01,20.0,0.01,0.01,0.01,0.01,0.01,0.02,0.5,0.01,0.01,0.03,0.01,0.01,0.01,0.01,0.02,20.0,0.01,0.01,0.01,0.01,0.05,0.01,0.005,0.02,0.01,0.01,0.01,0.01,0.01,0.02,1.5,0.02,0.01,0.01,1.0,0.01,0.01,0.05,0.01,0.01,0.01,0.01,0.01,0.01,0.1,0.01,0.02,0.02,0.01,0.01,0.01,0.01,0.01,0.03,0.01,0.01,0.01,0.01,0.03,0.01,0.01,0.02,2.0,0.02,0.02,7.0,0.01,,0.01,0.01,2.0,0.01,0.03,0.02,0.02,0.01,0.02,10.0,0.01,0.01,0.01,0.01,0.02,0.1,0.01,0.01,0.01,0.01,0.01,0.01,0.01,0.01,0.01,0.01,0.01,0.1,0.05,0.01,0.02,0.005,30.0,0.01,0.1,0.01,0.01,0.01,0.01,0.001,0.01,0.01,0.01,0.01,0.01,3.0,0.01,,0.02,0.01,0.01,0.01,0.01,0.05,0.01,0.01,0.01,0.01,0.01,0.01,0.01,0.01,0.1,0.01
282,CHIVES,Chives,0.01,0.01,0.01,0.02,0.05,0.1,,0.02,0.02,0.1,0.02,0.01,0.01,0.02,0.02,0.1,0.02,0.02,2.0,0.02,0.02,3.0,0.02,0.3,0.8,0.02,0.02,0.02,0.01,40.0,0.02,0.02,0.02,0.05,0.02,0.02,0.02,0.01,0.1,0.05,1.0,0.02,0.02,0.02,0.02,70.0,0.02,0.05,0.02,0.05,0.02,10.0,0.02,0.1,1.0,,0.02,0.02,0.02,0.1,0.02,0.02,0.02,0.01,50.0,0.01,50.0,0.02,0.02,0.02,0.02,0.05,0.02,0.02,0.02,0.02,0.01,0.02,0.05,0.06,0.02,0.1,0.02,0.02,0.01,,0.06,0.04,0.01,,20.0,0.7,0.01,0.02,0.01,0.02,0.02,0.01,0.02,0.1,0.01,0.02,0.01,0.02,0.02,0.02,0.02,0.02,0.01,0.01,0.02,0.02,0.02,0.02,0.02,0.05,0.5,0.05,0.02,0.15,3.0,0.02,20.0,,0.01,0.02,0.02,0.1,0.02,0.8,0.02,0.02,0.02,0.05,0.02,2.0,0.05,40.0,0.01,0.05,0.02,0.05,0.1,0.02,1.5,0.02,0.02,0.02,0.02,4.0,0.02,0.05,0.01,0.02,0.02,0.05,0.02,0.02,4.0,0.02,0.02,0.3,0.02,0.01,0.1,0.02,10.0,0.02,0.02,0.02,0.05,0.05,,0.02,0.02,0.05,0.02,0.02,0.01,5.0,0.02,0.01,0.02,0.01,0.2,0.05,0.01,0.02,0.01,0.01,0.05,0.01,0.02,0.05,0.02,0.1,0.02,0.05,3.0,0.02,0.02,0.02,0.02,0.02,0.02,0.02,0.02,0.02,0.01,50.0,0.02,0.1,0.02,0.02,0.01,0.02,0.02,0.02,0.02,0.01,0.05,0.05,0.005,0.02,6.0,0.02,0.02,0.02,0.05,0.02,0.02,0.02,20.0,0.05,0.02,0.05,,0.01,0.05,0.02,9.0,6.0,0.2,0.01,0.02,40.0,0.05,0.02,0.02,0.5,0.02,0.02,0.02,0.02,0.02,0.02,0.02,3.0,0.06,0.01,0.02,0.02,0.02,0.02,400.0,0.02,0.02,1.0,0.04,0.1,0.05,0.05,0.01,0.02,0.01,0.01,0.01,0.01,0.02,0.02,,0.02,0.02,0.1,0.01,,0.02,0.02,0.05,0.1,0.1,0.02,0.02,0.02,0.02,0.02,0.02,20.0,0.01,0.02,0.01,0.01,0.05,0.02,0.02,0.7,0.1,0.01,0.02,0.02,0.05,0.02,0.2,0.01,30.0,0.02,0.05,7.0,0.02,0.05,0.02,0.02,0.03,0.02,0.02,0.04,3.0,2.0,0.01,0.1,0.05,0.01,0.02,0.02,0.02,0.06,0.02,0.05,0.01,4.0,0.02,0.02,0.02,0.02,0.1,0.02,0.01,0.05,0.02,0.02,0.02,0.02,0.05,0.02,0.02,0.1,0.01,0.02,0.02,0.02,0.02,0.02,0.02,0.01,0.001,0.02,0.02,0.02,0.02,0.02,0.02,0.01,0.02,0.05,0.02,0.02,0.04,0.6,0.02,0.02,20.0,0.05,0.02,0.01,7.0,0.05,,0.02,0.02,0.02,0.05,0.01,0.015,300.0,0.01,0.01,0.01,0.02,0.02,0.02,0.8,0.02,0.02,0.06,0.02,0.03,0.02,0.02,0.05,30.0,0.02,0.02,0.02,0.02,0.1,0.02,0.01,0.05,0.2,0.02,20.0,0.02,0.02,0.05,2.0,0.02,0.01,0.02,1.0,0.02,0.02,1.5,20.0,0.02,0.02,0.02,0.02,0.02,0.1,0.02,0.02,0.05,0.2,0.01,0.02,0.02,0.01,0.03,0.02,0.02,0.01,0.02,0.06,0.01,0.02,4.0,15.0,0.02,0.02,7.0,0.02,,0.1,0.02,0.02,0.02,0.06,0.05,0.04,0.01,2.0,0.01,0.02,0.02,0.02,0.02,0.04,0.1,0.01,0.02,0.02,0.01,0.02,0.02,0.02,0.02,0.02,0.02,0.02,0.1,0.05,0.02,0.05,0.01,150.0,0.02,0.1,0.02,0.02,0.02,0.01,0.002,0.02,0.02,0.02,0.02,0.02,15.0,30.0,,0.05,0.02,0.02,0.02,0.01,0.05,0.02,0.01,0.01,0.02,0.02,0.01,0.02,0.02,0.1,0.01
286,Cinnamon,Cinnamon,0.02,0.02,0.02,0.05,0.05,0.1,,0.05,0.05,0.1,0.05,0.01,0.01,0.05,0.05,0.1,0.05,0.05,0.05,0.2,0.05,0.05,0.05,0.05,0.05,0.05,0.05,0.05,0.1,0.05,0.05,0.05,0.05,0.1,0.05,0.05,0.02,0.1,0.1,0.1,0.01,0.05,0.05,0.5,0.05,0.05,0.05,0.05,0.05,0.1,0.05,0.1,0.05,0.1,0.05,,0.05,0.05,0.05,0.05,0.05,0.05,0.05,0.01,0.9,0.01,"400.0, 50.0",0.05,0.05,0.05,0.05,0.05,0.05,0.05,0.05,0.05,0.01,0.05,0.1,0.1,0.05,0.1,0.05,0.05,0.01,,0.1,0.1,0.02,,0.05,0.07,0.1,0.05,0.02,0.02,0.05,0.1,0.05,0.1,0.05,0.1,0.025,0.05,0.05,0.05,0.05,0.05,0.01,0.01,0.05,0.05,0.05,0.05,0.05,0.1,0.1,0.1,0.05,0.05,0.5,0.05,40.0,,0.01,0.05,0.05,0.1,0.05,0.1,0.05,0.05,0.05,0.1,0.1,0.1,0.05,0.1,0.1,1.0,0.05,0.1,0.1,0.02,0.05,0.05,0.05,0.05,0.05,0.05,0.05,0.1,"0.1, 0.02",0.05,0.1,0.05,0.05,0.05,0.3,0.05,0.05,0.1,0.05,0.05,0.1,0.05,0.05,0.05,0.05,0.05,0.1,0.1,,0.05,0.05,0.05,0.05,0.05,0.01,0.1,0.05,0.01,0.05,0.05,0.01,0.1,0.1,0.05,0.01,0.02,0.1,0.05,0.05,0.1,0.02,0.1,0.05,0.1,0.05,0.05,0.05,0.05,0.05,0.05,0.05,0.05,0.05,0.05,0.1,0.05,0.05,0.1,0.05,0.05,0.02,0.05,0.05,0.05,0.05,0.05,0.1,0.1,0.005,0.05,0.1,0.05,0.05,0.05,0.1,0.05,0.05,0.05,0.05,0.05,0.05,0.1,,0.05,0.1,0.05,0.05,0.05,5.0,0.02,0.05,0.05,0.1,0.05,0.05,0.05,0.05,0.05,0.05,0.05,0.05,0.05,0.05,0.05,0.1,0.05,0.05,0.05,0.05,0.05,400.0,0.05,0.05,1.0,0.1,0.1,0.05,0.1,0.02,0.05,0.1,0.02,0.01,0.01,0.05,0.05,,0.1,0.05,0.1,0.01,,0.05,0.05,0.05,0.1,0.1,0.05,0.05,0.05,0.05,0.05,0.05,0.05,0.01,0.05,0.01,0.05,0.1,0.05,0.05,0.01,0.1,0.01,0.05,0.05,0.1,0.02,0.5,0.05,0.05,0.05,0.1,0.05,0.05,0.1,0.05,0.05,0.02,0.05,0.05,0.1,0.05,0.1,0.05,0.1,0.1,0.05,0.05,0.1,0.1,0.1,0.05,0.1,0.1,0.05,0.05,0.05,0.05,0.05,0.1,0.05,0.02,0.1,0.05,0.05,0.05,0.05,0.05,0.05,0.05,0.3,0.02,0.05,0.05,0.05,0.05,0.05,0.05,0.02,0.05,0.05,0.05,0.05,0.05,0.05,0.05,0.01,0.05,0.1,0.05,0.05,0.1,0.05,0.05,0.05,0.05,0.1,0.05,0.01,0.05,0.05,,0.05,0.05,0.05,0.1,0.02,0.02,20.0,0.02,0.01,0.01,0.05,0.05,0.05,0.05,0.05,0.05,0.15,0.05,0.05,0.05,0.05,0.1,0.05,0.05,0.05,0.05,0.05,0.1,0.05,0.01,0.1,0.05,0.05,0.05,0.05,0.05,0.1,0.1,0.1,0.02,0.05,0.5,0.05,0.05,0.05,0.05,0.05,0.05,0.05,0.05,0.05,0.1,0.05,0.05,0.1,0.05,0.01,0.05,0.05,0.02,0.03,0.05,0.05,0.05,0.05,0.15,0.01,0.05,0.1,0.1,0.05,0.02,0.1,0.05,,0.1,0.05,0.05,0.05,0.1,0.1,0.1,0.02,0.05,0.05,0.05,0.05,0.05,0.05,0.1,0.1,0.01,0.05,0.05,0.05,0.05,0.05,0.05,0.05,0.05,0.05,0.05,0.1,0.05,0.05,0.1,0.02,40.0,0.05,0.1,0.05,0.05,0.05,0.02,0.005,0.05,0.05,0.05,0.05,0.05,0.05,0.05,,0.1,0.05,0.05,0.05,0.05,0.05,0.05,0.02,0.05,0.05,0.05,0.01,0.05,0.05,0.2,0.05
289,CITRUS FRUIT,Citrus fruits,0.01,0.01,0.01,0.01,0.05,0.06,,0.01,0.01,1.0,0.01,0.01,0.01,0.01,10.0,0.1,0.01,0.01,0.04,0.01,0.6,0.9,0.01,0.01,0.01,0.01,0.01,0.02,0.01,0.01,0.01,0.01,0.01,0.05,0.01,0.01,0.01,0.01,0.05,0.05,,0.01,0.02,0.01,,15.0,0.01,0.02,0.01,0.02,0.01,0.03,0.01,0.1,0.01,,0.01,0.01,0.05,0.01,0.01,0.01,0.01,0.01,2.0,0.01,"5.0, 30.0",0.01,0.01,0.01,0.01,0.05,0.01,0.01,0.01,0.01,0.01,0.01,0.02,0.03,0.01,,0.01,0.01,0.01,,0.03,0.02,0.01,,0.7,0.05,0.01,0.01,0.01,0.02,0.01,0.01,0.01,0.03,0.01,0.02,0.01,0.01,0.01,0.01,0.01,0.01,0.01,0.01,0.01,0.01,0.01,0.01,0.01,0.05,0.1,0.02,0.5,0.01,0.5,0.01,20.0,,0.01,0.9,0.01,0.05,0.01,0.09,0.01,0.5,0.3,0.02,0.01,2.0,0.05,0.02,0.01,0.05,0.01,0.05,0.06,0.02,0.02,0.01,0.01,0.01,0.01,0.05,0.01,0.3,0.01,0.01,0.02,0.05,0.01,0.01,0.6,0.01,0.01,,0.01,0.01,0.05,0.01,,0.01,0.01,0.01,0.02,0.02,,0.01,0.01,0.05,0.02,0.01,,5.0,0.01,0.01,1.5,0.01,,0.05,0.01,0.01,0.01,0.01,0.05,0.01,0.01,0.03,0.01,0.05,0.01,0.02,1.5,0.01,0.01,0.01,0.01,0.01,0.02,0.3,,0.01,0.01,0.01,0.01,0.1,0.01,0.01,2.0,0.01,0.01,0.01,0.5,0.01,0.02,0.02,0.005,0.01,0.15,0.01,0.01,0.01,0.01,0.01,0.01,0.01,10.0,0.05,0.01,0.02,,0.01,0.02,0.01,0.01,,0.2,0.01,0.01,,0.02,0.01,0.01,0.01,0.01,0.01,0.01,0.01,0.01,0.01,0.4,,0.03,0.01,0.01,0.01,0.01,0.01,,0.02,0.01,1.0,0.05,,0.05,0.02,0.01,0.01,0.01,0.01,0.01,0.01,0.01,0.5,,0.02,,0.05,0.01,,0.01,0.01,0.9,0.1,0.1,0.01,0.01,0.01,0.01,0.01,0.01,0.01,0.01,0.01,0.01,0.01,0.02,,0.01,0.2,0.1,0.01,0.01,,0.05,2.0,0.2,0.01,,0.01,0.05,,0.01,0.02,0.01,0.01,0.01,0.01,0.01,,,0.05,0.01,0.02,0.02,0.01,0.01,0.01,0.02,0.03,0.01,0.02,0.01,2.0,0.01,0.01,0.01,0.01,0.1,0.01,0.01,0.02,0.01,0.01,0.01,0.01,0.01,0.01,0.01,0.01,0.01,0.01,0.01,0.01,0.01,0.01,0.01,0.01,,0.01,0.05,0.01,0.01,0.01,0.01,0.01,0.02,0.05,0.01,0.01,0.02,0.05,0.01,0.01,0.01,0.05,0.01,0.01,0.01,0.02,,0.01,0.01,,0.5,0.01,0.01,100.0,0.01,0.01,0.01,0.01,0.01,0.02,3.0,0.01,0.01,0.03,0.01,0.01,0.01,0.01,0.02,0.01,0.01,,0.01,0.01,0.05,0.01,0.005,0.02,0.01,0.01,0.01,0.01,0.01,0.02,2.0,0.02,0.01,0.01,1.0,,0.01,0.05,8.0,0.01,0.7,0.01,0.01,0.01,0.1,0.01,0.02,0.02,0.02,0.01,0.01,0.01,0.01,0.03,0.01,0.01,0.01,0.01,0.03,0.01,0.01,,0.3,,,0.5,0.01,,0.01,0.01,,0.01,0.03,0.02,0.02,0.01,,2.0,0.6,0.01,0.5,0.01,0.02,0.1,0.01,0.01,0.01,0.01,7.0,0.01,0.01,0.01,0.01,0.01,0.01,,0.05,0.01,0.02,0.005,20.0,0.01,0.1,0.01,0.01,0.01,0.01,0.001,0.01,0.01,,0.01,0.01,0.5,0.5,,0.02,0.01,0.01,0.01,0.01,,0.01,0.01,0.01,0.01,0.01,0.01,0.01,0.01,0.1,0.01
297,Cloves,Cloves,0.02,0.02,0.02,0.05,0.05,0.1,,0.05,0.05,0.1,0.05,0.01,0.01,0.05,0.05,0.1,0.05,0.05,0.05,0.2,0.05,0.05,0.05,0.05,0.05,0.05,0.05,0.05,0.1,0.05,0.05,0.05,0.05,0.1,0.05,0.05,0.02,0.1,0.1,0.1,0.01,0.05,0.05,0.5,0.05,0.05,0.05,0.05,0.05,0.1,0.05,0.1,0.05,0.1,0.05,,0.05,0.05,0.05,0.05,0.05,0.05,0.05,0.01,0.9,0.01,"400.0, 50.0",0.05,0.05,0.05,0.05,0.05,0.05,0.05,0.05,0.05,0.01,0.05,0.1,0.1,0.05,0.1,0.05,0.05,0.01,,0.1,0.1,0.02,,0.05,0.07,0.1,0.05,0.02,0.02,0.05,0.1,0.05,0.1,0.05,0.1,0.025,0.05,0.05,0.05,0.05,0.05,0.01,0.01,0.05,0.05,0.05,0.05,0.05,0.1,0.1,0.1,0.05,0.05,0.5,0.05,40.0,,0.01,0.05,0.05,0.1,0.05,0.1,0.05,0.05,0.05,0.1,0.1,0.1,0.05,0.1,0.1,1.0,0.05,0.1,0.1,0.02,0.05,0.05,0.05,0.05,0.05,0.05,0.05,0.1,"0.02, 0.1",0.05,0.1,0.05,0.05,0.05,0.3,0.05,0.05,0.1,0.05,0.05,0.1,0.05,0.05,0.05,0.05,0.05,0.1,0.1,,0.05,0.05,0.05,0.05,0.05,0.01,0.1,0.05,0.01,0.05,0.05,0.01,0.1,0.1,0.05,0.01,0.02,0.1,0.05,0.05,0.1,0.02,0.1,0.05,0.1,0.05,0.05,0.05,0.05,0.05,0.05,0.05,0.05,0.05,0.05,0.1,0.05,0.05,0.1,0.05,0.05,0.02,0.05,0.05,0.05,0.05,0.05,0.1,0.1,0.005,0.05,0.1,0.05,0.05,0.05,0.1,0.05,0.05,0.05,0.05,0.05,0.05,0.1,,0.05,0.1,0.05,0.05,0.05,5.0,0.02,0.05,0.05,0.1,0.05,0.05,0.05,0.05,0.05,0.05,0.05,0.05,0.05,0.05,0.05,0.1,0.05,0.05,0.05,0.05,0.05,400.0,0.05,0.05,1.0,0.1,0.1,0.05,0.1,0.02,0.05,0.1,0.02,0.01,0.01,0.05,0.05,,0.1,0.05,0.1,0.01,,0.05,0.05,0.05,0.1,0.1,0.05,0.05,0.05,0.05,0.05,0.05,0.05,0.01,0.05,0.01,0.05,0.1,0.05,0.05,0.01,0.1,0.01,0.05,0.05,0.1,0.02,0.5,0.05,0.05,0.05,0.1,0.05,0.05,0.1,0.05,0.05,0.02,0.05,0.05,0.1,0.05,0.1,0.05,0.1,0.1,0.05,0.05,0.1,0.1,0.1,0.05,0.1,0.1,0.05,0.05,0.05,0.05,0.05,0.1,0.05,0.02,0.1,0.05,0.05,0.05,0.05,0.05,0.05,0.05,0.3,0.02,0.05,0.05,0.05,0.05,0.05,0.05,0.02,0.05,0.05,0.05,0.05,0.05,0.05,0.05,0.01,0.05,0.1,0.05,0.05,0.1,0.05,0.05,0.05,0.05,0.1,0.05,0.01,0.05,0.05,,0.05,0.05,0.05,0.1,0.02,0.02,20.0,0.02,0.01,0.01,0.05,0.05,0.05,0.05,0.05,0.05,0.15,0.05,0.05,0.05,0.05,0.1,0.05,0.05,0.05,0.05,0.05,0.1,0.05,0.01,0.1,0.05,0.05,0.05,0.05,0.05,0.1,0.1,0.1,0.02,0.05,0.5,0.05,0.05,0.05,0.05,0.05,0.05,0.05,0.05,0.05,0.1,0.05,0.05,0.1,0.05,0.01,0.05,0.05,0.02,0.03,0.05,0.05,0.05,0.05,0.15,0.01,0.05,0.1,0.1,0.05,0.02,0.1,0.05,,0.1,0.05,0.05,0.05,0.1,0.1,0.1,0.02,0.05,0.05,0.05,0.05,0.05,0.05,0.1,0.1,0.01,0.05,0.05,0.05,0.05,0.05,0.05,0.05,0.05,0.05,0.05,0.1,0.05,0.05,0.1,0.02,40.0,0.05,0.1,0.05,0.05,0.05,0.02,0.005,0.05,0.05,0.05,0.05,0.05,0.05,0.05,,0.1,0.05,0.05,0.05,0.05,0.05,0.05,0.02,0.05,0.05,0.05,0.01,0.05,0.05,0.2,0.05
138,BEANS,Cocoa beans,0.1,0.02,0.02,0.05,0.05,0.1,,0.05,0.05,0.1,0.05,0.01,0.01,0.05,0.05,0.1,0.05,0.05,0.05,0.05,0.05,0.05,0.05,0.05,0.05,0.05,0.05,0.05,0.05,0.05,0.05,0.05,0.05,0.1,0.05,0.05,0.02,0.1,0.1,0.1,0.01,0.05,0.05,0.05,0.05,0.05,0.05,0.05,0.05,0.1,0.05,0.1,0.05,0.1,0.05,,0.05,0.05,0.05,0.05,0.05,0.05,0.05,0.01,0.01,0.01,"70.0, 50.0",0.05,0.05,0.05,0.05,0.05,0.05,0.05,0.05,0.05,0.01,0.05,0.1,0.1,0.05,0.1,0.05,0.05,0.01,,0.1,0.1,0.02,,0.05,0.05,0.1,0.05,0.02,0.02,0.05,0.1,0.05,0.1,0.05,0.1,0.025,0.05,0.05,0.05,0.05,0.05,0.01,0.01,0.05,0.05,0.05,0.05,0.05,0.1,0.1,0.1,0.05,0.05,0.5,0.02,50.0,,0.01,0.05,0.05,0.1,0.05,0.1,0.05,0.05,0.05,0.1,0.1,0.1,0.05,0.1,0.1,0.5,0.05,0.1,0.1,0.02,0.05,0.05,0.05,0.05,0.05,0.05,0.05,0.1,0.02,0.05,0.1,0.05,0.05,0.05,0.05,0.05,0.05,0.1,0.05,0.05,0.1,0.05,0.05,0.05,0.05,0.05,0.1,0.1,,0.05,0.05,0.05,0.05,0.05,0.01,0.1,0.05,0.01,0.05,0.05,0.01,0.1,0.01,0.05,0.01,0.02,0.1,0.05,0.05,0.1,0.02,0.1,0.05,0.1,0.05,0.05,0.05,0.05,0.05,0.05,0.05,0.05,0.05,0.05,0.1,0.05,0.05,0.1,0.05,0.05,0.02,0.05,0.05,0.05,0.05,0.05,0.1,0.1,0.005,0.05,0.1,0.05,0.05,0.05,0.1,0.05,0.05,0.05,0.05,0.05,0.05,0.1,,0.05,0.1,0.05,0.05,0.05,5.0,0.02,0.05,0.05,0.1,0.05,0.05,0.05,0.05,0.05,0.05,0.05,0.05,0.05,0.05,0.05,0.1,0.05,0.05,0.05,0.05,0.05,2.0,0.05,0.05,1.0,0.1,0.1,0.05,0.1,0.02,0.05,0.02,0.02,0.01,0.01,0.05,0.05,,0.1,0.05,0.1,0.01,,0.05,0.05,0.05,0.1,0.1,0.05,0.05,0.05,0.05,0.05,0.05,0.05,0.01,0.05,0.01,0.05,0.1,0.05,0.05,0.01,0.1,0.01,0.05,0.05,0.1,0.02,0.5,0.05,0.06,0.05,0.1,0.05,0.05,0.1,0.05,0.05,0.02,0.05,0.05,0.1,0.05,0.1,0.05,0.1,0.1,0.05,0.05,0.05,0.1,0.1,0.05,0.1,0.1,0.05,0.05,0.05,0.05,0.05,0.1,0.05,0.02,0.1,0.05,0.05,0.05,0.05,0.05,0.05,0.05,0.05,0.02,0.05,0.05,0.05,0.05,0.05,0.05,0.02,0.01,0.05,0.05,0.05,0.05,0.05,0.05,0.01,0.05,0.1,0.05,0.05,0.1,0.05,0.05,0.05,0.05,0.1,0.05,0.01,0.05,0.05,,0.05,0.05,0.05,0.1,0.02,0.02,20.0,0.1,0.01,0.01,0.05,0.05,0.05,0.05,0.05,0.05,0.15,0.05,0.05,0.05,0.05,0.1,0.05,0.05,0.05,0.05,0.05,0.1,0.05,0.01,0.1,0.05,0.05,0.05,0.05,0.05,0.1,0.1,0.1,0.02,0.05,0.5,0.05,0.05,0.05,0.05,0.05,0.05,0.05,0.05,0.05,0.1,0.05,0.05,0.1,0.05,0.01,0.05,0.05,0.02,0.03,0.05,0.05,0.05,0.05,0.15,0.01,0.05,0.1,0.1,0.05,0.02,0.1,0.05,,0.1,0.05,0.05,0.03,0.1,0.1,0.1,0.02,0.05,0.05,0.05,0.05,0.05,0.05,0.1,0.1,0.01,0.05,0.05,0.05,0.05,0.05,0.02,0.05,0.05,0.05,0.05,0.1,0.05,0.05,0.1,0.02,50.0,0.05,0.1,0.05,0.05,0.05,0.02,0.005,0.05,0.05,0.05,0.05,0.05,0.05,0.05,,0.1,0.05,0.05,0.05,0.05,0.05,0.05,0.02,0.05,0.05,0.05,0.01,0.05,0.05,0.2,0.01
301,Coconuts,Coconuts,0.01,0.01,0.01,0.01,0.05,0.06,,0.02,0.02,0.2,0.05,0.01,0.01,0.02,0.01,0.1,0.01,0.02,0.01,0.02,0.01,0.07,0.01,0.01,0.01,0.01,0.02,0.05,0.01,0.01,0.01,0.05,0.01,0.05,0.02,0.02,0.02,0.01,0.1,0.05,0.01,0.01,0.02,0.01,0.02,0.01,0.02,0.02,0.01,0.02,0.01,0.03,0.02,0.1,0.01,,0.01,0.01,0.05,0.01,0.01,0.02,0.01,0.01,0.05,0.01,50.0,0.02,0.01,0.01,0.01,0.05,0.01,0.01,0.02,0.02,0.01,0.02,0.05,0.07,0.02,0.1,0.01,0.02,0.01,,0.05,0.05,0.01,,0.03,0.1,0.01,0.02,0.01,0.02,0.02,0.01,0.02,0.04,0.01,0.02,0.01,0.01,0.02,0.02,0.01,0.01,0.01,0.01,0.01,0.02,0.02,0.02,0.01,0.05,0.1,0.05,0.05,0.02,0.5,0.01,30.0,,0.01,0.04,0.02,0.05,0.01,0.09,0.01,0.01,0.01,0.05,0.01,0.05,0.05,0.04,0.01,0.05,0.02,0.05,0.1,0.02,0.01,0.01,0.01,0.02,0.02,0.05,0.01,0.02,0.01,0.01,0.05,0.05,0.01,0.01,0.05,0.01,0.01,0.04,0.01,0.01,0.1,0.01,0.02,0.01,0.01,0.02,0.05,0.05,,0.02,0.02,0.05,0.02,0.02,0.01,0.05,0.01,0.01,0.01,0.02,0.005,0.1,0.01,0.01,0.01,0.01,0.1,0.02,0.01,0.03,0.01,0.1,0.02,0.05,0.01,0.01,0.01,0.01,0.01,0.01,0.02,0.01,0.01,0.02,0.01,0.02,0.02,0.1,0.01,0.01,0.01,0.01,0.01,0.01,0.05,0.02,0.05,0.05,0.005,0.01,0.06,0.01,0.01,0.01,0.01,0.1,0.02,0.02,0.01,0.05,0.01,0.05,,0.01,0.05,0.01,0.01,0.03,15.0,0.01,0.01,0.02,0.02,0.01,0.01,0.01,0.02,0.01,0.01,0.01,0.01,0.02,0.01,0.04,0.07,0.02,0.02,0.02,0.01,0.02,500.0,0.02,0.01,1.0,0.1,0.1,0.05,0.05,0.01,0.01,0.01,0.01,0.01,0.01,0.02,0.05,,0.05,0.01,0.05,0.01,,0.01,0.02,0.01,0.1,0.1,0.01,0.02,0.01,0.01,0.01,0.02,0.01,0.01,0.01,0.01,0.01,0.02,0.01,0.02,0.01,0.1,0.01,0.01,0.01,0.05,0.02,0.2,0.01,0.01,0.01,0.05,0.06,0.02,0.05,0.02,0.01,0.02,0.02,0.01,0.02,0.01,0.05,0.01,0.02,0.05,0.02,0.02,0.02,0.05,0.03,0.01,0.05,0.01,0.1,0.01,0.01,0.01,0.01,0.1,0.01,0.01,0.02,0.02,0.02,0.02,0.02,0.01,0.01,0.02,0.02,0.01,0.01,0.01,0.01,0.01,0.01,0.01,0.01,0.01,0.01,0.01,0.02,0.02,0.01,0.01,0.01,0.02,0.05,0.02,0.01,0.02,0.05,0.01,0.01,0.05,0.05,0.01,0.01,0.01,0.05,,0.02,0.02,0.01,0.05,0.01,0.09,400.0,0.01,0.01,0.01,0.01,0.01,0.02,0.02,0.01,0.01,0.03,0.02,0.02,0.01,0.01,0.05,0.01,0.02,0.02,0.02,0.01,0.2,0.01,0.01,0.05,0.01,0.02,0.02,0.02,0.02,0.02,0.02,0.02,0.01,0.02,1.0,0.05,0.01,0.05,0.02,0.01,0.01,0.01,0.02,0.02,0.15,0.02,0.02,0.05,0.01,0.01,0.02,0.02,0.01,0.03,0.01,0.02,0.02,0.01,0.03,0.01,0.01,0.02,0.07,0.05,0.02,0.5,0.05,,0.05,0.02,0.02,3.0,0.03,0.02,0.02,0.01,0.05,0.01,0.01,0.02,0.01,0.01,0.02,0.1,0.01,0.01,0.01,0.02,0.02,0.02,0.01,0.01,0.01,0.02,0.01,0.2,0.05,0.01,0.02,0.005,30.0,0.01,0.1,0.01,0.01,0.01,0.01,0.005,0.01,0.02,0.01,0.01,0.02,0.02,0.02,,0.02,0.01,0.01,0.01,0.02,0.05,0.01,0.01,0.01,0.01,0.02,0.01,0.01,0.01,0.1,0.01
138,BEANS,Coffee beans,0.1,0.02,0.02,0.05,0.05,0.1,,0.05,0.05,0.1,0.05,0.01,0.01,0.05,0.05,0.1,0.05,0.05,0.05,0.05,0.05,0.05,0.05,0.05,0.05,0.05,0.05,0.1,0.02,0.05,0.05,0.05,0.05,0.1,0.05,0.05,0.02,0.1,0.1,0.1,0.01,0.05,0.05,0.05,0.05,0.03,0.05,0.05,0.05,0.1,0.05,0.1,0.05,0.1,0.15,,0.05,0.05,0.05,0.05,0.05,0.05,0.05,0.01,0.05,0.01,"50.0, 70.0",0.05,0.05,0.05,0.05,0.05,0.05,0.05,0.05,0.05,0.01,0.05,0.1,0.1,0.05,0.1,0.05,0.05,0.01,,0.1,0.1,0.02,,0.01,0.05,0.1,0.05,0.02,0.02,0.05,0.1,0.05,0.1,0.05,0.1,0.025,0.05,0.05,0.05,0.05,0.05,0.01,0.01,0.05,0.05,0.05,0.05,0.05,0.1,0.1,0.1,0.05,0.05,0.5,0.05,50.0,,0.01,0.05,0.05,0.1,0.05,0.1,0.05,0.05,0.05,0.1,0.1,0.1,0.1,0.1,0.1,1.0,0.05,0.1,0.1,0.02,0.1,0.05,0.05,0.05,0.05,0.05,0.05,0.1,0.02,0.05,0.1,0.05,0.05,0.05,0.05,0.05,0.05,0.2,0.05,0.05,0.1,0.05,0.05,0.05,0.05,0.05,0.1,0.1,,0.05,0.05,0.05,0.02,0.05,0.01,0.1,0.05,0.01,0.05,0.05,0.01,0.1,0.01,0.05,0.01,0.02,0.1,0.05,0.05,0.1,0.02,0.1,0.05,0.1,0.05,0.05,0.05,0.05,0.05,0.05,0.05,0.05,0.05,0.05,0.1,0.05,0.05,0.1,0.05,0.05,0.02,0.05,0.05,0.05,0.05,0.05,0.1,0.1,0.005,0.05,0.1,0.05,0.05,0.05,0.1,0.05,0.05,0.05,0.05,0.05,0.05,0.1,,0.05,0.1,0.05,0.05,0.05,5.0,0.02,0.05,1.0,0.1,0.05,0.05,0.05,0.05,0.05,0.05,0.05,0.05,0.15,0.05,0.2,0.1,0.05,0.05,0.05,0.05,0.05,5.0,0.05,0.05,1.0,0.1,0.1,0.05,0.1,0.02,0.05,0.02,0.02,0.01,0.01,0.05,0.05,,0.1,0.05,0.1,0.01,,0.05,0.05,1.0,0.1,0.1,0.05,0.05,0.05,0.05,0.05,0.05,0.05,0.01,0.05,0.01,0.05,0.1,0.05,0.05,0.01,0.1,0.01,0.05,0.07,0.1,0.02,0.5,0.05,0.05,0.05,0.1,0.4,0.05,0.1,0.05,0.05,0.02,0.05,0.05,0.15,0.05,0.1,0.05,0.1,0.1,0.05,0.05,0.05,0.1,0.1,0.05,0.1,0.1,0.15,0.05,0.05,0.05,0.05,0.1,0.05,0.02,0.1,0.05,0.05,0.05,0.05,0.05,0.05,0.05,0.05,0.02,0.05,0.05,0.05,0.05,0.05,0.05,0.02,0.05,0.05,0.05,0.05,0.05,0.05,0.05,0.01,0.05,0.1,0.05,0.05,0.1,0.05,0.05,0.05,0.05,0.1,0.05,0.01,0.05,0.05,,0.05,0.05,0.05,0.1,0.02,0.15,20.0,0.1,0.01,0.01,0.05,0.05,0.05,0.05,0.05,0.05,0.15,0.05,0.05,0.05,0.05,0.1,0.05,0.05,0.05,0.05,0.05,0.1,0.05,0.01,0.1,0.05,0.05,0.05,0.05,0.05,0.1,0.3,0.1,0.02,0.05,0.5,0.05,0.05,0.05,0.05,0.05,0.05,0.05,0.05,0.05,0.1,0.05,0.05,0.1,0.05,0.01,0.05,0.05,0.02,0.03,0.05,0.05,0.05,0.05,0.15,0.01,0.05,0.1,0.1,0.05,0.05,0.1,0.05,,0.1,0.05,0.05,0.05,0.1,0.1,0.1,0.02,0.1,0.05,0.05,0.05,0.3,0.05,0.1,0.1,0.01,0.05,0.05,0.05,0.05,0.05,0.05,0.05,0.05,0.05,0.05,0.1,0.05,0.05,0.1,0.02,50.0,0.05,0.1,0.05,0.05,0.05,0.02,0.005,0.05,0.05,0.05,0.05,0.05,0.05,0.05,,0.1,0.05,0.05,0.05,0.05,0.05,0.05,0.02,0.05,0.05,0.05,0.01,0.05,0.05,0.2,0.01
311,Commodities from,Commodities from,0.01,,0.1,0.02,,0.06,0.01,0.01,0.01,,0.05,0.01,0.01,,0.01,0.1,0.01,0.01,,0.02,0.01,,0.01,0.02,0.01,0.01,0.01,0.01,0.2,,,,0.01,,0.01,0.01,0.01,0.01,0.02,,0.01,,0.01,0.01,0.01,,0.01,0.01,,0.02,0.01,,0.01,0.1,,,0.02,0.01,,0.01,0.01,0.01,,0.01,,0.01,0.05,0.01,0.01,0.05,0.02,0.05,0.01,0.01,0.01,0.01,0.01,0.01,0.01,,0.05,0.05,0.01,0.01,0.01,,0.03,0.01,,,,,0.05,0.01,0.05,,,0.05,0.01,,,0.1,,0.01,,0.02,0.05,0.05,0.01,0.01,0.01,0.01,0.01,0.01,0.01,0.1,,0.02,,0.01,,0.02,,,0.01,,0.01,0.01,0.01,,0.02,,,0.01,0.01,,,,,1.0,0.02,,0.06,,,0.01,0.01,0.01,,,0.01,,,,,0.1,0.01,0.01,,0.01,0.02,,0.01,0.01,,0.01,0.01,0.01,0.03,0.01,,0.02,,0.01,0.01,0.05,0.05,,0.01,0.05,0.01,0.01,0.01,0.02,,0.05,0.05,0.01,0.01,0.01,,0.01,0.01,0.03,0.01,0.05,0.01,0.02,,0.01,0.01,,0.01,,0.02,,,0.02,,0.05,0.01,,0.01,,,,,0.01,,0.05,0.02,,,0.01,,0.01,0.01,,0.01,,0.01,0.01,,,0.02,0.02,,0.01,0.02,0.005,,,0.3,,,,0.02,0.01,0.05,,,0.01,0.02,0.01,,,,,0.05,0.01,0.01,0.01,0.01,0.01,,,0.01,1.0,,,0.05,0.02,,0.01,0.2,,0.01,0.01,,0.05,,,,,0.01,,0.01,0.02,0.01,0.1,0.1,0.01,0.02,0.01,0.01,0.01,0.05,0.01,0.01,0.01,,0.01,,,0.01,,0.1,0.01,0.01,,,0.02,,0.01,,0.01,,,0.01,,,0.01,,0.02,0.01,,,0.01,0.01,,0.02,0.05,0.01,0.01,0.02,0.03,0.01,,0.01,,0.01,0.01,0.01,,0.1,0.01,,0.02,0.01,,0.01,0.01,0.01,0.01,,0.01,0.01,,0.01,0.01,0.01,0.01,0.01,0.01,,0.01,0.01,0.01,0.01,0.01,0.01,0.01,,0.05,0.01,,0.01,,0.01,0.01,0.01,,0.01,0.01,0.05,0.05,,,0.01,0.01,0.1,,0.01,,,,,0.02,0.01,,,0.01,0.01,0.03,0.01,0.05,0.01,0.01,0.02,,0.01,0.01,0.01,0.01,0.01,0.01,0.01,0.05,,0.02,0.01,,,0.01,0.05,0.02,,0.01,0.05,0.01,0.01,,,0.01,0.01,0.01,0.01,,,0.02,0.2,0.01,,0.01,0.02,,0.01,,0.01,0.01,0.01,0.01,0.03,0.01,0.01,0.02,,,0.01,,,,,,,0.01,0.02,0.01,0.02,,,,0.01,0.01,0.01,,,0.1,0.01,0.01,,0.05,,0.01,0.02,0.01,0.01,0.01,0.01,0.05,0.01,0.01,0.05,,,0.01,0.05,,,0.01,0.01,0.01,0.01,0.01,,0.01,0.01,,,0.01,0.01,,0.01,0.01,0.01,,,0.01,0.01,0.03,0.01,0.01,0.01,0.01,,0.01
312,Common millet/proso millet,Common millet/proso millet,0.01,0.01,0.01,0.01,0.05,0.06,,0.01,0.01,0.05,0.01,0.01,0.001,0.01,0.02,0.1,0.01,0.02,0.01,0.01,0.01,0.01,0.01,0.01,0.01,0.01,0.01,0.02,0.01,0.01,0.01,0.05,0.01,0.05,0.01,0.01,0.01,0.01,0.05,0.05,1.0,0.01,0.05,0.01,0.01,0.01,0.01,0.01,0.01,0.02,0.01,0.08,0.02,0.1,0.01,0.02,0.01,0.01,0.01,0.01,0.01,0.01,0.01,0.01,0.15,0.01,"10.0, 50.0",0.01,0.01,0.01,0.01,0.05,0.01,0.01,0.01,0.01,0.01,0.01,0.02,0.07,0.5,0.01,0.01,0.01,0.01,0.01,0.03,0.05,0.05,,0.02,0.05,0.01,0.01,,0.02,0.02,0.01,0.01,0.03,0.01,0.02,0.005,0.01,0.01,0.02,0.01,0.01,0.01,0.01,0.01,0.01,0.01,0.01,0.01,0.05,0.1,0.02,0.02,0.01,2.0,0.01,10.0,,0.01,0.01,0.02,0.05,0.01,0.09,0.01,0.01,0.01,0.01,0.01,0.3,0.1,0.02,0.02,0.05,0.02,0.05,0.06,0.02,2.0,0.01,0.01,0.01,0.01,0.3,0.01,0.02,0.01,0.02,0.02,0.05,0.01,0.01,0.05,0.01,0.01,0.3,0.01,0.01,0.05,0.01,0.01,0.01,0.01,0.01,0.05,0.02,,0.01,0.01,0.05,0.02,0.02,0.01,0.05,0.01,0.01,0.01,0.01,0.005,0.05,0.01,0.01,0.01,0.01,0.05,0.01,0.01,0.03,0.01,0.05,0.01,0.02,0.01,0.01,0.01,0.01,0.01,0.01,0.02,0.01,0.01,0.01,0.01,0.01,0.05,0.1,0.01,0.01,0.01,0.01,0.01,0.01,0.01,0.01,0.02,0.02,0.005,0.01,0.03,0.01,0.01,0.01,0.02,0.01,0.01,0.01,0.01,0.05,0.01,0.02,,0.01,0.02,0.005,0.01,0.02,2.0,0.01,0.01,0.02,0.02,0.01,0.01,0.01,0.02,0.01,0.01,0.01,0.01,0.01,0.01,0.01,0.07,0.01,0.01,0.02,0.01,0.01,2.0,0.02,0.01,1.0,0.03,0.1,0.05,0.02,0.01,0.01,0.01,0.01,0.01,0.01,0.01,0.01,15.0,0.02,0.01,0.05,0.01,,0.01,0.01,0.01,0.1,0.1,0.01,0.01,0.01,0.01,0.01,0.01,0.01,0.01,0.01,0.01,0.01,0.02,0.01,0.01,0.01,0.1,0.01,0.01,0.01,0.05,8.0,0.2,0.01,0.01,0.01,0.05,2.0,0.01,0.02,0.01,0.01,0.01,0.01,0.01,0.02,0.01,0.05,0.01,0.02,0.02,0.01,0.01,0.01,0.02,0.03,0.01,5.0,0.01,0.01,0.01,0.01,0.01,0.01,0.1,0.01,0.01,0.02,0.01,0.02,0.01,0.01,0.01,0.01,0.01,0.02,0.01,0.01,0.01,0.01,0.01,0.01,0.01,0.01,0.005,0.01,0.01,0.01,0.01,0.01,0.01,0.01,0.02,0.05,0.02,0.01,0.02,0.05,0.01,0.01,0.8,0.05,0.01,0.01,0.01,0.05,,0.02,0.01,0.01,0.05,0.01,0.7,1.5,0.01,0.01,0.01,0.05,0.01,0.02,0.05,5.0,0.01,0.03,0.01,0.01,0.01,0.02,0.02,0.01,0.01,0.01,0.01,0.01,0.05,0.01,0.005,0.02,0.01,0.01,0.01,0.01,0.01,0.05,0.02,0.02,0.02,0.01,3.0,0.01,0.01,0.05,0.01,0.01,0.01,0.01,0.01,0.01,0.1,0.02,0.02,0.02,0.01,0.01,0.02,0.01,0.01,0.03,0.01,0.01,0.01,0.01,0.03,0.01,0.01,0.02,2.0,0.02,0.02,0.02,0.01,,0.02,0.02,0.01,0.01,0.03,0.02,0.02,0.01,0.02,0.01,0.01,0.01,0.01,0.02,0.02,0.1,0.01,0.01,0.01,0.01,0.01,0.01,0.01,0.01,0.01,0.01,0.01,0.01,0.05,0.01,0.05,0.01,10.0,0.01,0.1,0.01,0.01,0.01,0.02,0.003,0.01,0.01,0.01,0.01,0.01,0.01,0.01,,0.02,0.01,0.01,0.01,0.01,0.05,0.02,0.01,0.01,0.01,0.01,0.01,0.01,0.01,0.1,0.01
315,CORIANDER,Coriander,0.02,0.02,0.02,0.05,0.05,0.1,,0.05,0.05,0.1,0.05,0.01,0.01,0.05,0.05,0.1,0.05,0.05,0.05,0.2,0.05,0.05,0.05,0.05,0.01,0.05,0.05,0.05,0.1,0.05,0.05,0.05,0.05,0.1,0.05,0.05,0.02,0.1,0.1,0.1,0.01,0.05,0.05,0.5,0.05,0.3,0.05,0.05,0.05,0.1,0.05,0.1,0.05,0.1,0.05,,0.05,0.05,0.05,0.05,0.05,0.05,0.05,0.01,0.9,0.01,"50.0, 400.0",0.05,0.05,0.05,0.05,0.05,0.05,0.05,0.05,0.05,0.01,0.05,0.1,0.1,0.05,0.1,0.05,0.05,0.01,,0.1,0.1,0.02,,0.05,0.07,0.1,0.05,0.02,0.02,0.05,0.1,0.05,0.1,0.05,0.1,0.025,0.05,0.05,0.05,0.05,0.05,0.01,0.01,0.05,0.05,0.05,0.05,0.05,0.1,0.1,0.1,0.05,0.05,0.5,0.05,40.0,,0.01,0.05,0.05,0.1,0.05,0.1,0.05,0.05,0.05,0.1,0.1,0.1,0.05,0.1,0.1,1.0,0.05,0.1,0.1,0.02,0.05,0.05,0.05,0.05,5.0,0.05,0.05,0.1,"0.1, 0.02",0.05,0.1,0.05,0.05,0.05,0.3,0.05,0.05,0.1,0.05,0.05,0.1,0.05,30.0,0.05,0.05,0.05,0.1,0.1,,0.05,0.05,0.05,0.05,0.05,0.01,0.1,0.05,0.01,0.05,0.05,0.01,1.0,0.1,0.05,0.01,0.02,0.1,3.0,0.05,0.6,0.02,0.1,0.05,0.1,0.05,0.05,0.05,0.05,0.05,0.05,0.05,0.05,0.05,0.05,0.1,0.05,7.0,0.1,0.05,0.05,0.02,0.05,0.05,0.05,0.05,0.05,0.1,0.1,0.005,0.05,0.1,0.05,0.05,0.03,0.1,0.05,0.05,0.05,0.05,0.05,0.05,0.1,,0.05,0.1,0.05,0.05,0.05,5.0,0.02,0.05,0.05,0.1,0.05,0.05,0.05,0.05,0.05,0.05,0.05,0.05,0.05,0.05,0.05,0.1,0.05,0.05,0.05,0.05,0.05,400.0,0.05,0.05,1.0,0.1,0.1,0.05,0.1,0.02,0.05,0.1,0.02,0.01,0.01,0.05,0.05,,0.1,0.05,0.1,0.01,,0.05,0.05,0.05,0.1,0.1,0.05,0.05,0.05,0.05,0.05,0.05,0.05,0.01,0.05,0.01,0.05,0.1,0.05,0.05,0.3,0.1,0.01,0.05,0.05,0.1,0.02,0.5,0.05,0.05,0.05,0.1,0.05,0.05,0.1,0.05,0.05,0.02,0.05,0.05,0.1,0.05,0.1,0.05,0.1,0.1,0.05,0.05,0.1,0.1,0.1,0.05,0.1,0.1,0.05,0.05,0.05,0.05,0.05,0.1,0.05,0.02,0.1,0.05,0.05,0.05,0.05,0.05,0.05,0.05,0.3,0.02,0.05,0.05,0.05,0.05,0.05,0.05,0.02,0.05,0.05,0.05,0.05,0.05,0.05,0.05,0.01,0.05,0.1,5.0,0.05,0.1,0.05,0.05,0.05,0.05,0.1,0.05,0.01,0.05,0.05,7.0,0.5,2.0,0.05,0.1,0.02,0.02,300.0,0.02,0.01,0.01,0.05,0.05,0.05,5.0,3.0,0.05,0.15,0.05,0.1,0.05,0.05,0.1,0.05,0.05,0.05,0.05,0.05,0.1,0.05,0.01,0.1,0.05,0.05,0.3,0.05,0.05,0.1,0.1,0.1,0.02,0.05,0.5,0.05,0.05,0.15,0.05,0.05,0.05,0.05,0.05,0.05,0.1,0.05,0.05,0.1,0.05,0.01,0.05,0.05,0.02,0.03,0.05,0.05,0.05,0.05,0.15,0.01,0.05,0.1,0.1,0.05,0.02,0.1,0.05,,0.1,0.05,0.05,0.05,0.1,0.1,0.1,0.02,1.5,0.05,0.05,0.05,0.05,0.05,0.1,0.1,0.01,0.05,0.05,0.05,0.05,0.05,0.05,0.05,0.05,0.05,0.05,0.1,0.05,0.05,0.1,0.02,40.0,0.05,0.1,0.05,0.05,0.05,0.1,0.005,0.05,0.05,0.05,0.05,0.05,0.05,0.05,,0.1,0.05,0.05,0.05,0.05,0.05,0.05,0.02,0.05,0.05,0.05,0.01,0.05,0.05,0.2,0.05
317,COTTON,Cotton seeds,0.01,0.02,0.02,0.01,0.05,0.06,,0.02,0.02,0.05,0.05,0.01,0.01,0.02,0.01,0.1,0.01,0.02,0.02,0.02,0.01,0.7,0.01,0.01,0.01,0.01,0.02,0.05,0.02,0.01,0.01,0.05,0.01,0.05,0.02,0.02,0.02,0.01,0.1,0.05,0.5,0.01,0.02,0.01,0.02,0.7,0.02,0.02,0.01,0.02,0.01,0.03,0.02,0.1,0.15,,0.01,0.01,0.5,0.01,0.01,0.02,0.3,0.01,1.0,0.01,"20.0, 5.0",0.02,0.01,0.01,0.01,0.05,0.01,0.01,0.02,0.02,0.01,0.02,0.05,0.07,0.05,0.1,0.01,0.1,0.01,,0.05,0.05,0.02,,0.3,0.05,0.01,0.02,0.02,0.02,0.02,0.01,0.02,0.04,0.7,0.02,0.01,0.01,0.02,0.02,0.01,0.01,0.01,0.01,0.01,0.02,0.02,0.02,0.01,0.05,0.5,0.05,0.05,0.02,0.5,0.01,30.0,,0.01,1.5,0.02,0.05,0.01,7.0,0.01,0.01,0.7,0.05,0.01,0.2,0.05,0.02,0.01,0.05,0.02,0.1,0.1,0.02,0.01,0.01,0.01,0.02,0.02,0.05,0.01,0.02,0.01,0.01,0.1,0.05,0.01,0.01,0.05,0.01,0.01,0.08,0.01,0.01,1.0,0.01,0.02,0.01,0.01,0.02,0.05,0.05,0.2,0.02,0.02,0.05,0.01,0.02,0.02,0.1,0.01,0.01,0.01,0.02,0.005,0.3,0.01,0.01,0.01,0.02,6.0,0.02,0.01,0.03,0.01,0.1,0.02,0.05,0.01,0.01,0.01,0.01,0.01,0.01,0.02,0.01,0.01,0.02,0.01,0.02,0.02,0.1,0.01,0.01,0.01,0.01,0.01,0.01,0.01,0.02,0.05,0.05,0.005,0.01,0.2,0.01,0.01,0.7,0.01,1.5,0.02,0.02,0.01,0.05,0.01,0.05,,0.01,0.05,0.01,0.01,0.8,2.0,0.01,0.01,0.8,0.02,0.01,0.01,0.01,0.02,0.01,0.01,0.01,0.01,0.5,0.09,0.5,0.07,0.02,0.02,0.02,0.01,0.02,2.0,0.05,0.01,1.0,5.0,10.0,0.05,0.05,0.01,0.01,0.01,0.02,0.01,0.01,0.02,0.01,,0.05,0.01,0.05,0.01,,0.01,0.02,0.01,0.1,0.1,0.01,0.02,0.01,0.01,0.01,0.02,0.01,0.01,0.01,0.01,0.01,0.02,0.01,0.02,0.2,0.1,0.01,0.01,0.01,0.1,0.02,0.5,0.01,0.01,0.01,0.05,0.2,0.02,6.0,0.02,0.01,0.02,0.02,0.01,0.05,0.01,0.6,0.01,0.02,0.3,0.02,0.02,0.2,1.0,0.03,0.01,0.05,0.01,7.0,0.01,0.01,0.01,0.01,0.1,0.01,0.01,0.02,0.02,0.02,0.02,0.02,0.01,0.02,0.02,0.02,0.02,0.01,0.01,0.01,0.01,0.01,0.01,0.02,0.01,0.01,0.01,0.02,0.02,0.01,0.01,0.01,0.02,0.05,0.02,0.01,0.02,0.05,0.01,0.01,0.5,0.05,0.01,0.01,0.01,0.05,,0.05,0.02,0.01,0.05,0.01,0.05,1.5,0.02,0.01,0.01,0.01,0.01,0.02,0.02,0.5,0.01,0.03,0.02,3.0,0.01,0.01,0.05,0.01,0.05,0.02,0.02,0.01,0.2,0.01,0.01,0.05,0.01,0.02,0.02,0.02,0.3,0.02,0.3,0.02,0.01,0.02,3.0,0.01,0.01,0.05,0.02,0.01,0.05,0.01,0.02,0.02,0.15,0.02,0.05,0.05,0.1,0.01,0.02,0.02,0.02,0.3,0.01,0.02,0.02,0.01,0.03,0.01,0.01,0.02,0.02,0.02,0.02,0.4,0.05,,0.05,0.02,0.4,0.01,0.03,0.02,0.02,0.01,2.0,0.01,0.05,0.02,0.01,0.01,0.02,0.1,0.01,0.01,0.01,0.02,0.02,0.02,0.01,0.01,0.01,0.02,0.01,0.1,0.05,0.01,0.02,0.005,30.0,0.01,0.1,0.01,0.01,0.01,0.01,0.005,0.01,0.02,0.01,0.01,0.02,0.4,0.4,,0.02,0.01,0.01,0.01,0.02,0.05,0.01,0.02,0.01,0.01,0.02,0.01,0.01,0.01,0.1,0.01
318,Courgettes,Courgettes,0.01,0.01,0.01,0.01,0.05,0.06,,0.01,0.01,0.05,0.01,0.01,0.01,0.01,0.01,0.1,0.01,0.01,0.02,0.01,0.08,0.05,0.01,0.4,0.01,0.01,0.01,0.02,"0.05, 0.01",3.0,0.01,0.01,0.01,0.05,0.01,0.01,0.01,0.01,0.05,0.05,1.0,0.01,0.02,0.01,0.01,1.0,0.01,0.02,0.01,0.02,0.01,0.03,0.01,0.1,0.08,,0.01,0.01,0.01,0.01,0.01,0.01,0.01,0.01,4.0,0.01,30.0,0.01,0.01,0.01,0.01,3.0,2.0,0.01,0.01,0.01,0.01,0.01,0.02,0.03,0.01,0.1,0.01,0.002,0.01,,0.03,0.02,0.01,,0.3,0.2,0.01,0.01,0.01,0.02,0.01,0.01,0.01,0.03,0.01,0.02,0.005,0.01,0.01,0.01,0.01,0.01,0.01,0.01,0.01,0.01,0.01,0.01,0.01,0.05,0.5,0.02,0.02,0.01,0.5,0.01,5.0,,0.01,0.4,0.2,0.05,0.01,0.09,0.05,0.4,0.01,0.02,0.08,0.2,0.05,0.5,0.01,0.05,0.01,0.05,0.06,0.1,0.2,0.01,0.01,0.01,0.01,0.05,0.01,0.02,0.01,0.01,0.02,0.05,0.01,0.01,0.3,0.01,0.01,0.7,0.01,0.01,0.05,0.01,0.5,0.01,0.01,0.01,0.05,0.02,,0.01,0.01,0.05,0.01,0.01,0.01,2.0,0.01,0.01,0.01,0.01,0.007,0.05,0.01,0.01,0.01,0.01,0.05,0.01,0.05,0.03,0.01,0.05,0.01,0.02,0.01,0.01,0.01,0.2,0.01,0.01,0.2,0.01,0.01,0.01,0.01,1.0,0.01,0.1,0.01,0.01,0.01,0.01,0.01,0.7,0.08,0.01,0.02,0.02,0.005,0.01,0.5,0.01,0.01,0.03,0.01,0.2,0.01,0.01,0.4,0.05,0.01,0.02,,0.01,0.02,0.01,0.5,0.6,0.2,0.01,0.01,0.6,0.02,0.01,0.01,0.01,0.01,0.01,0.01,0.03,0.01,0.15,0.02,0.2,0.03,0.01,0.01,0.01,0.01,0.01,100.0,0.02,0.01,1.0,0.1,0.1,0.05,0.02,0.01,0.01,0.01,0.01,0.01,0.01,0.01,0.05,,0.02,0.1,0.05,0.01,,0.01,0.01,0.4,0.1,0.1,0.01,0.01,0.01,0.01,0.01,0.1,1.0,0.01,0.01,0.4,0.05,0.02,0.5,0.01,0.15,0.1,0.01,0.01,0.15,0.05,0.02,0.2,0.01,0.2,0.01,0.05,0.3,0.6,0.02,0.01,0.07,0.01,0.01,0.01,0.4,0.01,0.05,0.01,0.02,0.02,0.01,0.01,0.01,0.02,0.03,0.01,0.02,0.01,0.3,0.6,0.01,0.01,0.5,0.1,0.01,0.01,0.02,0.01,0.01,0.01,0.01,0.2,0.01,0.01,0.01,0.01,0.01,0.01,0.01,0.01,0.01,0.01,0.01,0.001,0.01,0.2,0.01,0.01,0.01,0.01,0.01,0.02,0.05,0.01,0.06,0.02,0.05,0.01,0.01,0.7,0.05,0.01,0.01,0.01,0.02,,0.01,0.01,0.01,0.05,0.01,0.01,80.0,0.01,0.01,0.01,0.01,0.01,0.02,1.0,0.01,0.01,0.03,0.01,0.01,0.01,0.01,0.02,5.0,0.01,0.01,0.01,0.01,0.05,0.01,0.005,0.02,0.02,0.05,0.01,0.01,0.01,0.02,0.5,0.02,0.01,0.01,1.0,0.15,0.01,0.05,0.8,0.2,0.04,0.01,0.01,0.01,0.1,0.01,0.02,0.02,0.01,0.01,0.01,0.01,0.01,0.03,0.01,0.01,0.01,0.01,0.03,0.01,0.01,0.06,0.3,0.02,0.3,0.2,0.01,,0.01,0.01,0.5,0.01,0.03,0.02,0.02,0.01,0.6,0.01,0.3,0.01,0.01,0.01,0.02,0.1,0.01,0.01,0.15,0.01,0.01,0.01,0.01,0.01,0.01,0.01,0.01,0.1,0.05,0.01,0.02,0.005,5.0,0.01,0.1,0.01,0.01,0.01,0.01,0.001,0.01,0.01,0.01,0.01,0.01,0.3,0.3,,0.02,0.01,0.01,0.01,0.01,0.05,0.01,0.01,0.01,0.01,0.01,0.01,0.01,0.01,0.1,2.0
330,Cranberries,Cranberries,0.01,0.01,0.01,0.01,0.05,0.06,,0.01,0.01,0.1,0.01,0.01,0.01,0.01,0.01,0.1,0.01,0.01,0.01,0.01,0.01,0.7,0.01,0.15,0.01,0.01,0.01,0.02,0.01,0.01,0.01,0.01,0.01,0.05,0.01,0.01,0.01,0.01,0.05,0.05,1.0,0.01,0.02,0.01,0.01,0.5,0.01,0.02,0.01,0.02,0.01,0.03,0.01,0.1,0.01,,0.01,0.01,0.01,0.01,0.01,0.01,0.01,0.01,15.0,0.01,5.0,0.01,0.01,0.01,0.01,0.05,1.5,0.01,0.01,0.01,0.01,0.01,0.02,30.0,0.01,0.1,0.01,0.01,0.01,,0.03,0.02,0.01,,1.0,0.05,0.01,0.01,0.01,0.01,0.01,0.01,0.01,0.03,0.01,0.02,0.01,0.01,0.01,0.01,0.01,0.01,0.01,0.01,0.01,0.01,0.01,0.01,0.01,0.05,"0.5, 0.1",0.02,0.02,0.01,4.0,0.01,5.0,,0.01,0.08,0.01,0.05,0.01,0.09,0.01,0.01,0.01,0.02,0.01,0.05,0.05,8.0,0.01,0.05,0.01,0.05,0.06,0.02,0.6,0.01,0.01,0.01,0.2,0.05,0.01,0.02,0.01,0.01,0.02,0.05,0.01,0.01,0.1,0.01,0.01,0.02,0.01,0.01,0.05,0.01,0.01,0.01,0.01,0.01,0.02,0.02,0.15,0.01,0.01,0.05,0.01,0.01,3.0,5.0,0.01,0.01,0.01,0.01,0.002,0.05,0.01,0.01,0.01,0.01,0.05,0.01,2.0,0.03,0.01,0.05,0.01,0.02,0.01,0.01,0.01,0.01,0.01,0.01,0.02,0.01,0.01,0.01,0.01,20.0,0.01,0.1,0.01,0.01,0.01,0.01,0.01,0.01,0.5,0.01,0.02,0.02,0.005,0.01,0.8,0.01,0.01,0.1,0.01,0.01,0.01,0.01,4.0,0.05,0.01,0.02,,0.01,0.02,0.01,0.01,4.0,0.2,0.01,0.01,0.7,0.02,0.01,0.01,0.01,0.01,0.01,0.01,0.01,0.01,0.01,0.01,0.01,0.03,0.01,0.01,0.01,0.01,0.01,2.0,0.02,0.01,1.0,0.03,0.1,0.05,0.02,0.01,0.01,0.01,0.01,0.01,0.01,0.01,0.01,,0.02,0.01,0.05,0.01,,0.01,0.01,5.0,0.1,0.1,1.0,0.01,0.01,0.01,0.01,0.01,4.0,0.01,0.01,0.01,0.01,0.02,0.9,0.01,0.2,0.1,0.01,0.01,0.01,0.05,0.02,0.2,0.01,0.01,0.01,0.05,2.0,0.01,0.02,0.01,0.01,0.01,0.01,0.01,0.02,0.01,0.05,0.01,0.02,0.02,0.01,0.01,0.01,0.02,0.03,0.01,0.02,0.01,0.7,0.01,0.01,0.01,0.01,0.1,0.01,0.01,0.02,0.01,0.01,0.01,0.01,0.01,0.01,0.01,0.01,0.01,0.01,0.01,0.01,0.01,0.01,0.01,0.01,0.001,0.01,0.01,0.01,0.01,0.01,0.01,0.01,0.02,0.05,0.01,0.01,0.02,0.05,0.01,0.01,0.01,0.05,0.01,0.01,0.01,0.02,,0.01,0.01,0.01,10.0,0.01,0.01,1.5,0.01,0.01,0.01,0.01,0.01,0.02,1.0,0.01,0.01,0.03,0.01,0.01,0.01,0.01,0.02,0.01,0.01,0.01,0.01,0.01,0.05,0.01,0.005,0.02,0.01,1.5,0.01,0.01,0.15,0.02,3.0,0.02,0.01,0.01,1.0,0.01,0.01,0.05,5.0,0.5,0.01,0.01,0.01,1.5,0.1,0.01,2.0,0.02,0.02,0.01,0.01,0.01,0.01,0.03,0.01,0.01,0.25,0.01,0.03,0.01,0.01,0.4,1.5,0.8,0.02,1.5,0.01,,0.01,0.01,0.01,0.01,0.03,0.02,0.02,0.01,1.5,0.5,1.5,0.01,0.01,0.01,0.02,0.1,0.01,0.01,0.01,0.01,0.01,0.01,0.01,0.01,0.01,0.01,0.01,0.1,0.05,0.01,0.02,0.005,15.0,0.01,0.1,0.01,0.01,0.01,0.01,0.001,0.01,0.01,0.01,0.01,0.01,3.0,3.0,,0.02,0.01,0.01,0.01,0.01,0.05,0.01,0.01,0.01,0.01,0.01,0.01,0.01,0.01,0.1,0.01
335,Cresses and other sprouts and shoots,Cresses and other sprouts and shoots,0.01,0.01,0.01,0.01,0.05,0.06,,0.01,0.01,0.05,0.01,0.01,0.01,0.01,0.01,0.1,0.01,0.01,0.08,0.01,0.01,3.0,0.01,0.3,0.01,0.01,0.01,0.02,0.01,50.0,0.01,0.01,0.01,0.05,0.01,0.01,0.01,0.01,0.05,0.05,1.0,0.01,0.02,0.01,0.01,10.0,0.01,0.02,0.01,0.02,0.01,0.03,0.01,0.1,0.01,,0.01,0.01,0.01,0.01,0.01,0.01,0.01,0.01,50.0,0.01,50.0,0.01,0.01,0.01,0.01,0.05,0.01,0.01,0.01,0.01,0.01,0.01,0.02,0.03,0.01,0.1,0.01,0.002,0.01,,0.03,0.02,0.01,,20.0,0.7,0.01,0.01,0.01,0.02,0.01,0.01,0.01,0.03,0.01,0.02,0.005,0.01,0.01,0.01,0.01,0.01,0.01,0.01,0.01,0.01,0.01,0.01,0.01,0.05,0.5,0.02,0.02,0.01,0.5,0.01,100.0,,0.01,15.0,0.01,0.05,0.01,1.0,0.01,0.01,0.01,0.02,0.01,2.0,0.05,15.0,0.01,0.05,0.01,0.05,0.06,0.03,2.0,0.01,0.01,0.01,0.01,0.05,0.01,0.02,0.01,0.01,0.02,0.05,0.01,0.01,4.0,0.01,0.01,0.3,0.01,0.01,0.05,0.01,10.0,0.01,0.01,0.01,0.02,0.02,,0.01,0.01,0.05,0.01,0.01,0.01,5.0,0.01,0.01,0.01,0.01,0.6,0.05,0.01,0.01,0.01,0.01,0.05,0.01,0.01,0.03,0.01,0.05,0.01,0.02,3.0,0.01,0.01,0.01,0.01,0.01,0.02,0.01,0.01,0.01,0.01,50.0,0.01,0.1,0.01,0.01,0.01,0.01,0.01,8.0,0.01,0.01,0.02,0.02,0.005,0.01,0.6,0.01,0.01,0.02,0.01,0.01,0.01,0.01,20.0,0.05,0.01,0.02,,0.01,0.02,0.01,30.0,20.0,0.2,0.01,0.01,6.0,0.02,0.01,0.01,0.01,0.01,0.01,0.01,0.01,0.01,0.01,0.7,4.0,0.03,0.01,0.01,0.01,0.01,0.01,75.0,0.02,0.01,1.0,0.06,0.1,0.05,0.02,0.01,0.01,0.01,0.01,0.01,0.01,0.01,0.01,,0.02,0.01,0.05,0.01,,0.01,0.01,0.01,0.1,0.1,0.01,0.01,0.01,0.01,0.01,0.01,20.0,0.01,0.01,0.01,0.01,0.02,0.01,0.01,0.7,0.1,0.01,0.01,0.01,0.05,0.02,0.2,0.01,25.0,0.01,0.05,0.01,0.01,0.02,0.01,0.01,0.01,0.01,0.01,20.0,3.0,2.0,0.01,0.02,0.02,0.01,0.01,0.01,0.02,0.03,0.01,0.02,0.01,4.0,0.03,0.01,0.01,0.01,0.1,0.01,0.01,0.02,0.01,0.01,0.01,0.01,0.05,0.01,0.01,0.01,0.01,0.01,0.01,0.01,0.01,0.01,0.01,0.01,0.001,0.01,5.0,0.01,0.01,0.01,0.01,0.01,0.02,0.05,0.01,0.01,0.02,0.6,0.01,0.01,20.0,0.05,0.01,0.01,0.01,0.02,,0.01,0.01,0.01,0.05,0.01,0.01,150.0,0.01,0.01,0.01,0.01,0.01,0.02,15.0,0.01,0.01,0.03,0.01,0.01,0.01,0.01,0.02,20.0,0.01,0.01,0.01,0.01,0.05,0.01,0.005,0.02,0.2,0.01,0.01,0.01,0.01,0.02,10.0,0.02,0.01,0.01,1.0,0.01,0.01,0.05,0.01,0.01,0.01,0.01,0.01,0.01,0.1,0.01,0.02,0.02,0.2,0.01,0.01,0.01,0.01,0.03,0.01,0.01,0.01,0.01,0.03,0.01,0.01,4.0,10.0,0.02,0.02,7.0,0.01,,0.01,0.01,0.01,0.01,0.03,0.02,0.02,0.01,0.5,10.0,0.01,0.01,0.01,0.09,0.02,0.1,0.01,0.01,0.01,0.01,0.01,0.01,0.01,0.01,0.01,0.01,0.01,0.1,0.05,0.9,0.02,0.005,150.0,0.01,0.1,0.01,0.01,0.01,0.01,0.001,0.01,0.01,0.01,0.01,0.01,15.0,15.0,,0.02,0.01,0.01,0.01,0.01,0.05,0.01,0.01,0.01,0.01,0.01,0.01,0.01,0.01,0.1,0.01
338,CUCUMBER,Cucumbers,0.01,0.01,0.01,0.01,0.05,0.06,,0.01,0.01,0.05,0.01,0.01,0.01,0.01,0.01,0.1,0.01,0.01,0.02,0.01,0.08,0.05,0.01,0.4,0.01,0.01,0.01,0.02,"0.02, 0.01",2.0,0.01,0.01,0.01,0.05,0.01,0.01,0.01,0.01,0.05,0.05,1.0,0.01,0.02,0.01,0.01,1.0,0.01,0.02,0.01,0.02,0.01,0.03,0.01,0.1,0.08,,0.01,0.01,0.01,0.01,0.01,0.01,0.01,0.01,4.0,0.01,"50.0, 30.0",0.01,0.01,0.01,0.01,1.0,2.0,0.01,0.01,0.01,0.01,0.01,0.02,0.03,0.01,0.1,0.01,0.002,0.01,,0.03,0.02,0.01,,0.3,0.2,0.01,0.01,0.01,0.02,0.01,0.01,0.01,0.03,0.01,0.02,0.005,0.01,0.01,0.01,0.01,0.01,0.01,0.01,0.01,0.01,0.01,0.01,0.01,0.05,0.5,0.02,0.2,0.01,0.5,0.01,5.0,,0.01,0.4,0.2,0.05,0.01,0.09,0.05,0.5,0.01,0.02,0.08,0.2,0.05,0.5,0.01,0.05,0.01,0.05,0.06,0.1,0.2,0.01,0.01,0.01,0.01,0.05,0.01,0.02,0.01,0.01,0.02,0.05,0.01,0.01,0.3,0.01,0.01,0.7,0.01,0.01,0.05,0.01,0.5,0.01,0.01,0.01,0.05,0.02,,0.01,0.01,0.05,0.01,0.01,0.01,2.0,0.01,0.01,0.01,0.01,0.007,0.05,0.01,0.01,0.01,0.01,0.05,0.01,0.2,0.03,0.01,0.05,0.01,0.02,0.01,0.01,0.01,0.2,0.01,0.01,0.2,0.15,0.01,0.01,0.01,1.0,0.01,0.1,0.01,0.01,0.01,0.01,0.01,0.7,0.08,0.01,0.02,0.02,0.005,0.01,0.5,0.01,0.01,0.03,0.01,0.2,0.01,0.01,0.4,0.05,0.01,0.02,,0.01,0.02,0.01,0.5,0.6,0.2,0.01,0.01,0.6,0.02,0.01,0.01,0.01,0.01,0.01,0.01,0.03,0.01,0.15,0.02,0.2,0.03,0.01,0.01,0.01,0.01,0.01,80.0,0.02,0.01,1.0,0.1,0.1,0.05,0.02,0.01,0.01,0.01,0.01,0.01,0.01,0.01,0.05,,0.02,0.5,0.05,0.01,,0.01,0.01,0.5,0.1,0.1,0.01,0.01,0.01,0.01,0.01,0.1,1.0,0.01,0.01,0.4,0.01,0.02,0.5,0.01,0.05,0.1,0.01,0.01,0.15,0.05,0.02,0.2,0.01,0.2,0.01,0.05,0.3,0.5,0.02,0.01,0.07,0.01,0.01,0.01,0.4,0.5,0.05,0.01,0.02,0.02,0.01,0.01,0.01,0.02,0.03,0.01,0.02,0.01,0.3,0.6,0.01,0.01,0.5,0.1,0.01,0.01,0.02,0.01,0.01,0.01,0.01,0.2,0.01,0.01,0.01,0.01,0.01,0.01,0.01,0.01,0.01,0.01,0.01,0.001,0.01,0.2,0.01,0.01,0.01,0.01,0.01,0.02,0.05,0.01,0.06,0.02,0.05,0.01,0.01,0.7,0.05,0.01,0.01,0.01,0.02,,0.01,0.01,0.01,0.05,0.01,0.01,80.0,0.01,0.01,0.01,0.01,0.01,0.02,1.0,0.01,0.01,0.03,0.01,0.01,0.01,0.01,0.02,5.0,0.01,0.01,0.01,0.01,0.05,0.01,0.005,0.02,0.01,0.05,0.01,0.01,0.01,0.02,0.5,0.02,0.01,0.01,1.0,0.15,0.01,0.05,0.8,0.2,0.04,0.01,0.01,0.01,0.1,0.01,0.02,0.02,0.01,0.01,0.01,0.01,0.01,0.03,0.01,0.01,0.01,0.01,0.03,0.01,0.01,0.06,0.3,0.1,0.3,0.2,0.01,,0.01,0.01,0.5,0.01,0.03,0.02,0.02,0.01,0.6,0.01,0.3,0.01,0.5,0.01,0.02,0.1,0.01,0.01,0.15,0.01,0.01,0.01,0.01,0.01,0.01,0.01,0.01,0.1,0.05,0.01,0.02,0.005,5.0,0.01,0.1,0.01,0.01,0.01,0.01,0.001,0.01,0.01,0.01,0.01,0.01,0.3,0.3,,0.02,0.01,0.01,0.01,0.01,0.05,0.01,0.01,0.01,0.01,0.01,0.01,0.01,0.01,0.1,2.0
341,Cultivated fungi,Cultivated fungi,0.01,0.01,0.01,0.01,0.05,0.06,,0.01,0.01,0.05,0.01,0.01,0.01,0.01,0.01,0.1,0.01,0.01,0.01,0.01,0.01,0.01,0.01,0.01,0.01,0.01,0.01,0.02,0.01,0.01,0.01,0.01,0.01,0.05,0.01,0.01,0.01,0.01,0.05,0.05,1.0,0.01,0.02,0.01,0.01,0.01,0.01,0.02,0.01,0.02,0.01,0.03,0.01,0.1,0.01,,0.01,0.01,0.01,0.01,0.01,0.01,0.01,0.01,0.01,0.01,30.0,0.01,0.01,0.01,0.01,0.05,0.01,0.01,0.01,0.01,0.01,0.01,0.02,0.03,0.01,1.0,0.01,0.01,0.01,,0.03,0.02,0.01,,0.01,0.7,0.01,0.01,0.01,0.01,0.01,0.01,0.01,0.03,0.9,0.02,0.005,0.01,0.01,0.01,0.01,0.01,0.01,0.01,0.01,0.01,0.01,0.01,0.01,0.05,0.1,0.02,0.02,0.01,0.5,0.01,20.0,,0.01,0.01,0.01,0.05,0.01,0.09,0.01,0.01,0.01,0.02,0.01,0.05,0.05,0.02,0.01,0.05,0.01,0.05,0.06,0.02,0.05,0.01,0.01,0.01,0.01,0.05,0.01,0.02,0.01,0.01,0.02,0.05,0.01,0.01,0.05,0.01,0.01,0.02,0.01,0.01,0.05,0.01,0.01,0.01,0.01,0.01,0.02,0.02,,0.01,0.01,0.05,0.01,0.01,0.01,0.05,0.01,0.01,0.01,0.01,0.002,0.05,0.01,0.01,0.01,0.01,0.05,0.01,0.01,0.03,0.01,0.05,0.01,0.02,0.01,0.01,0.01,0.01,0.01,0.01,0.02,0.01,0.01,0.01,0.01,0.01,0.01,0.1,0.01,0.01,0.01,0.01,0.01,0.01,0.01,0.01,0.02,0.02,0.005,0.01,0.03,0.01,0.01,0.01,0.01,0.01,0.01,0.01,0.01,0.05,0.01,0.02,,0.01,0.02,0.01,0.01,0.01,0.2,0.01,0.01,0.01,0.02,0.01,0.01,0.01,0.01,0.01,0.01,0.01,0.01,0.01,0.01,0.3,0.03,0.01,0.01,0.01,0.01,0.01,2.0,0.02,0.01,1.0,0.03,0.1,0.05,0.02,0.01,0.01,0.01,0.01,0.01,0.01,0.01,0.01,,0.02,0.01,0.05,0.01,,0.01,0.01,0.01,0.1,0.1,0.01,0.01,0.01,0.01,0.01,0.01,0.01,0.01,0.01,0.01,0.01,0.02,0.01,0.01,0.01,0.1,0.01,0.01,0.01,0.05,0.02,0.2,0.01,0.01,0.01,0.05,0.01,0.01,0.09,0.01,0.01,0.05,0.01,0.01,0.02,0.01,0.05,0.01,0.02,0.02,0.01,0.01,0.01,0.02,0.03,0.01,0.02,0.01,0.01,0.01,0.01,0.01,0.5,0.1,0.01,0.01,0.02,0.01,0.01,0.01,0.01,0.01,0.01,0.01,0.01,0.01,0.01,0.01,0.01,0.01,0.01,0.01,0.01,0.001,0.01,0.01,0.01,0.01,0.01,0.01,0.01,0.02,0.05,0.01,0.01,0.02,0.05,0.01,0.01,0.01,0.05,0.01,0.01,0.01,0.02,,0.01,0.01,0.01,0.05,0.01,0.01,1.5,0.01,0.01,0.01,0.01,0.01,0.02,0.01,0.01,0.01,0.03,0.01,0.01,0.01,0.01,0.02,0.01,0.01,0.01,0.01,0.01,0.05,0.01,0.005,0.02,0.01,0.01,0.01,0.01,0.01,0.02,0.02,0.02,0.01,0.01,1.0,0.01,0.01,0.05,0.01,0.01,0.01,0.01,0.01,0.01,0.1,0.01,0.02,0.02,0.01,0.01,0.01,0.01,0.01,0.03,0.01,0.01,0.01,0.01,0.03,0.01,0.01,0.02,0.02,0.02,0.02,0.02,0.01,,0.01,0.01,0.01,0.01,0.03,0.02,0.02,0.01,0.02,0.01,0.01,0.01,0.01,0.01,0.02,0.1,0.01,0.01,0.01,0.01,0.01,0.01,0.01,0.01,0.01,0.01,0.01,0.1,0.05,0.01,0.02,0.005,20.0,0.01,0.1,0.01,0.01,0.01,0.01,0.001,0.01,0.01,0.01,0.01,0.01,0.01,0.01,,0.02,0.01,0.01,0.01,0.01,0.05,0.01,0.01,0.01,0.01,0.01,0.01,0.01,0.01,0.1,0.01
166,Black caraway/black cumin,Cumin,0.02,0.02,0.02,0.05,0.05,0.1,,0.05,0.05,0.1,0.05,0.01,0.01,0.05,0.05,0.1,0.05,0.05,0.05,0.2,0.05,0.05,0.05,0.05,0.01,0.05,0.05,0.05,0.1,0.05,0.05,0.05,0.05,0.1,0.05,0.05,0.02,0.1,0.1,0.1,0.01,0.05,0.05,0.5,0.05,0.3,0.05,0.05,0.05,0.1,0.05,0.1,0.05,0.1,0.05,,0.05,0.05,0.05,0.05,0.05,0.05,0.05,0.01,0.9,0.01,"50.0, 400.0",0.05,0.05,0.05,0.05,0.05,0.05,0.05,0.05,0.05,0.01,0.05,0.1,0.1,0.05,0.1,0.05,0.05,0.01,,0.1,0.1,0.02,,0.05,0.07,0.1,0.05,0.02,0.02,0.05,0.1,0.05,0.1,0.05,0.1,0.025,0.05,0.05,0.05,0.05,0.05,0.01,0.01,0.05,0.05,0.05,0.05,0.05,0.1,0.1,0.1,0.05,0.05,0.5,0.05,40.0,,0.01,0.05,0.05,0.1,0.05,0.1,0.05,0.05,0.05,0.1,0.1,0.1,0.05,0.1,0.1,1.0,0.05,0.1,0.1,0.02,0.05,0.05,0.05,0.05,5.0,0.05,0.05,0.1,"0.1, 0.02",0.05,0.1,0.05,0.05,0.05,0.3,0.05,0.05,0.1,0.05,0.05,0.1,0.05,30.0,0.05,0.05,0.05,0.1,0.1,,0.05,0.05,0.05,0.05,0.05,0.01,0.1,0.05,0.01,0.05,0.05,0.01,1.0,0.1,0.05,0.01,0.02,0.1,3.0,0.05,0.6,0.02,0.1,0.05,0.1,0.05,0.05,0.05,0.05,0.05,0.05,0.05,0.05,0.05,0.05,0.1,0.05,7.0,0.1,0.05,0.05,0.02,0.05,0.05,0.05,0.05,0.05,0.1,0.1,0.005,0.05,0.1,0.05,0.05,0.03,0.1,0.05,0.05,0.05,0.05,0.05,0.05,0.1,,0.05,0.1,0.05,0.05,0.05,5.0,0.02,0.05,0.05,0.1,0.05,0.05,0.05,0.05,0.05,0.05,0.05,0.05,0.05,0.05,0.05,0.1,0.05,0.05,0.05,0.05,0.05,400.0,0.05,0.05,1.0,0.1,0.1,0.05,0.1,0.02,0.05,0.1,0.02,0.01,0.01,0.05,0.05,,0.1,0.05,0.1,0.01,,0.05,0.05,0.05,0.1,0.1,0.05,0.05,0.05,0.05,0.05,0.05,0.05,0.01,0.05,0.01,0.05,0.1,0.05,0.05,0.3,0.1,0.01,0.05,0.05,0.1,0.02,0.5,0.05,0.05,0.05,0.1,0.05,0.05,0.1,0.05,0.05,0.02,0.05,0.05,0.1,0.05,0.1,0.05,0.1,0.1,0.05,0.05,0.1,0.1,0.1,0.05,0.1,0.1,0.05,0.05,0.05,0.05,0.05,0.1,0.05,0.02,0.1,0.05,0.05,0.05,0.05,0.05,0.05,0.05,0.3,0.02,0.05,0.05,0.05,0.05,0.05,0.05,0.02,0.05,0.05,0.05,0.05,0.05,0.05,0.05,0.01,0.05,0.1,5.0,0.05,0.1,0.05,0.05,0.05,0.05,0.1,0.05,0.01,0.05,0.05,7.0,0.5,2.0,0.05,0.1,0.02,0.02,300.0,0.02,0.01,0.01,0.05,0.05,0.05,5.0,3.0,0.05,0.15,0.05,5.0,0.05,0.05,0.1,0.05,0.05,0.05,0.05,0.05,0.1,0.05,0.01,0.1,0.05,0.05,0.3,0.05,0.05,0.1,0.1,0.1,0.02,0.05,0.5,0.05,0.05,0.15,0.05,0.05,0.05,0.05,0.05,0.05,0.1,0.05,0.05,0.1,0.05,0.01,0.05,0.05,0.02,0.03,0.05,0.05,0.05,0.05,0.15,0.01,0.05,0.1,0.1,0.05,0.02,0.1,0.05,,0.1,0.05,0.05,0.05,0.1,0.1,0.1,0.02,1.5,0.05,0.05,0.05,0.05,0.05,0.1,0.1,0.01,0.05,0.05,0.05,0.05,0.05,0.05,0.05,0.05,0.05,0.05,0.1,0.05,0.05,0.1,0.02,40.0,0.05,0.1,0.05,0.05,0.05,0.02,0.005,0.05,0.05,0.05,0.05,0.05,0.05,0.05,,0.1,0.05,0.05,0.05,0.05,0.05,0.05,0.02,0.05,0.05,0.05,0.01,0.05,0.05,0.2,0.05
347,"Currants (black, red and white)","Currants (black, red and white)",0.01,0.01,0.01,0.01,0.05,0.06,,0.01,0.01,0.1,0.01,0.01,0.01,0.01,0.01,0.1,0.01,0.01,0.01,0.01,0.01,0.01,0.01,0.01,0.01,0.01,0.01,0.02,0.01,0.01,0.01,0.01,0.01,0.05,0.01,0.01,0.01,0.01,0.05,0.05,1.0,0.01,0.02,0.01,0.01,5.0,0.01,0.02,0.01,0.02,0.01,0.03,0.01,0.1,0.01,,0.01,0.01,0.01,0.01,0.01,0.01,0.01,0.01,15.0,0.01,5.0,0.01,0.01,0.01,0.01,5.0,1.5,0.01,0.01,0.01,0.01,0.01,0.02,30.0,0.01,0.1,0.01,0.01,0.01,,0.03,0.02,0.01,,1.0,0.05,0.01,0.01,0.01,0.01,0.01,0.01,0.01,0.03,0.01,0.02,0.01,0.01,0.01,0.01,0.01,0.01,0.01,0.01,0.01,0.01,0.01,0.01,0.01,0.05,0.1,0.02,0.5,0.01,0.5,0.01,5.0,,0.01,4.0,0.01,0.05,0.01,0.09,0.01,0.01,0.01,0.02,0.01,0.05,0.05,8.0,0.01,0.05,0.01,0.05,0.06,0.02,0.6,0.01,0.01,0.01,0.01,0.05,0.01,0.02,0.01,0.01,0.02,0.05,0.01,0.01,0.2,0.01,0.01,0.02,0.01,0.01,0.05,0.01,0.01,0.01,0.01,0.01,0.02,0.02,,0.01,0.01,0.05,0.01,0.01,3.0,5.0,0.01,0.01,0.01,0.01,0.002,0.05,0.01,0.01,0.01,0.01,0.05,0.01,2.0,0.03,0.01,0.05,0.01,0.02,0.01,0.01,0.01,0.01,0.01,0.01,1.0,0.01,0.01,0.01,0.01,20.0,0.01,0.1,0.01,0.01,0.01,0.01,0.01,0.01,0.4,0.01,0.02,0.02,0.005,0.01,0.8,0.01,0.01,0.3,0.01,0.01,0.01,0.01,4.0,0.05,0.01,0.02,,0.01,0.02,0.01,0.01,4.0,0.2,0.01,0.01,0.7,0.02,0.01,0.01,0.01,0.01,0.01,0.01,0.01,0.01,0.01,0.01,0.01,0.03,0.01,0.01,0.01,0.01,0.01,200.0,0.02,0.01,1.0,1.0,0.1,0.05,0.02,0.01,0.01,0.01,0.01,0.01,0.01,0.01,0.01,,0.02,0.01,0.05,0.01,,0.01,0.01,0.01,0.1,0.1,0.01,0.01,0.01,0.01,0.01,0.01,4.0,0.01,0.01,0.01,0.01,0.02,0.9,0.01,0.2,0.1,0.01,0.01,0.01,0.05,0.02,0.2,0.01,0.01,0.01,0.05,5.0,0.01,0.02,0.01,0.01,0.01,0.01,0.01,0.02,0.4,0.05,0.01,0.02,0.02,0.01,0.01,0.01,0.02,0.03,0.01,0.02,0.01,0.01,0.01,0.01,0.01,0.01,0.1,0.01,0.01,0.02,0.01,0.01,0.01,0.01,0.9,0.01,0.01,0.01,0.01,0.01,0.01,0.01,0.01,0.01,0.01,0.01,0.001,0.01,0.5,0.01,0.01,0.01,0.01,0.01,0.02,0.05,0.01,2.0,0.02,0.05,0.01,0.01,0.01,0.05,0.01,0.01,0.01,0.02,,0.01,0.01,0.01,2.0,0.01,0.01,150.0,0.01,0.01,0.01,0.01,0.01,0.02,1.0,0.01,0.01,0.03,0.01,0.01,0.01,0.01,0.02,0.01,0.01,0.01,0.01,0.01,0.05,0.01,0.005,0.02,0.01,1.5,0.01,0.01,0.01,0.02,3.0,0.02,0.01,0.01,1.0,0.01,0.01,0.05,5.0,1.5,0.01,0.01,0.01,0.01,0.1,0.01,2.0,0.02,0.02,0.01,0.01,0.01,0.01,0.03,0.01,0.01,0.01,0.01,0.03,0.01,0.01,0.5,1.5,1.0,0.02,1.5,0.01,,0.01,0.01,0.01,0.01,0.03,0.02,0.02,0.01,1.5,0.01,1.5,0.01,0.01,0.01,0.02,0.1,0.01,0.01,0.01,0.01,0.01,0.01,0.01,0.01,0.01,0.01,0.01,0.1,0.05,0.01,0.02,0.005,15.0,0.01,0.1,0.01,0.01,0.01,0.01,0.001,0.01,0.01,0.01,0.01,0.01,3.0,3.0,,0.02,0.01,0.01,0.01,0.01,0.05,0.01,0.01,0.01,0.01,0.01,0.01,0.01,0.01,0.1,0.01
350,DATE,Dates,0.01,0.01,0.01,0.01,0.05,0.06,,0.01,0.01,0.05,0.01,0.01,0.01,0.01,0.01,0.1,0.01,0.01,0.01,0.01,0.01,0.01,0.01,0.01,0.01,0.01,0.01,0.02,0.01,0.01,0.01,0.01,0.01,0.05,0.01,0.01,0.01,0.01,0.05,0.05,0.01,0.01,0.02,0.01,0.01,0.01,0.01,0.02,0.01,0.02,0.01,0.03,0.01,0.1,0.01,,0.01,0.01,0.01,0.01,0.01,0.01,0.01,0.01,0.01,0.01,"10.0, 20.0",0.01,0.01,0.01,0.01,0.05,0.01,0.01,0.01,0.01,0.01,0.01,0.02,0.03,0.01,0.1,0.01,0.003,0.01,,0.03,0.02,0.01,,0.01,0.3,0.01,0.01,0.01,0.02,0.01,0.01,0.01,0.03,0.01,0.02,0.005,0.01,0.01,0.01,0.01,0.01,0.01,0.01,0.01,0.01,0.01,0.01,0.01,0.05,0.1,0.02,0.02,0.01,0.5,0.01,20.0,,0.01,0.01,0.01,0.05,0.01,0.09,0.01,0.01,0.01,0.02,0.01,0.05,0.05,0.02,0.01,0.05,0.01,0.05,0.06,0.02,0.01,0.01,0.01,0.01,0.01,0.05,0.01,0.02,0.01,0.01,0.02,0.05,0.01,0.01,0.1,0.01,0.01,0.02,0.01,0.01,0.05,0.01,0.01,0.01,0.01,0.01,0.02,0.02,,0.01,0.01,0.05,0.01,0.01,0.01,0.05,0.01,0.01,0.01,0.01,0.002,0.05,0.01,0.01,0.01,0.01,0.05,0.01,0.01,0.03,0.01,0.05,0.01,0.02,0.01,0.01,0.01,0.01,0.01,0.01,0.02,0.01,0.01,0.01,0.01,0.01,0.01,0.1,0.01,0.01,0.01,0.01,0.01,0.01,0.01,0.01,0.02,0.02,0.005,0.01,0.03,0.01,0.01,0.01,0.01,0.01,0.01,0.01,0.01,0.05,0.01,0.02,,0.01,0.02,0.01,0.01,0.01,0.2,0.01,0.01,0.01,0.02,0.01,0.01,0.01,0.01,0.01,0.01,0.01,0.01,0.01,0.01,0.01,0.03,0.01,0.01,0.01,0.01,0.01,2.0,0.02,0.01,1.0,0.1,0.1,0.05,0.02,0.01,0.01,0.01,0.01,0.01,0.01,0.01,2.0,,0.02,0.01,0.05,0.01,,0.01,0.01,0.01,0.1,0.1,0.01,0.01,0.01,0.01,0.01,0.01,0.01,0.01,0.01,0.01,0.01,0.02,0.01,0.01,0.01,0.1,0.01,0.01,0.01,0.05,0.02,0.2,0.01,0.01,0.01,0.05,0.01,0.01,0.02,0.01,0.01,0.01,0.01,0.01,0.02,0.05,0.05,0.01,0.02,0.02,0.01,0.01,0.01,0.02,0.03,0.01,0.02,0.01,0.01,0.01,0.01,0.01,0.01,0.1,0.01,0.01,0.02,0.01,0.01,0.01,0.01,0.01,0.01,0.01,0.01,0.01,0.01,0.01,0.01,0.01,0.01,0.01,0.01,0.001,0.01,0.01,0.01,0.01,0.01,0.01,0.01,0.02,0.05,0.01,0.01,0.02,0.05,0.01,0.01,0.01,0.05,0.01,0.01,0.01,0.02,,0.01,0.01,0.01,0.05,0.01,0.01,1.5,0.01,0.01,0.01,0.01,0.01,0.02,0.01,0.01,0.01,0.03,0.01,0.01,0.01,0.01,0.02,0.01,0.01,0.01,0.01,0.01,0.05,0.01,0.005,0.02,0.01,0.01,0.01,0.01,0.01,0.02,0.02,0.02,0.01,0.01,1.0,0.01,0.01,0.05,0.01,0.01,0.01,0.01,0.01,0.01,0.1,0.01,0.02,0.02,0.01,0.01,0.01,0.01,0.01,0.03,0.01,0.01,0.01,0.01,0.03,0.01,0.01,0.02,0.02,0.02,0.02,0.02,0.01,,0.01,0.01,0.01,0.01,0.03,0.02,0.02,0.01,0.02,0.01,0.01,0.01,0.01,0.01,0.02,0.1,0.01,0.01,0.01,0.01,0.01,0.01,0.01,0.01,0.01,0.01,0.01,0.1,0.05,0.01,0.02,0.005,20.0,0.01,0.1,0.01,0.01,0.01,0.01,0.001,0.01,0.01,0.01,0.01,0.01,0.01,0.01,,0.02,0.01,0.01,0.01,0.01,0.05,0.01,0.01,0.01,0.01,0.01,0.01,0.01,0.01,0.1,0.01
351,Dewberries,Dewberries,0.01,0.01,0.01,0.01,0.05,0.06,,0.01,0.01,0.1,0.01,0.01,0.01,0.01,0.01,0.1,0.01,0.01,0.01,0.01,0.01,2.0,0.01,0.01,0.01,0.01,0.01,0.02,0.01,0.01,0.01,0.01,0.01,0.05,0.01,0.01,0.01,0.01,0.05,0.05,1.0,0.01,0.02,0.01,0.01,5.0,0.01,0.02,0.01,0.02,0.01,0.03,0.01,0.1,0.01,,0.01,0.01,1.0,0.01,0.01,0.01,0.01,0.01,10.0,0.01,"20.0, 5.0",0.01,0.01,0.01,0.01,1.5,0.7,0.01,0.01,0.01,0.01,0.01,0.02,0.03,0.01,0.1,0.01,0.01,0.01,,0.03,0.02,0.01,,1.5,0.05,0.01,0.01,0.01,0.01,0.01,0.01,0.01,0.03,0.01,0.02,0.01,0.01,0.01,0.01,0.01,0.01,0.01,0.01,0.01,0.01,0.01,0.01,0.01,0.05,0.1,0.02,0.3,0.01,0.5,0.01,5.0,,0.01,4.0,0.01,0.05,0.01,0.09,0.01,0.01,0.01,0.02,0.01,0.5,0.05,0.02,0.01,0.05,0.01,0.05,0.06,0.02,0.08,0.01,0.01,0.01,0.01,0.05,0.01,0.02,0.01,0.01,0.02,0.05,0.01,0.01,0.1,0.01,0.01,0.07,0.01,0.01,0.05,0.01,0.01,0.01,0.01,0.01,0.02,0.02,,0.01,0.01,0.05,0.01,0.01,0.5,0.05,0.01,0.01,0.01,0.01,0.002,0.05,0.01,0.01,0.01,0.01,0.05,0.01,0.07,0.03,0.01,0.05,0.01,0.02,0.01,0.01,0.01,0.01,0.01,0.01,0.02,0.01,0.01,0.01,0.01,15.0,0.01,0.1,0.01,0.01,0.01,0.01,0.01,5.0,0.5,0.01,0.02,0.02,0.005,0.01,0.03,0.01,0.01,0.08,0.01,0.01,0.01,0.01,5.0,0.05,0.01,0.02,,0.01,0.02,0.01,0.01,5.0,0.2,0.01,0.01,6.0,0.02,0.01,0.01,0.01,0.01,0.01,0.01,0.01,0.01,0.01,0.01,0.01,0.03,0.01,0.01,0.01,0.01,0.01,2.0,0.02,0.01,1.0,0.03,0.1,0.05,0.02,0.01,0.01,0.01,0.01,0.01,0.01,0.01,0.01,,0.02,0.01,0.05,0.01,,0.01,0.01,0.01,0.1,0.1,0.01,0.01,0.01,0.01,0.01,0.01,7.0,0.01,0.01,0.01,0.01,0.02,0.01,0.01,0.2,0.1,0.01,0.01,0.01,0.05,0.02,0.2,0.01,0.01,0.01,0.05,3.0,0.01,0.02,0.01,0.01,0.01,0.01,0.01,0.02,0.02,0.05,0.01,0.02,0.02,0.01,0.01,0.01,0.02,0.03,0.01,0.02,0.01,0.01,0.01,0.01,0.01,0.01,0.1,0.01,0.01,0.02,0.01,0.01,0.01,0.01,0.01,0.01,0.01,0.01,0.01,0.01,0.01,0.01,0.01,0.01,0.01,0.01,0.001,0.01,0.01,0.01,0.01,0.01,0.01,0.01,0.02,0.05,0.01,0.01,0.02,0.05,0.01,0.01,0.01,0.05,0.01,0.01,0.01,0.02,,0.01,0.01,0.01,0.05,0.01,0.01,80.0,0.01,0.01,0.01,0.01,0.01,0.02,4.0,0.01,0.01,0.03,0.01,0.01,0.01,0.01,0.02,0.01,0.01,0.01,0.01,0.01,0.05,0.01,0.005,0.02,0.01,0.01,0.01,0.01,0.01,0.02,2.0,0.02,0.01,0.01,1.0,0.01,0.01,0.05,0.01,0.9,0.01,0.01,0.01,0.01,0.1,0.01,0.02,0.02,0.02,0.01,0.01,0.01,0.01,0.03,0.01,0.01,0.01,0.01,0.03,0.01,0.01,1.0,1.0,0.02,0.02,0.02,0.01,,0.01,0.01,0.01,0.01,0.03,0.02,0.02,0.01,0.5,0.01,0.05,0.01,0.01,0.01,0.02,0.1,0.01,0.01,0.01,0.01,0.01,0.01,0.01,0.01,0.01,0.01,0.01,0.1,0.05,0.01,0.02,0.005,5.0,0.01,0.1,0.01,0.01,0.01,0.01,0.001,0.01,0.01,0.01,0.01,0.01,3.0,3.0,,0.02,0.01,0.01,0.01,0.01,0.05,0.01,0.01,0.01,0.01,0.01,0.01,0.01,0.01,0.1,0.01
354,DILL,Dill,0.02,0.02,0.02,0.05,0.05,0.1,,0.05,0.05,0.1,0.05,0.01,0.01,0.05,0.05,0.1,0.05,0.05,0.05,0.2,0.05,0.05,0.05,0.05,0.01,0.05,0.05,0.05,0.1,0.05,0.05,0.05,0.05,0.1,0.05,0.05,0.02,0.1,0.1,0.1,0.01,0.05,0.05,0.5,0.05,0.3,0.05,0.05,0.05,0.1,0.05,0.1,0.05,0.1,0.05,,0.05,0.05,0.05,0.05,0.05,0.05,0.05,0.01,0.9,0.01,"400.0, 50.0",0.05,0.05,0.05,0.05,0.05,0.05,0.05,0.05,0.05,0.01,0.05,0.1,0.1,0.05,0.1,0.05,0.05,0.01,,0.1,0.1,0.02,,0.05,0.07,0.1,0.05,0.02,0.02,0.05,0.1,0.05,0.1,0.05,0.1,0.025,0.05,0.05,0.05,0.05,0.05,0.01,0.01,0.05,0.05,0.05,0.05,0.05,0.1,0.1,0.1,0.05,0.05,0.5,0.05,40.0,,0.01,0.05,0.05,0.1,0.05,0.1,0.05,0.05,0.05,0.1,0.1,0.1,0.05,0.1,0.1,1.0,0.05,0.1,0.1,0.02,0.05,0.05,0.05,0.05,5.0,0.05,0.05,0.1,"0.02, 0.1",0.05,0.1,0.05,0.05,0.05,0.3,0.05,0.05,0.1,0.05,0.05,0.1,0.05,30.0,0.05,0.05,0.05,0.1,0.1,,0.05,0.05,0.05,0.05,0.05,0.01,0.1,0.05,0.01,0.05,0.05,0.01,1.0,0.1,0.05,0.01,0.02,0.1,3.0,0.05,0.6,0.02,0.1,0.05,0.1,0.05,0.05,0.05,0.05,0.05,0.05,0.05,0.05,0.05,0.05,0.1,0.05,7.0,0.1,0.05,0.05,0.02,0.05,0.05,0.05,0.05,0.05,0.1,0.1,0.005,0.05,0.1,0.05,0.05,0.03,0.1,0.05,0.05,0.05,0.05,0.05,0.05,0.1,,0.05,0.1,0.05,0.05,70.0,5.0,0.02,0.05,0.05,0.1,0.05,0.05,0.05,0.05,0.05,0.05,0.05,0.05,0.05,0.05,0.05,0.1,0.05,0.05,0.05,0.05,0.05,400.0,0.05,0.05,1.0,0.1,0.1,0.05,0.1,0.02,0.05,0.1,0.02,0.01,0.01,0.05,0.05,,0.1,0.05,0.1,0.01,,0.05,0.05,0.05,0.1,0.1,0.05,0.05,0.05,0.05,0.05,0.05,0.05,0.01,0.05,0.01,0.05,0.1,0.05,0.05,0.3,0.1,0.01,0.05,0.05,0.1,0.02,0.5,0.05,0.05,0.05,0.1,0.05,0.05,0.1,0.05,0.05,0.02,0.05,0.05,0.1,0.05,0.1,0.05,0.1,0.1,0.05,0.05,0.1,0.1,0.1,0.05,0.1,0.1,0.05,0.05,0.05,0.05,0.05,0.1,0.05,0.02,0.1,0.05,0.05,0.05,0.05,0.05,0.05,0.05,0.3,0.02,0.05,0.05,0.05,0.05,0.05,0.05,0.02,0.05,0.05,0.05,0.05,0.05,0.05,0.05,0.01,0.05,0.1,5.0,0.05,0.1,0.05,0.05,0.05,0.05,0.1,0.05,0.01,0.05,0.05,7.0,0.5,2.0,0.05,0.1,0.02,0.02,300.0,0.02,0.01,0.01,0.05,0.05,0.05,5.0,3.0,0.05,0.15,0.05,0.05,0.05,0.05,0.1,0.05,0.05,0.05,0.05,0.05,0.1,0.05,0.01,0.1,0.05,0.05,0.3,0.05,0.05,0.1,0.1,0.1,0.02,0.05,0.5,0.05,0.05,0.15,0.05,0.05,0.05,0.05,0.05,0.05,0.1,0.05,0.05,0.1,0.05,0.01,0.05,0.05,0.02,0.03,0.05,0.05,0.05,0.05,0.15,0.01,0.05,0.1,0.1,0.05,0.02,0.1,0.05,,0.1,0.05,0.05,0.05,0.1,0.1,0.1,0.02,1.5,0.05,0.05,0.05,0.05,0.05,0.1,0.1,0.01,0.05,0.05,0.05,0.05,0.05,0.05,0.05,0.05,0.05,0.05,0.1,0.05,0.05,0.1,0.02,40.0,0.05,0.1,0.05,0.05,0.05,0.02,0.005,0.05,0.05,0.05,0.05,0.05,0.05,0.05,,0.1,0.05,0.05,0.05,0.05,0.05,0.05,0.02,0.05,0.05,0.05,0.01,0.05,0.05,0.2,0.05
358,Duck,Duck,0.01,,0.1,0.02,0.4,0.06,0.01,0.01,0.01,0.01,0.05,0.01,0.01,0.01,0.01,0.1,0.01,0.01,0.01,0.02,0.01,0.02,0.01,0.02,0.01,0.01,0.01,0.01,0.02,0.03,0.01,0.01,0.01,0.01,0.05,0.01,0.01,0.01,0.02,,0.01,0.02,0.01,0.01,0.01,0.01,0.01,0.01,0.02,0.02,0.01,0.02,0.01,0.1,0.01,0.01,0.02,0.01,0.01,0.01,0.01,0.01,0.05,0.01,0.01,0.01,0.05,0.01,0.01,0.05,0.02,0.05,0.01,0.01,0.01,0.01,0.01,0.01,0.01,0.03,0.05,0.05,0.01,0.01,0.01,,0.03,0.01,,,0.2,0.05,0.05,0.01,0.005,0.02,,0.05,0.01,0.1,0.15,0.1,0.01,0.01,0.02,0.02,0.05,0.05,0.01,0.01,0.01,0.01,0.01,0.01,0.01,0.1,0.05,0.02,0.02,0.01,0.05,0.01,2.0,,0.01,0.3,0.01,0.01,0.01,0.15,0.02,0.01,0.01,0.01,0.01,0.05,0.05,0.02,0.05,0.05,0.02,,0.06,,0.02,0.01,0.01,0.01,0.02,0.05,0.01,0.02,,0.01,0.05,0.1,0.01,0.01,0.05,0.01,0.02,0.1,0.01,0.01,,0.01,0.01,0.01,0.02,0.01,0.05,0.02,0.02,0.01,0.01,0.05,0.05,0.01,0.01,0.05,0.01,0.01,0.01,0.02,0.01,0.05,0.005,0.01,0.01,0.01,0.05,0.01,0.01,0.03,0.01,0.05,0.01,0.02,0.015,0.01,0.01,0.01,0.01,0.01,0.02,0.01,0.05,0.02,,0.05,0.01,0.05,0.01,0.01,,0.02,0.01,0.01,0.01,0.01,0.02,0.02,0.005,0.01,0.15,0.01,0.01,0.02,0.01,0.01,0.01,0.01,0.02,0.05,0.01,0.02,,0.01,0.02,0.005,0.01,0.15,0.2,,0.05,0.01,0.02,0.01,0.05,0.01,0.01,0.01,0.02,0.01,0.05,0.01,0.01,0.02,0.05,0.01,0.01,0.01,0.01,0.01,0.7,,0.01,1.0,0.05,0.05,0.05,0.02,,0.01,0.02,0.01,0.01,0.01,,0.01,,0.02,0.01,0.01,0.01,0.01,0.01,0.02,0.01,0.1,0.1,0.01,0.02,0.01,0.01,0.01,0.05,0.01,0.01,0.01,0.01,0.01,0.02,0.05,0.01,0.02,0.1,0.01,0.01,0.02,0.05,0.02,0.1,0.01,0.01,0.01,,0.015,0.01,0.07,,0.01,0.01,0.02,0.01,0.02,0.01,0.01,0.01,0.05,0.02,0.05,0.01,0.01,0.02,0.03,0.01,0.05,0.01,0.01,0.01,0.01,0.01,0.01,0.1,0.01,,0.02,0.01,,0.01,0.01,0.01,0.01,0.02,0.05,0.01,0.01,0.01,0.01,0.01,0.01,0.01,0.01,0.005,0.01,0.01,0.01,0.01,0.01,0.01,0.01,,0.05,0.01,0.05,0.01,0.01,0.01,0.01,0.01,,0.01,0.01,0.05,0.05,,0.05,0.01,0.01,0.05,,0.01,0.5,0.02,0.01,0.01,0.02,0.01,,0.01,0.01,0.01,0.03,0.01,0.02,0.01,0.01,0.02,0.05,0.01,0.01,0.01,0.01,0.01,0.01,0.01,0.05,0.01,0.02,0.01,0.02,0.01,0.01,0.05,0.02,0.01,0.01,0.05,0.01,0.01,0.05,0.01,0.01,0.01,0.01,0.01,,0.02,0.02,0.02,0.01,0.01,0.01,0.02,0.02,0.01,0.01,0.01,0.01,0.01,0.01,0.03,0.01,0.01,0.02,0.2,0.02,0.01,0.01,0.05,,0.01,0.02,0.1,0.01,0.02,0.01,0.02,,0.1,0.02,0.01,0.01,0.01,0.05,0.01,0.1,0.01,0.01,0.05,0.05,0.01,0.02,0.01,0.01,0.01,0.01,0.01,0.05,0.01,0.01,0.05,0.01,2.0,0.01,0.05,0.01,0.01,0.01,0.01,0.01,0.01,0.01,0.01,0.01,0.01,0.04,0.04,0.01,0.01,0.01,0.01,0.01,0.01,0.01,0.01,0.01,0.01,0.03,0.01,0.01,0.01,0.01,,0.01
360,Durians,Durians,0.01,0.01,0.01,0.01,0.05,0.06,,0.01,0.01,0.05,0.01,0.01,0.01,0.01,0.01,0.1,0.01,0.01,0.01,0.01,0.01,0.01,0.01,0.01,0.01,0.01,0.01,0.02,0.01,0.01,0.01,0.01,0.01,0.05,0.01,0.01,0.01,0.01,0.05,0.05,0.01,0.01,0.02,0.01,0.01,0.01,0.01,0.02,0.01,0.02,0.01,0.03,0.01,0.1,0.01,,0.01,0.01,0.01,0.01,0.01,0.01,0.01,0.01,0.01,0.01,"10.0, 20.0",0.01,0.01,0.01,0.01,0.05,0.01,0.01,0.01,0.01,0.01,0.01,0.02,0.03,0.01,0.1,0.01,0.01,0.01,,0.03,0.02,0.01,,0.01,0.3,0.01,0.01,0.01,0.02,0.01,0.01,0.01,0.03,0.01,0.02,0.005,0.01,0.01,0.01,0.01,0.01,0.01,0.01,0.01,0.01,0.01,0.01,0.01,0.05,0.1,0.02,0.02,0.01,0.5,0.01,20.0,,0.01,0.01,0.01,0.05,0.01,0.09,0.01,0.01,0.01,0.02,0.01,1.0,0.05,0.02,0.01,0.05,0.01,0.05,0.06,0.02,0.01,0.01,0.01,0.01,0.01,0.05,0.01,0.02,0.01,0.01,0.02,0.05,0.01,0.01,0.1,0.01,0.01,0.02,0.01,0.01,0.05,0.01,0.01,0.01,0.01,0.01,0.02,0.02,,0.01,0.01,0.05,0.01,0.01,0.01,0.05,0.01,0.01,0.01,0.01,0.002,0.05,0.01,0.01,0.01,0.01,0.05,0.01,0.01,0.03,0.01,0.05,0.01,0.02,0.01,0.01,0.01,0.01,0.01,0.01,0.02,0.01,0.01,0.01,0.01,0.01,0.01,0.1,0.01,0.01,0.01,0.01,0.01,0.01,0.01,0.01,0.02,0.02,0.005,0.01,0.03,0.01,0.01,0.01,0.01,0.01,0.01,0.01,0.01,0.05,0.01,0.02,,0.01,0.02,0.01,0.01,0.01,0.2,0.01,0.01,0.01,0.02,0.01,0.01,0.01,0.01,0.01,0.01,0.01,0.01,0.01,0.01,0.01,0.03,0.01,0.01,0.01,0.01,0.01,2.0,0.02,0.01,1.0,0.1,0.1,0.05,0.02,0.01,0.01,0.01,0.01,0.01,0.01,0.01,0.01,,0.02,0.01,0.05,0.01,,0.01,0.01,0.01,0.1,0.1,0.01,0.01,0.01,0.01,0.01,0.01,0.01,0.01,0.01,0.01,0.01,0.02,0.01,0.01,0.01,0.1,0.01,0.01,0.01,0.05,0.02,0.2,0.01,0.01,0.01,0.05,0.01,0.01,0.02,0.01,0.01,0.01,0.01,0.01,0.02,0.01,0.05,0.01,0.02,0.02,0.01,0.01,0.01,0.02,0.03,0.01,0.02,0.01,0.01,0.01,0.01,0.01,0.01,0.1,0.01,0.01,0.02,0.01,0.01,0.01,0.01,0.01,0.01,0.01,0.01,0.01,0.01,0.01,0.01,0.01,0.01,0.01,0.01,0.001,0.01,0.01,0.01,0.01,0.01,0.01,0.01,0.02,0.05,0.01,0.01,0.02,0.05,0.01,0.01,0.01,0.05,0.01,0.01,0.01,0.02,,0.01,0.01,0.01,0.05,0.01,0.01,1.5,0.01,0.01,0.01,0.01,0.01,0.02,0.01,0.01,0.01,0.03,0.01,0.01,0.01,0.01,0.02,0.01,0.01,0.01,0.01,0.01,0.05,0.01,0.005,0.02,0.01,0.01,0.01,0.01,0.01,0.02,0.02,0.02,0.01,0.01,1.0,0.01,0.01,0.05,0.01,0.01,0.01,0.01,0.01,0.01,0.1,0.01,0.02,0.02,0.01,0.01,0.01,0.01,0.01,0.03,0.01,0.01,0.01,0.01,0.03,0.01,0.01,0.02,0.02,0.02,0.02,0.02,0.01,,0.01,0.01,0.01,0.01,0.03,0.02,0.02,0.01,0.02,0.01,0.01,0.01,0.01,0.01,0.02,0.1,0.01,0.01,0.01,0.01,0.01,0.01,0.01,0.01,0.01,0.01,0.01,0.1,0.05,0.01,0.02,0.005,20.0,0.01,0.1,0.01,0.01,0.01,0.01,0.001,0.01,0.01,0.01,0.01,0.01,0.01,0.01,,0.02,0.01,0.01,0.01,0.01,0.05,0.01,0.01,0.01,0.01,0.01,0.01,0.01,0.01,0.1,0.01
362,EDIBLE OFFAL,Edible offals (other than liver and kidney),0.01,,0.1,0.02,"1.5, 2.0, 3.0",0.06,0.01,0.01,0.01,"5.0, 0.05",0.05,0.01,0.01,0.02,0.01,0.1,0.01,0.01,"0.01, 0.02, 0.05",0.02,0.01,"0.02, 0.05, 1.0",0.01,0.02,0.01,0.01,0.01,0.01,0.2,0.03,"0.2, 0.05, 0.02","1.0, 0.05",0.01,,0.01,0.01,0.01,0.01,0.02,,0.01,0.02,0.01,0.01,0.01,"0.07, 0.01",0.01,0.01,0.01,0.02,0.01,"0.15, 0.02",0.01,0.1,"0.1, 0.01","0.02, 0.01",0.02,0.01,"3.0, 0.01",0.01,0.01,0.01,"4.0, 0.05",0.01,"0.07, 0.3, 0.15",0.01,0.05,0.01,0.01,0.05,0.02,0.05,0.01,0.01,0.01,0.01,0.01,0.01,0.01,"0.09, 0.03",0.05,0.05,0.01,0.01,0.01,,0.03,0.01,,,"0.2, 0.08",0.05,0.05,0.01,0.05,0.02,,0.05,0.01,"0.2, 0.02","1.5, 0.15",0.1,0.02,0.01,"0.05, 0.01",0.02,0.05,0.05,0.01,0.01,0.01,0.01,0.01,0.01,0.01,0.1,"0.2, 0.05",0.02,0.05,0.01,0.05,0.02,30.0,,0.01,"1.5, 0.15",0.01,0.01,0.01,"0.9, 0.03, 0.5, 0.8",0.02,"0.02, 0.01","0.2, 0.01",0.01,0.01,"0.05, 0.2","0.5, 0.05",0.02,"0.01, 0.3",1.0,0.02,,0.06,,"0.5, 0.02",0.01,0.01,0.01,"0.02, 0.01","0.7, 0.07",0.01,"0.7, 0.1, 0.05",,0.01,"0.02, 0.05",0.1,0.01,0.01,"0.2, 0.1",0.01,0.02,"0.3, 0.5, 0.2, 0.02",0.01,0.01,,0.01,0.01,,0.03,0.01,0.1,0.02,"0.1, 0.02",0.01,0.01,0.05,0.05,0.01,0.01,0.05,0.01,0.01,0.01,0.02,"0.09, 0.01",0.05,0.05,0.01,0.01,0.01,"0.4, 0.08",0.01,0.01,0.03,0.01,0.05,0.01,0.02,"2.0, 0.04, 1.5",0.01,0.01,"0.5, 0.01",0.01,"0.02, 0.01",0.02,"0.01, 0.02","0.1, 0.05",0.02,,0.05,0.01,0.05,0.01,"0.02, 0.01",,0.02,"0.7, 0.01",0.01,"0.8, 0.01",0.05,0.02,0.02,0.005,0.01,"0.2, 0.1",0.01,0.01,"0.07, 0.06, 0.04",0.01,"2.0, 0.01",0.01,0.01,0.1,0.05,0.02,0.02,,0.01,0.02,0.005,0.05,"0.5, 0.8, 0.3",0.3,,0.05,"0.15, 1.0, 0.01",0.02,0.01,0.05,"0.3, 0.01, 0.06",0.02,0.01,0.02,0.01,"0.5, 0.05","1.0, 0.03","0.05, 0.3, 0.03","0.2, 0.05",0.05,0.01,0.01,0.01,0.01,0.01,"8.0, 6.0, 0.5, 0.7",,0.01,1.0,"3.0, 0.1",0.05,0.05,0.02,,0.01,0.2,0.01,0.01,0.01,,0.05,,0.02,"0.02, 0.01",0.01,0.01,"0.05, 0.2",0.01,0.02,0.01,0.1,0.1,0.01,0.02,0.01,0.01,0.01,0.05,0.01,0.01,0.01,"0.02, 0.01",0.01,"0.1, 0.2",0.05,0.01,"0.03, 3.0",0.1,0.01,0.01,"0.7, 0.04","3.0, 0.5",0.02,0.02,0.01,0.01,0.01,,"0.1, 0.03, 0.01, 0.3",0.01,"0.8, 0.05",,0.01,0.02,0.02,0.01,0.02,"0.4, 0.05, 0.15",0.01,0.01,0.05,0.02,0.05,0.01,0.01,0.02,0.03,0.01,"0.1, 0.05",0.01,"0.2, 0.01",0.01,0.01,0.01,0.01,0.1,0.01,,0.02,0.01,,0.01,0.01,0.01,0.01,0.05,0.01,0.01,0.05,0.01,0.01,0.01,0.01,0.01,0.01,0.01,0.01,0.01,0.01,0.01,0.01,0.01,0.01,,0.05,0.01,0.05,0.01,"0.05, 0.01",0.01,0.01,0.01,0.05,0.01,0.01,0.05,0.05,,"0.01, 0.02",0.01,0.01,0.1,,0.01,"7.0, 0.5, 4.0",0.02,"0.5, 0.01","0.01, 0.5",0.02,0.01,,"0.05, 0.01",0.01,0.01,0.03,0.01,0.05,0.01,0.01,0.02,"0.1, 0.2, 0.05",0.01,0.01,0.01,0.01,0.01,0.01,0.01,0.05,0.1,0.02,0.01,0.05,"0.5, 0.1",0.01,0.05,0.02,0.01,0.01,0.05,0.01,0.01,"2.0, 0.3, 0.05","0.1, 0.05",0.01,0.01,0.01,0.01,,"0.02, 0.05, 0.07",0.02,0.2,0.01,"0.3, 0.04, 0.1",0.01,0.02,0.05,0.01,"0.3, 0.01",0.01,0.01,0.01,0.01,0.03,0.01,0.01,0.02,"2.0, 3.0, 1.0","0.05, 0.01",0.01,"0.02, 0.7","0.3, 0.02, 0.2",,"0.015, 0.01",0.05,"0.6, 0.3",0.01,0.02,0.01,0.02,,"0.2, 0.1","0.05, 0.02",0.01,0.01,0.01,"0.05, 0.01","0.01, 0.015, 0.05",0.1,0.01,0.01,"0.9, 1.5, 0.7, 0.3",0.05,"0.01, 0.1",0.01,0.02,0.01,0.01,0.01,0.01,0.05,0.01,0.01,0.05,0.01,,0.01,0.05,0.05,0.05,0.01,0.01,0.01,0.01,0.01,"0.08, 0.01",0.01,0.01,"0.07, 0.04","0.07, 0.04",0.01,0.01,"0.05, 0.01",0.01,0.01,0.01,0.05,"0.01, 0.05",0.01,0.01,0.03,0.01,0.01,0.01,0.01,,0.01
371,Elderberries,Elderberries,0.01,0.01,0.01,0.01,0.05,0.06,,0.01,0.01,0.1,0.01,0.01,0.01,0.01,0.01,0.1,0.01,0.01,0.01,0.01,0.01,0.5,0.01,0.01,0.01,0.01,0.01,0.02,0.01,0.01,0.01,0.01,0.01,0.05,0.01,0.01,0.01,0.01,0.05,0.05,1.0,0.01,0.02,0.01,0.01,5.0,0.01,0.02,0.01,0.02,0.01,0.03,0.01,0.1,0.01,,0.01,0.01,0.01,0.01,0.01,0.01,0.01,0.01,15.0,0.01,5.0,0.01,0.01,0.01,0.01,0.05,1.5,0.01,0.01,0.01,0.01,0.01,0.02,0.03,0.01,0.1,0.01,0.01,0.01,,0.03,0.02,0.01,,1.0,0.05,0.01,0.01,0.01,0.01,0.01,0.01,0.01,0.03,0.01,0.02,0.01,0.01,0.01,0.01,0.01,0.01,0.01,0.01,0.01,0.01,0.01,0.01,0.01,0.05,0.1,0.02,0.02,0.01,0.5,0.01,5.0,,0.01,0.01,0.01,0.05,0.01,0.09,0.01,0.01,0.01,0.02,0.01,0.05,0.05,3.0,0.01,0.05,0.01,0.05,0.06,0.02,0.6,0.01,0.01,0.01,0.01,0.05,0.01,0.02,0.01,0.01,0.02,0.05,0.01,0.01,0.1,0.01,0.01,0.02,0.01,0.01,0.05,0.01,0.01,0.01,0.01,0.01,0.02,0.02,,0.01,0.01,0.05,0.01,0.01,0.01,0.05,0.01,0.01,0.01,0.01,0.002,0.05,0.01,0.01,0.01,0.01,0.05,0.01,2.0,0.03,0.01,0.05,0.01,0.02,0.01,0.01,0.01,0.01,0.01,0.01,0.02,0.01,0.01,0.01,0.01,5.0,0.01,0.1,0.01,0.01,0.01,0.01,0.01,0.01,0.4,0.01,0.02,0.02,0.005,0.01,0.7,0.01,0.01,0.1,0.01,0.01,0.01,0.01,4.0,0.05,0.01,0.02,,0.01,0.02,0.01,0.01,4.0,2.0,0.01,0.01,0.7,0.02,0.01,0.01,0.01,0.01,0.01,0.01,0.01,0.01,0.01,0.01,0.01,0.03,0.01,0.01,0.01,0.01,0.01,80.0,0.02,0.01,1.0,0.03,0.1,0.05,0.02,0.01,0.01,0.01,0.01,0.01,0.01,0.01,0.01,,0.02,0.01,0.05,0.01,,0.01,0.01,0.01,0.1,0.1,0.01,0.01,0.01,0.01,0.01,0.01,0.01,0.01,0.01,0.01,0.01,0.02,0.01,0.01,0.2,0.1,0.01,0.01,0.01,0.05,0.02,0.2,0.01,0.01,0.01,0.05,5.0,0.01,0.02,0.01,0.01,0.01,0.01,0.01,0.02,0.01,0.05,0.01,0.02,0.02,0.01,0.01,0.01,0.02,0.03,0.01,0.02,0.01,0.01,0.01,0.01,0.01,0.01,0.1,0.01,0.01,0.02,0.01,0.01,0.01,0.01,0.01,0.01,0.01,0.01,0.01,0.01,0.01,0.01,0.01,0.01,0.01,0.01,0.001,0.01,0.01,0.01,0.01,0.01,0.01,0.01,0.02,0.05,0.01,0.01,0.02,0.05,0.01,0.01,0.01,0.05,0.01,0.01,0.01,0.02,,0.01,0.01,0.01,2.0,0.01,0.01,60.0,0.01,0.01,0.01,0.01,0.01,0.02,1.0,0.01,0.01,0.03,0.01,0.01,0.01,0.01,0.02,0.01,0.01,0.01,0.01,0.01,0.05,0.01,0.005,0.02,0.01,0.01,0.01,0.01,0.01,0.02,3.0,0.02,0.01,0.01,1.0,0.01,0.01,0.05,5.0,0.01,0.01,0.01,0.01,0.01,0.1,0.01,2.0,0.02,0.02,0.01,0.01,0.01,0.01,0.03,0.01,0.01,0.01,0.01,0.03,0.01,0.01,0.4,1.5,0.1,0.02,1.5,0.01,,0.01,0.01,0.01,0.01,0.03,0.02,0.02,0.01,1.5,0.01,1.5,0.01,0.01,0.01,0.02,0.1,0.01,0.01,0.01,0.01,0.01,0.01,0.01,0.01,0.01,0.01,0.01,0.1,0.05,0.01,0.02,0.005,15.0,0.01,0.1,0.01,0.01,0.01,0.01,0.001,0.01,0.01,0.01,0.01,0.01,3.0,3.0,,0.02,0.01,0.01,0.01,0.01,0.05,0.01,0.01,0.01,0.01,0.01,0.01,0.01,0.01,0.1,0.01
376,Escaroles/broad-leaved endives,Escaroles/broad-leaved endives,0.01,0.01,0.01,0.01,0.05,0.06,,0.01,0.01,0.05,0.01,0.01,0.01,0.01,0.01,0.1,0.01,0.01,0.01,0.01,0.01,0.01,0.01,0.3,0.01,0.01,0.01,0.02,0.01,50.0,0.01,0.01,0.01,0.05,0.01,0.01,0.01,0.01,0.05,0.05,1.0,0.01,0.02,0.01,0.01,10.0,0.01,0.02,0.01,0.02,0.01,0.03,0.01,0.1,0.01,,0.01,0.01,0.01,0.01,0.01,0.01,0.01,0.01,50.0,0.01,50.0,0.01,0.01,0.01,0.01,0.05,0.01,0.01,0.01,0.01,0.01,0.01,0.02,0.03,0.01,0.1,0.01,0.001,0.01,,0.03,0.02,0.01,,20.0,0.7,0.01,0.01,0.01,0.02,0.01,0.01,0.01,0.03,0.01,0.02,0.005,0.01,0.01,0.01,0.01,0.01,0.01,0.01,0.01,0.01,0.01,0.01,0.01,0.05,0.5,0.02,0.02,0.01,0.5,0.01,100.0,,0.01,15.0,0.01,0.05,0.01,1.0,0.01,0.01,0.01,0.02,0.01,2.0,0.05,15.0,0.01,0.05,0.01,0.05,0.06,0.03,0.01,0.01,0.01,0.01,0.01,0.05,0.01,0.02,0.01,0.01,0.02,0.05,0.01,0.01,3.0,0.01,0.01,0.08,0.01,0.01,0.05,0.01,6.0,0.01,0.01,0.01,0.02,0.02,,0.01,0.01,0.05,0.01,0.01,0.01,5.0,0.01,0.01,0.01,0.01,0.15,0.05,0.01,0.01,0.01,0.01,0.05,0.01,0.01,0.03,0.01,0.05,0.01,0.02,3.0,0.01,0.01,0.01,0.01,0.01,0.02,0.01,0.01,0.01,0.01,50.0,0.01,0.1,0.01,0.01,0.01,0.01,0.01,4.0,0.01,0.01,0.02,0.02,0.005,0.01,0.6,0.01,0.01,0.02,0.01,0.01,0.01,0.01,20.0,0.05,0.01,0.02,,0.01,0.02,0.01,2.0,2.0,0.2,0.01,0.01,0.07,0.02,0.01,0.01,0.01,0.01,0.01,0.01,0.01,0.01,0.01,0.7,4.0,0.03,0.01,0.01,0.01,0.01,0.01,75.0,0.02,0.01,1.0,0.06,0.1,0.05,0.02,0.01,0.01,0.01,0.01,0.01,0.01,0.01,0.01,,0.02,0.01,0.05,0.01,,0.01,0.01,0.01,0.1,0.1,0.01,0.01,0.01,0.01,0.01,0.01,20.0,0.01,0.01,0.01,0.01,0.02,0.01,0.01,0.07,0.1,0.01,0.01,0.01,0.05,0.02,0.2,0.01,25.0,0.01,0.05,0.01,0.01,0.02,0.01,0.01,0.01,0.01,0.01,0.02,3.0,2.0,0.01,0.02,0.02,0.01,0.01,0.01,0.02,0.03,0.01,0.02,0.01,0.01,0.03,0.01,0.01,0.01,0.1,0.01,0.01,0.02,0.01,0.01,0.01,0.01,0.05,0.01,0.01,0.01,0.01,0.01,0.01,0.01,0.01,0.01,0.01,0.01,0.001,0.01,5.0,0.01,0.01,0.01,0.01,0.01,0.02,0.05,0.01,0.01,0.02,0.05,0.01,0.01,0.01,0.05,0.01,0.01,0.01,0.02,,0.01,0.01,0.01,0.05,0.01,0.01,150.0,0.01,0.01,0.01,0.01,0.01,0.02,1.0,0.01,0.01,0.03,0.01,0.01,0.01,0.01,0.02,20.0,0.01,0.01,0.01,0.01,0.05,0.01,0.005,0.02,0.6,0.01,0.01,0.01,0.01,0.02,0.4,0.02,0.01,0.01,1.0,0.01,0.01,0.05,20.0,0.01,0.01,0.01,0.01,0.01,0.1,0.01,0.02,0.02,0.2,0.01,0.01,0.01,0.01,0.03,0.01,0.01,0.01,0.01,0.03,0.01,0.01,0.02,3.0,0.02,0.02,7.0,0.01,,0.01,0.01,0.01,0.01,0.03,0.02,0.02,0.01,0.5,10.0,0.01,0.01,0.01,0.01,0.02,0.1,0.01,0.01,0.01,0.01,0.01,0.01,0.01,0.01,0.01,0.01,0.01,0.1,0.05,0.9,0.02,0.005,150.0,0.01,0.1,0.01,0.01,0.01,0.01,0.001,0.01,0.01,0.01,0.01,0.01,15.0,15.0,,0.02,0.01,0.01,0.01,0.01,0.05,0.01,0.01,0.01,0.01,0.01,0.01,0.01,0.01,0.1,0.01
436,FRUITS,"FRUITS, FRESH or FROZEN; TREE NUTS",0.01,0.01,0.01,0.01,0.05,,,,,,,0.01,0.01,,,0.1,0.01,,,,,,0.01,,0.01,0.01,,,0.01,,0.01,,,0.05,,,,0.01,,0.05,,0.01,0.02,0.01,,,,0.02,,0.02,0.01,0.03,,0.1,,,0.01,0.01,,,0.01,,0.01,0.01,,0.01,,,0.01,0.01,0.01,,,0.01,,,0.01,,,,,,0.01,,0.01,,,,0.01,,,,0.01,,0.01,,,0.01,,,,0.02,,0.01,,,0.01,0.01,0.01,0.01,0.01,,,,0.01,0.05,,,,,,0.01,,,0.01,,,0.05,0.01,,,,,,,,,,0.01,0.05,,0.05,,0.02,,0.01,0.01,,,,0.01,,0.01,0.01,,0.05,,0.01,,0.01,0.01,,0.01,0.01,,0.01,,0.01,0.01,,,,,,,0.05,,,,,0.01,0.01,,,,,0.01,0.01,0.01,,,,,0.03,0.01,,,,,0.01,0.01,,0.01,0.01,,,,,0.01,,,0.1,0.01,,,,,,,,,,0.005,0.01,,0.01,0.01,,,,,,,0.05,0.01,,,0.01,,0.01,,,,0.01,0.01,,0.02,0.01,0.01,,,0.01,0.01,,0.01,,,,,,,,,,,,0.01,1.0,,,0.05,,0.01,0.01,,0.01,0.01,0.01,,,,,,0.05,0.01,,0.01,,,0.1,0.1,,,0.01,0.01,0.01,,,0.01,0.01,,,0.02,,,,0.1,0.01,0.01,,0.05,,0.2,,,0.01,0.05,,,,,,,,0.01,,,0.05,,0.02,,,,,,0.03,,,0.01,,,0.01,0.01,,0.1,0.01,0.01,0.02,,,,,,0.01,,,0.01,0.01,0.01,0.01,0.01,0.01,0.01,0.01,,0.01,,,,0.01,,0.01,0.02,0.05,,,0.02,0.05,0.01,0.01,,0.05,0.01,0.01,,,,,,,,0.01,,,0.01,0.01,0.01,0.01,0.01,0.02,,0.01,0.01,0.03,,,0.01,,,0.01,,,,0.01,,0.01,,,,,,,,0.02,,0.02,0.01,,1.0,,0.01,0.05,,,,0.01,,,,,,,,0.01,,,0.01,0.03,0.01,,,0.01,,0.01,0.01,,,,,,,,,,,,0.03,0.02,0.02,0.01,,,,,,0.01,0.02,0.1,,0.01,,,,,0.01,0.01,0.01,,0.01,,0.05,0.01,0.02,0.005,,0.01,0.1,0.01,0.01,0.01,0.01,,0.01,,,0.01,,,,,0.02,0.01,0.01,0.01,,,0.01,0.01,0.01,,,0.01,0.01,0.01,,
379,FAT,Fat,0.01,,0.1,0.02,"1.5, 0.6, 0.5, 0.3",0.06,0.01,0.01,0.01,"0.2, 0.05",0.05,0.01,0.01,0.01,0.01,0.1,0.01,0.01,"0.01, 0.05",0.02,0.01,"0.3, 0.02",0.01,0.02,0.01,0.01,0.01,0.01,0.2,0.03,"0.03, 0.02","0.1, 0.01",0.01,"0.2, 0.4, 0.05",0.01,0.01,0.01,0.01,0.02,,0.01,0.02,0.01,0.01,0.01,"0.05, 0.01",0.01,0.01,0.01,0.02,0.01,"0.02, 0.03",0.01,0.1,"0.03, 0.01","0.02, 0.01",0.02,0.01,"3.0, 0.05",0.01,0.01,0.01,"0.05, 2.0",0.01,"0.3, 0.07, 0.08",0.01,0.05,0.01,0.01,0.05,0.02,0.05,0.01,0.01,0.01,0.01,0.01,0.01,0.01,"0.03, 0.06",0.05,0.05,0.01,0.01,0.01,,0.03,0.01,,,"0.2, 0.08",0.1,0.05,0.01,0.05,"0.02, 0.03",,0.05,0.01,0.02,"0.15, 0.05",0.1,0.02,0.01,"0.05, 0.01",0.02,0.05,0.05,0.01,0.01,0.01,0.01,0.01,0.01,0.01,0.1,"0.2, 0.05",0.02,0.05,0.01,"0.05, 0.15, 0.2",0.02,5.0,,0.01,"0.5, 0.04",0.01,0.01,0.01,"0.2, 0.15, 0.03, 0.1",0.02,0.01,"0.2, 0.01",0.01,0.01,"2.0, 0.2, 0.1",0.05,0.02,"0.01, 0.3",1.0,0.02,,0.06,,"0.5, 0.1",0.01,0.01,0.01,"0.7, 0.01","0.07, 0.04",0.01,0.02,,0.01,"0.02, 0.1",0.1,0.01,0.01,"0.05, 0.1",0.01,0.02,"0.04, 0.5, 0.2, 0.3",0.01,0.01,,0.01,0.01,,0.03,0.01,0.05,0.02,,0.01,0.01,0.05,0.05,0.01,0.01,0.05,0.01,0.01,0.01,0.02,"0.01, 0.02",0.05,0.05,0.01,0.01,0.01,0.05,0.01,0.01,0.03,0.01,0.05,0.01,0.02,"1.5, 2.0, 0.04",0.01,0.01,"0.5, 0.01",0.01,"0.01, 0.02",0.02,"0.02, 0.01",0.05,0.02,,0.05,0.01,0.05,0.01,"0.015, 0.01",,0.02,"0.01, 0.05",0.01,"0.2, 0.01",0.05,0.02,"0.2, 0.02, 0.25, 0.03","0.015, 0.005, 0.03",0.01,0.05,0.01,0.01,"0.04, 0.02",0.01,"2.0, 0.01",0.01,0.01,"0.01, 0.02",0.05,0.02,0.02,"0.3, 0.25",0.01,0.02,0.005,0.05,"0.15, 0.09, 0.07",0.3,,"0.05, 0.02","0.2, 0.01, 0.02",0.02,0.01,0.05,"0.06, 0.04, 0.01",0.01,0.01,0.02,0.01,0.05,"0.02, 0.03","0.3, 0.05, 0.03","0.2, 0.05",0.05,0.01,0.01,0.01,0.01,0.01,"1.5, 0.5, 0.7",,0.01,1.0,"0.1, 0.05",0.05,0.05,0.02,,0.01,0.2,0.01,0.01,0.01,,0.05,,0.01,0.02,0.01,0.01,0.05,0.01,0.02,0.01,0.1,0.1,0.01,0.02,0.01,0.01,0.01,0.05,0.01,0.01,0.01,"0.03, 0.01",0.01,0.02,0.05,0.01,"0.03, 3.0",0.1,0.01,0.01,"2.0, 0.04","0.2, 0.1",0.02,0.1,0.01,"0.02, 0.01",0.01,,"0.2, 0.01, 0.4, 0.03",0.01,"0.06, 0.05",,0.01,0.01,0.02,0.01,"0.15, 0.08",0.01,0.01,0.01,0.05,0.02,0.05,0.01,0.01,0.02,0.03,0.01,"0.2, 0.05",0.01,"0.01, 0.3",0.01,0.01,0.01,0.01,0.1,0.01,,0.02,0.01,,0.01,0.01,0.01,0.01,0.02,0.01,0.01,0.1,0.01,0.01,0.01,0.01,0.01,0.01,0.01,0.01,0.01,0.01,0.01,0.01,0.01,0.01,,0.05,0.01,"0.01, 0.05",0.01,"0.01, 0.2",0.01,0.01,0.01,"0.05, 0.5",0.01,0.01,0.05,0.05,,0.01,0.01,0.01,0.1,,0.01,"1.5, 2.0, 0.5","0.4, 0.55, 0.02, 0.7","0.01, 0.2","0.2, 0.01",0.02,0.01,,"0.05, 0.01",0.01,0.01,0.03,0.01,0.05,0.01,0.01,0.02,0.01,0.01,0.01,0.01,0.01,0.01,0.01,0.01,0.05,0.01,0.02,0.01,0.02,"0.01, 0.02",0.01,0.05,0.02,0.01,0.01,0.05,0.01,0.01,0.05,"0.1, 0.05",0.01,0.01,0.01,0.01,,0.02,0.02,0.2,0.01,"0.02, 0.04",0.01,0.02,0.02,0.01,0.01,0.01,0.01,0.01,0.01,0.03,0.01,0.01,0.02,"3.0, 2.0, 1.0",0.05,0.01,0.02,"0.05, 0.02",0.5,0.01,0.02,"0.1, 0.03",0.01,0.02,0.01,0.02,,0.1,"0.05, 0.02",0.01,0.01,0.01,"0.02, 0.01, 0.05",0.01,0.1,0.01,0.01,"0.09, 0.2, 0.07, 0.3",0.05,"0.01, 0.1",0.01,0.02,0.01,0.01,0.01,0.01,0.05,0.01,0.01,0.05,0.01,,0.01,0.05,0.05,0.05,0.01,0.01,0.01,0.01,0.01,"0.06, 0.01",0.01,0.01,"0.06, 0.04","0.04, 0.06",0.01,0.01,"0.1, 0.01",0.01,0.01,0.01,0.05,0.01,0.01,0.01,0.03,0.01,0.01,0.01,0.01,,0.01
381,FENNEL,Fennel,0.02,0.02,0.02,0.05,0.05,0.1,,0.05,0.05,0.1,0.05,0.01,0.01,0.05,0.05,0.1,0.05,0.05,0.05,0.2,0.05,0.05,0.05,0.05,0.03,0.05,0.05,0.05,0.1,0.05,0.05,0.05,0.05,0.1,0.05,0.05,0.02,0.1,0.1,0.1,0.01,0.05,0.05,0.5,0.05,0.3,0.05,0.05,0.05,0.1,0.05,0.1,0.05,0.1,0.05,,0.05,0.05,0.05,0.05,0.05,0.05,0.05,0.01,0.9,0.01,"50.0, 400.0",0.05,0.05,0.05,0.05,0.05,0.05,0.05,0.05,0.05,0.01,0.05,0.1,0.1,0.05,0.1,0.05,0.05,0.01,,0.1,0.1,0.02,,0.05,0.07,0.1,0.05,0.02,0.02,0.05,0.1,0.05,0.1,0.05,0.1,0.025,0.05,0.05,0.05,0.05,0.05,0.01,0.01,0.05,0.05,0.05,0.05,0.05,0.1,0.1,0.1,0.05,0.05,0.5,0.05,40.0,,0.01,0.05,0.05,0.1,0.05,0.1,0.05,0.05,0.05,0.1,0.1,0.1,0.05,0.1,0.1,1.0,0.05,0.1,0.1,0.02,0.05,0.05,0.05,0.05,5.0,0.05,0.05,0.1,"0.02, 0.1",0.05,0.1,0.05,0.05,0.05,0.3,0.05,0.05,0.1,0.05,0.05,0.1,0.05,30.0,0.05,0.05,0.05,0.1,0.1,,0.05,0.05,0.05,0.05,0.05,0.01,0.1,0.05,0.01,0.05,0.05,0.01,1.0,0.1,0.05,0.01,0.02,0.1,3.0,0.05,0.6,0.02,0.1,0.05,0.1,0.05,0.05,0.05,0.05,0.05,0.05,0.05,0.05,0.05,0.05,0.1,0.05,7.0,0.1,0.05,0.05,0.02,0.05,0.05,0.05,0.05,0.05,0.1,0.1,0.005,0.05,0.1,0.05,0.05,0.03,0.1,0.05,0.05,0.05,0.05,0.05,0.05,0.1,,0.05,0.1,0.05,0.05,0.05,5.0,0.02,0.05,0.05,0.1,0.05,0.05,0.05,0.05,0.05,0.05,0.05,0.05,0.05,0.05,0.05,0.1,0.05,0.05,0.05,0.05,0.05,400.0,0.05,0.05,1.0,0.1,0.1,0.05,0.1,0.02,0.05,0.1,0.02,0.01,0.01,0.05,0.05,,0.1,0.05,0.1,0.01,,0.05,0.05,0.05,0.1,0.1,0.05,0.05,0.05,0.05,0.05,0.05,0.05,0.01,0.05,0.01,0.05,0.1,0.05,0.05,0.3,0.1,0.01,0.05,0.05,0.1,0.02,0.5,0.05,0.05,0.05,0.1,0.05,0.05,0.1,0.05,0.05,0.02,0.05,0.05,0.1,0.05,0.1,0.05,0.1,0.1,0.05,0.05,0.1,0.1,0.1,0.05,0.1,0.1,0.05,0.05,0.05,0.05,0.05,0.1,0.05,0.02,0.1,0.05,0.05,0.05,0.05,0.05,0.05,0.05,0.3,0.02,0.05,0.05,0.05,0.05,0.05,0.05,0.02,0.05,0.05,0.05,0.05,0.05,0.05,0.05,0.01,0.05,0.1,5.0,0.05,0.1,0.05,0.05,0.05,0.05,0.1,0.05,0.01,0.05,0.05,7.0,0.5,2.0,0.05,0.1,0.02,0.02,300.0,0.02,0.01,0.01,0.05,0.05,0.05,5.0,3.0,0.05,0.15,0.05,0.1,0.05,0.05,0.1,0.05,0.05,0.05,0.05,0.05,0.1,0.05,0.01,0.1,0.05,0.05,0.3,0.05,0.05,0.1,0.1,0.1,0.02,0.05,0.5,0.05,0.05,0.15,0.05,0.05,0.05,0.05,0.05,0.05,0.1,0.05,0.05,0.1,0.05,0.01,0.05,0.05,0.02,0.03,0.05,0.05,0.05,0.05,0.15,0.01,0.05,0.1,0.1,0.05,0.02,0.1,0.05,,0.1,0.05,0.05,0.05,0.1,0.1,0.1,0.02,1.5,0.05,0.05,0.05,0.05,0.05,0.1,0.1,0.01,0.05,0.05,0.05,0.05,0.05,0.05,0.05,0.05,0.05,0.05,0.1,0.05,0.05,0.1,0.02,40.0,0.05,0.1,0.05,0.05,0.05,0.1,0.005,0.05,0.05,0.05,0.05,0.05,0.05,0.05,,0.1,0.05,0.05,0.05,0.05,0.05,0.05,0.02,0.05,0.05,0.05,0.01,0.05,0.05,0.2,0.05
382,Fenugreek,Fenugreek,0.02,0.02,0.02,0.05,0.05,0.1,,0.05,0.05,0.1,0.05,0.01,0.01,0.05,0.05,0.1,0.05,0.05,0.05,0.2,0.05,0.05,0.05,0.05,0.01,0.05,0.05,0.05,0.1,0.05,0.05,0.05,0.05,0.1,0.05,0.05,0.02,0.1,0.1,0.1,0.01,0.05,0.05,0.5,0.05,0.3,0.05,0.05,0.05,0.1,0.05,0.1,0.05,0.1,0.05,,0.05,0.05,0.05,0.05,0.05,0.05,0.05,0.01,0.9,0.01,"50.0, 400.0",0.05,0.05,0.05,0.05,0.05,0.05,0.05,0.05,0.05,0.01,0.05,0.1,0.1,0.05,0.1,0.05,0.05,0.01,,0.1,0.1,0.02,,0.05,0.07,0.1,0.05,0.02,0.02,0.05,0.1,0.05,0.1,0.05,0.1,0.025,0.05,0.05,0.05,0.05,0.05,0.01,0.01,0.05,0.05,0.05,0.05,0.05,0.1,0.1,0.1,0.05,0.05,0.5,0.05,40.0,,0.01,0.05,0.05,0.1,0.05,0.1,0.05,0.05,0.05,0.1,0.1,0.1,0.05,0.1,0.1,1.0,0.05,0.1,0.1,0.02,0.05,0.05,0.05,0.05,5.0,0.05,0.05,0.1,"0.02, 0.1",0.05,0.1,0.05,0.05,0.05,0.3,0.05,0.05,0.1,0.05,0.05,0.1,0.05,30.0,0.05,0.05,0.05,0.1,0.1,,0.05,0.05,0.05,0.05,0.05,0.01,0.1,0.05,0.01,0.05,0.05,0.01,1.0,0.1,0.05,0.01,0.02,0.1,3.0,0.05,0.6,0.02,0.1,0.05,0.1,0.05,0.05,0.05,0.05,0.05,0.05,0.05,0.05,0.05,0.05,0.1,0.05,7.0,0.1,0.05,0.05,0.02,0.05,0.05,0.05,0.05,0.05,0.1,0.1,0.005,0.05,0.1,0.05,0.05,0.03,0.1,0.05,0.05,0.05,0.05,0.05,0.05,0.1,,0.05,0.1,0.05,0.05,0.05,5.0,0.02,0.05,0.05,0.1,0.05,0.05,0.05,0.05,0.05,0.05,0.05,0.05,0.05,0.05,0.05,0.1,0.05,0.05,0.05,0.05,0.05,400.0,0.05,0.05,1.0,0.1,0.1,0.05,0.1,0.02,0.05,0.1,0.02,0.01,0.01,0.05,0.05,,0.1,0.05,0.1,0.01,,0.05,0.05,0.05,0.1,0.1,0.05,0.05,0.05,0.05,0.05,0.05,0.05,0.01,0.05,0.01,0.05,0.1,0.05,0.05,0.3,0.1,0.01,0.05,0.05,0.1,0.02,0.5,0.05,0.05,0.05,0.1,0.05,0.05,0.1,0.05,0.05,0.02,0.05,0.05,0.1,0.05,0.1,0.05,0.1,0.1,0.05,0.05,0.1,0.1,0.1,0.05,0.1,0.1,0.05,0.05,0.05,0.05,0.05,0.1,0.05,0.02,0.1,0.05,0.05,0.05,0.05,0.05,0.05,0.05,0.3,0.02,0.05,0.05,0.05,0.05,0.05,0.05,0.02,0.05,0.05,0.05,0.05,0.05,0.05,0.05,0.01,0.05,0.1,5.0,0.05,0.1,0.05,0.05,0.05,0.05,0.1,0.05,0.01,0.05,0.05,7.0,0.5,2.0,0.05,0.1,0.02,0.02,300.0,0.02,0.01,0.01,0.05,0.05,0.05,5.0,3.0,0.05,0.15,0.05,0.05,0.05,0.05,0.1,0.05,0.05,0.05,0.05,0.05,0.1,0.05,0.01,0.1,0.05,0.05,0.3,0.05,0.05,0.1,0.1,0.1,0.02,0.05,0.5,0.05,0.05,0.15,0.05,0.05,0.05,0.05,0.05,0.05,0.1,0.05,0.05,0.1,0.05,0.01,0.05,0.05,0.02,0.03,0.05,0.05,0.05,0.05,0.15,0.01,0.05,0.1,0.1,0.05,0.02,0.1,0.05,,0.1,0.05,0.05,0.05,0.1,0.1,0.1,0.02,1.5,0.05,0.05,0.05,0.05,0.05,0.1,0.1,0.01,0.05,0.05,0.05,0.05,0.05,0.05,0.05,0.05,0.05,0.05,0.1,0.05,0.05,0.1,0.02,40.0,0.05,0.1,0.05,0.05,0.05,0.02,0.005,0.05,0.05,0.05,0.05,0.05,0.05,0.05,,0.1,0.05,0.05,0.05,0.05,0.05,0.05,0.02,0.05,0.05,0.05,0.01,0.05,0.05,0.2,0.05
386,FIG,Figs,0.01,0.01,0.01,0.01,0.05,0.06,,0.01,0.01,0.05,0.01,0.01,0.01,0.01,0.01,0.1,0.01,0.01,0.01,0.01,0.01,0.03,0.01,0.01,0.01,0.01,0.01,0.02,0.01,0.01,0.01,0.01,0.01,0.05,0.01,0.01,0.01,0.01,0.05,0.05,1.0,0.01,0.02,0.01,0.01,0.01,0.01,0.02,0.01,0.02,0.01,0.03,0.01,0.1,0.01,,0.01,0.01,0.01,0.01,0.01,0.01,0.01,0.01,0.01,0.01,"10.0, 20.0",0.01,0.01,0.01,0.01,0.05,0.01,0.01,0.01,0.01,0.01,0.01,0.02,0.03,0.01,0.1,0.01,0.003,0.01,,0.03,0.02,0.01,,0.01,0.3,0.01,0.01,0.01,0.02,0.01,0.01,0.01,0.03,0.01,0.02,0.005,0.01,0.01,0.01,0.01,0.01,0.01,0.01,0.01,0.01,0.01,0.01,0.01,0.05,0.1,0.02,0.02,0.01,0.5,0.01,20.0,,0.01,0.01,0.01,0.05,0.01,0.09,0.01,0.01,0.01,0.02,0.01,0.05,0.05,0.02,0.01,0.05,0.01,0.05,0.06,0.02,0.01,0.01,0.01,0.01,0.01,0.05,0.01,0.02,0.01,0.01,0.02,0.05,0.01,0.01,0.1,0.01,0.01,0.02,0.01,0.01,0.05,0.01,0.01,0.01,0.01,0.01,0.02,0.02,,0.01,0.01,0.05,0.01,0.01,0.01,0.05,0.01,0.01,0.01,0.01,0.002,0.05,0.01,0.01,0.01,0.01,3.0,0.01,0.01,0.03,0.01,0.05,0.01,0.02,0.01,0.01,0.01,0.01,0.01,0.01,0.02,0.01,0.01,0.01,0.01,0.01,0.01,0.1,0.01,0.01,0.01,0.01,0.01,0.01,0.01,0.01,0.02,0.02,0.005,0.01,0.03,0.01,0.01,0.01,0.01,0.01,0.01,0.01,0.01,0.05,0.01,0.02,,0.01,0.02,0.01,0.01,0.01,0.2,0.01,0.01,0.01,0.02,0.01,0.01,0.01,0.01,0.01,0.01,0.01,0.01,0.01,0.01,0.01,0.03,0.01,0.01,0.01,0.01,0.01,2.0,0.02,0.01,1.0,0.1,0.1,0.05,0.02,0.01,0.01,0.01,0.01,0.01,0.01,0.01,0.01,,0.02,0.01,0.05,0.01,,0.01,0.01,0.01,0.1,0.1,0.01,0.01,0.01,0.01,0.01,0.01,0.01,0.01,0.01,0.01,0.01,0.02,0.01,0.01,0.01,0.1,0.01,0.01,0.01,0.05,0.02,0.2,0.01,0.01,0.01,0.05,0.01,0.01,0.02,0.01,0.01,0.01,0.01,0.01,0.02,0.05,0.05,0.01,0.02,0.02,0.01,0.01,0.01,0.02,0.03,0.01,0.02,0.01,0.01,0.01,0.01,0.01,0.01,0.1,0.01,0.01,0.02,0.01,0.01,0.01,0.01,0.01,0.01,0.01,0.01,0.01,0.01,0.01,0.01,0.01,0.01,0.01,0.01,0.001,0.01,0.01,0.01,0.01,0.01,0.01,0.01,0.02,0.05,0.01,0.01,0.02,0.05,0.01,0.01,0.01,0.05,0.01,0.01,0.01,0.02,,0.01,0.01,0.01,2.0,0.01,0.01,1.5,0.01,0.01,0.01,0.01,0.01,0.02,0.01,0.01,0.01,0.03,0.01,0.01,0.01,0.01,0.02,0.01,0.01,0.01,0.01,0.01,0.05,0.01,0.005,0.02,0.01,0.01,0.01,0.01,0.01,0.02,0.02,0.02,0.01,0.01,1.0,0.01,0.01,0.05,0.01,0.01,0.01,0.01,0.01,0.01,0.1,0.01,0.02,0.02,0.01,0.01,0.01,0.01,0.01,0.03,0.01,0.01,0.01,0.01,0.03,0.01,0.01,0.02,0.02,0.02,0.02,0.02,0.01,,0.01,0.01,0.01,0.01,0.03,0.02,0.02,0.01,0.02,0.01,0.01,0.01,0.01,0.01,0.02,0.1,0.01,0.01,0.01,0.01,0.01,0.01,0.01,0.01,0.01,0.01,0.01,0.1,0.05,0.01,0.02,0.005,20.0,0.01,0.1,0.01,0.01,0.01,0.01,0.001,0.01,0.01,0.01,0.01,0.01,0.01,0.01,,0.02,0.01,0.01,0.01,0.01,0.05,0.01,0.01,0.01,0.01,0.01,0.01,0.01,0.01,0.1,0.01
381,FENNEL,Florence fennels,0.01,0.01,0.01,0.01,0.05,0.06,,0.01,0.01,0.05,0.01,0.01,0.01,0.01,0.01,0.1,0.01,0.01,0.03,0.01,0.01,0.01,0.01,0.01,0.01,0.01,0.01,0.02,0.01,20.0,0.01,0.01,0.01,0.05,0.01,0.01,0.01,0.01,0.05,0.05,1.0,0.01,0.02,0.01,0.01,10.0,0.01,0.02,0.01,0.02,0.01,0.03,0.01,0.1,0.01,,0.01,0.01,0.01,0.01,0.01,0.01,0.01,0.01,9.0,0.01,30.0,0.01,0.01,0.01,0.01,0.05,0.01,0.01,0.01,0.01,0.01,0.01,0.02,0.03,0.01,0.1,0.01,0.002,0.01,,0.03,0.02,0.01,,8.0,0.25,0.01,0.01,0.01,0.02,0.01,0.01,0.01,0.03,0.01,0.02,0.005,0.01,0.01,0.01,0.01,0.01,0.01,0.01,0.01,0.01,0.01,0.01,0.01,0.05,0.5,0.02,0.02,0.01,0.5,0.01,20.0,,0.01,0.01,0.01,0.05,0.01,0.09,0.01,0.01,0.01,0.02,0.01,0.05,0.05,4.0,0.01,0.05,0.01,0.05,0.06,0.02,0.3,0.01,0.01,0.01,0.01,0.05,0.01,0.02,0.01,0.01,0.02,0.05,0.01,0.01,5.0,0.01,0.01,0.2,0.01,0.01,0.05,0.01,0.01,0.01,0.01,0.01,0.02,0.02,,0.01,0.01,0.05,0.01,0.01,0.01,0.05,0.01,0.01,0.01,0.01,0.002,0.05,0.01,0.01,0.01,0.01,0.05,0.01,0.01,0.03,0.01,0.05,0.01,0.02,0.01,0.01,0.01,0.01,0.01,0.01,0.02,0.01,0.01,0.01,0.01,0.01,0.01,0.1,0.01,0.01,0.01,0.01,0.01,0.01,0.01,0.01,0.02,0.02,0.005,0.01,0.3,0.01,0.01,0.3,0.01,0.01,0.01,0.01,1.5,0.05,0.01,0.02,,0.01,0.02,0.01,0.01,0.01,0.2,0.01,0.01,0.01,0.02,0.01,0.01,0.01,0.01,0.01,0.01,0.01,0.01,0.01,0.01,9.0,0.03,0.01,0.01,0.01,0.01,0.01,2.0,0.02,0.01,1.0,0.03,0.1,0.05,0.02,0.01,0.01,0.01,0.01,0.01,0.01,0.01,0.01,,0.02,0.01,0.05,0.01,,0.01,0.01,0.01,0.1,0.1,0.01,0.01,0.01,0.01,0.01,0.01,0.01,0.01,0.01,0.01,0.01,0.02,0.01,0.01,0.3,0.1,0.01,0.01,0.01,0.05,0.02,0.2,0.01,0.01,0.01,0.05,3.0,0.01,0.02,0.01,0.01,0.01,0.01,0.01,0.02,0.01,0.05,0.01,0.02,0.02,0.01,0.01,0.01,0.02,0.03,0.01,0.02,0.01,0.01,0.01,0.01,0.01,0.01,0.1,0.01,0.01,0.02,0.01,0.01,0.01,0.01,0.06,0.01,0.01,0.01,0.01,0.01,0.01,0.01,0.01,0.01,0.01,0.01,0.001,0.01,0.01,0.01,0.01,0.01,0.01,0.01,0.02,0.05,0.01,0.01,0.02,0.1,0.01,0.01,20.0,0.05,0.01,0.01,0.01,0.02,,0.01,0.01,0.01,0.05,0.01,0.01,1.5,0.01,0.01,0.01,0.01,0.01,0.02,2.0,0.01,0.01,0.03,0.01,0.01,0.01,0.01,0.02,0.01,0.01,0.01,0.01,0.01,0.05,0.01,0.005,0.02,0.01,0.01,0.01,0.01,0.01,0.02,1.5,0.02,0.01,0.01,1.0,0.01,0.01,0.05,0.01,0.01,0.01,0.01,0.01,0.01,0.1,0.01,0.02,0.02,0.01,0.01,0.01,0.01,0.01,0.03,0.01,0.01,0.01,0.01,0.03,0.01,0.01,0.02,5.0,0.02,0.02,4.0,0.01,,0.01,0.01,0.01,0.01,0.03,0.02,0.02,0.01,0.02,0.01,0.01,0.01,0.01,0.01,0.02,0.1,0.01,0.01,0.01,0.01,0.01,0.01,0.01,0.01,0.01,0.01,0.01,0.1,0.05,0.01,0.02,0.005,20.0,0.01,0.1,0.01,0.01,0.01,0.01,0.001,0.01,0.01,0.01,0.01,0.01,0.01,0.01,,0.02,0.01,0.01,0.01,0.01,0.05,0.01,0.01,0.01,0.01,0.01,0.01,0.01,0.01,0.1,0.01
405,Flower pistil spices,Flower pistil spices,0.02,0.02,0.02,0.05,0.05,0.1,,0.05,0.05,0.1,0.05,0.01,0.01,0.05,0.05,0.1,0.05,0.05,0.05,0.2,0.05,0.05,0.05,0.05,0.05,0.05,0.05,0.05,0.1,0.05,0.05,0.05,0.05,0.1,0.05,0.05,0.02,0.1,0.1,0.1,0.01,0.05,0.05,0.5,0.05,0.05,0.05,0.05,0.05,0.1,0.05,0.1,0.05,0.1,0.05,,0.05,0.05,0.05,0.05,0.05,0.05,0.05,0.01,0.9,0.01,"50.0, 400.0",0.05,0.05,0.05,0.05,0.05,0.05,0.05,0.05,0.05,0.01,0.05,0.1,0.1,0.05,0.1,0.05,0.05,0.01,,0.1,0.1,0.02,,0.05,0.07,0.1,0.05,0.02,0.02,0.05,0.1,0.05,0.1,0.05,0.1,0.025,0.05,0.05,0.05,0.05,0.05,0.01,0.01,0.05,0.05,0.05,0.05,0.05,0.1,0.1,0.1,0.05,0.05,0.5,0.05,40.0,,0.01,0.05,0.05,0.1,0.05,0.1,0.05,0.05,0.05,0.1,0.1,0.1,0.05,0.1,0.1,1.0,0.05,0.1,0.1,0.02,0.05,0.05,0.05,0.05,0.05,0.05,0.05,0.1,"0.1, 0.02",0.05,0.1,0.05,0.05,0.05,0.3,0.05,0.05,0.1,0.05,0.05,0.1,0.05,0.05,0.05,0.05,0.05,0.1,0.1,,0.05,0.05,0.05,0.05,0.05,0.01,0.1,0.05,0.01,0.05,0.05,0.01,0.1,0.1,0.05,0.01,0.02,0.1,0.05,0.05,0.1,0.02,0.1,0.05,0.1,0.05,0.05,0.05,0.05,0.05,0.05,0.05,0.05,0.05,0.05,0.1,0.05,0.05,0.1,0.05,0.05,0.02,0.05,0.05,0.05,0.05,0.05,0.1,0.1,0.005,0.05,0.1,0.05,0.05,0.05,0.1,0.05,0.05,0.05,0.05,0.05,0.05,0.1,,0.05,0.1,0.05,0.05,0.05,5.0,0.02,0.05,0.05,0.1,0.05,0.05,0.05,0.05,0.05,0.05,0.05,0.05,0.05,0.05,0.05,0.1,0.05,0.05,0.05,0.05,0.05,400.0,0.05,0.05,1.0,0.1,0.1,0.05,0.1,0.02,0.05,0.1,0.02,0.01,0.01,0.05,0.05,,0.1,0.05,0.1,0.01,,0.05,0.05,0.05,0.1,0.1,0.05,0.05,0.05,0.05,0.05,0.05,0.05,0.01,0.05,0.01,0.05,0.1,0.05,0.05,0.01,0.1,0.01,0.05,0.05,0.1,0.02,0.5,0.05,0.05,0.05,0.1,0.05,0.05,0.1,0.05,0.05,0.02,0.05,0.05,0.1,0.05,0.1,0.05,0.1,0.1,0.05,0.05,0.1,0.1,0.1,0.05,0.1,0.1,0.05,0.05,0.05,0.05,0.05,0.1,0.05,0.02,0.1,0.05,0.05,0.05,0.05,0.05,0.05,0.05,0.3,0.02,0.05,0.05,0.05,0.05,0.05,0.05,0.02,0.05,0.05,0.05,0.05,0.05,0.05,0.05,0.01,0.05,0.1,0.05,0.05,0.1,0.05,0.05,0.05,0.05,0.1,0.05,0.01,0.05,0.05,,0.05,0.05,0.05,0.1,0.02,0.02,20.0,0.02,0.01,0.01,0.05,0.05,0.05,0.05,0.05,0.05,0.15,0.05,0.05,0.05,0.05,0.1,0.05,0.05,0.05,0.05,0.05,0.1,0.05,0.01,0.1,0.05,0.05,0.05,0.05,0.05,0.1,0.1,0.1,0.02,0.05,0.5,0.05,0.05,0.05,0.05,0.05,0.05,0.05,0.05,0.05,0.1,0.05,0.05,0.1,0.05,0.01,0.05,0.05,0.02,0.03,0.05,0.05,0.05,0.05,0.15,0.01,0.05,0.1,0.1,0.05,0.02,0.1,0.05,,0.1,0.05,0.05,0.05,0.1,0.1,0.1,0.02,0.05,0.05,0.05,0.05,0.05,0.05,0.1,0.1,0.01,0.05,0.05,0.05,0.05,0.05,0.05,0.05,0.05,0.05,0.05,0.1,0.05,0.05,0.1,0.02,40.0,0.05,0.1,0.05,0.05,0.05,0.02,0.005,0.05,0.05,0.05,0.05,0.05,0.05,0.05,,0.1,0.05,0.05,0.05,0.05,0.05,0.05,0.02,0.05,0.05,0.05,0.01,0.05,0.05,0.2,0.05
417,Fruit spices,Fruit spices,0.02,0.02,0.02,0.05,0.05,0.1,,0.05,0.05,0.1,0.05,0.01,0.01,0.05,0.05,0.1,0.05,0.05,0.05,0.2,0.05,,0.05,0.05,,0.05,0.05,0.05,0.1,0.05,0.05,0.05,0.05,0.1,0.05,0.05,0.02,0.1,0.1,0.1,0.01,0.05,0.05,0.5,0.05,0.3,0.05,0.05,0.05,0.1,0.05,0.1,0.05,0.1,0.05,,0.05,0.05,0.03,0.05,0.05,0.05,0.05,0.01,0.9,0.01,"50.0, 400.0",0.05,0.05,0.05,0.05,0.05,0.05,0.05,0.05,0.05,0.01,0.05,0.1,0.1,0.8,0.1,0.05,0.05,0.01,,0.1,0.1,0.02,,0.05,0.07,0.1,0.05,0.02,0.02,0.05,0.1,0.05,0.1,0.05,0.1,0.025,0.05,0.05,0.05,0.05,0.05,0.01,0.01,0.05,0.05,0.05,0.05,0.05,0.1,0.1,0.1,0.05,0.05,0.5,0.05,40.0,,0.01,0.05,0.05,0.1,0.05,0.1,0.05,0.05,0.03,0.1,0.1,,0.05,0.1,0.1,1.0,0.05,0.1,0.1,0.02,0.05,0.05,0.05,0.05,0.1,0.05,0.05,0.1,"0.02, 0.1",0.05,0.1,0.05,0.05,0.05,0.3,0.05,0.05,0.1,0.05,0.05,0.1,0.05,,0.05,0.05,0.05,0.1,0.1,,0.05,0.05,0.05,0.05,0.05,0.01,,0.05,0.01,0.05,0.05,0.01,5.0,0.1,0.05,0.01,0.02,0.1,5.0,0.05,0.1,0.02,0.1,0.05,0.1,0.05,0.05,0.05,0.05,0.05,0.05,0.05,0.05,0.05,0.05,0.1,0.05,1.0,0.1,0.05,0.05,0.02,0.05,0.05,0.05,0.05,0.05,0.1,0.1,0.005,0.05,0.1,0.05,0.05,0.03,0.1,0.05,0.05,0.05,0.05,0.05,0.05,0.1,,0.05,0.1,0.05,0.05,0.05,5.0,0.02,0.05,0.05,0.1,0.05,0.05,0.05,0.05,0.05,0.05,0.05,0.05,0.05,0.05,0.05,0.1,0.05,0.05,0.05,0.05,0.05,400.0,0.05,0.05,1.0,0.1,0.1,0.05,0.1,0.02,0.05,0.1,0.02,0.01,0.01,0.05,0.05,,0.1,0.05,0.1,0.01,,0.05,0.05,0.05,0.1,0.1,0.05,0.05,0.05,0.05,0.05,0.05,0.05,0.01,0.05,0.01,0.05,0.1,0.05,0.05,,0.1,0.01,0.05,0.05,0.1,0.02,0.5,0.05,0.05,0.05,0.1,0.05,0.05,0.1,0.05,0.05,0.02,0.05,0.05,0.1,,0.1,0.05,0.1,0.1,0.05,0.05,0.1,0.1,0.1,0.05,0.1,0.1,0.05,0.05,0.05,0.05,0.05,0.1,0.05,0.02,0.1,0.05,0.05,0.05,0.05,0.05,0.05,0.05,0.3,0.02,0.05,0.05,0.05,0.05,0.05,0.05,0.02,0.05,0.05,0.05,0.05,0.05,0.05,0.05,0.01,0.05,0.1,5.0,0.05,0.1,0.05,0.05,0.05,0.05,0.1,0.05,0.01,0.05,0.05,,0.1,2.0,0.05,0.1,0.02,0.02,300.0,0.02,0.01,0.01,0.05,0.05,0.05,0.05,0.5,0.05,0.15,0.05,,0.05,0.05,0.1,0.05,0.05,0.05,0.05,0.05,0.1,0.05,0.01,0.1,0.05,0.05,0.3,0.05,0.05,0.1,0.1,0.1,0.02,0.05,0.5,0.05,0.05,0.15,0.05,0.05,0.05,0.05,0.05,0.05,0.1,0.05,0.05,0.1,,0.01,0.05,0.05,0.02,0.03,0.05,0.05,0.05,0.05,0.15,0.01,0.05,0.1,0.1,0.05,,0.1,0.05,,0.1,0.05,0.05,0.05,0.1,0.1,0.1,0.02,,0.05,0.05,0.05,0.05,0.05,0.1,0.1,0.01,0.05,0.05,0.05,0.05,0.05,0.05,0.05,0.05,0.05,0.05,0.1,0.05,0.05,0.1,0.02,40.0,0.05,0.1,0.05,0.05,0.05,,0.005,0.05,0.05,0.05,0.05,0.05,0.05,0.05,,0.1,0.05,0.05,0.05,0.05,0.05,0.05,0.02,0.05,0.05,0.05,0.01,0.05,0.05,0.2,0.05
1122,VEGETABLES,Fruiting vegetables,0.01,0.01,0.01,0.01,0.05,0.06,,0.01,0.01,0.05,0.01,0.01,,0.01,0.01,0.1,0.01,0.01,,0.01,,,0.01,,,0.01,0.01,0.02,,,0.01,0.01,,0.05,0.01,0.01,0.01,0.01,0.05,0.05,1.0,0.01,0.02,0.01,0.01,,0.01,0.02,,0.02,0.01,,,0.1,,,0.01,0.01,,0.01,0.01,0.01,0.01,0.01,,0.01,30.0,0.01,0.01,0.01,0.01,,,0.01,0.01,0.01,0.01,0.01,0.02,,0.01,,0.01,,0.01,,0.03,0.02,0.01,,,,0.01,0.01,0.01,0.02,0.01,0.01,0.01,0.03,0.01,0.02,0.005,0.01,0.01,0.01,0.01,0.01,0.01,0.01,0.01,0.01,0.01,0.01,0.01,0.05,,0.02,,0.01,0.5,0.01,,,0.01,,,0.05,0.01,,,,,0.02,,,0.05,,0.01,0.05,0.01,0.05,0.06,,,0.01,0.01,0.01,,,0.01,0.02,0.01,0.01,,0.05,0.01,0.01,,0.01,0.01,,0.01,0.01,0.05,0.01,,0.01,0.01,0.01,,0.02,,0.01,0.01,0.05,0.01,,,,0.01,0.01,0.01,0.01,,0.05,0.01,0.01,0.01,0.01,,0.01,,0.03,0.01,0.05,0.01,0.02,,0.01,0.01,,0.01,0.01,,,0.01,0.01,0.01,,0.01,0.1,0.01,0.01,,0.01,0.01,,,0.01,0.02,,0.005,0.01,,0.01,0.01,,,,0.01,0.01,,0.05,0.01,0.02,,0.01,0.02,0.01,,,0.2,0.01,0.01,,0.02,0.01,0.01,0.01,0.01,0.01,0.01,,0.01,,,,,0.01,0.01,0.01,,0.01,,0.02,0.01,1.0,,,0.05,0.02,0.01,0.01,0.01,0.01,0.01,0.01,0.01,,,0.02,,0.05,0.01,,0.01,0.01,,0.1,0.1,0.01,0.01,0.01,0.01,0.01,,,0.01,0.01,,,0.02,,0.01,,0.1,0.01,0.01,,0.05,0.02,0.2,0.01,,0.01,0.05,,,0.02,0.01,,0.01,0.01,0.01,,,,0.01,0.02,,0.01,0.01,0.01,0.02,0.03,,0.02,0.01,,,0.01,0.01,,0.1,0.01,0.01,0.02,0.01,0.01,0.01,0.01,,0.01,0.01,0.01,0.01,0.01,0.01,0.01,0.01,0.01,0.01,0.01,,0.01,,0.01,0.01,0.01,0.01,0.01,0.02,0.05,0.01,,0.02,0.05,0.01,0.01,,0.05,0.01,0.01,0.01,0.02,,0.01,0.01,,0.05,0.01,0.01,,0.01,0.01,0.01,0.01,0.01,0.02,,0.01,0.01,0.03,0.01,,0.01,0.01,0.02,,0.01,0.01,0.01,0.01,0.05,0.01,0.005,0.02,,,0.01,0.01,,0.02,,0.02,0.01,0.01,1.0,,,0.05,,,,0.01,0.01,0.01,0.1,0.01,,0.02,,0.01,0.01,0.01,0.01,0.03,0.01,0.01,0.01,0.01,0.03,0.01,0.01,,,,,,0.01,,,0.01,,0.01,0.03,0.02,0.02,0.01,,,,0.01,,0.01,,0.1,0.01,0.01,,0.01,0.01,0.01,0.01,0.01,0.01,0.01,0.01,,0.05,0.01,0.02,0.005,,0.01,0.1,0.01,0.01,0.01,0.01,0.001,0.01,0.01,0.01,0.01,0.01,,,,0.02,0.01,0.01,0.01,0.01,0.05,0.01,0.01,0.01,,0.01,0.01,0.01,0.01,0.1,
437,"Fungi, mosses and lichens","Fungi, mosses and lichens",0.01,0.01,0.01,0.01,0.05,0.06,,0.01,0.01,0.05,0.01,0.01,0.01,0.01,0.01,0.1,0.01,0.01,0.01,0.01,0.01,0.01,0.01,0.01,0.01,0.01,0.01,0.02,0.01,0.01,0.01,0.01,0.01,0.05,0.01,0.01,0.01,0.01,0.05,0.05,1.0,0.01,0.02,0.01,0.01,0.01,0.01,0.02,0.01,0.02,0.01,0.03,0.01,0.1,0.01,,0.01,0.01,0.01,0.01,0.01,0.01,0.01,0.01,0.01,0.01,30.0,0.01,0.01,0.01,0.01,0.05,0.01,0.01,0.01,0.01,0.01,0.01,0.02,0.03,0.01,,0.01,0.01,0.01,,0.03,0.02,0.01,,0.01,,0.01,0.01,0.01,,0.01,0.01,0.01,0.03,,0.02,0.005,0.01,0.01,0.01,0.01,0.01,0.01,0.01,0.01,0.01,0.01,0.01,0.01,0.05,0.1,0.02,0.02,0.01,0.5,0.01,20.0,,0.01,0.01,0.01,0.05,0.01,0.09,0.01,0.01,0.01,0.02,0.01,,0.05,0.02,0.01,0.05,0.01,0.05,0.06,0.02,,0.01,0.01,0.01,0.01,0.05,0.01,0.02,0.01,0.01,0.02,0.05,0.01,0.01,0.05,0.01,0.01,0.02,0.01,0.01,0.05,0.01,0.01,0.01,0.01,0.01,0.02,0.02,,0.01,0.01,0.05,0.01,0.01,0.01,0.05,0.01,0.01,0.01,0.01,0.002,0.05,0.01,0.01,0.01,0.01,0.05,0.01,0.01,0.03,0.01,0.05,0.01,0.02,0.01,0.01,0.01,0.01,0.01,0.01,0.02,0.01,0.01,0.01,0.01,0.01,0.01,0.1,0.01,0.01,0.01,0.01,0.01,0.01,0.01,0.01,0.02,0.02,0.005,0.01,0.03,0.01,0.01,0.01,0.01,0.01,0.01,0.01,0.01,0.05,0.01,0.02,,0.01,0.02,0.01,0.01,0.01,0.2,0.01,0.01,0.01,0.02,0.01,0.01,0.01,0.01,0.01,0.01,0.01,0.01,0.01,0.01,,0.03,0.01,0.01,0.01,0.01,0.01,2.0,0.02,0.01,1.0,0.03,,0.05,0.02,0.01,0.01,0.01,0.01,0.01,0.01,0.01,0.01,,0.02,0.01,0.05,0.01,,0.01,0.01,0.01,0.1,0.1,0.01,0.01,0.01,0.01,0.01,0.01,0.01,0.01,0.01,0.01,0.01,0.02,0.01,0.01,,0.1,0.01,0.01,0.01,0.05,0.02,0.2,0.01,0.01,0.01,0.05,0.01,0.01,,0.01,0.01,,0.01,0.01,0.02,0.01,0.05,0.01,0.02,0.02,0.01,0.01,0.01,0.02,0.03,0.01,0.02,0.01,0.01,0.01,0.01,0.01,,0.1,0.01,0.01,0.02,0.01,0.01,0.01,0.01,0.01,0.01,0.01,,0.01,0.01,0.01,0.01,0.01,0.01,0.01,0.01,0.001,0.01,0.01,0.01,0.01,0.01,0.01,0.01,0.02,0.05,0.01,0.01,0.02,0.05,0.01,0.01,0.01,0.05,0.01,0.01,0.01,0.02,,0.01,0.01,0.01,0.05,0.01,0.01,1.5,0.01,0.01,0.01,0.01,0.01,0.02,0.01,0.01,0.01,0.03,0.01,0.01,0.01,0.01,0.02,0.01,0.01,0.01,0.01,0.01,0.05,0.01,0.005,0.02,0.01,0.01,0.01,0.01,0.01,0.02,0.02,0.02,0.01,0.01,1.0,0.01,0.01,0.05,0.01,0.01,0.01,0.01,0.01,0.01,0.1,0.01,0.02,0.02,0.01,0.01,0.01,0.01,0.01,0.03,0.01,0.01,0.01,0.01,0.03,0.01,0.01,0.02,0.02,0.02,0.02,0.02,0.01,,0.01,0.01,0.01,0.01,0.03,0.02,0.02,0.01,0.02,0.01,0.01,0.01,0.01,0.01,0.02,0.1,0.01,0.01,0.01,0.01,0.01,0.01,0.01,0.01,0.01,0.01,0.01,0.1,0.05,0.01,0.02,0.005,20.0,0.01,0.1,0.01,0.01,0.01,0.01,0.001,0.01,0.01,0.01,0.01,0.01,0.01,0.01,,0.02,0.01,0.01,0.01,0.01,,0.01,0.01,0.01,0.01,0.01,0.01,0.01,0.01,0.1,0.01
442,GARLIC,Garlic,0.01,0.01,0.01,0.01,0.05,0.06,,0.01,0.01,0.05,0.01,0.01,0.01,0.01,0.01,0.1,0.01,0.01,0.01,0.02,0.01,0.02,0.01,0.15,0.02,0.01,0.02,0.05,0.01,1.5,0.01,0.01,0.01,0.05,0.01,0.02,0.01,0.01,0.05,0.05,1.0,0.01,0.02,0.01,0.02,10.0,0.01,0.02,0.02,0.02,0.01,0.06,0.02,0.1,0.02,,0.01,0.01,0.01,0.01,0.01,0.01,0.01,0.01,5.0,0.01,30.0,0.01,0.01,0.01,0.01,0.05,0.01,0.01,0.01,0.02,0.01,0.01,0.05,0.03,0.02,0.1,0.01,0.002,0.01,,0.03,0.02,0.01,,0.01,0.7,0.01,0.01,0.01,0.02,0.02,0.01,0.01,0.03,0.01,0.02,0.005,0.01,0.01,0.01,0.01,0.01,0.01,0.01,0.01,0.02,0.02,0.01,0.01,0.05,0.5,0.02,0.02,0.01,0.5,0.01,5.0,,0.01,0.05,1.5,0.05,0.01,1.5,0.01,0.01,0.01,0.02,0.01,0.1,0.05,0.07,0.01,0.05,0.01,0.05,0.06,0.02,0.06,0.01,0.01,0.01,0.02,0.05,0.01,0.02,0.01,0.01,0.05,0.05,0.01,0.01,0.5,0.01,0.01,0.15,0.01,0.01,0.1,0.01,0.6,0.01,0.01,0.01,0.02,0.02,,0.01,0.01,0.05,0.01,0.02,0.01,0.6,0.01,0.01,0.01,0.02,0.002,0.1,0.01,0.01,0.01,0.01,0.05,0.02,0.01,0.03,0.01,0.05,0.01,0.02,0.01,0.01,0.01,0.01,0.01,0.01,0.02,0.01,0.01,0.01,0.01,3.0,0.02,0.1,0.01,0.01,0.01,0.01,0.01,0.01,0.01,0.02,0.02,0.02,0.005,0.01,0.03,0.01,0.01,0.3,0.06,0.01,0.01,0.01,0.5,0.05,0.01,0.05,,0.01,0.02,0.01,0.3,0.07,0.2,0.01,0.04,0.01,0.02,0.01,0.01,0.05,0.01,0.01,0.01,0.01,0.01,0.01,0.01,0.2,0.03,0.02,0.01,0.01,0.01,0.01,30.0,0.02,0.01,1.0,0.03,0.1,0.05,0.02,0.01,0.01,0.01,0.01,0.01,0.01,0.02,0.01,,0.02,0.01,0.05,0.01,,0.01,0.01,0.01,0.1,0.1,0.01,0.01,0.01,0.01,0.01,0.01,0.01,0.01,0.01,0.01,0.01,0.02,0.3,0.02,0.2,0.1,0.01,0.01,0.01,0.05,0.02,40.0,0.01,0.01,0.01,0.05,0.2,0.01,0.02,0.02,0.01,0.01,0.01,0.01,0.02,0.02,0.05,0.01,0.06,0.02,0.02,0.01,0.02,0.05,0.03,0.01,0.05,0.01,0.01,0.01,0.01,0.01,0.01,0.1,0.01,0.01,0.02,0.01,0.02,0.01,0.02,0.06,0.01,0.01,0.01,0.01,0.01,0.01,0.01,0.01,0.01,0.01,0.01,0.001,0.01,0.04,0.02,0.02,0.01,0.01,0.01,0.02,0.05,0.02,0.01,0.02,0.05,0.01,0.01,0.8,0.05,0.01,0.01,0.01,0.02,,0.02,0.01,0.01,0.05,0.01,0.01,20.0,0.01,0.01,0.01,0.01,0.01,0.02,0.1,0.01,0.01,0.03,0.02,0.02,0.01,0.01,0.05,2.0,0.01,0.01,0.01,0.01,0.05,0.01,0.005,0.02,0.01,0.01,0.01,0.01,0.01,0.02,0.3,0.02,0.01,0.01,1.0,0.01,0.01,0.05,0.03,0.01,0.01,0.01,0.01,0.02,0.1,0.01,0.02,0.05,0.04,0.01,0.01,0.01,0.01,0.03,0.01,0.01,0.02,0.01,0.03,0.01,0.01,0.02,0.07,0.02,0.02,0.3,0.01,,0.01,0.01,0.01,0.01,0.03,0.02,0.02,0.01,0.1,0.01,0.01,0.01,0.01,0.07,0.02,0.1,0.01,0.01,0.01,0.02,0.01,0.01,0.01,0.01,0.01,0.01,0.01,0.1,0.05,0.01,0.02,0.005,5.0,0.01,0.1,0.01,0.01,0.01,0.01,0.001,0.01,0.02,0.01,0.01,0.02,0.01,0.01,,0.02,0.01,0.01,0.01,0.02,0.05,0.01,0.01,0.01,0.01,0.01,0.01,0.01,0.01,0.1,0.7
443,Geese,Geese,0.01,,0.1,0.02,0.4,0.06,0.01,0.01,0.01,0.01,0.05,0.01,0.01,0.01,0.01,0.1,0.01,0.01,0.01,0.02,0.01,0.02,0.01,0.02,0.01,0.01,0.01,0.01,0.02,0.03,0.01,0.01,0.01,0.01,0.05,0.01,0.01,0.01,0.02,,0.01,0.02,0.01,0.01,0.01,0.01,0.01,0.01,0.02,0.02,0.01,0.02,0.01,0.1,0.01,0.01,0.02,0.01,0.01,0.01,0.01,0.01,0.05,0.01,0.01,0.01,0.05,0.01,0.01,0.05,0.02,0.05,0.01,0.01,0.01,0.01,0.01,0.01,0.01,0.03,0.05,0.05,0.01,0.01,0.01,,0.03,0.01,,,0.2,0.05,0.05,0.01,0.005,0.02,,0.05,0.01,0.1,0.15,0.1,0.01,0.01,0.02,0.02,0.05,0.05,0.01,0.01,0.01,0.01,0.01,0.01,0.01,0.1,0.05,0.02,0.02,0.01,0.05,0.01,2.0,,0.01,0.3,0.01,0.01,0.01,0.15,0.02,0.01,0.01,0.01,0.01,0.05,0.05,0.02,0.05,0.05,0.02,,0.06,,0.02,0.01,0.01,0.01,0.02,0.05,0.01,0.02,,0.01,0.05,0.1,0.01,0.01,0.05,0.01,0.02,0.1,0.01,0.01,,0.01,0.01,0.01,0.02,0.01,0.05,0.02,0.02,0.01,0.01,0.05,0.05,0.01,0.01,0.05,0.01,0.01,0.01,0.02,0.01,0.05,0.005,0.01,0.01,0.01,0.05,0.01,0.01,0.03,0.01,0.05,0.01,0.02,0.015,0.01,0.01,0.01,0.01,0.01,0.02,0.01,0.05,0.02,,0.05,0.01,0.05,0.01,0.01,,0.02,0.01,0.01,0.01,0.01,0.02,0.02,0.005,0.01,0.15,0.01,0.01,0.02,0.01,0.01,0.01,0.01,0.02,0.05,0.01,0.02,,0.01,0.02,0.005,0.01,0.15,0.2,,0.05,0.01,0.02,0.01,0.05,0.01,0.01,0.01,0.02,0.01,0.05,0.01,0.01,0.02,0.05,0.01,0.01,0.01,0.01,0.01,0.7,,0.01,1.0,0.05,0.05,0.05,0.02,,0.01,0.02,0.01,0.01,0.01,,0.01,,0.02,0.01,0.01,0.01,0.01,0.01,0.02,0.01,0.1,0.1,0.01,0.02,0.01,0.01,0.01,0.05,0.01,0.01,0.01,0.01,0.01,0.02,0.05,0.01,0.02,0.1,0.01,0.01,0.02,0.05,0.02,0.1,0.01,0.01,0.01,,0.015,0.01,0.07,,0.01,0.01,0.02,0.01,0.02,0.01,0.01,0.01,0.05,0.02,0.05,0.01,0.01,0.02,0.03,0.01,0.05,0.01,0.01,0.01,0.01,0.01,0.01,0.1,0.01,,0.02,0.01,,0.01,0.01,0.01,0.01,0.02,0.05,0.01,0.01,0.01,0.01,0.01,0.01,0.01,0.01,0.005,0.01,0.01,0.01,0.01,0.01,0.01,0.01,,0.05,0.01,0.05,0.01,0.01,0.01,0.01,0.01,,0.01,0.01,0.05,0.05,,0.05,0.01,0.01,0.05,,0.01,0.5,0.02,0.01,0.01,0.02,0.01,,0.01,0.01,0.01,0.03,0.01,0.02,0.01,0.01,0.02,0.05,0.01,0.01,0.01,0.01,0.01,0.01,0.01,0.05,0.01,0.02,0.01,0.02,0.01,0.01,0.05,0.02,0.01,0.01,0.05,0.01,0.01,0.05,0.01,0.01,0.01,0.01,0.01,,0.02,0.02,0.02,0.01,0.01,0.01,0.02,0.02,0.01,0.01,0.01,0.01,0.01,0.01,0.03,0.01,0.01,0.02,0.2,0.02,0.01,0.01,0.05,,0.01,0.02,0.1,0.01,0.02,0.01,0.02,,0.1,0.02,0.01,0.01,0.01,0.05,0.01,0.1,0.01,0.01,0.05,0.05,0.01,0.02,0.01,0.01,0.01,0.01,0.01,0.05,0.01,0.01,0.05,0.01,2.0,0.01,0.05,0.01,0.01,0.01,0.01,0.01,0.01,0.01,0.01,0.01,0.01,0.04,0.04,0.01,0.01,0.01,0.01,0.01,0.01,0.01,0.01,0.01,0.01,0.03,0.01,0.01,0.01,0.01,,0.01
444,Gherkins,Gherkins,0.01,0.01,0.01,0.01,0.05,0.06,,0.01,0.01,0.05,0.01,0.01,0.01,0.01,0.01,0.1,0.01,0.01,0.04,0.01,0.04,0.6,0.01,0.4,0.01,0.01,0.01,0.02,"0.01, 0.02",3.0,0.01,0.01,0.01,0.05,0.01,0.01,0.01,0.01,0.05,0.05,1.0,0.01,0.02,0.01,0.01,1.0,0.01,0.02,0.01,0.02,0.01,0.03,0.01,0.1,0.08,,0.01,0.01,0.01,0.01,0.01,0.01,0.01,0.01,4.0,0.01,30.0,0.01,0.01,0.01,0.01,1.0,2.0,0.01,0.01,0.01,0.01,0.01,0.02,0.03,0.01,0.1,0.01,0.002,0.01,,0.03,0.02,0.01,,0.3,0.2,0.01,0.01,0.01,0.02,0.01,0.01,0.01,0.03,0.01,0.02,0.005,0.01,0.01,0.01,0.01,0.01,0.01,0.01,0.01,0.01,0.01,0.01,0.01,0.05,0.5,0.02,0.2,0.01,0.5,0.01,5.0,,0.01,0.4,0.2,0.05,0.01,0.09,0.05,0.4,0.01,0.02,0.08,0.2,0.05,0.5,0.01,0.05,0.01,0.05,0.06,0.1,0.2,0.01,0.01,0.01,0.01,0.05,0.01,0.02,0.01,0.01,0.02,0.05,0.01,0.01,0.3,0.01,0.01,0.7,0.01,0.01,0.05,0.01,0.5,0.01,0.01,0.01,0.05,0.02,,0.01,0.01,0.05,0.01,0.01,0.01,2.0,0.01,0.01,0.01,0.01,0.007,0.05,0.01,0.01,0.01,0.01,0.05,0.01,0.05,0.03,0.01,0.05,0.01,0.02,0.01,0.01,0.01,0.01,0.01,0.01,0.2,0.01,0.01,0.01,0.01,1.0,0.01,0.1,0.01,0.01,0.01,0.01,0.01,0.7,0.08,0.01,0.02,0.02,0.005,0.01,0.5,0.01,0.01,0.03,0.01,0.2,0.01,0.01,0.4,0.05,0.01,0.02,,0.01,0.02,0.01,0.5,0.6,0.2,0.01,0.01,0.6,0.02,0.01,0.01,0.01,0.01,0.01,0.01,0.01,0.01,0.15,0.02,0.2,0.03,0.01,0.01,0.01,0.3,0.01,75.0,0.02,0.01,1.0,0.1,0.1,0.05,0.02,0.01,0.01,0.01,0.01,0.01,0.01,0.01,0.05,,0.02,0.5,0.05,0.01,,0.01,0.01,0.4,0.1,0.1,0.01,0.01,0.01,0.01,0.01,0.1,1.0,0.01,0.01,0.4,0.05,0.02,0.5,0.01,0.15,0.1,0.01,0.01,0.15,0.05,0.02,0.2,0.01,0.2,0.01,0.05,0.3,0.01,0.02,0.01,0.01,0.01,0.01,0.01,0.4,0.01,0.05,0.01,0.02,0.02,0.01,0.01,0.01,0.02,0.03,0.1,0.02,0.01,0.3,0.6,0.01,0.01,0.5,0.1,0.01,0.01,0.02,0.01,0.01,0.01,0.01,0.2,0.01,0.01,0.01,0.01,0.01,0.01,0.01,0.01,0.01,0.01,0.01,0.001,0.01,0.2,0.01,0.01,0.01,0.01,0.01,0.02,0.05,0.01,0.06,0.02,0.05,0.01,0.01,0.7,0.05,0.01,0.01,0.01,0.02,,0.01,0.01,0.01,0.05,0.01,0.01,80.0,0.01,0.01,0.01,0.01,0.01,0.02,1.0,0.01,0.01,0.03,0.01,0.01,0.01,0.01,0.02,5.0,0.01,0.01,0.01,0.01,0.05,0.01,0.005,0.02,0.01,0.05,0.01,0.01,0.01,0.02,0.5,0.02,0.01,0.01,1.0,0.15,0.01,0.05,0.8,0.2,0.04,0.01,0.01,0.01,0.1,0.01,0.02,0.02,0.01,0.01,0.01,0.01,0.01,0.03,0.01,0.01,0.01,0.01,0.03,0.01,0.01,0.06,0.3,0.1,0.3,0.2,0.01,,0.01,0.01,0.5,0.01,0.03,0.02,0.02,0.01,0.02,0.01,0.5,0.01,1.5,0.01,0.02,0.1,0.01,0.01,0.15,0.01,0.01,0.01,0.01,0.01,0.01,0.01,0.01,0.1,0.05,0.01,0.02,0.005,5.0,0.01,0.1,0.01,0.01,0.01,0.01,0.001,0.01,0.01,0.01,0.01,0.01,0.3,0.3,,0.02,0.01,0.01,0.01,0.01,0.05,0.01,0.01,0.01,0.01,0.01,0.01,0.01,0.01,0.1,2.0
448,Ginseng,Ginseng,0.1,0.02,0.02,0.05,0.05,0.1,,0.05,0.05,0.1,0.05,0.01,0.01,0.05,0.05,0.1,0.05,0.05,0.05,0.05,0.05,0.05,0.05,0.05,0.05,0.05,0.05,0.05,0.02,0.05,0.05,0.05,0.05,0.1,0.05,0.05,0.02,0.1,0.1,0.1,0.01,0.05,0.05,0.05,0.05,0.3,0.05,0.05,0.05,0.1,0.05,0.1,0.05,0.1,0.3,,0.05,0.05,0.1,0.05,0.05,0.05,0.9,0.01,3.0,0.01,"50.0, 70.0",0.05,0.05,0.05,0.05,0.05,0.05,0.05,0.05,0.05,0.01,0.05,0.1,0.1,0.05,0.1,0.05,0.05,0.01,,0.1,0.1,0.02,,0.05,0.05,0.1,0.05,0.02,0.02,0.05,0.1,0.05,0.1,0.05,0.1,0.025,0.05,0.05,0.05,0.05,0.05,0.01,0.01,0.05,0.05,0.05,0.05,0.05,0.1,0.1,0.1,0.05,0.05,5.0,0.05,100.0,,0.01,0.2,0.05,0.1,0.05,9.0,0.05,0.05,0.05,0.1,0.1,0.1,0.05,3.0,0.1,0.5,0.05,0.1,0.1,0.02,0.3,0.05,0.05,0.05,0.05,0.05,0.05,0.1,0.02,0.05,0.1,0.05,0.05,0.05,20.0,0.05,0.05,0.1,0.05,0.05,0.1,0.05,0.05,0.05,0.05,0.05,0.1,0.1,,0.05,0.05,0.05,0.05,0.05,0.01,1.5,0.05,0.01,0.05,0.05,0.01,0.1,0.1,0.05,0.01,0.02,0.1,0.05,0.05,0.1,0.02,0.1,0.05,0.1,0.05,0.05,0.05,0.05,0.05,0.05,0.05,0.05,0.05,0.05,0.1,0.05,0.05,0.1,0.05,0.05,0.02,0.05,0.05,0.05,0.05,0.05,0.1,0.1,0.005,0.05,0.1,0.05,0.05,4.0,3.0,0.05,0.05,0.05,4.0,0.05,0.05,0.1,,0.05,0.1,0.05,7.0,1.0,10.0,0.02,0.05,0.05,0.1,0.05,0.05,0.05,0.05,0.05,0.05,0.05,0.05,0.05,0.05,2.0,0.1,0.05,0.05,0.05,0.05,0.05,500.0,0.05,0.05,1.0,0.1,2.0,0.05,0.1,0.02,0.05,0.1,0.02,0.01,0.01,0.05,0.05,,0.1,0.05,0.1,0.01,,0.05,0.05,0.05,0.1,0.1,0.05,0.05,0.05,0.05,0.05,0.05,0.05,0.01,0.05,0.01,0.05,0.1,0.05,0.05,0.01,0.1,0.01,0.05,0.05,0.1,0.02,0.5,0.05,0.05,0.05,0.1,0.5,0.05,0.1,0.05,0.05,0.02,0.05,0.05,0.1,0.06,0.1,0.05,0.1,0.1,0.05,0.05,0.05,0.1,0.1,0.05,0.1,0.1,0.05,0.05,0.05,0.05,0.05,0.1,0.05,0.02,0.1,0.05,0.05,0.05,0.05,0.05,0.05,0.05,0.3,0.02,0.05,0.05,0.05,0.05,0.05,0.05,0.02,0.05,0.05,0.15,0.05,0.05,0.05,0.05,0.01,0.05,0.1,0.05,0.05,0.1,0.5,0.05,0.05,0.05,0.1,0.05,0.01,0.05,0.05,,0.05,0.05,0.05,0.1,0.02,0.02,20.0,0.1,0.01,0.01,0.05,0.05,0.05,0.05,0.05,0.05,0.15,0.05,0.05,0.05,0.05,0.1,0.05,0.05,0.05,0.05,0.05,0.1,0.05,0.01,0.1,0.05,0.05,0.05,0.05,0.05,0.1,0.1,0.1,0.02,0.05,0.5,0.05,0.05,0.05,1.5,0.05,0.05,0.05,0.05,0.05,0.1,0.05,0.05,0.1,0.05,0.01,0.05,0.05,0.02,0.03,0.05,0.05,0.05,0.05,0.15,0.01,0.05,0.1,0.1,0.05,0.02,0.1,0.05,,0.1,0.05,0.05,0.05,0.1,0.1,0.1,0.02,0.15,0.05,0.05,0.05,0.05,0.05,0.1,0.1,0.01,0.05,0.05,0.05,0.05,0.05,0.05,0.05,0.05,0.05,0.05,0.1,0.05,0.05,0.1,0.02,100.0,0.05,0.1,0.05,0.05,0.05,0.02,0.005,0.05,0.05,0.05,0.05,0.05,0.05,0.05,,0.1,0.05,0.05,0.05,0.05,0.05,0.05,0.02,0.05,0.05,0.05,0.01,0.05,0.05,0.2,0.01
57,ARTICHOKE,Globe artichokes,0.01,0.01,0.01,0.01,0.05,0.06,,0.01,0.01,0.05,0.01,0.01,0.01,0.01,0.01,0.1,0.01,0.01,0.01,0.01,0.01,0.7,0.01,0.01,0.02,0.01,0.01,0.02,0.01,0.01,0.01,0.01,0.01,0.05,0.01,0.01,0.01,0.01,0.05,0.05,1.0,0.01,0.02,0.01,0.01,5.0,0.01,0.02,0.01,0.02,0.01,0.03,0.01,0.1,0.01,,0.01,0.01,0.01,0.01,0.01,0.01,0.01,0.01,5.0,0.01,30.0,0.01,0.01,0.01,0.01,0.05,0.01,0.01,0.01,0.01,0.01,0.01,0.02,0.03,0.01,0.1,0.01,0.002,0.01,,0.03,0.02,0.01,,2.0,0.25,0.01,0.01,0.01,0.02,0.01,0.01,0.01,0.03,0.01,0.02,0.005,0.01,0.01,0.01,0.01,0.01,0.01,0.01,0.01,0.01,0.01,0.01,0.01,0.05,0.5,0.02,0.02,0.01,0.5,0.01,20.0,,0.01,0.1,0.01,0.05,0.01,0.09,0.04,0.01,0.01,0.02,0.01,2.0,0.1,4.0,0.01,0.05,0.01,0.05,0.06,0.02,0.01,0.01,0.01,0.01,0.01,0.05,0.01,0.02,0.01,0.01,0.02,0.05,0.01,0.01,1.5,0.01,0.01,0.2,0.01,0.01,0.05,0.01,2.0,0.01,0.01,0.01,0.02,0.02,,0.01,0.01,0.05,0.01,0.01,0.01,0.05,0.01,0.01,0.01,0.01,0.09,0.05,0.01,0.01,0.01,0.01,0.05,0.01,0.01,0.03,0.01,0.05,0.01,0.02,0.01,0.01,0.01,0.01,0.01,0.01,0.02,0.01,0.01,0.01,0.01,0.01,0.01,0.1,0.01,0.01,0.01,0.01,0.01,0.01,0.01,0.01,0.02,0.02,0.005,0.01,0.03,0.01,0.01,0.9,0.01,0.01,0.01,0.01,0.01,0.05,0.01,0.02,,0.01,0.02,0.01,0.01,4.0,0.2,0.01,0.01,0.01,0.02,0.01,0.01,0.01,0.01,0.01,0.01,0.01,0.01,0.01,0.8,0.4,0.03,0.01,0.01,0.01,0.01,0.01,50.0,0.02,0.01,1.0,0.03,0.1,0.05,0.02,0.01,0.01,0.01,0.01,0.01,0.01,0.01,0.01,,0.02,0.01,0.05,0.01,,0.01,0.01,0.01,0.1,0.1,0.01,0.01,0.01,0.01,0.01,0.01,0.01,0.01,0.01,0.01,0.01,0.02,0.01,0.01,0.15,0.1,0.01,0.01,0.01,0.05,0.02,0.2,0.01,0.3,0.01,0.05,0.7,0.01,0.02,0.01,0.01,0.01,0.01,0.01,0.02,0.02,0.07,0.01,0.06,0.02,0.01,0.01,0.01,0.02,0.03,0.01,0.02,0.01,0.01,0.01,0.01,0.01,0.01,0.1,0.01,0.01,0.02,0.01,0.01,0.01,0.01,0.8,0.01,0.01,0.01,0.01,0.01,0.01,0.01,0.01,0.01,0.01,0.01,0.001,0.01,0.01,0.01,0.01,0.01,0.01,0.01,0.02,0.05,0.01,0.06,0.02,0.05,0.01,0.01,0.01,0.05,0.01,0.01,0.01,0.02,,0.01,0.01,0.01,0.05,0.01,0.01,100.0,0.01,0.01,0.01,0.01,0.01,0.02,5.0,0.01,0.01,0.03,0.01,0.01,0.01,0.01,0.02,0.01,0.01,0.01,0.01,0.01,0.05,0.01,0.005,0.02,0.02,0.01,0.01,0.01,0.01,0.02,3.0,0.02,0.01,0.01,1.0,0.01,0.01,0.05,0.01,0.01,0.01,0.01,0.01,0.01,0.1,0.01,0.3,0.02,0.01,0.01,0.01,0.01,0.01,0.03,0.01,0.01,0.01,0.01,0.03,0.01,0.01,0.02,0.15,0.02,0.02,1.0,0.01,,0.01,0.01,0.06,0.01,0.03,0.02,0.02,0.01,0.6,0.01,0.01,0.01,0.01,0.01,0.02,0.1,0.01,0.01,0.2,0.01,0.01,0.01,0.01,0.01,0.01,0.01,0.01,0.1,0.05,0.01,0.02,0.005,30.0,0.01,0.1,0.01,0.01,0.01,0.01,0.001,0.01,0.01,0.01,0.01,0.01,0.3,0.3,,0.02,0.01,0.01,0.01,0.01,0.05,0.01,0.01,0.01,0.01,0.01,0.01,0.01,0.01,0.1,0.01
450,Goat,Goat,0.01,,0.1,0.02,0.3,0.06,0.01,0.01,0.01,0.01,0.05,0.01,0.001,0.01,0.01,0.1,0.01,0.01,0.01,0.02,0.01,0.2,0.01,0.01,0.01,0.01,0.01,0.01,0.006,0.03,0.07,0.02,0.01,0.01,0.01,0.01,0.01,0.01,0.02,,0.01,0.01,0.01,0.01,0.01,0.01,0.01,0.01,0.02,0.02,0.01,0.03,0.01,0.1,0.01,0.02,0.02,0.01,0.2,0.01,0.01,0.01,0.2,0.01,0.02,0.01,0.05,0.01,0.01,0.01,0.01,0.05,0.01,0.01,0.01,0.01,0.01,0.01,0.01,0.03,0.05,0.05,0.01,0.001,0.01,,0.03,0.01,,,0.05,0.1,0.05,0.01,0.002,0.02,,0.05,0.01,0.1,0.5,0.1,0.01,0.01,0.01,0.02,0.05,0.05,0.01,0.01,0.01,0.01,0.01,0.01,0.01,0.05,0.05,0.02,0.05,0.01,0.05,0.01,2.0,,0.01,0.02,0.01,0.01,0.01,0.06,0.02,0.01,0.02,0.01,0.01,0.05,0.05,0.02,0.01,0.04,0.02,,0.06,,0.05,0.01,0.01,0.01,0.02,0.2,0.01,0.01,,0.01,0.1,0.1,0.01,0.01,0.005,0.01,0.01,0.03,0.01,0.01,,0.01,0.01,0.01,0.01,0.01,0.03,0.02,0.1,0.01,0.01,0.05,0.01,0.01,0.01,0.05,0.01,0.01,0.01,0.02,0.002,0.05,0.001,0.002,0.01,0.01,0.05,0.01,0.01,0.03,0.01,0.05,0.01,0.02,0.04,0.01,0.01,0.03,0.01,0.005,0.02,0.02,0.01,0.02,,0.01,0.01,0.05,0.01,0.015,,0.02,0.01,0.01,0.01,0.01,0.02,0.02,0.005,0.01,0.15,0.01,0.01,0.08,0.01,0.1,0.01,0.01,0.04,0.01,0.01,0.02,0.05,0.01,0.02,0.005,0.02,0.06,0.2,,0.02,0.15,0.02,0.01,0.05,0.06,0.01,0.01,0.02,0.01,0.05,0.01,0.02,0.02,0.05,0.01,0.01,0.01,0.01,0.01,0.5,,0.01,1.0,0.03,0.05,0.02,0.02,,0.002,0.004,0.005,0.01,0.01,,0.05,,0.01,0.02,0.01,0.01,0.01,0.01,0.02,0.01,0.1,0.1,0.01,0.02,0.01,0.01,0.01,0.01,0.01,0.01,0.01,0.01,0.01,0.02,0.02,0.01,0.02,0.1,0.01,0.01,0.15,0.05,0.02,0.07,0.01,0.01,0.01,,0.04,0.01,0.15,,0.01,0.01,0.02,0.01,0.02,0.01,0.01,0.01,0.01,0.02,0.05,0.01,0.01,0.02,0.03,0.01,0.05,0.01,0.05,0.01,0.01,0.01,0.01,0.1,0.01,,0.02,0.01,,0.01,0.01,0.01,0.01,0.02,0.01,0.01,0.02,0.01,0.01,0.01,0.01,0.01,0.01,0.01,0.01,0.01,0.01,0.01,0.01,0.01,0.01,,0.05,0.01,0.01,0.01,0.02,0.01,0.01,0.01,0.05,0.01,0.01,0.05,0.05,,0.01,0.01,0.01,0.05,,0.01,0.4,0.02,0.05,0.05,0.01,0.01,,0.05,0.01,0.01,0.03,0.01,0.01,0.01,0.01,0.02,0.01,0.01,0.01,0.01,0.01,0.01,0.01,0.01,0.02,0.01,0.02,0.01,0.02,0.01,0.01,0.01,0.02,0.01,0.01,0.05,0.01,0.01,0.05,0.05,0.01,0.01,0.01,0.01,,0.02,0.02,0.05,0.01,0.015,0.01,0.02,0.02,0.01,0.01,0.01,0.01,0.01,0.01,0.03,0.01,0.01,0.02,0.2,0.004,0.01,0.01,0.015,0.2,0.01,0.02,0.2,0.01,0.01,0.01,0.02,,0.02,0.01,0.01,0.01,0.01,0.01,0.01,0.02,0.01,0.02,0.01,0.05,0.1,0.01,0.01,0.01,0.01,0.01,0.01,0.05,0.01,0.01,0.01,0.002,2.0,0.01,0.05,0.01,0.01,0.01,0.01,0.01,0.01,0.01,0.01,0.01,0.01,0.02,0.02,0.01,0.01,0.01,0.01,0.01,0.01,0.1,0.01,0.01,0.01,0.03,0.01,0.01,0.01,0.01,,0.01
451,Gold of pleasure seeds,Gold of pleasure seeds,0.01,0.02,0.02,0.01,0.05,0.06,,0.02,0.02,0.05,0.05,0.01,0.01,0.02,0.01,0.1,0.01,0.02,0.01,0.02,0.01,0.06,0.01,0.01,0.01,0.01,0.02,0.05,0.02,0.01,0.01,0.05,0.01,0.05,0.02,0.02,0.02,0.01,0.1,0.05,0.01,0.01,0.02,0.01,0.02,0.5,0.02,0.02,0.01,0.02,0.01,0.03,0.02,0.1,0.15,,0.01,0.01,0.02,0.01,0.01,0.02,0.01,0.01,1.0,0.01,"20.0, 5.0",0.02,0.01,0.01,0.01,0.05,0.01,0.01,0.02,0.02,0.01,0.02,0.05,0.07,0.05,0.1,0.01,0.02,0.01,,0.05,0.05,0.02,,2.0,0.05,0.01,0.02,0.02,0.01,0.02,0.01,0.02,0.04,0.01,0.02,0.01,0.01,0.02,0.02,0.01,0.01,0.01,0.01,0.01,0.02,0.02,0.02,0.01,0.05,0.1,0.05,0.05,0.02,0.5,0.01,30.0,,0.01,1.5,0.02,0.05,0.01,0.09,0.01,0.01,0.01,0.05,0.01,0.05,0.4,0.02,0.01,0.05,0.02,0.1,0.1,0.02,0.01,0.01,0.01,0.02,0.02,0.05,0.01,0.02,0.01,0.01,0.05,0.05,0.01,0.01,0.05,0.01,0.01,0.05,0.02,0.01,0.1,0.01,0.02,0.01,0.01,0.02,0.05,0.05,,0.02,0.02,0.05,0.01,0.02,0.02,0.1,0.01,0.01,0.01,0.02,0.005,0.1,0.01,0.01,0.01,0.02,0.1,0.02,0.01,0.03,0.01,0.1,0.02,0.05,0.01,0.01,0.01,0.01,0.01,0.01,0.02,0.01,0.01,0.02,0.01,0.02,0.02,0.1,0.01,0.01,0.01,0.01,0.01,0.01,0.01,0.02,0.05,0.05,0.005,0.01,0.06,0.01,0.01,9.0,0.01,0.01,0.02,0.02,0.3,0.05,0.01,0.05,,0.01,0.05,0.01,0.01,0.01,2.0,0.01,0.05,0.01,0.02,0.01,0.01,0.01,0.02,0.01,0.01,0.01,0.01,0.02,0.02,0.9,0.07,0.02,0.02,0.02,0.01,0.02,2.0,0.05,0.01,1.0,0.03,0.1,0.05,0.05,0.01,0.01,0.01,0.02,0.01,0.01,0.02,0.01,,0.05,0.01,0.05,0.01,,0.01,0.02,0.01,0.1,0.1,0.01,0.02,0.01,0.01,0.01,0.02,0.01,0.01,0.01,0.01,0.01,0.02,0.01,0.02,0.2,0.1,0.01,0.01,0.01,0.1,0.02,0.5,0.01,0.01,0.01,0.05,1.0,0.02,40.0,0.02,0.01,0.02,0.02,0.01,0.02,0.02,0.6,0.01,0.06,0.05,0.02,0.02,0.02,0.05,0.03,0.01,0.05,0.01,0.01,0.01,0.01,0.01,0.01,0.1,0.01,0.01,0.02,0.02,0.02,0.02,0.02,0.01,0.02,0.02,0.02,0.02,0.01,0.01,0.01,0.01,0.01,0.01,0.02,0.01,0.01,0.01,0.02,0.02,0.01,0.01,0.01,0.02,0.05,0.02,0.01,0.02,0.05,0.01,0.01,0.01,0.1,0.01,0.01,0.01,0.05,,0.02,0.02,0.01,0.05,0.01,0.05,1.5,0.02,0.01,0.01,0.01,0.01,0.02,0.05,0.5,0.01,0.03,0.02,0.02,0.01,0.05,0.05,0.01,0.05,0.02,0.02,0.01,0.2,0.01,0.01,0.05,0.01,0.02,0.02,0.02,0.04,0.02,0.2,0.02,0.01,0.02,3.0,0.01,0.01,0.05,0.02,0.01,0.01,0.01,0.02,0.02,0.15,0.02,0.05,0.05,0.01,0.01,0.02,0.02,0.02,0.03,0.01,0.02,0.02,0.01,0.03,0.01,0.01,0.02,0.02,0.02,0.02,0.02,0.05,,0.05,0.02,0.02,0.01,0.03,0.02,0.02,0.01,0.3,0.01,0.01,0.02,0.01,0.01,0.02,0.1,0.01,0.01,0.01,0.02,0.02,0.02,0.01,0.01,0.01,0.02,0.01,0.1,0.05,0.01,0.02,0.005,30.0,0.01,0.1,0.01,0.01,0.01,0.01,0.005,0.01,0.02,0.01,0.01,0.02,0.01,0.01,,0.02,0.01,0.01,0.01,0.02,0.05,0.01,0.02,0.01,0.01,0.02,0.01,0.01,0.01,0.1,0.01
453,"Gooseberries (green, red and yellow)","Gooseberries (green, red and yellow)",0.01,0.01,0.01,0.01,0.05,0.06,,0.01,0.01,0.1,0.01,0.01,0.01,0.01,0.01,0.1,0.01,0.01,0.01,0.01,0.01,0.7,0.01,0.01,0.01,0.01,0.01,0.02,0.01,0.01,0.01,0.01,0.01,0.05,0.01,0.01,0.01,0.01,0.05,0.05,1.0,0.01,0.02,0.01,0.01,5.0,0.01,0.02,0.01,0.02,0.01,0.03,0.01,0.1,0.01,,0.01,0.01,0.01,0.01,0.01,0.01,0.01,0.01,15.0,0.01,5.0,0.01,0.01,0.01,0.01,5.0,1.5,0.01,0.01,0.01,0.01,0.01,0.02,30.0,0.01,0.1,0.01,0.01,0.01,,0.03,0.02,0.01,,1.0,0.05,0.01,0.01,0.01,0.01,0.01,0.01,0.01,0.03,0.01,0.02,0.01,0.01,0.01,0.01,0.01,0.01,0.01,0.01,0.01,0.01,0.01,0.01,0.01,0.05,0.1,0.02,0.02,0.01,0.5,0.01,5.0,,0.01,4.0,0.01,0.05,0.01,0.09,0.01,0.01,0.01,0.02,0.01,0.05,0.05,8.0,0.01,0.05,0.01,0.05,0.06,0.02,0.6,0.01,0.01,0.01,0.01,0.05,0.01,0.02,0.01,0.01,0.02,0.05,0.01,0.01,0.1,0.01,0.01,0.02,0.01,0.01,0.05,0.01,0.01,0.01,0.01,0.01,0.02,0.02,,0.01,0.01,0.05,0.01,0.01,3.0,5.0,0.01,0.01,0.01,0.01,0.002,0.05,0.01,0.01,0.01,0.01,0.05,0.01,2.0,0.03,0.01,0.05,0.01,0.02,0.01,0.01,0.01,0.01,0.01,0.01,1.0,0.01,0.01,0.01,0.01,20.0,0.01,0.1,0.01,0.01,0.01,0.01,0.01,0.01,0.4,0.01,0.02,0.02,0.005,0.01,0.8,0.01,0.01,0.3,0.01,0.01,0.01,0.01,4.0,0.05,0.01,0.02,,0.01,0.02,0.01,0.01,4.0,0.2,0.01,0.01,0.7,0.02,0.01,0.01,0.01,0.01,0.01,0.01,0.01,0.01,0.01,0.01,0.01,0.03,0.01,0.01,0.01,0.01,0.01,200.0,0.02,0.01,1.0,0.9,0.1,0.05,0.02,0.01,0.01,0.01,0.01,0.01,0.01,0.01,0.01,,0.02,0.01,0.05,0.01,,0.01,0.01,0.01,0.1,0.1,0.01,0.01,0.01,0.01,0.01,0.01,4.0,0.01,0.01,0.01,0.01,0.02,0.9,0.01,0.2,0.1,0.01,0.01,0.01,0.05,0.02,0.2,0.01,0.01,0.01,0.05,5.0,0.01,0.02,0.01,0.01,0.01,0.01,0.01,0.02,0.3,0.05,0.01,0.02,0.02,0.01,0.01,0.01,0.02,0.03,0.01,0.02,0.01,0.01,0.01,0.01,0.01,0.01,0.1,0.01,0.01,0.02,0.01,0.01,0.01,0.01,0.8,0.01,0.01,0.01,0.01,0.01,0.01,0.01,0.01,0.01,0.01,0.01,0.001,0.01,0.5,0.01,0.01,0.01,0.01,0.01,0.02,0.05,0.01,0.1,0.02,0.05,0.01,0.01,0.01,0.05,0.01,0.01,0.01,0.02,,0.01,0.01,0.01,0.05,0.01,0.01,150.0,0.01,0.01,0.01,0.01,0.01,0.02,1.0,0.01,0.01,0.03,0.01,0.01,0.01,0.01,0.02,0.01,0.01,0.01,0.01,0.01,0.05,0.01,0.005,0.02,0.01,1.5,0.01,0.01,0.01,0.02,3.0,0.02,0.01,0.01,1.0,0.01,0.01,0.05,5.0,1.5,0.01,0.01,0.01,0.01,0.1,0.01,2.0,0.02,0.02,0.01,0.01,0.01,0.01,0.03,0.01,0.01,0.01,0.01,0.03,0.01,0.01,0.4,1.5,0.8,0.02,1.5,0.01,,0.01,0.01,0.01,0.01,0.03,0.02,0.02,0.01,1.5,0.01,1.5,0.01,0.01,0.01,0.02,0.1,0.01,0.01,0.01,0.01,0.01,0.01,0.01,0.01,0.01,0.01,0.01,0.1,0.05,0.01,0.02,0.005,15.0,0.01,0.1,0.01,0.01,0.01,0.01,0.001,0.01,0.01,0.01,0.01,0.01,3.0,3.0,,0.02,0.01,0.01,0.01,0.01,0.05,0.01,0.01,0.01,0.01,0.01,0.01,0.01,0.01,0.1,0.01
53,APPLE,Granate apples/pomegranates,0.01,0.01,0.01,0.01,0.05,0.06,,0.01,0.01,0.05,0.01,0.01,0.01,0.01,0.01,0.1,0.01,0.01,0.01,0.01,0.01,0.01,0.01,0.01,0.01,0.01,0.01,0.02,0.01,0.01,0.01,0.01,0.01,0.05,0.01,0.01,0.01,0.01,0.05,0.05,0.01,0.01,0.02,0.01,0.01,0.01,0.01,0.02,0.01,0.02,0.01,0.03,0.01,0.1,0.01,,0.01,0.01,0.01,0.01,0.01,0.01,0.01,0.01,2.0,0.01,"10.0, 50.0",0.01,0.01,0.01,0.01,0.05,0.01,0.01,0.01,0.01,0.01,0.01,0.02,0.03,0.01,0.1,0.01,0.01,0.01,,0.03,0.02,0.01,,0.4,0.3,0.01,0.01,0.01,0.02,0.01,0.01,0.01,0.03,0.01,0.02,0.005,0.01,0.01,0.01,0.01,0.01,0.01,0.01,0.01,0.01,0.01,0.01,0.01,0.05,0.1,0.02,0.02,0.01,0.5,0.01,20.0,,0.01,0.01,0.01,0.05,0.01,0.09,0.01,0.01,0.01,0.02,0.01,0.05,0.05,5.0,0.01,0.05,0.01,0.05,0.06,0.02,0.01,0.01,0.01,0.01,0.01,0.05,0.01,0.02,0.01,0.01,0.02,0.05,0.01,0.01,0.1,0.01,0.01,0.02,0.01,0.01,0.05,0.01,0.01,0.01,0.01,0.01,0.02,0.02,,0.01,0.01,0.05,0.01,0.01,0.01,0.05,0.01,0.01,0.01,0.01,0.002,0.05,0.01,0.01,0.01,0.01,0.05,0.01,0.01,0.03,0.01,0.05,0.01,0.02,0.01,0.01,0.01,0.01,0.01,0.01,0.02,0.01,0.01,0.01,0.01,0.01,0.01,0.1,0.01,0.01,0.01,0.01,0.01,0.01,0.01,0.01,0.02,0.02,0.005,0.01,0.03,0.01,0.01,0.01,0.01,0.01,0.01,0.01,3.0,0.05,0.01,0.02,,0.01,0.02,0.01,0.01,0.01,0.2,0.01,0.01,0.01,0.02,0.01,0.01,0.01,0.01,0.01,0.01,0.01,0.01,0.01,0.01,0.01,0.03,0.01,0.01,0.01,0.01,0.01,90.0,0.02,0.01,1.0,0.1,0.1,0.05,0.02,0.01,0.01,0.01,0.01,0.01,0.01,0.01,0.01,,0.02,0.01,0.05,0.01,,0.01,0.01,0.01,0.1,0.1,0.01,0.01,0.01,0.01,0.01,0.01,0.01,0.01,0.01,0.01,0.01,0.02,0.01,0.01,0.01,0.1,0.01,0.01,0.01,0.05,0.02,0.2,0.01,0.01,0.01,0.05,0.01,0.01,0.02,0.01,0.01,0.01,0.01,0.01,0.02,0.01,0.05,0.01,0.02,0.02,0.01,0.01,0.01,0.02,0.03,0.01,0.02,0.01,0.6,0.01,0.01,0.01,0.01,0.1,0.01,0.01,0.02,0.01,0.01,0.01,0.01,0.01,0.01,0.01,0.01,0.01,0.01,0.01,0.01,0.01,0.01,0.01,0.01,0.001,0.01,0.01,0.01,0.01,0.01,0.01,0.01,0.02,0.05,0.01,0.01,0.02,0.05,0.01,0.01,0.01,0.05,0.01,0.01,0.01,0.02,,0.01,0.01,0.01,0.05,0.01,0.01,70.0,0.01,0.01,0.01,0.01,0.01,0.02,0.01,0.01,0.01,0.03,0.01,0.01,0.01,0.01,0.02,0.01,0.01,0.01,0.01,0.01,0.05,0.01,0.005,0.02,0.01,0.01,0.01,0.01,0.01,0.02,0.02,0.02,0.01,0.01,1.0,0.01,0.01,0.05,0.01,0.01,0.01,0.01,0.01,0.01,0.1,0.01,0.02,0.02,0.01,0.01,0.01,0.01,0.01,0.03,0.01,0.01,0.01,0.01,0.03,0.01,0.01,0.02,0.02,0.02,0.02,0.4,0.01,,0.01,0.01,0.01,0.01,0.03,0.02,0.02,0.01,0.02,0.01,0.01,0.01,0.01,0.01,0.02,0.1,0.01,0.01,0.01,0.01,0.01,0.01,0.01,0.01,0.01,0.01,0.01,0.1,0.05,0.01,0.02,0.005,20.0,0.01,0.1,0.01,0.01,0.01,0.01,0.001,0.01,0.01,0.01,0.01,0.01,0.01,0.01,,0.02,0.01,0.01,0.01,0.01,0.05,0.01,0.01,0.01,0.01,0.01,0.01,0.01,0.01,0.1,0.01
436,FRUITS,Grapefruits,0.01,0.01,0.01,0.01,0.05,0.06,,0.01,0.01,1.0,0.01,0.01,0.01,0.01,10.0,0.1,0.01,0.01,0.04,0.01,0.6,0.9,0.01,0.01,0.01,0.01,0.01,0.02,0.01,0.01,0.01,0.01,0.01,0.05,0.01,0.01,0.01,0.01,0.05,0.05,0.5,0.01,0.02,0.01,0.01,15.0,0.01,0.02,0.01,0.02,0.01,0.03,0.01,0.1,0.01,,0.01,0.01,0.05,0.01,0.01,0.01,0.01,0.01,2.0,0.01,"30.0, 5.0",0.01,0.01,0.01,0.01,0.05,0.01,0.01,0.01,0.01,0.01,0.01,0.02,0.03,0.01,0.2,0.01,0.01,0.01,,0.03,0.02,0.01,,0.7,0.05,0.01,0.01,0.01,0.02,0.01,0.01,0.01,0.03,0.01,0.02,0.01,0.01,0.01,0.01,0.01,0.01,0.01,0.01,0.01,0.01,0.01,0.01,0.01,0.05,0.1,0.02,0.5,0.01,0.5,0.01,20.0,,0.01,0.9,0.01,0.05,0.01,0.09,0.01,0.5,0.3,0.02,0.01,2.0,0.05,0.02,0.01,0.05,0.01,0.05,0.06,0.02,0.02,0.01,0.01,0.01,0.01,0.05,0.01,0.3,0.01,0.01,0.02,0.05,0.01,0.01,0.6,0.01,0.01,0.05,0.01,0.01,0.05,0.01,0.01,0.01,0.01,0.01,0.02,0.02,,0.01,0.01,0.05,0.02,0.01,1.0,5.0,0.01,0.01,1.5,0.01,0.002,0.05,0.01,0.01,0.01,0.01,0.05,0.01,0.01,0.03,0.01,0.05,0.01,0.02,1.5,0.01,0.01,0.01,0.01,0.01,0.02,0.3,0.5,0.01,0.01,0.01,0.01,0.1,0.01,0.01,2.0,0.01,0.01,0.01,0.5,0.01,0.02,0.02,0.005,0.01,0.15,0.01,0.01,0.01,0.01,0.01,0.01,0.01,10.0,0.05,0.01,0.02,,0.01,0.02,0.01,0.01,0.5,0.2,0.01,0.01,3.0,0.02,0.01,0.01,0.01,0.01,0.01,0.01,0.01,0.01,0.01,0.4,0.6,0.03,0.01,0.01,0.01,0.01,0.01,75.0,0.02,0.01,1.0,0.05,0.1,0.05,0.02,0.01,0.01,0.01,0.01,0.01,0.01,0.01,0.5,,0.02,4.0,0.05,0.01,,0.01,0.01,0.9,0.1,0.1,0.01,0.01,0.01,0.01,0.01,0.01,0.01,0.01,0.01,0.01,0.01,0.02,0.5,0.01,0.2,0.1,0.01,0.01,0.01,0.05,2.0,0.2,0.01,0.2,0.01,0.05,0.5,0.01,0.02,0.01,0.01,0.01,0.01,0.01,0.02,0.7,0.05,0.01,0.02,0.02,0.01,0.01,0.01,0.02,0.03,0.01,0.02,0.01,2.0,0.01,0.01,0.01,0.01,0.1,0.01,0.01,0.02,0.01,0.01,0.01,0.01,0.01,0.01,0.01,0.01,0.01,0.01,0.01,0.01,0.01,0.01,0.01,0.01,0.001,0.01,0.05,0.01,0.01,0.01,0.01,0.01,0.02,0.05,0.01,0.01,0.02,0.05,0.01,0.01,0.01,0.05,0.01,0.01,0.01,0.02,,0.01,0.01,0.01,0.5,0.01,0.01,100.0,0.01,0.01,0.01,0.01,0.01,0.02,3.0,0.01,0.01,0.03,0.01,0.01,0.01,0.01,0.02,0.01,0.01,0.01,0.01,0.01,0.05,0.01,0.005,0.02,0.01,0.01,0.01,0.01,0.01,0.02,2.0,0.02,0.01,0.01,1.0,0.5,0.01,0.05,8.0,0.01,0.7,0.01,0.01,0.01,0.1,0.01,0.02,0.02,0.02,0.01,0.01,0.01,0.01,0.03,0.01,0.01,0.01,0.01,0.03,0.01,0.01,0.02,0.3,0.5,0.02,0.5,0.01,,0.01,0.01,0.15,0.01,0.03,0.02,0.02,0.01,5.0,2.0,0.6,0.01,0.5,0.01,0.02,0.1,0.01,0.01,0.01,0.01,7.0,0.01,0.01,0.01,0.01,0.01,0.01,6.0,0.05,0.01,0.02,0.005,20.0,0.01,0.1,0.01,0.01,0.01,0.01,0.001,0.01,0.01,0.1,0.01,0.01,0.5,0.5,,0.02,0.01,0.01,0.01,0.01,0.05,0.01,0.01,0.01,0.01,0.01,0.01,0.01,0.01,0.1,0.01
522,GUAVA,Guavas,0.01,0.01,0.01,0.01,0.05,0.06,,0.01,0.01,0.05,0.01,0.01,0.01,0.01,0.01,0.1,0.01,0.01,0.01,0.01,0.01,0.01,0.01,0.01,0.01,0.01,0.01,0.02,0.01,0.01,0.01,0.01,0.01,0.05,0.01,0.01,0.01,0.01,0.05,0.05,0.01,0.01,0.02,0.01,0.01,0.2,0.01,0.02,0.01,0.02,0.01,0.03,0.01,0.1,0.01,,0.01,0.01,0.01,0.01,0.01,0.01,0.01,0.01,0.01,0.01,"10.0, 20.0",0.01,0.01,0.01,0.01,0.05,0.01,0.01,0.01,0.01,0.01,0.01,0.02,0.03,0.01,0.1,0.01,0.01,0.01,,0.03,0.02,0.01,,0.01,0.3,0.01,0.01,0.01,0.02,0.01,0.01,0.01,0.03,0.01,0.02,0.005,0.01,0.01,0.01,0.01,0.01,0.01,0.01,0.01,0.01,0.01,0.01,0.01,0.05,0.1,0.02,0.02,0.01,0.5,0.01,20.0,,0.01,0.01,0.01,0.05,0.01,0.09,0.01,0.01,0.01,0.02,0.01,0.05,0.05,1.5,0.01,0.05,0.01,0.05,0.06,0.02,0.01,0.01,0.01,0.01,0.01,0.05,0.01,0.02,0.01,0.01,0.02,0.05,0.01,0.01,0.1,0.01,0.01,0.02,0.01,0.01,0.05,0.01,0.01,0.01,0.01,0.01,0.02,0.02,,0.01,0.01,0.05,0.01,0.01,0.01,0.05,0.01,0.01,0.01,0.01,0.002,0.05,0.01,0.01,0.01,0.01,0.05,0.01,0.01,0.03,0.01,0.05,0.01,0.02,0.01,0.01,0.01,0.01,0.01,0.01,0.02,0.01,0.01,0.01,0.01,0.01,0.01,0.1,0.01,0.01,0.01,0.01,0.01,0.01,0.01,0.01,0.02,0.02,0.005,0.01,0.03,0.01,0.01,0.01,0.01,0.01,0.01,0.01,0.5,0.05,0.01,0.02,,0.01,0.02,0.01,0.01,0.01,0.2,0.01,0.01,0.01,0.02,0.01,0.01,0.01,0.01,0.01,0.01,0.01,0.01,0.01,0.01,0.01,0.03,0.01,0.01,0.01,0.01,0.01,2.0,0.02,0.01,1.0,0.1,0.1,0.05,0.02,0.01,0.01,0.01,0.01,0.01,0.01,0.01,0.01,,0.02,0.01,0.05,0.01,,0.01,0.01,0.01,0.1,0.1,0.01,0.01,0.01,0.01,0.01,0.01,0.01,0.01,0.01,0.01,0.01,0.02,0.01,0.01,0.01,0.1,0.01,0.01,0.01,0.05,0.02,0.2,0.01,0.01,0.01,0.05,0.01,0.01,0.02,0.01,0.01,0.01,0.01,0.01,0.02,0.01,0.05,0.01,0.02,0.02,0.01,0.01,0.01,0.02,0.03,0.01,0.02,0.01,0.01,0.01,0.01,0.01,0.01,0.1,0.01,0.01,0.02,0.01,0.01,0.01,0.01,0.01,0.01,0.01,0.01,0.01,0.01,0.01,0.01,0.01,0.01,0.01,0.01,0.001,0.01,0.01,0.01,0.01,0.01,0.01,0.01,0.02,0.05,0.01,0.01,0.02,0.05,0.01,0.01,0.01,0.05,0.01,0.01,0.01,0.02,,0.01,0.01,0.01,2.0,0.01,0.01,1.5,0.01,0.01,0.01,0.01,0.01,0.02,0.01,0.01,0.01,0.03,0.01,0.01,0.01,0.01,0.02,0.01,0.01,0.01,0.01,0.01,0.05,0.01,0.005,0.02,0.01,0.01,0.01,0.01,0.01,0.02,0.02,0.02,0.01,0.01,1.0,0.01,0.01,0.05,0.01,0.01,0.01,0.01,0.01,0.01,0.1,0.01,0.02,0.02,0.01,0.01,0.01,0.01,0.01,0.03,0.01,0.01,0.01,0.01,0.03,0.01,0.01,0.02,0.02,0.02,0.02,2.0,0.01,,0.01,0.01,0.01,0.01,0.03,0.02,0.02,0.01,0.02,0.01,0.01,0.01,0.01,0.01,0.02,0.1,0.01,0.01,0.01,0.01,0.01,0.01,0.01,0.01,0.01,0.01,0.01,0.1,0.05,0.01,0.02,0.005,20.0,0.01,0.1,0.01,0.01,0.01,0.01,0.001,0.01,0.01,0.01,0.01,0.01,0.01,0.01,,0.02,0.01,0.01,0.01,0.01,0.05,0.01,0.01,0.01,0.01,0.01,0.01,0.01,0.01,0.1,0.01
549,HOPS,HOPS,0.1,0.02,0.02,0.05,0.05,0.1,,0.05,0.05,0.1,0.05,0.01,0.01,0.05,0.05,0.1,0.05,0.05,0.1,0.05,20.0,0.05,0.05,0.05,0.05,0.05,0.05,0.05,0.02,90.0,0.05,0.05,0.05,0.1,0.05,0.05,0.02,0.1,0.1,0.1,0.01,0.05,0.05,0.05,0.05,40.0,0.05,0.05,0.05,0.1,0.05,0.1,0.05,0.1,0.05,,0.05,0.05,20.0,0.05,0.05,0.05,0.05,0.01,80.0,0.01,"5.0, 20.0",0.05,0.05,0.05,0.05,10.0,0.05,0.05,0.05,0.05,0.01,0.05,0.1,150.0,0.05,0.1,0.05,0.05,0.01,,0.1,0.1,0.02,,40.0,0.05,0.1,0.05,0.02,0.02,0.05,0.1,0.05,0.1,0.05,0.1,0.025,0.05,0.05,0.05,0.05,0.05,0.01,0.01,0.05,0.05,0.05,0.05,0.05,0.1,0.1,0.1,0.05,0.05,5.0,0.05,1000.0,,0.01,0.05,20.0,0.1,0.05,0.1,5.0,30.0,0.05,0.1,0.1,30.0,0.05,0.1,0.1,0.05,0.05,0.1,0.1,0.02,0.05,0.05,0.05,0.05,0.5,0.05,0.05,0.1,0.02,0.05,50.0,0.05,0.05,0.05,0.05,0.05,0.05,0.3,0.05,0.05,0.1,0.05,80.0,0.05,0.05,0.05,0.1,0.1,,0.05,0.05,0.05,0.01,0.05,100.0,25.0,0.05,0.01,0.05,0.05,0.01,0.1,0.1,0.05,0.01,0.02,0.1,0.05,0.05,0.1,0.02,0.1,0.05,0.1,0.05,0.05,0.05,50.0,0.05,0.05,5.0,30.0,0.05,0.05,0.1,0.05,0.05,0.1,0.05,0.05,0.02,0.05,0.05,0.05,15.0,0.05,0.1,0.1,0.005,0.05,3.0,0.05,0.05,0.05,0.1,0.05,0.05,0.05,0.05,0.05,0.05,0.1,,0.05,0.1,0.05,0.15,60.0,10.0,0.02,0.05,10.0,0.1,0.05,0.05,0.05,0.05,0.05,0.05,0.05,0.05,20.0,0.05,0.05,400.0,0.05,0.05,0.05,0.05,0.05,2000.0,0.05,0.05,1.0,0.1,0.1,0.05,0.1,0.02,0.05,0.02,0.02,0.01,0.01,0.05,3.0,,0.1,0.05,0.1,0.01,,0.05,0.05,15.0,0.1,0.1,0.05,0.05,0.05,0.05,0.05,0.05,0.05,0.01,0.05,0.01,0.05,0.1,0.05,0.05,10.0,0.1,0.01,0.05,0.05,0.1,0.02,0.5,0.05,90.0,0.05,0.1,15.0,0.05,0.1,0.05,0.05,0.02,0.05,0.05,0.1,15.0,0.1,0.05,0.1,0.1,0.05,0.05,0.05,0.1,0.1,0.05,0.1,0.1,0.05,0.05,0.05,0.05,80.0,0.1,0.05,0.02,0.2,0.05,0.05,0.05,0.05,6.0,0.05,0.05,0.05,0.02,0.05,0.05,0.05,0.05,0.05,0.05,0.02,0.05,0.05,8.0,0.05,0.05,0.05,0.05,0.01,0.05,0.1,0.05,0.05,0.1,0.05,0.05,0.05,0.05,0.1,0.05,0.01,0.05,0.05,,0.05,0.05,0.05,0.1,0.02,0.05,1500.0,0.02,0.01,0.01,0.05,0.05,0.05,0.05,0.05,0.05,0.15,0.05,0.05,0.05,0.01,0.1,0.05,0.05,0.05,0.05,0.05,0.1,0.05,0.01,0.1,0.05,0.05,0.05,0.05,0.05,0.1,15.0,0.1,0.02,0.05,0.5,0.05,0.05,0.05,0.05,0.05,0.05,0.05,0.05,0.05,0.1,0.05,2.0,0.1,0.05,0.01,0.05,0.05,0.02,0.03,0.05,0.05,0.05,0.05,0.3,0.01,0.05,0.1,0.1,40.0,0.02,15.0,0.05,,0.1,0.05,0.05,0.05,0.1,0.1,0.1,0.02,40.0,0.05,0.05,0.05,0.05,0.05,0.1,0.1,0.01,0.05,0.05,0.05,0.05,0.05,0.05,0.05,0.05,0.05,0.05,0.1,0.05,0.05,0.1,0.02,1500.0,0.05,0.1,0.05,0.05,0.05,0.02,0.005,0.05,0.05,0.05,0.05,0.05,40.0,40.0,,0.1,0.05,0.05,0.05,0.05,0.05,0.05,0.02,0.05,0.05,0.05,0.01,0.05,0.05,0.2,0.05
526,Hazelnuts/cobnuts,Hazelnuts/cobnuts,0.01,0.01,0.01,0.01,0.05,0.06,,0.02,0.02,0.2,0.05,0.01,0.01,0.02,0.01,0.1,0.01,0.02,0.01,0.02,0.01,0.07,0.01,0.2,0.01,0.01,0.02,0.05,0.01,0.01,0.01,0.05,0.01,0.05,0.02,0.02,0.02,0.01,0.1,0.05,1.0,0.01,0.02,0.01,0.02,0.01,0.02,0.02,0.01,0.02,0.01,0.03,0.02,0.1,0.01,,0.01,0.01,0.05,0.01,0.01,0.02,0.01,0.01,0.05,0.01,50.0,0.02,0.01,0.01,0.01,0.05,0.01,0.01,0.02,0.02,0.01,0.02,0.05,0.07,0.02,0.1,0.01,0.02,0.01,,0.05,0.05,0.01,,0.03,0.1,0.01,0.02,0.01,0.01,0.02,0.01,0.02,0.04,0.01,0.02,0.01,0.01,0.02,0.02,0.01,0.01,0.01,0.01,0.01,0.02,0.02,0.02,0.01,0.05,0.1,0.05,0.05,0.02,0.5,0.01,30.0,,0.01,0.04,0.02,0.05,0.01,0.09,0.01,0.01,0.01,0.05,0.01,0.05,0.05,0.04,0.01,0.05,0.02,0.05,0.1,0.02,0.01,0.01,0.01,0.02,0.02,0.05,0.01,0.02,0.01,0.01,0.05,0.05,0.01,0.01,0.05,0.01,0.01,0.04,0.01,0.01,0.1,0.01,0.02,0.01,0.01,0.02,0.05,0.05,,0.02,0.02,0.05,0.02,0.02,0.01,0.05,0.01,0.01,0.01,0.02,0.005,0.1,0.01,0.01,0.01,0.01,0.2,0.02,0.01,0.03,0.01,0.1,0.02,0.05,0.01,0.01,0.01,0.01,0.01,0.01,0.02,0.02,0.01,0.02,0.01,0.02,0.02,0.1,0.01,0.01,0.01,0.01,0.01,0.01,0.05,0.02,0.05,0.05,0.005,0.01,0.06,0.01,0.01,0.01,0.01,0.1,0.02,0.02,0.01,0.05,0.01,0.05,,0.01,0.05,0.01,0.01,0.03,30.0,0.01,0.01,0.02,0.02,0.01,0.01,0.01,0.02,0.01,0.01,0.01,0.01,0.02,0.01,0.04,0.07,0.02,0.02,0.02,0.01,0.02,1500.0,0.02,0.01,1.0,0.1,0.1,0.05,0.05,0.01,0.01,0.01,0.01,0.01,0.01,0.02,0.05,,0.05,0.01,0.05,0.01,,0.01,0.02,0.01,0.1,0.1,0.01,0.02,0.01,0.01,0.01,0.02,0.01,0.01,0.01,0.01,0.01,0.02,0.01,0.02,0.01,0.1,0.01,0.01,0.01,0.05,0.02,0.2,0.01,0.01,0.01,0.05,0.06,0.02,0.05,0.02,0.01,0.02,0.02,0.01,0.02,0.01,0.05,0.01,0.02,0.05,0.02,0.02,0.02,0.05,0.03,0.01,0.05,0.01,0.1,0.01,0.01,0.01,0.01,0.1,0.01,0.01,0.02,0.02,0.02,0.02,0.02,0.01,0.01,0.02,0.02,0.01,0.01,0.01,0.01,0.01,0.01,0.01,0.01,0.01,0.01,0.01,0.02,0.02,0.01,0.01,0.01,0.02,0.05,0.02,0.01,0.02,0.05,0.01,0.01,0.05,0.05,0.01,0.01,0.01,0.05,,0.02,0.02,0.01,0.1,0.01,0.09,1000.0,0.01,0.01,0.01,0.01,0.01,0.02,0.02,0.01,0.01,0.03,0.02,0.02,0.01,0.01,0.05,0.01,0.02,0.02,0.02,0.01,0.2,0.01,0.01,0.05,0.02,0.02,0.02,0.02,0.02,0.02,0.02,0.02,0.01,0.02,1.0,0.05,0.01,0.05,0.02,0.01,0.01,0.01,0.02,0.02,0.15,0.02,0.02,0.05,0.01,0.01,0.02,0.02,0.01,0.03,0.01,0.02,0.02,0.01,0.03,0.01,0.01,0.02,0.07,0.05,0.02,0.5,0.05,,0.05,0.02,0.02,10.0,0.03,0.02,0.02,0.01,0.05,0.01,0.01,0.02,0.01,0.01,0.02,0.1,0.01,0.01,0.01,0.02,0.02,0.02,0.01,0.01,0.01,0.02,0.01,0.2,0.05,0.01,0.02,0.005,40.0,0.01,0.1,0.01,0.01,0.01,0.01,0.005,0.01,0.02,0.01,0.01,0.02,0.02,0.02,,0.02,0.01,0.01,0.01,0.02,0.05,0.01,0.01,0.01,0.01,0.02,0.01,0.01,0.01,0.1,0.01
201,CABBAGE,Head cabbages,0.01,0.01,0.01,0.01,0.05,0.06,,0.01,0.01,0.05,0.01,0.01,0.01,0.01,0.01,0.1,0.01,0.01,0.01,0.01,0.01,0.03,0.01,0.01,0.01,0.01,0.01,0.02,0.01,15.0,0.01,0.01,0.01,0.05,0.01,0.01,0.01,0.01,0.05,0.05,1.0,0.01,0.02,0.01,0.01,5.0,0.01,0.02,0.01,0.02,0.01,0.03,0.01,0.1,0.01,,0.01,0.01,0.4,0.01,0.01,0.01,0.01,0.01,5.0,0.01,30.0,0.01,0.01,0.01,0.01,0.05,0.01,0.01,0.01,0.01,0.01,0.01,0.02,0.03,0.01,0.1,0.01,0.002,0.01,,0.03,0.02,0.01,,2.0,0.07,0.01,0.01,0.01,0.02,0.01,0.01,0.01,0.03,0.01,0.02,0.005,0.01,0.01,0.01,0.01,0.01,0.01,0.01,0.01,0.01,0.01,0.01,0.01,0.05,0.5,0.02,0.02,0.01,3.0,0.01,20.0,,0.01,2.0,0.01,0.05,0.01,9.0,0.01,0.01,0.08,0.02,0.01,1.0,0.05,0.7,0.01,0.05,0.01,0.05,0.06,0.02,0.01,0.01,0.01,0.01,0.01,0.05,0.01,0.02,0.01,0.01,0.02,0.05,0.01,0.01,0.3,0.01,0.01,0.4,0.01,0.01,0.05,0.01,6.0,0.01,0.01,0.01,0.02,0.02,,0.01,0.01,0.05,0.01,0.01,0.01,3.0,0.01,0.01,0.01,0.01,0.004,0.05,0.01,0.01,0.01,0.01,0.05,0.01,0.01,0.03,0.01,0.05,0.01,0.02,0.7,0.01,0.01,0.01,0.01,0.01,0.02,0.01,0.01,0.01,0.01,0.01,0.01,0.1,0.01,0.01,0.01,0.01,0.01,0.01,0.01,0.01,0.02,0.08,0.005,0.01,0.5,0.01,0.01,0.01,0.01,0.01,0.01,0.01,2.0,0.05,0.01,0.02,,0.01,0.02,0.01,0.3,0.3,0.2,0.01,0.01,0.3,0.02,0.01,0.01,0.01,0.01,0.01,0.01,0.01,0.05,0.01,0.3,0.5,0.03,0.01,0.01,0.01,0.01,0.01,10.0,0.02,0.01,1.0,0.03,0.1,0.05,0.02,0.01,0.01,0.01,0.01,0.01,0.01,0.01,0.01,,0.02,0.01,0.05,0.01,,0.01,0.01,0.01,0.1,0.1,0.01,0.01,0.01,0.01,0.01,0.01,0.01,0.01,0.01,0.01,0.01,0.02,0.01,0.01,0.15,0.1,0.01,0.01,0.01,0.05,0.02,0.2,0.01,3.0,0.01,0.05,0.04,0.01,0.02,0.01,0.01,0.01,0.01,0.01,0.15,0.06,0.4,0.01,0.4,0.02,0.01,0.01,0.01,0.02,0.03,0.01,0.02,0.01,0.01,0.01,0.01,0.01,0.01,0.1,0.01,0.01,0.02,0.01,0.01,0.01,0.01,0.05,0.01,0.01,0.01,0.01,0.01,0.01,0.01,0.01,0.01,0.01,0.01,0.001,0.01,0.7,0.01,0.01,0.01,0.01,0.01,0.02,0.05,0.01,0.01,0.02,0.05,0.01,0.01,4.0,0.05,0.01,0.01,0.01,0.02,,0.01,0.01,0.01,0.05,0.01,0.01,2.0,0.01,0.01,0.01,0.01,0.01,0.02,0.5,0.01,0.01,0.03,0.01,0.01,0.01,0.01,0.02,1.0,0.01,0.01,0.01,0.01,0.05,0.01,0.005,0.02,0.01,0.01,0.01,0.01,0.09,0.02,0.4,0.02,0.01,0.01,1.0,0.01,0.01,1.5,0.01,0.01,0.01,0.01,0.01,0.01,0.1,0.01,0.02,0.02,0.6,0.01,0.01,0.01,0.01,0.03,0.01,0.01,0.01,0.01,0.03,0.01,0.01,0.02,2.0,0.02,0.02,2.0,0.01,,0.01,0.01,0.4,0.01,0.03,0.02,0.02,0.01,0.7,5.0,0.01,0.01,0.01,0.01,0.02,0.1,0.01,0.01,0.01,0.01,0.01,0.01,0.01,0.01,0.01,0.01,0.01,0.1,0.05,0.01,0.02,0.005,20.0,0.01,0.1,0.01,0.01,0.01,0.01,0.001,0.01,0.01,0.01,0.01,0.01,0.5,0.5,,0.02,0.01,0.01,0.01,0.01,0.05,0.01,0.01,0.01,0.01,0.01,0.01,0.01,0.01,0.1,0.01
528,Hemp seeds,Hemp seeds,0.01,0.02,0.02,0.01,0.05,0.06,,0.02,0.02,0.05,0.05,0.01,0.01,0.02,0.01,0.1,0.01,0.02,0.01,0.02,0.01,0.01,0.01,0.01,0.01,0.01,0.02,0.05,0.02,0.01,0.01,0.05,0.01,0.05,0.02,0.02,0.02,0.01,0.1,0.05,0.01,0.01,0.02,0.01,0.02,0.01,0.02,0.02,0.01,0.02,0.01,0.03,0.02,0.1,0.01,,0.01,0.01,0.02,0.01,0.01,0.02,0.01,0.01,1.0,0.01,"5.0, 20.0",0.02,0.01,0.01,0.01,0.05,0.01,0.01,0.02,0.02,0.01,0.02,0.05,0.07,0.05,0.1,0.01,0.02,0.01,,0.05,0.05,0.02,,2.0,0.05,0.01,0.02,0.02,0.01,0.02,0.01,0.02,0.04,0.01,0.02,0.01,0.01,0.02,0.02,0.01,0.01,0.01,0.01,0.01,0.02,0.02,0.02,0.01,0.05,0.1,0.05,0.05,0.02,0.5,0.01,30.0,,0.01,1.5,0.02,0.05,0.01,0.09,0.01,0.01,0.01,0.05,0.01,0.05,0.05,0.02,0.01,0.05,0.02,0.1,0.1,0.02,0.01,0.01,0.01,0.02,0.02,0.05,0.01,0.02,0.01,0.01,0.05,0.05,0.01,0.01,0.05,0.01,0.01,0.05,0.01,0.01,0.1,0.01,0.02,0.01,0.01,0.02,0.05,0.05,,0.02,0.02,0.05,0.5,0.02,0.02,0.1,0.01,0.01,0.01,0.02,0.005,0.1,0.01,0.01,0.01,0.02,0.1,0.02,0.01,0.03,0.01,0.1,0.02,0.05,0.01,0.01,0.01,0.01,0.01,0.01,0.02,0.01,0.01,0.02,0.01,0.02,0.02,0.1,0.01,0.01,0.01,0.01,0.01,0.01,0.01,0.02,0.05,0.05,0.005,0.01,0.06,0.01,0.01,0.01,0.01,0.01,0.02,0.02,0.3,0.05,0.01,0.05,,0.01,0.05,0.01,0.01,0.01,2.0,0.01,0.01,0.01,0.02,0.01,0.01,0.01,0.02,0.01,0.01,0.01,0.01,0.02,0.02,0.9,0.07,0.02,0.02,0.02,0.01,0.02,2.0,0.05,0.01,1.0,0.03,0.1,0.05,0.05,0.01,0.01,0.01,0.02,0.01,0.01,0.02,0.01,,0.05,0.01,0.05,0.01,,0.01,0.02,0.01,0.1,0.1,0.01,0.02,0.01,0.01,0.01,0.02,0.01,0.01,0.01,0.01,0.01,0.02,0.01,0.02,0.2,0.1,0.01,0.01,0.01,0.1,0.02,0.5,0.01,0.01,0.01,0.05,0.01,0.02,0.05,0.02,0.01,0.02,0.02,0.01,0.02,0.01,0.6,0.01,0.02,0.05,0.02,0.02,0.02,0.05,0.03,0.01,0.05,0.01,0.01,0.01,0.01,0.01,0.01,0.1,0.01,0.01,0.02,0.02,0.02,0.02,0.02,0.01,0.02,0.02,0.02,0.02,0.01,0.01,0.01,0.01,0.01,0.01,0.02,0.01,0.01,0.01,0.02,0.02,0.01,0.01,0.01,0.02,0.05,0.02,0.01,0.02,0.05,0.01,0.01,0.01,0.05,0.01,0.01,0.01,0.05,,0.02,0.02,0.01,0.05,0.01,0.05,1.5,0.02,0.01,0.01,0.01,0.01,0.02,0.02,0.5,0.01,0.03,0.02,0.02,0.01,0.01,0.05,0.01,0.05,0.02,0.02,0.01,0.2,0.01,0.01,0.05,0.01,0.02,0.02,0.02,0.02,0.02,0.02,0.02,0.01,0.02,3.0,0.01,0.01,0.05,0.02,0.01,0.01,0.01,0.02,0.02,0.15,0.02,0.05,0.05,0.01,0.01,0.02,0.02,0.02,0.03,0.01,0.02,0.02,0.01,0.03,0.01,0.01,0.02,0.02,0.02,0.02,0.02,0.05,,0.05,0.02,0.02,0.01,0.03,0.02,0.02,0.01,0.02,0.01,0.01,0.02,0.01,0.01,0.02,0.1,0.01,0.01,0.01,0.02,0.02,0.02,0.01,0.01,0.01,0.02,0.01,0.1,0.05,0.01,0.02,0.005,30.0,0.01,0.1,0.01,0.01,0.01,0.01,0.005,0.01,0.02,0.01,0.01,0.02,0.01,0.01,,0.02,0.01,0.01,0.01,0.02,0.05,0.01,0.02,0.01,0.01,0.02,0.01,0.01,0.01,0.1,0.01
540,Herbal infusions from,Herbal infusions from,0.1,0.02,0.02,0.05,0.05,0.1,,0.05,0.05,0.1,0.05,0.01,0.01,0.05,0.05,0.1,0.05,0.05,0.05,0.05,0.05,0.05,0.05,0.05,,0.05,0.05,0.05,0.02,0.05,0.05,0.05,0.05,0.1,0.05,0.05,0.02,0.1,0.1,0.1,0.01,0.05,0.05,0.05,0.05,,0.05,0.05,0.05,0.1,0.05,,0.05,0.1,,,0.05,0.05,0.1,,0.05,0.05,,0.01,,0.01,,0.05,0.05,0.05,0.05,0.05,0.05,0.05,0.05,0.05,0.01,0.05,0.1,0.1,0.05,0.1,0.05,0.05,0.01,,0.1,0.1,0.02,,0.05,0.05,0.1,0.05,0.02,0.02,0.05,0.1,0.05,0.1,0.05,0.1,0.025,0.05,0.05,0.05,0.05,0.05,0.01,0.01,0.05,0.05,0.05,0.05,0.05,0.1,0.1,0.1,0.05,,5.0,0.05,100.0,,0.01,,0.05,0.1,0.05,,0.05,0.05,0.05,0.1,0.1,0.1,0.05,,0.1,,0.05,0.1,0.1,0.02,,0.05,0.05,0.05,0.05,,0.05,0.1,0.02,0.05,0.1,0.05,0.05,0.05,20.0,0.05,0.05,0.1,0.05,0.05,0.1,0.05,0.05,0.05,0.05,0.05,0.1,0.1,,0.05,0.05,0.05,0.05,0.05,0.01,,0.05,0.01,0.05,0.05,,0.1,0.1,0.05,0.01,0.02,0.1,0.05,0.05,,0.02,0.1,0.05,0.1,0.05,0.05,0.05,0.05,0.05,0.05,0.05,0.05,0.05,0.05,0.1,0.05,0.05,0.1,0.05,0.05,0.02,0.05,0.05,0.05,0.05,0.05,0.1,0.1,0.005,0.05,0.1,0.05,0.05,,,0.05,0.05,0.05,,0.05,0.05,0.1,,0.05,0.1,0.05,,,10.0,0.02,0.05,0.05,0.1,0.05,0.05,,0.05,0.05,0.05,0.05,0.05,0.05,0.05,,0.1,0.05,0.05,0.05,0.05,0.05,,0.05,0.05,1.0,0.1,2.0,0.05,0.1,0.02,0.05,,0.02,0.01,0.01,0.05,0.05,,0.1,0.05,0.1,0.01,,0.05,0.05,0.05,0.1,0.1,0.05,0.05,0.05,0.05,0.05,0.05,0.05,0.01,0.05,0.01,0.05,0.1,0.05,0.05,0.01,0.1,0.01,0.05,0.05,0.1,,0.5,0.05,0.05,0.05,0.1,,0.05,0.1,0.05,0.05,0.02,0.05,0.05,0.1,,0.1,,0.1,0.1,0.05,0.05,0.05,0.1,0.1,0.05,0.1,0.1,0.05,0.05,0.05,0.05,0.05,0.1,0.05,0.02,0.1,0.05,0.05,0.05,0.05,0.05,0.05,0.05,0.3,0.02,0.05,0.05,0.05,0.05,0.05,0.05,0.02,0.05,0.05,,0.05,0.05,0.05,0.05,0.01,0.05,0.1,0.05,0.05,0.1,,0.05,0.05,0.05,0.1,0.05,0.01,0.05,0.05,,0.05,0.05,0.05,0.1,0.02,0.02,,0.1,0.01,0.01,0.05,0.05,0.05,,0.05,0.05,0.15,0.05,,0.05,0.05,0.1,0.05,0.05,0.05,0.05,0.05,0.1,0.05,0.01,0.1,,0.05,,0.05,0.05,0.1,0.1,0.1,0.02,0.05,0.5,0.05,0.05,,,0.05,0.05,0.05,0.05,0.05,0.1,0.05,0.05,0.1,,0.01,0.05,0.05,0.02,0.03,0.05,0.05,0.05,0.05,0.15,0.01,0.05,0.1,0.1,0.05,0.02,,0.05,,0.1,0.05,0.05,0.05,0.1,0.1,0.1,0.02,,0.05,0.05,0.05,0.05,0.05,0.1,0.1,0.01,0.05,0.05,0.05,0.05,0.05,0.05,0.05,0.05,0.05,0.05,0.1,0.05,0.05,0.1,0.02,100.0,0.05,0.1,0.05,0.05,0.05,0.02,0.005,0.05,0.05,0.05,0.05,0.05,0.05,0.05,,0.1,0.05,0.05,0.05,0.05,0.05,0.05,0.02,0.05,0.05,0.05,0.01,0.05,0.05,0.2,0.01
542,Hibiscus/roselle,Hibiscus/roselle,0.1,0.02,0.02,0.05,0.05,0.1,,0.05,0.05,0.1,0.05,0.01,0.01,0.05,0.05,0.1,0.05,0.05,0.05,0.05,0.05,0.05,0.05,0.05,0.08,0.05,0.05,0.05,0.02,0.05,0.05,0.05,0.05,0.1,0.05,0.05,0.02,0.1,0.1,0.1,0.01,0.05,0.05,0.05,0.05,60.0,0.05,0.05,0.05,0.1,0.05,0.1,0.05,0.1,0.05,,0.05,0.05,0.1,0.05,0.05,0.05,0.05,0.01,0.9,0.01,"100.0, 50.0",0.05,0.05,0.05,0.05,0.05,0.05,0.05,0.05,0.05,0.01,0.05,0.1,0.1,0.05,0.1,0.05,0.05,0.01,,0.1,0.1,0.02,,0.05,0.05,0.1,0.05,0.02,0.02,0.05,0.1,0.05,0.1,0.05,0.1,0.025,0.05,0.05,0.05,0.05,0.05,0.01,0.01,0.05,0.05,0.05,0.05,0.05,0.1,0.1,0.1,0.05,0.05,5.0,0.05,100.0,,0.01,0.05,0.05,0.1,0.05,0.1,0.05,0.05,0.05,0.1,0.1,0.1,0.05,0.1,0.1,0.5,0.05,0.1,0.1,0.02,9.0,0.05,0.05,0.05,0.05,40.0,0.05,0.1,0.02,0.05,0.1,0.05,0.05,0.05,20.0,0.05,0.05,0.1,0.05,0.05,0.1,0.05,0.05,0.05,0.05,0.05,0.1,0.1,,0.05,0.05,0.05,0.05,0.05,0.01,0.1,0.05,0.01,0.05,0.05,0.01,0.1,0.1,0.05,0.01,0.02,0.1,0.05,0.05,15.0,0.02,0.1,0.05,0.1,0.05,0.05,0.05,0.05,0.05,0.05,0.05,0.05,0.05,0.05,0.1,0.05,0.05,0.1,0.05,0.05,0.02,0.05,0.05,0.05,0.05,0.05,0.1,0.1,0.005,0.05,0.1,0.05,0.05,0.04,0.1,0.05,0.05,0.05,0.05,0.05,0.05,0.1,,0.05,0.1,0.05,0.05,40.0,10.0,0.02,0.05,0.05,0.1,0.05,0.05,2.0,0.05,0.05,0.05,0.05,0.05,0.05,0.05,0.05,0.1,0.05,0.05,0.05,0.05,0.05,500.0,0.05,0.05,1.0,0.1,2.0,0.05,0.1,0.02,0.05,0.1,0.02,0.01,0.01,0.05,0.05,,0.1,0.05,0.1,0.01,,0.05,0.05,0.05,0.1,0.1,0.05,0.05,0.05,0.05,0.05,0.05,0.05,0.01,0.05,0.01,0.05,0.1,0.05,0.05,0.01,0.1,0.01,0.05,0.05,0.1,0.02,0.5,0.05,0.05,0.05,0.1,0.05,0.05,0.1,0.05,0.05,0.02,0.05,0.05,0.1,0.05,0.1,0.05,0.1,0.1,0.05,0.05,0.05,0.1,0.1,0.05,0.1,0.1,0.05,0.05,0.05,0.05,0.05,0.1,0.05,0.02,0.1,0.05,0.05,0.05,0.05,0.05,0.05,0.05,0.3,0.02,0.05,0.05,0.05,0.05,0.05,0.05,0.02,0.05,0.05,0.05,0.05,0.05,0.05,0.05,0.01,0.05,0.1,0.05,0.05,0.1,0.05,0.05,0.05,0.05,0.1,0.05,0.01,0.05,0.05,,0.05,0.05,0.05,0.1,0.02,0.02,20.0,0.1,0.01,0.01,0.05,0.05,0.05,10.0,0.05,0.05,0.15,0.05,0.05,0.05,0.05,0.1,0.05,0.05,0.05,0.05,0.05,0.1,0.05,0.01,0.1,0.4,0.05,2.0,0.05,0.05,0.1,0.1,0.1,0.02,0.05,0.5,0.05,0.05,2.0,0.05,0.05,0.05,0.05,0.05,0.05,0.1,0.05,0.05,0.1,0.8,0.01,0.05,0.05,0.02,0.03,0.05,0.05,0.05,0.05,0.15,0.01,0.05,0.1,0.1,0.05,0.02,0.1,0.05,,0.1,0.05,0.05,0.05,0.1,0.1,0.1,0.02,15.0,0.05,0.05,0.05,0.05,0.05,0.1,0.1,0.01,0.05,0.05,0.05,0.05,0.05,0.05,0.05,0.05,0.05,0.05,0.1,0.05,0.05,0.1,0.02,100.0,0.05,0.1,0.05,0.05,0.05,0.02,0.005,0.05,0.05,0.05,0.05,0.05,0.05,0.05,,0.1,0.05,0.05,0.05,0.05,0.05,0.05,0.02,0.05,0.05,0.05,0.01,0.05,0.05,0.2,0.01
545,HONEY,Honey and other apiculture products (7),,,,0.05,0.05,0.06,0.05,0.05,0.05,0.05,0.05,0.01,0.01,0.05,0.05,0.1,0.05,0.05,0.05,0.02,0.05,0.3,0.05,0.05,0.05,0.05,0.01,0.01,0.01,5.0,0.05,0.05,0.05,0.2,0.05,0.01,0.02,,0.02,0.05,,0.05,,0.05,0.01,0.05,0.05,0.05,0.05,0.05,0.05,0.05,0.05,0.1,0.05,0.05,0.05,0.05,0.05,0.01,0.05,0.05,0.05,0.01,0.15,0.01,,0.05,0.05,0.05,0.05,0.05,0.05,0.05,0.05,0.01,0.01,0.05,0.01,0.05,0.05,1.0,0.05,0.05,0.01,,0.05,0.05,,,0.05,0.05,,0.05,0.01,0.02,,,0.01,0.05,0.05,,0.05,0.05,0.05,0.05,0.05,0.05,0.01,0.01,0.05,0.01,0.01,0.05,0.05,0.05,0.05,0.05,0.05,0.05,0.15,0.05,,0.1,0.01,0.05,0.05,0.05,0.05,0.05,0.05,0.05,0.05,0.05,0.05,0.05,0.05,0.05,0.05,0.05,0.05,,0.06,0.05,0.05,0.05,0.05,0.05,0.01,0.05,0.05,0.05,,0.05,0.02,0.1,0.05,0.05,0.05,0.05,0.05,0.05,0.05,0.05,,0.01,0.05,0.05,0.05,0.05,0.05,0.05,,0.05,0.05,0.05,0.05,0.01,0.01,0.05,0.01,0.01,0.05,0.02,0.05,0.01,0.01,0.05,0.01,0.01,0.05,0.01,0.05,0.05,0.05,0.05,0.05,0.05,0.05,0.05,0.05,0.05,0.05,0.05,0.05,0.05,0.05,0.05,,0.05,0.01,0.05,0.05,0.05,,0.05,0.05,0.05,0.05,0.01,0.05,0.05,0.005,0.05,0.05,0.05,0.05,0.05,0.05,0.05,0.05,0.05,0.05,0.05,0.05,0.02,,0.05,0.05,0.05,0.05,0.05,0.5,,0.05,2.0,0.05,0.05,0.05,0.05,0.05,0.05,0.05,0.05,0.05,0.05,0.05,0.05,0.05,0.01,0.05,0.05,0.05,0.05,0.5,,0.05,1.0,0.05,0.05,0.05,0.05,,0.05,0.01,0.01,0.01,0.01,,0.05,,0.05,0.05,0.05,0.05,0.05,0.05,0.05,0.05,0.1,0.1,0.05,0.05,0.05,0.05,0.05,0.05,0.05,0.05,0.05,0.05,0.05,0.05,0.05,0.01,0.05,,0.01,0.05,0.05,,0.05,0.05,0.05,0.05,0.05,,0.05,0.05,0.05,,0.05,0.01,0.05,0.05,0.05,0.05,0.05,0.05,0.08,0.05,0.05,0.05,,0.02,0.05,0.05,0.05,,0.05,0.05,0.05,0.05,0.05,0.1,0.05,,0.05,0.05,,0.05,0.01,0.05,0.05,0.05,0.05,,0.05,0.01,0.05,0.05,0.05,0.05,0.01,0.05,0.05,0.05,0.01,0.01,0.05,0.05,0.01,,,0.01,0.05,0.05,0.05,0.05,0.05,0.05,,0.05,0.01,0.05,0.05,,0.01,0.05,0.05,0.05,,0.05,100.0,0.02,0.05,0.05,0.05,0.05,,0.05,0.05,0.05,0.15,0.05,0.05,0.05,0.05,0.02,15.0,0.05,0.05,0.05,0.05,0.05,0.05,0.05,0.05,0.05,0.05,0.05,0.05,0.05,0.05,0.05,0.05,0.01,0.05,,0.05,0.05,0.05,0.3,0.05,0.05,0.05,0.05,,0.05,0.05,0.05,0.01,0.05,0.01,0.05,0.05,,0.05,0.05,0.05,0.01,0.05,0.15,0.01,0.05,0.05,0.05,0.05,0.01,0.5,0.05,,0.05,0.05,0.05,0.05,0.05,0.05,0.05,,0.05,0.05,0.05,0.05,0.05,0.05,0.05,0.1,,0.05,0.05,0.05,0.05,0.05,0.05,0.05,0.05,0.05,0.05,1.0,0.05,0.05,0.05,0.01,1.5,0.05,,0.05,0.05,0.05,0.05,0.05,0.05,0.01,0.05,0.05,0.01,0.05,0.07,0.05,0.05,0.05,0.05,0.05,0.01,,0.05,0.01,0.05,0.05,0.05,0.01,0.05,0.05,,0.2
550,Horse,Horse,0.01,,0.1,0.02,0.3,0.06,0.01,0.01,0.01,0.01,0.05,0.01,0.001,0.01,0.01,0.1,0.01,0.01,0.01,0.02,0.01,0.2,0.01,0.01,0.01,0.01,0.01,0.01,0.006,0.03,0.07,0.02,0.01,,0.01,0.01,0.01,0.01,0.02,,0.01,0.01,0.01,0.01,0.01,0.01,0.01,0.01,0.02,0.02,0.01,0.03,0.01,0.1,0.01,0.02,0.02,0.01,0.2,0.01,0.01,0.01,0.2,0.01,0.02,0.01,0.05,0.01,0.01,0.01,0.01,0.05,0.01,0.01,0.01,0.01,0.01,0.01,0.01,0.03,0.05,0.05,0.01,0.001,0.01,,0.03,0.01,,,0.05,0.1,0.05,0.01,0.002,0.02,,0.05,0.01,0.1,0.5,0.1,0.01,0.01,0.01,0.02,0.05,0.05,0.01,0.01,0.01,0.01,0.01,0.01,0.01,0.05,0.05,0.02,0.05,0.01,0.05,0.01,2.0,,0.01,0.02,0.01,0.01,0.01,0.06,0.02,0.01,0.01,0.01,0.01,0.05,0.05,0.02,0.01,0.04,0.02,,0.06,,0.05,0.01,0.01,0.01,0.02,0.2,0.01,0.01,,0.01,0.1,0.1,0.01,0.01,0.005,0.01,0.01,0.03,0.01,0.01,,0.01,0.01,0.01,0.01,0.01,0.03,0.02,0.1,0.01,0.01,0.05,0.01,0.01,0.01,0.05,0.01,0.01,0.01,0.02,0.002,0.05,0.001,0.002,0.01,0.01,0.05,0.01,0.01,0.03,0.01,0.05,0.01,0.02,0.07,0.01,0.01,0.03,0.01,0.005,0.02,0.02,0.01,0.02,,0.01,0.01,0.05,0.01,0.015,,0.02,0.01,0.01,0.01,0.01,0.02,0.02,0.005,0.01,0.15,0.01,0.01,0.08,0.01,0.1,0.01,0.01,0.04,0.01,0.01,0.02,,0.01,0.02,0.005,0.02,0.07,0.2,,0.02,0.01,0.02,0.01,0.05,0.06,0.01,0.01,0.02,0.01,0.05,0.01,0.03,0.02,0.05,0.01,0.01,0.01,0.01,0.01,0.5,,0.01,1.0,0.03,0.05,0.02,0.02,,0.002,0.004,0.005,0.01,0.01,,0.05,,0.01,0.02,0.01,0.01,0.01,0.01,0.02,0.01,0.1,0.1,0.01,0.02,0.01,0.01,0.01,0.01,0.01,0.01,0.01,0.01,0.01,0.02,0.02,0.01,0.02,0.1,0.01,0.01,0.15,0.05,0.02,0.07,0.01,0.01,0.01,,0.02,0.01,0.07,,0.01,0.01,0.02,0.01,0.02,0.01,0.01,0.01,0.01,0.02,0.05,0.01,0.01,0.02,0.03,0.01,0.05,0.01,0.05,0.01,0.01,0.01,0.01,0.1,0.01,,0.02,0.01,,0.01,0.01,0.01,0.01,0.02,0.01,0.01,0.02,0.01,0.01,0.01,0.01,0.01,0.01,0.01,0.01,0.01,0.01,0.01,0.01,0.01,0.01,,0.05,0.01,0.01,0.01,0.02,0.01,0.01,0.01,0.05,0.01,0.01,0.05,0.05,,0.01,0.01,0.01,0.05,,0.01,0.4,0.02,0.05,0.05,0.01,0.01,,0.05,0.01,0.01,0.03,0.01,0.01,0.01,0.01,0.02,0.01,0.01,0.01,0.01,0.01,0.01,0.01,0.01,0.02,0.01,0.02,0.01,0.02,0.01,0.01,0.01,0.02,0.01,0.01,0.05,0.01,0.01,0.05,0.05,0.01,0.01,0.01,0.01,,0.02,0.02,0.05,0.01,0.015,0.01,0.02,0.02,0.01,0.01,0.01,0.01,0.01,0.01,0.03,0.01,0.01,0.02,0.2,0.004,0.01,0.01,0.015,,0.01,0.02,0.2,0.01,0.01,0.01,0.02,,0.02,0.01,0.01,0.01,0.01,0.01,0.01,0.02,0.01,0.02,0.02,0.05,0.01,0.01,0.01,0.01,0.01,0.01,0.01,0.05,0.01,0.01,0.01,0.002,2.0,0.01,0.05,0.01,0.01,0.01,0.01,0.01,0.01,0.01,0.01,0.01,0.01,0.02,0.02,0.01,0.01,0.01,0.01,0.01,0.01,0.1,0.01,0.01,0.01,0.03,0.01,0.01,0.01,0.01,,0.01
550,Horse,Horseradishes,0.01,0.01,0.01,0.01,0.05,0.06,,0.01,0.01,0.05,0.01,0.01,0.01,0.01,0.01,0.1,0.01,0.01,0.01,0.01,0.01,0.01,0.01,0.01,0.07,0.01,0.01,0.02,0.01,0.01,0.01,0.01,0.01,0.05,0.01,0.01,0.01,0.01,0.05,0.05,1.0,0.01,0.02,0.01,0.01,1.0,0.01,0.02,0.01,0.02,0.01,0.03,0.01,0.1,0.01,,0.01,0.01,0.05,0.01,0.01,0.01,0.09,0.01,2.0,0.01,50.0,0.01,0.01,0.01,0.01,0.05,0.01,0.01,0.01,0.01,0.01,0.01,0.02,0.03,0.01,0.1,0.01,0.002,0.01,,0.03,0.02,0.01,,0.06,0.15,0.01,0.01,0.01,0.02,0.01,0.01,0.01,0.03,0.01,0.02,0.005,0.01,0.01,0.01,0.01,0.01,0.01,0.01,0.01,0.01,0.01,0.01,0.01,0.05,0.5,0.02,0.02,0.01,0.5,0.01,5.0,,0.01,0.05,0.1,0.05,0.01,3.0,0.01,0.01,0.01,0.02,0.01,0.05,0.05,1.5,0.01,0.05,0.01,0.05,0.06,0.02,0.02,0.01,0.01,0.01,0.01,0.05,0.01,0.02,0.01,0.01,0.02,0.05,0.01,0.01,0.4,0.01,0.01,0.4,0.01,0.01,0.05,0.01,0.01,0.01,0.01,0.01,0.02,0.02,,0.01,0.01,0.05,0.01,0.01,0.01,0.2,0.01,0.01,0.01,0.01,0.002,0.05,0.01,0.01,0.01,0.01,0.05,0.01,0.01,0.03,0.01,0.05,0.01,0.02,0.01,0.01,0.01,0.01,0.01,0.01,0.02,0.01,0.01,0.01,0.01,0.01,0.01,0.1,0.01,0.01,0.01,0.01,0.01,0.01,0.01,0.01,0.02,0.02,0.005,0.01,0.3,0.01,0.01,0.5,0.01,0.01,0.01,0.01,1.0,0.05,0.01,0.02,,0.01,0.02,0.01,0.2,0.4,0.2,0.01,0.01,0.9,0.02,0.01,0.01,0.01,0.01,0.01,0.01,0.01,0.01,0.01,0.01,0.9,0.03,0.01,0.01,0.01,0.01,0.01,200.0,0.02,0.01,1.0,0.1,0.1,0.05,0.02,0.01,0.01,0.01,0.01,0.01,0.01,0.01,0.01,,0.02,0.01,0.05,0.01,,0.01,0.01,0.01,0.1,0.1,0.01,0.01,0.01,0.01,0.01,0.01,0.01,0.01,0.01,0.2,0.01,0.02,0.01,0.01,0.04,0.1,0.01,0.01,0.01,0.05,0.02,0.2,0.01,0.01,0.01,0.05,0.5,0.01,0.02,0.01,0.01,0.01,0.01,0.01,0.02,0.1,0.3,0.01,0.9,0.02,0.01,0.01,0.01,0.02,0.03,0.01,0.02,0.01,0.01,0.02,0.01,0.01,0.01,0.1,0.01,0.01,0.02,0.01,0.01,0.01,0.01,0.06,0.01,0.01,0.01,0.01,0.01,0.01,0.01,0.01,0.01,0.01,0.01,0.001,0.01,0.01,0.01,0.01,0.01,0.01,0.01,0.02,0.05,0.01,0.01,0.02,0.7,0.01,0.01,0.6,0.05,0.01,0.01,0.01,0.02,,0.01,0.01,0.01,0.05,0.01,0.01,150.0,0.01,0.01,0.01,0.01,0.01,0.02,0.05,0.01,0.01,0.03,0.01,0.01,0.01,0.01,0.02,0.01,0.01,0.01,0.01,0.01,0.05,0.01,0.005,0.02,0.01,0.01,0.08,0.01,0.1,0.02,0.5,0.02,0.01,0.01,1.0,0.01,0.01,0.05,0.01,0.01,0.01,0.01,0.01,0.01,0.1,0.01,0.02,0.02,0.08,0.01,0.01,0.01,0.01,0.03,0.01,0.01,0.01,0.01,0.03,0.01,0.01,0.02,0.02,0.02,0.02,0.07,0.01,,0.01,0.01,0.03,0.01,0.03,0.02,0.02,0.01,0.4,0.01,0.01,0.01,0.01,0.08,0.02,0.1,0.01,0.01,0.01,0.01,0.01,0.01,0.01,0.01,0.01,0.01,0.01,0.1,0.05,0.01,0.02,0.005,6.0,0.01,0.1,0.01,0.01,0.01,0.01,0.001,0.01,0.01,0.01,0.01,0.01,0.08,0.08,,0.02,0.01,0.01,0.01,0.01,0.05,0.01,0.01,0.01,0.01,0.01,0.01,0.01,0.01,0.1,0.01
559,Jambuls/jambolans,Jambuls/jambolans,0.01,0.01,0.01,0.01,0.05,0.06,,0.01,0.01,0.05,0.01,0.01,0.01,0.01,0.01,0.1,0.01,0.01,0.01,0.01,0.01,0.01,0.01,0.01,0.01,0.01,0.01,0.02,0.01,0.01,0.01,0.01,0.01,0.05,0.01,0.01,0.01,0.01,0.05,0.05,0.01,0.01,0.02,0.01,0.01,0.01,0.01,0.02,0.01,0.02,0.01,0.03,0.01,0.1,0.01,,0.01,0.01,0.01,0.01,0.01,0.01,0.01,0.01,0.01,0.01,"10.0, 20.0",0.01,0.01,0.01,0.01,0.05,0.01,0.01,0.01,0.01,0.01,0.01,0.02,0.03,0.01,0.1,0.01,0.003,0.01,,0.03,0.02,0.01,,0.01,0.3,0.01,0.01,0.01,0.02,0.01,0.01,0.01,0.03,0.01,0.02,0.005,0.01,0.01,0.01,0.01,0.01,0.01,0.01,0.01,0.01,0.01,0.01,0.01,0.05,0.1,0.02,0.02,0.01,0.5,0.01,20.0,,0.01,0.01,0.01,0.05,0.01,0.09,0.01,0.01,0.01,0.02,0.01,0.05,0.05,0.02,0.01,0.05,0.01,0.05,0.06,0.02,0.01,0.01,0.01,0.01,0.01,0.05,0.01,0.02,0.01,0.01,0.02,0.05,0.01,0.01,0.1,0.01,0.01,0.02,0.01,0.01,0.05,0.01,0.01,0.01,0.01,0.01,0.02,0.02,,0.01,0.01,0.05,0.01,0.01,0.01,0.05,0.01,0.01,0.01,0.01,0.002,0.05,0.01,0.01,0.01,0.01,0.05,0.01,0.01,0.03,0.01,0.05,0.01,0.02,0.01,0.01,0.01,0.01,0.01,0.01,0.02,0.01,0.01,0.01,0.01,0.01,0.01,0.1,0.01,0.01,0.01,0.01,0.01,0.01,0.01,0.01,0.02,0.02,0.005,0.01,0.03,0.01,0.01,0.01,0.01,0.01,0.01,0.01,0.01,0.05,0.01,0.02,,0.01,0.02,0.01,0.01,0.01,0.2,0.01,0.01,0.01,0.02,0.01,0.01,0.01,0.01,0.01,0.01,0.01,0.01,0.01,0.01,0.01,0.03,0.01,0.01,0.01,0.01,0.01,2.0,0.02,0.01,1.0,0.1,0.1,0.05,0.02,0.01,0.01,0.01,0.01,0.01,0.01,0.01,0.01,,0.02,0.01,0.05,0.01,,0.01,0.01,0.01,0.1,0.1,0.01,0.01,0.01,0.01,0.01,0.01,0.01,0.01,0.01,0.01,0.01,0.02,0.01,0.01,0.01,0.1,0.01,0.01,0.01,0.05,0.02,0.2,0.01,0.01,0.01,0.05,0.01,0.01,0.02,0.01,0.01,0.01,0.01,0.01,0.02,0.05,0.05,0.01,0.02,0.02,0.01,0.01,0.01,0.02,0.03,0.01,0.02,0.01,0.01,0.01,0.01,0.01,0.01,0.1,0.01,0.01,0.02,0.01,0.01,0.01,0.01,0.01,0.01,0.01,0.01,0.01,0.01,0.01,0.01,0.01,0.01,0.01,0.01,0.001,0.01,0.01,0.01,0.01,0.01,0.01,0.01,0.02,0.05,0.01,0.01,0.02,0.05,0.01,0.01,0.01,0.05,0.01,0.01,0.01,0.02,,0.01,0.01,0.01,2.0,0.01,0.01,1.5,0.01,0.01,0.01,0.01,0.01,0.02,0.01,0.01,0.01,0.03,0.01,0.01,0.01,0.01,0.02,0.01,0.01,0.01,0.01,0.01,0.05,0.01,0.005,0.02,0.01,0.01,0.01,0.01,0.01,0.02,0.02,0.02,0.01,0.01,1.0,0.01,0.01,0.05,0.01,0.01,0.01,0.01,0.01,0.01,0.1,0.01,0.02,0.02,0.01,0.01,0.01,0.01,0.01,0.03,0.01,0.01,0.01,0.01,0.03,0.01,0.01,0.02,0.02,0.02,0.02,0.02,0.01,,0.01,0.01,0.01,0.01,0.03,0.02,0.02,0.01,0.02,0.01,0.01,0.01,0.01,0.01,0.02,0.1,0.01,0.01,0.01,0.01,0.01,0.01,0.01,0.01,0.01,0.01,0.01,0.1,0.05,0.01,0.02,0.005,20.0,0.01,0.1,0.01,0.01,0.01,0.01,0.001,0.01,0.01,0.01,0.01,0.01,0.01,0.01,,0.02,0.01,0.01,0.01,0.01,0.05,0.01,0.01,0.01,0.01,0.01,0.01,0.01,0.01,0.1,0.01
560,Jasmine,Jasmine,0.1,0.02,0.02,0.05,0.05,0.1,,0.05,0.05,0.1,0.05,0.01,0.01,0.05,0.05,0.1,0.05,0.05,0.05,0.05,0.05,0.05,0.05,0.05,0.08,0.05,0.05,0.05,0.02,0.05,0.05,0.05,0.05,0.1,0.05,0.05,0.02,0.1,0.1,0.1,0.01,0.05,0.05,0.05,0.05,60.0,0.05,0.05,0.05,0.1,0.05,0.1,0.05,0.1,0.05,,0.05,0.05,0.1,0.05,0.05,0.05,0.05,0.01,0.9,0.01,50.0,0.05,0.05,0.05,0.05,0.05,0.05,0.05,0.05,0.05,0.01,0.05,0.1,0.1,0.05,0.1,0.05,0.05,0.01,,0.1,0.1,0.02,,0.05,0.05,0.1,0.05,0.02,0.02,0.05,0.1,0.05,0.1,0.05,0.1,0.025,0.05,0.05,0.05,0.05,0.05,0.01,0.01,0.05,0.05,0.05,0.05,0.05,0.1,0.1,0.1,0.05,0.05,5.0,0.05,100.0,,0.01,0.05,0.05,0.1,0.05,0.1,0.05,0.05,0.05,0.1,0.1,0.1,0.05,0.1,0.1,0.5,0.05,0.1,0.1,0.02,9.0,0.05,0.05,0.05,0.05,40.0,0.05,0.1,0.02,0.05,0.1,0.05,0.05,0.05,20.0,0.05,0.05,0.1,0.05,0.05,0.1,0.05,0.05,0.05,0.05,0.05,0.1,0.1,,0.05,0.05,0.05,0.05,0.05,0.01,0.1,0.05,0.01,0.05,0.05,0.01,0.1,0.1,0.05,0.01,0.02,0.1,0.05,0.05,15.0,0.02,0.1,0.05,0.1,0.05,0.05,0.05,0.05,0.05,0.05,0.05,0.05,0.05,0.05,0.1,0.05,0.05,0.1,0.05,0.05,0.02,0.05,0.05,0.05,0.05,0.05,0.1,0.1,0.005,0.05,0.1,0.05,0.05,0.04,0.1,0.05,0.05,0.05,0.05,0.05,0.05,0.1,,0.05,0.1,0.05,0.05,40.0,10.0,0.02,0.05,0.05,0.1,0.05,0.05,2.0,0.05,0.05,0.05,0.05,0.05,0.05,0.05,0.05,0.1,0.05,0.05,0.05,0.05,0.05,500.0,0.05,0.05,1.0,0.1,2.0,0.05,0.1,0.02,0.05,0.1,0.02,0.01,0.01,0.05,0.05,,0.1,0.05,0.1,0.01,,0.05,0.05,0.05,0.1,0.1,0.05,0.05,0.05,0.05,0.05,0.05,0.05,0.01,0.05,0.01,0.05,0.1,0.05,0.05,0.01,0.1,0.01,0.05,0.05,0.1,0.02,0.5,0.05,0.05,0.05,0.1,0.05,0.05,0.1,0.05,0.05,0.02,0.05,0.05,0.1,0.05,0.1,0.05,0.1,0.1,0.05,0.05,0.05,0.1,0.1,0.05,0.1,0.1,0.05,0.05,0.05,0.05,0.05,0.1,0.05,0.02,0.1,0.05,0.05,0.05,0.05,0.05,0.05,0.05,0.3,0.02,0.05,0.05,0.05,0.05,0.05,0.05,0.02,0.05,0.05,0.05,0.05,0.05,0.05,0.05,0.01,0.05,0.1,0.05,0.05,0.1,0.05,0.05,0.05,0.05,0.1,0.05,0.01,0.05,0.05,,0.05,0.05,0.05,0.1,0.02,0.02,20.0,0.1,0.01,0.01,0.05,0.05,0.05,10.0,0.05,0.05,0.15,0.05,0.05,0.05,0.05,0.1,0.05,0.05,0.05,0.05,0.05,0.1,0.05,0.01,0.1,0.4,0.05,2.0,0.05,0.05,0.1,0.1,0.1,0.02,0.05,0.5,0.05,0.05,2.0,0.05,0.05,0.05,0.05,0.05,0.05,0.1,0.05,0.05,0.1,0.8,0.01,0.05,0.05,0.02,0.03,0.05,0.05,0.05,0.05,0.15,0.01,0.05,0.1,0.1,0.05,0.02,0.1,0.05,,0.1,0.05,0.05,0.05,0.1,0.1,0.1,0.02,15.0,0.05,0.05,0.05,0.05,0.05,0.1,0.1,0.01,0.05,0.05,0.05,0.05,0.05,0.05,0.05,0.05,0.05,0.05,0.1,0.05,0.05,0.1,0.02,100.0,0.05,0.1,0.05,0.05,0.05,0.02,0.005,0.05,0.05,0.05,0.05,0.05,0.05,0.05,,0.1,0.05,0.05,0.05,0.05,0.05,0.05,0.02,0.05,0.05,0.05,0.01,0.05,0.05,0.2,0.01
57,ARTICHOKE,Jerusalem artichokes,0.01,0.01,0.01,0.01,0.05,0.06,,0.01,0.01,0.05,0.01,0.01,0.01,0.01,0.01,0.1,0.01,0.01,0.01,0.01,0.01,0.01,0.01,0.01,0.1,0.01,0.01,0.02,0.01,0.01,0.01,0.01,0.01,0.05,0.01,0.01,0.01,0.01,0.05,0.05,1.0,0.01,0.02,0.01,0.01,1.0,0.01,0.02,0.01,0.02,0.01,0.03,0.01,0.1,0.02,,0.01,0.01,0.05,0.01,0.01,0.01,0.09,0.01,2.0,0.01,50.0,0.01,0.01,0.01,0.01,0.05,0.01,0.01,0.01,0.01,0.01,0.01,0.02,0.03,0.01,0.1,0.01,0.002,0.01,,0.03,0.02,0.01,,0.06,0.15,0.01,0.01,0.01,0.02,0.01,0.01,0.01,0.03,0.01,0.02,0.005,0.01,0.01,0.01,0.01,0.01,0.01,0.01,0.01,0.01,0.01,0.01,0.01,0.05,0.5,0.02,0.02,0.01,0.5,0.01,5.0,,0.01,0.05,0.01,0.05,0.01,0.9,0.01,0.01,0.01,0.02,0.01,0.05,0.05,0.02,0.01,0.05,0.01,0.05,0.06,0.02,0.02,0.01,0.01,0.01,0.01,0.05,0.01,0.02,0.01,0.01,0.02,0.05,0.01,0.01,0.4,0.01,0.01,0.4,0.01,0.01,0.05,0.01,0.01,0.01,0.01,0.01,0.02,0.02,,0.01,0.01,0.05,0.01,0.01,0.01,0.05,0.01,0.01,0.01,0.01,0.002,0.05,0.01,0.01,0.01,0.01,0.05,0.01,0.01,0.03,0.01,0.05,0.01,0.02,0.01,0.01,0.01,0.01,0.01,0.01,0.02,0.01,0.01,0.01,0.01,0.01,0.01,0.1,0.01,0.01,0.01,0.01,0.01,0.01,0.01,0.01,0.02,0.02,0.005,0.01,0.3,0.01,0.01,0.5,0.01,0.01,0.01,0.01,0.01,0.05,0.01,0.02,,0.01,0.02,0.01,0.2,0.4,0.2,0.01,0.01,0.9,0.02,0.01,0.01,0.01,0.01,0.01,0.01,0.01,0.01,0.01,0.01,0.9,0.03,0.01,0.01,0.01,0.01,0.01,2.0,0.02,0.01,1.0,0.1,0.1,0.05,0.02,0.01,0.01,0.01,0.01,0.01,0.01,0.01,0.01,,0.02,0.01,0.05,0.01,,0.01,0.01,0.01,0.1,0.1,0.01,0.01,0.01,0.01,0.01,0.01,0.01,0.01,0.01,0.2,0.01,0.02,0.01,0.01,0.04,0.1,0.01,0.01,0.01,0.05,0.02,0.2,0.01,0.01,0.01,0.05,0.1,0.01,0.02,0.01,0.01,0.01,0.01,0.01,0.02,0.01,0.3,0.01,0.02,0.02,0.01,0.01,0.01,0.02,0.03,0.01,0.02,0.01,0.01,0.02,0.01,0.01,0.01,0.1,0.01,0.01,0.02,0.01,0.01,0.01,0.01,0.06,0.01,0.01,0.01,0.01,0.01,0.01,0.01,0.01,0.01,0.01,0.01,0.001,0.01,0.01,0.01,0.01,0.01,0.01,0.01,0.02,0.05,0.01,0.01,0.02,0.05,0.01,0.01,0.6,0.05,0.01,0.01,0.01,0.02,,0.01,0.01,0.01,0.05,0.01,0.01,1.5,0.01,0.01,0.01,0.01,0.01,0.02,0.05,0.01,0.01,0.03,0.01,0.01,0.01,0.01,0.02,0.01,0.01,0.01,0.01,0.01,0.05,0.01,0.005,0.02,0.01,0.01,0.01,0.01,0.01,0.02,0.06,0.02,0.01,0.01,1.0,0.01,0.01,0.05,0.01,0.01,0.01,0.01,0.01,0.01,0.1,0.01,0.02,0.02,0.08,0.01,0.01,0.01,0.01,0.03,0.01,0.01,0.01,0.01,0.03,0.01,0.01,0.02,0.02,0.02,0.02,0.07,0.01,,0.01,0.01,0.03,0.01,0.03,0.02,0.02,0.01,0.02,0.01,0.01,0.01,0.01,0.08,0.02,0.1,0.01,0.01,0.01,0.01,0.01,0.01,0.01,0.01,0.01,0.01,0.01,0.1,0.05,0.01,0.02,0.005,5.0,0.01,0.1,0.01,0.01,0.01,0.01,0.001,0.01,0.01,0.01,0.01,0.01,0.01,0.01,,0.02,0.01,0.01,0.01,0.01,0.05,0.01,0.01,0.01,0.01,0.01,0.01,0.01,0.01,0.1,0.01
566,Juniper berry,Juniper berry,0.02,0.02,0.02,0.05,0.05,0.1,,0.05,0.05,0.1,0.05,0.01,0.01,0.05,0.05,0.1,0.05,0.05,0.05,0.2,0.05,0.05,0.05,0.05,0.01,0.05,0.05,0.05,0.1,0.05,0.05,0.05,0.05,0.1,0.05,0.05,0.02,0.1,0.1,0.1,0.01,0.05,0.05,0.5,0.05,0.3,0.05,0.05,0.05,0.1,0.05,0.1,0.05,0.1,0.05,,0.05,0.05,0.03,0.05,0.05,0.05,0.05,0.01,0.9,0.01,"50.0, 400.0",0.05,0.05,0.05,0.05,0.05,0.05,0.05,0.05,0.05,0.01,0.05,0.1,0.1,0.8,0.1,0.05,0.05,0.01,,0.1,0.1,0.02,,0.05,0.07,0.1,0.05,0.02,0.02,0.05,0.1,0.05,0.1,0.05,0.1,0.025,0.05,0.05,0.05,0.05,0.05,0.01,0.01,0.05,0.05,0.05,0.05,0.05,0.1,0.1,0.1,0.05,0.05,0.5,0.05,40.0,,0.01,0.05,0.05,0.1,0.05,0.1,0.05,0.05,0.03,0.1,0.1,0.1,0.05,0.1,0.1,1.0,0.05,0.1,0.1,0.02,0.05,0.05,0.05,0.05,0.1,0.05,0.05,0.1,"0.1, 0.02",0.05,0.1,0.05,0.05,0.05,0.3,0.05,0.05,0.1,0.05,0.05,0.1,0.05,0.05,0.05,0.05,0.05,0.1,0.1,,0.05,0.05,0.05,0.05,0.05,0.01,0.1,0.05,0.01,0.05,0.05,0.01,5.0,0.1,0.05,0.01,0.02,0.1,5.0,0.05,0.1,0.02,0.1,0.05,0.1,0.05,0.05,0.05,0.05,0.05,0.05,0.05,0.05,0.05,0.05,0.1,0.05,1.0,0.1,0.05,0.05,0.02,0.05,0.05,0.05,0.05,0.05,0.1,0.1,0.005,0.05,0.1,0.05,0.05,0.03,0.1,0.05,0.05,0.05,0.05,0.05,0.05,0.1,,0.05,0.1,0.05,0.05,0.05,5.0,0.02,0.05,0.05,0.1,0.05,0.05,0.05,0.05,0.05,0.05,0.05,0.05,0.05,0.05,0.05,0.1,0.05,0.05,0.05,0.05,0.05,400.0,0.05,0.05,1.0,0.1,0.1,0.05,0.1,0.02,0.05,0.1,0.02,0.01,0.01,0.05,0.05,,0.1,0.05,0.1,0.01,,0.05,0.05,0.05,0.1,0.1,0.05,0.05,0.05,0.05,0.05,0.05,0.05,0.01,0.05,0.01,0.05,0.1,0.05,0.05,0.3,0.1,0.01,0.05,0.05,0.1,0.02,0.5,0.05,0.05,0.05,0.1,0.05,0.05,0.1,0.05,0.05,0.02,0.05,0.05,0.1,0.05,0.1,0.05,0.1,0.1,0.05,0.05,0.1,0.1,0.1,0.05,0.1,0.1,0.05,0.05,0.05,0.05,0.05,0.1,0.05,0.02,0.1,0.05,0.05,0.05,0.05,0.05,0.05,0.05,0.3,0.02,0.05,0.05,0.05,0.05,0.05,0.05,0.02,0.05,0.05,0.05,0.05,0.05,0.05,0.05,0.01,0.05,0.1,5.0,0.05,0.1,0.05,0.05,0.05,0.05,0.1,0.05,0.01,0.05,0.05,,0.1,2.0,0.05,0.1,0.02,0.02,300.0,0.02,0.01,0.01,0.05,0.05,0.05,0.05,0.5,0.05,0.15,0.05,0.07,0.05,0.05,0.1,0.05,0.05,0.05,0.05,0.05,0.1,0.05,0.01,0.1,0.05,0.05,0.3,0.05,0.05,0.1,0.1,0.1,0.02,0.05,0.5,0.05,0.05,0.15,0.05,0.05,0.05,0.05,0.05,0.05,0.1,0.05,0.05,0.1,0.05,0.01,0.05,0.05,0.02,0.03,0.05,0.05,0.05,0.05,0.15,0.01,0.05,0.1,0.1,0.05,0.02,0.1,0.05,,0.1,0.05,0.05,0.05,0.1,0.1,0.1,0.02,0.05,0.05,0.05,0.05,0.05,0.05,0.1,0.1,0.01,0.05,0.05,0.05,0.05,0.05,0.05,0.05,0.05,0.05,0.05,0.1,0.05,0.05,0.1,0.02,40.0,0.05,0.1,0.05,0.05,0.05,0.07,0.005,0.05,0.05,0.05,0.05,0.05,0.05,0.05,,0.1,0.05,0.05,0.05,0.05,0.05,0.05,0.02,0.05,0.05,0.05,0.01,0.05,0.05,0.2,0.05
842,PERSIMMON,Kaki/Japanese persimmons,0.01,0.01,0.01,0.01,0.05,0.06,,0.01,0.01,0.05,0.01,0.01,0.01,0.01,0.01,0.1,0.01,0.01,0.01,0.01,0.05,0.01,0.01,0.01,0.01,0.01,0.01,0.02,0.01,0.01,0.01,0.01,0.01,0.05,0.01,0.01,0.01,0.01,0.05,0.05,0.5,0.01,0.02,0.01,0.01,0.01,0.01,0.02,0.01,0.02,0.01,0.03,0.01,0.1,0.2,,0.01,0.01,0.01,0.01,0.01,0.01,0.01,0.01,0.01,0.01,"10.0, 20.0",0.01,0.01,0.01,0.01,0.05,0.01,0.01,0.01,0.01,0.01,0.01,0.02,0.03,0.01,0.1,0.01,0.003,0.01,,0.03,0.02,0.01,,0.01,0.3,0.01,0.01,0.01,0.02,0.01,0.01,0.01,0.03,0.01,0.02,0.005,0.01,0.01,0.01,0.01,0.01,0.01,0.01,0.01,0.01,0.01,0.01,0.01,0.05,0.1,0.02,0.02,0.01,0.5,0.01,20.0,,0.01,0.8,0.01,0.05,0.01,0.09,0.01,0.4,0.01,0.02,0.01,0.05,0.05,2.0,0.01,0.05,0.01,0.05,0.06,0.02,0.01,0.01,0.01,0.01,0.01,0.05,0.01,0.02,0.01,0.01,0.02,0.05,0.01,0.01,0.8,0.01,0.01,0.02,0.01,0.01,0.05,0.01,0.01,0.01,0.01,0.01,0.02,0.02,,0.01,0.01,0.05,0.02,0.01,0.01,0.2,0.01,0.01,0.01,0.01,0.002,0.05,0.01,0.01,0.01,0.01,0.3,0.01,0.01,0.03,0.01,0.05,0.01,0.02,0.8,0.01,0.01,0.01,0.01,0.01,0.02,0.01,0.01,0.01,0.01,0.01,0.01,0.1,0.01,0.01,0.01,0.01,0.01,0.01,0.01,0.01,0.02,0.02,0.005,0.01,0.03,0.01,0.01,0.01,0.01,0.01,0.01,0.01,0.01,0.05,0.01,0.02,,0.01,0.02,0.01,0.01,0.01,0.2,0.01,0.01,0.01,0.02,0.01,0.01,0.01,0.01,0.01,0.01,0.01,0.01,0.01,0.01,0.2,0.03,0.01,0.01,0.01,0.01,0.01,50.0,0.02,0.01,1.0,0.1,0.1,0.05,0.02,0.01,0.01,0.01,0.01,0.01,0.01,0.01,0.01,,0.02,0.01,0.05,0.01,,0.01,0.01,0.01,0.1,0.1,0.01,0.01,0.01,0.01,0.01,0.01,0.6,0.01,0.01,0.4,0.01,0.02,0.01,0.01,0.09,0.1,0.01,0.01,1.0,0.05,0.02,0.2,0.01,0.01,0.01,0.05,0.2,0.01,0.02,0.01,0.01,0.01,0.01,0.01,0.02,0.05,0.05,0.01,0.02,0.02,0.01,0.01,0.01,0.02,0.03,0.01,0.02,0.01,0.01,0.01,0.01,0.01,1.0,0.1,0.01,0.01,0.02,0.01,0.01,0.01,0.01,0.6,0.01,0.01,0.01,0.01,0.01,0.01,0.01,0.01,0.01,0.01,0.01,0.001,0.01,0.01,0.01,0.01,0.01,0.01,0.01,0.02,0.05,0.01,0.01,0.02,0.05,0.01,0.01,0.4,0.05,0.01,0.01,0.01,0.02,,0.01,0.01,0.01,0.05,0.01,0.01,50.0,0.01,0.01,0.01,0.01,0.01,0.02,0.01,0.01,0.01,0.03,0.01,0.01,0.01,0.01,0.02,0.01,0.01,0.01,0.01,0.01,0.05,0.01,0.005,0.02,0.01,0.01,0.01,0.01,0.01,0.02,0.02,0.02,0.01,0.01,1.0,0.01,0.01,0.05,15.0,0.01,0.01,0.01,0.01,0.01,0.1,0.01,0.02,0.02,0.01,0.01,0.01,0.01,0.01,0.03,0.01,0.01,0.01,0.01,0.03,0.01,0.01,0.02,0.02,0.02,0.02,0.4,0.01,,0.01,0.01,0.3,0.01,0.03,0.02,0.02,0.01,0.02,0.01,0.01,0.01,0.01,0.01,0.02,0.1,0.01,0.01,0.09,0.01,0.01,0.01,0.01,0.01,0.01,0.01,0.01,0.1,0.05,0.01,0.02,0.005,20.0,0.01,0.1,0.01,0.01,0.01,0.01,0.001,0.01,0.01,0.01,0.01,0.01,0.01,0.01,,0.02,0.01,0.01,0.01,0.01,0.05,0.01,0.01,0.01,0.01,0.01,0.01,0.01,0.01,0.1,0.01
569,Kales,Kales,0.01,0.01,0.01,0.01,0.05,0.06,,0.01,0.01,0.05,0.01,0.01,0.01,0.01,0.01,0.1,0.01,0.01,0.01,0.01,0.01,0.01,0.01,0.01,0.01,0.01,0.01,0.02,0.01,50.0,0.01,0.01,0.01,0.05,0.01,0.01,0.01,0.01,0.05,0.05,1.0,0.01,0.02,0.01,0.01,6.0,0.01,0.02,0.01,0.02,0.01,0.03,0.01,0.1,0.01,,0.01,0.01,0.01,0.01,0.01,0.01,0.01,0.01,9.0,0.01,30.0,0.01,0.01,0.01,0.01,0.05,0.01,0.01,0.01,0.01,0.01,0.01,0.02,0.03,0.01,0.1,0.01,0.002,0.01,,0.03,0.02,0.01,,40.0,0.2,0.01,0.01,0.01,0.02,0.01,0.01,0.01,0.03,0.01,0.02,0.005,0.01,0.01,0.01,0.01,0.01,0.01,0.01,0.01,0.01,0.01,0.01,0.01,0.05,1.0,0.02,0.02,0.01,1.0,0.01,20.0,,0.01,0.01,0.01,0.05,0.01,3.0,0.01,0.01,0.01,0.02,0.01,1.0,0.05,0.02,0.01,0.05,0.01,0.05,0.06,0.03,0.15,0.01,0.01,0.01,0.01,0.05,0.01,0.02,0.01,0.01,0.02,0.05,0.01,0.01,2.0,0.01,0.01,0.7,0.01,0.01,0.05,0.01,3.0,0.01,0.01,0.01,0.02,0.02,,0.01,0.01,0.05,0.01,0.01,0.01,0.5,0.01,0.01,0.01,0.01,0.2,0.05,0.01,0.01,0.01,0.01,0.05,0.01,0.01,0.03,0.01,0.05,0.01,0.02,0.01,0.01,0.01,0.01,0.01,0.01,0.02,0.01,0.01,0.01,0.01,0.01,0.01,0.1,0.01,0.01,0.01,0.01,0.01,0.01,0.01,0.01,0.02,0.02,0.005,0.01,0.5,0.01,0.01,0.01,0.01,0.01,0.01,0.01,0.01,0.05,0.01,0.02,,0.01,0.02,0.01,2.0,0.15,0.2,0.01,0.01,4.0,0.02,0.01,0.01,0.01,0.01,0.01,0.01,0.01,0.01,0.01,0.01,0.15,0.03,0.01,0.01,0.01,0.01,0.01,30.0,0.02,0.01,1.0,0.03,0.1,0.05,0.02,0.01,0.01,0.01,0.01,0.01,0.01,0.01,0.01,,0.02,0.01,0.05,0.01,,0.01,0.01,0.01,0.1,0.1,0.01,0.01,0.01,0.01,0.01,0.01,0.01,0.01,0.01,0.01,0.01,0.02,0.01,0.01,0.01,0.1,0.01,0.01,0.01,0.05,0.02,0.2,0.01,25.0,0.01,0.05,0.01,0.01,0.02,0.01,0.01,0.01,0.01,0.01,0.02,0.3,6.0,0.01,0.15,0.02,0.01,0.01,0.01,0.02,0.03,0.01,0.02,0.01,0.01,0.03,0.01,0.01,0.01,0.1,0.01,0.01,0.02,0.01,0.01,0.01,0.01,0.05,0.05,0.01,0.01,0.01,0.01,0.01,0.01,0.01,0.01,0.01,0.01,0.001,0.01,0.01,0.01,0.01,0.01,0.01,0.01,0.02,0.05,0.01,0.01,0.02,0.5,0.01,0.01,0.01,0.05,0.01,0.01,0.01,0.02,,0.01,0.01,0.01,0.05,0.01,0.01,20.0,0.01,0.01,0.01,0.01,0.01,0.02,0.3,0.01,0.01,0.03,0.01,0.01,0.01,0.01,0.02,20.0,0.01,0.01,0.01,0.01,0.05,0.01,0.005,0.02,0.01,0.01,0.01,0.01,0.01,0.02,1.5,0.02,0.01,0.01,1.0,0.01,0.01,0.2,0.01,0.01,0.01,0.01,0.01,0.01,0.1,0.01,0.02,0.02,0.01,0.01,0.01,0.01,0.01,0.03,0.01,0.01,0.01,0.01,0.03,0.01,0.01,0.02,2.0,0.02,0.02,7.0,0.01,,0.01,0.01,0.01,0.01,0.03,0.02,0.02,0.01,0.02,10.0,0.01,0.01,0.01,0.01,0.02,0.1,0.01,0.01,0.01,0.01,0.01,0.01,0.01,0.01,0.01,0.01,0.01,0.1,0.05,0.01,0.02,0.005,30.0,0.01,0.1,0.01,0.01,0.01,0.01,0.001,0.01,0.01,0.01,0.01,0.01,3.0,2.0,,0.02,0.01,0.01,0.01,0.01,0.05,0.01,0.01,0.01,0.01,0.01,0.01,0.01,0.01,0.1,0.01
570,Kapok,Kapok,0.01,0.02,0.02,0.01,0.05,0.06,,0.02,0.02,0.05,0.05,0.01,0.01,0.02,0.01,0.1,0.01,0.02,0.01,0.02,0.01,0.01,0.01,0.01,0.01,0.01,0.02,0.05,0.02,0.01,0.01,0.05,0.01,0.05,0.02,0.02,0.02,0.01,0.1,0.05,0.01,0.01,0.02,0.01,0.02,0.01,0.02,0.02,0.01,0.02,0.01,0.03,0.02,0.1,0.01,,0.01,0.01,0.02,0.01,0.01,0.02,0.01,0.01,0.01,0.01,"20.0, 5.0",0.02,0.01,0.01,0.01,0.05,0.01,0.01,0.02,0.02,0.01,0.02,0.05,0.07,0.02,0.1,0.01,0.02,0.01,,0.05,0.05,0.02,,0.01,0.7,0.01,0.02,0.02,0.02,0.02,0.01,0.02,0.04,0.01,0.02,0.01,0.01,0.02,0.02,0.01,0.01,0.01,0.01,0.01,0.02,0.02,0.02,0.01,0.05,0.1,0.05,0.05,0.02,0.5,0.01,30.0,,0.01,0.01,0.02,0.05,0.01,0.09,0.01,0.01,0.01,0.05,0.01,0.05,0.05,0.02,0.01,0.05,0.02,0.1,0.1,0.02,0.01,0.01,0.01,0.02,0.02,0.05,0.01,0.02,0.01,0.01,0.05,0.05,0.01,0.01,0.05,0.01,0.01,0.02,0.01,0.01,0.1,0.01,0.02,0.01,0.01,0.02,0.05,0.05,,0.02,0.02,0.05,0.01,0.02,0.01,0.1,0.01,0.01,0.01,0.02,0.005,0.1,0.01,0.01,0.01,0.02,0.05,0.02,0.01,0.03,0.01,0.1,0.02,0.05,0.01,0.01,0.01,0.01,0.01,0.01,0.02,0.01,0.01,0.02,0.01,0.02,0.02,0.01,0.01,0.01,0.01,0.01,0.01,0.01,0.01,0.02,0.05,0.05,0.005,0.01,0.06,0.01,0.01,0.01,0.01,0.01,0.02,0.02,0.01,0.05,0.01,0.05,,0.01,0.05,0.01,0.01,0.01,2.0,0.01,0.01,0.01,0.02,0.01,0.01,0.01,0.02,0.01,0.01,0.01,0.01,0.02,0.01,0.8,0.07,0.02,0.02,0.02,0.01,0.02,2.0,0.05,0.01,1.0,0.03,0.1,0.05,0.05,0.01,0.01,0.01,0.01,0.01,0.01,0.02,0.01,,0.05,0.01,0.05,0.01,,0.01,0.02,0.01,0.1,0.1,0.01,0.02,0.01,0.01,0.01,0.02,0.01,0.01,0.01,0.01,0.01,0.02,0.01,0.02,0.01,0.1,0.01,0.01,0.01,0.1,0.02,0.5,0.01,0.01,0.01,0.05,0.01,0.02,0.05,0.02,0.01,0.02,0.02,0.01,0.02,0.01,0.05,0.01,0.02,0.05,0.02,0.02,0.02,0.05,0.03,0.01,0.05,0.01,0.01,0.01,0.01,0.01,0.01,0.1,0.01,0.01,0.02,0.02,0.02,0.02,0.02,0.01,0.01,0.02,0.02,0.02,0.01,0.01,0.01,0.01,0.01,0.01,0.02,0.01,0.01,0.01,0.02,0.02,0.01,0.01,0.01,0.02,0.05,0.02,0.01,0.02,0.05,0.01,0.01,0.01,0.1,0.01,0.01,0.01,0.05,,0.02,0.02,0.01,0.05,0.01,0.01,1.5,0.02,0.01,0.01,0.01,0.01,0.02,0.02,0.01,0.01,0.03,0.02,0.02,0.01,0.01,0.05,0.01,0.05,0.02,0.02,0.01,0.2,0.01,0.01,0.05,0.01,0.02,0.02,0.02,0.02,0.02,0.02,0.02,0.01,0.02,0.5,0.01,0.01,0.05,0.02,0.01,0.01,0.01,0.02,0.02,0.15,0.02,0.05,0.05,0.01,0.01,0.02,0.02,0.02,0.03,0.01,0.02,0.02,0.01,0.03,0.01,0.01,0.02,0.02,0.02,0.02,0.02,0.05,,0.05,0.02,0.02,0.01,0.03,0.02,0.02,0.01,0.02,0.01,0.01,0.02,0.01,0.01,0.02,0.1,0.01,0.01,0.01,0.02,0.02,0.02,0.01,0.01,0.01,0.02,0.01,0.1,0.05,0.01,0.02,0.005,30.0,0.01,0.1,0.01,0.01,0.01,0.01,0.005,0.01,0.02,0.01,0.01,0.02,0.01,0.01,,0.02,0.01,0.01,0.01,0.02,0.05,0.01,0.02,0.01,0.01,0.02,0.01,0.01,0.01,0.1,0.01
575,Kidney,Kidney,0.01,,0.1,0.02,"1.5, 3.0, 2.0",0.06,0.01,0.01,0.01,"0.05, 5.0",0.05,0.01,0.01,0.01,0.01,0.1,0.01,0.01,"0.01, 0.02",0.02,0.01,"1.0, 0.1",0.01,0.02,0.01,0.01,0.01,0.01,0.2,0.03,"0.2, 0.02, 0.05","1.0, 0.01",0.01,"0.2, 0.05",0.01,0.01,0.01,0.01,0.02,,0.01,0.02,0.01,0.01,0.01,"0.07, 0.01",0.01,0.01,0.01,0.02,0.01,"0.02, 0.15",0.01,0.1,"0.01, 0.1","0.02, 0.01",0.02,0.01,"0.2, 0.01",0.01,0.01,0.01,"0.02, 4.0",0.01,"0.2, 0.05",0.01,0.05,0.01,0.01,0.05,0.02,0.05,0.01,0.01,0.01,0.01,0.01,0.01,0.01,"0.09, 0.03",0.05,0.05,0.01,0.01,0.01,,0.03,0.01,,,"0.01, 0.2",0.05,0.05,0.01,0.05,0.02,,0.05,0.01,0.1,"1.5, 2.0, 0.15",0.1,0.01,0.01,"0.01, 0.05",0.02,0.05,0.05,0.01,0.01,0.01,0.01,0.01,0.01,0.01,0.1,"0.2, 0.05",0.02,0.05,0.01,"0.05, 0.6, 2.0, 1.5",0.02,30.0,,0.01,"0.15, 1.5",0.01,0.01,0.01,"0.5, 0.8, 0.9, 0.03",0.02,"0.01, 0.02","0.01, 0.02",0.01,0.01,"0.2, 0.05","0.05, 0.5","0.05, 0.02","0.01, 0.3",1.0,0.02,,0.06,,"0.02, 0.03",0.01,0.01,0.01,"0.01, 0.03","0.7, 0.07",0.01,"0.7, 0.05, 0.1",,0.01,"0.02, 0.05",0.1,0.01,0.01,"0.2, 0.1",0.01,0.02,"0.3, 0.5, 0.02, 0.2",0.01,0.01,,0.01,0.01,,0.03,0.01,0.05,0.02,"0.1, 0.02",0.01,0.01,0.05,0.05,0.01,0.01,0.05,0.01,0.01,0.01,0.02,"0.09, 0.01",0.05,0.05,0.01,0.01,0.01,"0.4, 0.08",0.01,0.01,0.03,0.01,0.05,0.01,0.02,"0.05, 0.07, 0.01",0.01,0.01,"0.5, 0.01",0.01,"0.02, 0.01",0.02,"0.02, 0.01","0.1, 0.05",0.02,,0.05,0.01,"0.1, 0.05",0.01,"0.01, 0.02",,"0.1, 0.02, 0.05","0.7, 0.01",0.01,"0.8, 0.01",0.05,0.02,"0.05, 0.02",0.005,0.01,"0.2, 0.1",0.01,0.01,"0.07, 0.06, 0.01",0.01,"0.01, 1.0",0.01,0.01,0.1,0.05,0.02,0.02,"1.5, 1.0",0.01,0.02,0.005,0.05,"0.15, 0.08, 0.02",0.3,,"0.1, 0.05","1.0, 0.15, 0.01",0.02,0.01,0.05,"0.06, 0.3, 0.01",0.01,0.01,0.02,0.01,"0.5, 0.05","1.0, 0.03","0.01, 0.015","0.01, 0.1",0.05,0.01,0.01,0.01,0.01,0.01,"0.5, 6.0, 8.0",,0.01,1.0,"3.0, 0.1","0.5, 0.05, 2.0, 0.1",0.05,0.02,,0.01,0.2,0.01,0.01,0.01,,0.05,,0.01,"0.02, 0.01",0.01,0.01,"0.2, 0.05",0.01,0.02,0.01,0.1,0.1,0.01,0.02,0.01,0.01,0.01,0.05,0.01,0.01,0.01,"0.02, 0.01",0.01,"0.1, 0.2",0.05,0.01,"0.2, 0.03",0.1,0.01,0.01,"0.15, 0.02","3.0, 0.1",0.02,"1.5, 0.02, 2.0",0.01,0.01,0.01,,"0.3, 0.1, 0.01, 0.03, 0.15",0.01,"0.8, 0.05, 0.07",,0.01,0.02,0.02,0.01,0.02,"0.15, 0.4, 0.05",0.01,0.01,0.05,0.02,0.05,0.01,0.01,0.02,0.03,0.01,0.05,0.01,"0.2, 0.01",0.01,0.01,0.01,0.01,0.1,0.01,,0.02,0.01,,0.01,0.01,0.01,0.01,0.02,0.01,0.01,0.05,0.01,0.01,0.01,0.01,0.01,0.01,0.01,0.01,0.01,0.01,0.01,0.01,0.01,0.01,,0.05,0.01,0.05,0.01,"0.05, 0.01",0.01,0.01,0.01,0.05,0.01,0.01,0.05,0.05,,"0.01, 0.02",0.01,0.01,0.1,,0.01,"4.0, 7.0, 0.5","0.02, 0.05, 0.03","5.0, 0.01","5.0, 0.01",0.02,0.01,,"0.05, 0.01",0.01,0.01,0.03,0.01,0.05,0.01,0.01,0.02,"0.05, 0.01, 0.02",0.01,0.01,0.01,0.01,0.01,0.01,0.01,0.05,0.1,0.02,0.01,0.02,"0.5, 0.1",0.01,0.05,0.02,"0.2, 0.01",0.01,0.05,0.01,0.01,"0.05, 2.0, 0.3","0.05, 0.2, 0.1",0.01,0.01,0.01,0.01,,"0.05, 0.02",0.02,0.2,0.01,"0.3, 0.04, 0.1",0.01,0.02,0.02,0.01,"0.3, 0.01",0.01,0.01,0.01,0.01,0.03,0.01,0.01,0.02,"0.5, 1.0, 0.02","0.05, 0.01",0.01,"0.7, 0.02","0.15, 0.02",,"0.01, 0.015",0.02,"0.6, 0.3",0.01,0.02,0.01,0.02,,"0.2, 0.1",0.02,0.01,0.01,0.01,"0.01, 0.05","0.02, 0.01, 0.015",0.1,0.01,0.01,"0.04, 0.05, 0.06, 0.01",0.05,"0.01, 0.1",0.01,0.02,0.01,0.01,0.01,0.01,0.05,0.01,0.01,0.05,0.01,,0.01,0.05,0.05,0.05,0.01,0.01,0.01,0.01,0.01,"0.08, 0.01",0.01,0.01,0.04,0.04,0.01,0.01,"0.05, 0.01",0.01,0.01,0.01,"0.05, 0.1, 0.2",0.05,0.01,0.01,0.03,0.01,0.01,0.01,0.01,,0.01
436,FRUITS,"Kiwi fruits (green, red, yellow)",0.01,0.01,0.01,0.01,0.05,0.06,,0.01,0.01,0.05,0.01,0.01,0.01,0.01,0.01,0.1,0.01,0.01,0.01,0.01,0.01,0.01,0.01,0.4,0.01,0.01,0.01,0.02,0.01,0.01,0.01,0.01,0.01,0.05,0.01,0.01,0.01,0.01,0.05,0.05,0.5,0.01,0.02,0.01,0.01,0.01,0.01,0.02,0.01,0.02,0.01,0.03,0.01,0.1,0.01,,0.01,0.01,0.01,0.01,0.01,0.01,0.01,0.01,5.0,0.01,"50.0, 10.0",0.01,0.01,0.01,0.01,0.05,0.01,0.01,0.01,0.01,0.01,0.01,0.02,0.03,0.01,0.1,0.01,0.01,0.01,,0.03,0.02,0.01,,0.01,0.3,0.01,0.01,0.01,0.02,0.01,0.01,0.01,0.03,0.01,0.02,0.005,0.01,0.01,0.01,0.01,0.01,0.01,0.01,0.01,0.01,0.01,0.01,0.01,0.05,0.1,0.02,0.02,0.01,0.5,0.01,20.0,,0.01,0.01,0.01,0.05,0.01,0.09,0.01,0.01,0.01,0.02,0.01,0.05,0.05,0.02,0.01,0.05,0.01,0.05,0.06,0.02,0.01,0.01,0.01,0.01,0.01,0.05,0.01,0.02,0.01,0.01,0.02,0.05,0.01,0.01,0.1,0.01,0.01,0.02,0.01,0.01,0.05,0.01,0.01,0.01,0.01,0.01,0.02,0.02,,0.01,0.01,0.05,0.01,0.01,0.01,0.05,0.01,0.01,0.01,0.01,0.15,0.05,0.01,0.01,0.01,0.01,0.05,0.01,0.01,0.03,0.01,0.05,0.01,0.02,1.0,0.01,0.01,0.01,0.01,0.01,0.02,0.01,0.01,0.01,0.01,15.0,0.01,0.1,0.01,0.01,0.01,0.01,0.01,0.01,0.01,0.01,0.02,0.02,0.005,0.01,0.03,0.01,0.01,0.01,0.01,0.01,0.01,0.01,15.0,0.05,0.01,0.02,,0.01,0.02,0.01,0.01,0.01,0.2,0.01,0.01,0.01,0.02,0.01,0.01,0.01,0.01,0.01,0.01,0.01,0.01,0.01,0.01,0.01,0.03,0.01,0.01,0.01,0.01,0.01,200.0,0.02,0.01,1.0,0.6,0.1,0.05,0.02,0.01,0.01,0.01,0.01,0.01,0.01,0.01,0.01,,0.02,0.01,0.05,0.01,,0.01,0.01,0.01,0.1,0.1,0.01,0.01,0.01,0.01,0.01,0.01,0.01,0.01,0.01,0.01,0.01,0.02,0.01,0.01,0.05,0.1,0.01,0.01,0.01,0.05,0.02,0.2,0.01,0.01,0.01,0.05,0.01,0.01,0.02,0.01,0.01,0.01,0.01,0.01,0.02,0.02,0.05,0.01,0.02,0.02,0.01,0.01,0.01,0.02,0.03,0.01,0.02,0.01,0.01,0.01,0.01,0.01,0.01,0.1,0.01,0.01,0.02,0.01,0.01,0.01,0.01,0.01,0.01,0.01,0.01,0.01,0.01,0.01,0.01,0.01,0.01,0.01,0.01,0.001,0.01,0.01,0.01,0.01,0.01,0.01,0.01,0.02,0.05,0.01,0.01,0.02,0.05,0.01,0.01,0.01,0.05,0.01,0.01,0.01,0.02,,0.01,0.01,0.01,0.05,0.01,0.01,150.0,0.01,0.01,0.01,0.01,0.01,0.02,0.01,0.01,0.01,0.03,0.01,0.01,0.01,0.01,0.02,0.01,0.01,0.01,0.01,0.01,0.05,0.01,0.005,0.02,0.01,0.01,0.01,0.01,0.01,0.02,0.02,0.02,0.01,0.01,1.0,0.01,0.01,0.05,0.01,0.01,0.01,0.01,0.01,0.01,0.1,0.01,0.02,0.02,0.01,0.01,0.01,0.01,0.01,0.03,0.01,0.01,0.01,0.01,0.03,0.01,0.01,0.02,0.05,0.02,0.02,3.0,0.01,,0.01,0.01,0.01,0.01,0.03,0.02,0.02,0.01,0.02,0.5,0.01,0.01,0.01,0.01,0.02,0.1,0.01,0.01,0.01,0.01,0.01,0.01,0.01,0.01,0.01,0.01,0.01,0.1,0.05,0.01,0.02,0.005,30.0,0.01,0.1,0.01,0.01,0.01,0.01,0.001,0.01,0.01,0.15,0.01,0.01,0.01,0.01,,0.02,0.01,0.01,0.01,0.01,0.05,0.01,0.01,0.01,0.01,0.01,0.01,0.01,0.01,0.1,0.01
579,KUMQUATS,Kumquats,0.01,0.01,0.01,0.01,0.05,0.06,,0.01,0.01,0.05,0.01,0.01,0.01,0.01,0.01,0.1,0.01,0.01,0.01,0.01,0.01,0.01,0.01,0.01,0.01,0.01,0.01,0.02,0.01,0.01,0.01,0.01,0.01,0.05,0.01,0.01,0.01,0.01,0.05,0.05,0.01,0.01,0.02,0.01,0.01,0.01,0.01,0.02,0.01,0.02,0.01,0.03,0.01,0.1,0.01,,0.01,0.01,0.01,0.01,0.01,0.01,0.01,0.01,0.01,0.01,"20.0, 10.0",0.01,0.01,0.01,0.01,0.05,0.01,0.01,0.01,0.01,0.01,0.01,0.02,0.03,0.01,0.1,0.01,0.003,0.01,,0.03,0.02,0.01,,0.7,0.3,0.01,0.01,0.01,0.02,0.01,0.01,0.01,0.03,0.01,0.02,0.005,0.01,0.01,0.01,0.01,0.01,0.01,0.01,0.01,0.01,0.01,0.01,0.01,0.05,0.1,0.02,0.02,0.01,0.5,0.01,20.0,,0.01,0.01,0.01,0.05,0.01,0.09,0.01,0.01,0.01,0.02,0.01,0.05,0.05,0.02,0.01,0.05,0.01,0.05,0.06,0.02,0.01,0.01,0.01,0.01,0.01,0.05,0.01,0.02,0.01,0.01,0.02,0.05,0.01,0.01,0.6,0.01,0.01,0.02,0.01,0.01,0.05,0.01,0.01,0.01,0.01,0.01,0.02,0.02,,0.01,0.01,0.05,0.02,0.01,0.01,0.05,0.01,0.01,0.01,0.01,0.002,0.05,0.01,0.01,0.01,0.01,0.05,0.01,0.01,0.03,0.01,0.05,0.01,0.02,0.01,0.01,0.01,0.01,0.01,0.01,0.02,0.01,0.01,0.01,0.01,0.01,0.01,0.1,0.01,0.01,0.01,0.01,0.01,0.01,0.01,0.01,0.02,0.02,0.005,0.01,0.03,0.01,0.01,0.01,0.01,0.01,0.01,0.01,0.01,0.05,0.01,0.02,,0.01,0.02,0.01,0.01,0.01,0.2,0.01,0.01,0.01,0.02,0.01,0.01,0.01,0.01,0.01,0.01,0.01,0.01,0.01,0.01,1.0,0.03,0.01,0.01,0.01,0.01,0.01,2.0,0.02,0.01,1.0,0.1,0.1,0.05,0.02,0.01,0.01,0.01,0.01,0.01,0.01,0.01,0.01,,0.02,0.01,0.05,0.01,,0.01,0.01,0.01,0.1,0.1,0.01,0.01,0.01,0.01,0.01,0.01,0.01,0.01,0.01,0.01,0.01,0.02,0.01,0.01,0.01,0.1,0.01,0.01,0.01,0.05,0.02,0.2,0.01,0.5,0.01,0.05,1.5,0.01,0.02,0.01,0.01,0.01,0.01,0.01,2.0,0.05,0.05,0.01,0.02,0.02,0.01,0.01,0.01,0.02,0.03,1.0,0.02,0.01,0.01,0.01,0.01,0.01,0.01,0.1,0.01,0.01,0.02,0.01,0.01,0.01,0.01,0.01,0.01,0.01,0.01,0.01,0.01,0.01,0.01,0.01,0.01,0.01,0.01,0.001,0.01,0.01,0.01,0.01,0.01,0.01,0.01,0.02,0.05,0.01,0.01,0.02,0.05,0.01,0.01,0.01,0.05,0.01,0.01,0.01,0.02,,0.01,0.01,0.01,2.0,0.01,0.01,3.0,0.01,0.01,0.01,0.01,0.01,0.02,0.01,0.01,0.01,0.03,0.01,0.01,0.01,0.01,0.02,0.01,0.01,0.01,0.01,0.01,0.05,0.01,0.005,0.02,0.01,0.01,0.01,0.01,0.01,0.02,0.02,0.02,0.01,0.01,1.0,0.01,0.01,0.05,0.01,0.01,0.5,0.01,0.01,0.01,0.1,0.01,0.02,0.02,0.01,0.01,0.01,0.01,0.01,0.03,0.01,0.01,0.01,0.01,0.03,0.01,0.01,0.02,0.02,0.02,0.02,0.02,0.01,,0.01,0.01,0.01,0.01,0.03,0.02,0.02,0.01,0.02,2.0,0.01,0.01,0.01,0.01,0.02,0.1,0.01,0.01,0.01,0.01,7.0,0.01,0.01,0.01,0.01,0.01,0.01,0.1,0.05,0.01,0.02,0.005,20.0,0.01,0.1,0.01,0.01,0.01,0.01,0.001,0.01,0.01,0.01,0.01,0.01,0.01,0.01,,0.02,0.01,0.01,0.01,0.01,0.05,0.01,0.01,0.01,0.01,0.01,0.01,0.01,0.01,0.1,0.01
316,CORN,Lamb's lettuces/corn salads,0.01,0.01,0.01,0.01,0.05,0.06,,0.01,0.01,0.05,0.01,0.01,0.01,0.01,0.01,0.1,0.01,0.01,0.08,0.01,0.01,1.5,0.01,0.3,0.01,0.01,0.01,0.02,0.01,70.0,0.01,0.01,0.01,0.05,0.01,0.01,0.01,0.01,0.05,0.05,1.0,0.01,0.02,0.01,0.01,10.0,0.01,0.02,0.01,0.02,0.01,0.03,0.01,0.1,0.01,,0.01,0.01,0.01,0.01,0.01,0.01,0.01,0.01,50.0,0.01,50.0,0.01,0.01,0.01,0.01,0.05,0.01,0.01,0.01,0.01,0.01,0.01,0.02,0.03,0.01,0.1,0.01,0.002,0.01,,0.03,0.02,0.01,,20.0,0.7,0.01,0.01,0.01,0.02,0.01,0.01,0.01,0.03,0.01,0.02,0.005,0.01,0.01,0.01,0.01,0.01,0.01,0.01,0.01,0.01,0.01,0.01,0.01,0.05,0.5,0.02,0.02,0.01,0.5,0.01,100.0,,0.01,15.0,0.01,0.05,0.01,2.0,0.01,0.01,0.01,0.02,0.01,2.0,5.0,15.0,0.01,0.05,0.01,0.05,0.06,0.03,2.0,0.01,0.01,0.01,0.01,0.05,0.01,0.02,0.01,0.01,0.02,0.05,0.01,0.01,7.0,0.01,0.01,0.3,0.01,0.01,0.05,0.01,10.0,0.01,0.01,0.01,0.02,0.02,,0.01,0.01,0.05,0.01,0.01,0.01,5.0,0.01,0.01,0.01,0.01,0.6,0.05,0.01,0.01,0.01,0.01,0.05,0.01,0.01,0.03,0.01,0.05,0.01,0.02,3.0,0.01,0.01,0.01,0.01,0.01,0.02,0.01,0.01,0.01,0.01,50.0,0.01,0.1,0.01,0.01,0.01,0.01,0.01,8.0,0.01,0.01,0.02,0.02,0.005,0.01,0.6,0.01,0.01,0.02,0.01,0.01,0.01,0.01,20.0,0.05,0.01,0.02,,0.01,0.02,0.01,30.0,20.0,0.2,0.01,0.01,6.0,0.02,0.01,0.01,0.01,0.01,0.01,0.01,0.01,0.01,0.01,0.7,4.0,0.03,0.01,0.01,0.01,0.01,0.01,75.0,0.02,0.01,1.0,0.07,0.1,0.05,0.02,0.01,0.01,0.01,0.01,0.01,0.01,0.01,0.01,,0.02,0.01,0.05,0.01,,0.01,0.01,0.01,0.1,0.1,0.01,0.01,0.01,0.01,0.01,0.01,20.0,0.01,0.01,0.01,0.01,0.02,0.01,0.01,1.5,0.1,0.01,0.01,0.01,0.05,0.02,0.2,0.01,25.0,0.01,0.05,0.01,0.01,0.02,0.01,0.01,0.01,0.01,0.01,20.0,3.0,2.0,0.01,0.02,0.02,0.01,0.01,0.01,0.02,0.03,0.01,0.02,0.01,4.0,0.03,0.01,0.01,0.01,0.1,0.01,0.01,0.02,0.01,0.01,0.01,0.01,9.0,0.05,0.01,0.01,0.01,0.01,0.01,0.01,0.01,0.01,0.01,0.01,0.001,0.01,5.0,0.01,0.01,0.01,0.01,0.01,0.02,0.05,0.01,0.01,0.02,0.6,0.01,0.01,20.0,0.05,0.01,0.01,0.01,0.02,,0.01,0.01,0.01,0.05,0.01,0.01,150.0,0.01,0.01,0.01,0.01,0.01,0.02,15.0,0.01,0.01,0.03,0.01,0.01,0.01,0.01,0.02,20.0,0.01,0.01,0.01,0.01,0.05,0.01,0.005,0.02,0.6,0.01,0.01,0.01,0.01,0.02,10.0,0.02,0.01,0.01,1.0,0.01,0.01,0.05,0.01,0.01,0.01,0.01,0.01,0.01,0.1,0.01,0.02,0.02,0.2,0.01,0.01,0.01,0.01,0.03,0.01,0.01,0.01,0.01,0.03,0.01,0.01,4.0,10.0,0.02,0.02,7.0,0.01,,0.01,0.01,0.01,0.01,0.03,0.02,0.4,0.01,0.5,10.0,0.01,0.01,0.01,0.09,0.02,0.1,0.01,0.01,0.01,0.01,0.01,0.01,0.01,0.01,0.01,0.01,0.01,0.1,0.05,0.9,0.02,0.005,150.0,0.01,0.1,0.01,0.01,0.01,0.01,0.001,0.01,0.01,0.01,0.01,0.01,15.0,15.0,,0.02,0.01,0.01,0.01,0.01,0.05,0.01,0.01,0.01,0.01,0.01,0.01,0.01,0.01,0.1,0.01
580,Land cresses,Land cresses,0.01,0.01,0.01,0.01,0.05,0.06,,0.01,0.01,0.05,0.01,0.01,0.01,0.01,0.01,0.1,0.01,0.01,0.08,0.01,0.01,3.0,0.01,0.3,0.01,0.01,0.01,0.02,0.01,50.0,0.01,0.01,0.01,0.05,0.01,0.01,0.01,0.01,0.05,0.05,1.0,0.01,0.02,0.01,0.01,10.0,0.01,0.02,0.01,0.02,0.01,0.03,0.01,0.1,0.01,,0.01,0.01,0.01,0.01,0.01,0.01,0.01,0.01,50.0,0.01,50.0,0.01,0.01,0.01,0.01,0.05,0.01,0.01,0.01,0.01,0.01,0.01,0.02,0.03,0.01,0.1,0.01,0.002,0.01,,0.03,0.02,0.01,,20.0,0.7,0.01,0.01,0.01,0.02,0.01,0.01,0.01,0.03,0.01,0.02,0.005,0.01,0.01,0.01,0.01,0.01,0.01,0.01,0.01,0.01,0.01,0.01,0.01,0.05,0.5,0.02,0.02,0.01,0.5,0.01,100.0,,0.01,15.0,0.01,0.05,0.01,1.0,0.01,0.01,0.01,0.02,0.01,2.0,0.05,15.0,0.01,0.05,0.01,0.05,0.06,0.03,2.0,0.01,0.01,0.01,0.01,0.05,0.01,0.02,0.01,0.01,0.02,0.05,0.01,0.01,4.0,0.01,0.01,0.3,0.01,0.01,0.05,0.01,10.0,0.01,0.01,0.01,0.02,0.02,,0.01,0.01,0.05,0.01,0.01,0.01,5.0,0.01,0.01,0.01,0.01,0.6,0.05,0.01,0.01,0.01,0.01,0.05,0.01,0.01,0.03,0.01,0.05,0.01,0.02,0.01,0.01,0.01,0.01,0.01,0.01,0.02,0.01,0.01,0.01,0.01,50.0,0.01,0.1,0.01,0.01,0.01,0.01,0.01,8.0,0.01,0.01,0.02,0.02,0.005,0.01,0.6,0.01,0.01,0.02,0.01,0.01,0.01,0.01,20.0,0.05,0.01,0.02,,0.01,0.02,0.01,30.0,2.0,0.2,0.01,0.01,6.0,0.02,0.01,0.01,0.01,0.01,0.01,0.01,0.01,0.01,0.01,0.7,4.0,0.03,0.01,0.01,0.01,0.01,0.01,75.0,0.02,0.01,1.0,0.06,0.1,0.05,0.02,0.01,0.01,0.01,0.01,0.01,0.01,0.01,0.01,,0.02,0.01,0.05,0.01,,0.01,0.01,0.01,0.1,0.1,0.01,0.01,0.01,0.01,0.01,0.01,20.0,0.01,0.01,0.01,0.01,0.02,0.01,0.01,0.7,0.1,0.01,0.01,0.01,0.05,0.02,0.2,0.01,25.0,0.01,0.05,0.01,0.01,0.02,0.01,0.01,0.01,0.01,0.01,20.0,3.0,2.0,0.01,0.02,0.02,0.01,0.01,0.01,0.02,0.03,0.01,0.02,0.01,4.0,0.03,0.01,0.01,0.01,0.5,0.01,0.01,0.02,0.01,0.01,0.01,0.01,0.05,0.01,0.01,0.01,0.01,0.01,0.01,0.01,0.01,0.01,0.01,0.01,0.001,0.01,5.0,0.01,0.01,0.01,0.01,0.01,0.02,0.05,0.01,0.01,0.02,0.05,0.01,0.01,20.0,0.05,0.01,0.01,0.01,0.02,,0.01,0.01,0.01,0.05,0.01,0.01,150.0,0.01,0.01,0.01,0.01,0.01,0.02,15.0,0.01,0.01,0.03,0.01,0.01,0.01,0.01,0.02,20.0,0.01,0.01,0.01,0.01,0.05,0.01,0.005,0.02,0.01,0.01,0.01,0.01,0.01,0.02,10.0,0.02,0.01,0.01,1.0,0.01,0.01,0.05,0.01,0.01,0.01,0.01,0.01,0.01,0.1,0.01,0.02,0.02,0.2,0.01,0.01,0.01,0.01,0.03,0.01,0.01,0.01,0.01,0.03,0.01,0.01,4.0,10.0,0.02,0.02,7.0,0.01,,0.01,0.01,0.01,0.01,0.03,0.02,0.02,0.01,0.5,10.0,0.01,0.01,0.01,0.09,0.02,0.1,0.01,0.01,0.01,0.01,0.01,0.01,0.01,0.01,0.01,0.01,0.01,0.1,0.05,0.9,0.02,0.005,150.0,0.01,0.1,0.01,0.01,0.01,0.01,0.001,0.01,0.01,0.01,0.01,0.01,15.0,15.0,,0.02,0.01,0.01,0.01,0.01,0.05,0.01,0.01,0.01,0.01,0.01,0.01,0.01,0.01,0.1,0.01
581,Laurel/bay leaves,Laurel/bay leaves,0.01,0.01,0.01,0.02,0.05,0.1,,0.02,0.02,0.1,0.02,0.01,0.01,0.02,0.02,0.1,0.02,0.02,2.0,0.02,0.02,3.0,0.02,0.3,0.8,0.02,0.02,0.02,0.01,40.0,0.02,0.02,0.02,0.05,0.02,0.02,0.02,0.01,0.1,0.05,1.0,0.02,0.02,0.02,0.02,70.0,0.02,0.05,0.02,0.05,0.02,10.0,0.02,0.1,1.0,,0.02,0.02,0.02,0.1,0.02,0.02,0.02,0.01,50.0,0.01,50.0,0.02,0.02,0.02,0.02,0.05,0.02,0.02,0.02,0.02,0.01,0.02,0.05,0.06,0.02,0.1,0.02,0.02,0.01,,0.06,0.04,0.01,,20.0,0.7,0.01,0.02,0.01,0.02,0.02,0.01,0.02,0.1,0.01,0.02,0.01,0.02,0.02,0.02,0.02,0.02,0.01,0.01,0.02,0.02,0.02,0.02,0.02,0.05,0.5,0.05,0.02,0.15,3.0,0.02,20.0,,0.01,0.02,0.02,0.1,0.02,2.0,0.02,0.02,0.02,0.05,0.02,2.0,0.05,40.0,0.01,0.05,0.02,0.05,0.1,0.02,1.5,0.02,0.02,0.02,0.02,4.0,0.02,0.05,0.01,0.02,0.02,0.05,0.02,0.02,4.0,0.02,0.02,0.3,0.02,0.01,0.1,0.02,10.0,0.02,0.02,0.02,0.05,0.05,,0.02,0.02,0.05,0.02,0.02,0.01,5.0,0.02,0.01,0.02,0.01,0.2,0.05,0.01,0.02,0.01,0.01,0.05,0.01,0.02,0.05,0.02,0.1,0.02,0.05,3.0,0.02,0.02,0.02,0.02,0.02,0.02,0.02,0.02,0.02,0.01,50.0,0.02,0.1,0.02,0.02,0.01,0.02,0.02,0.02,0.02,0.01,0.05,0.05,0.005,0.02,6.0,0.02,0.02,0.02,0.05,0.02,0.02,0.02,20.0,0.05,0.02,0.05,,0.01,0.05,0.02,9.0,6.0,0.2,0.01,0.02,40.0,0.05,0.02,0.02,0.02,0.02,0.02,0.02,0.02,0.02,0.02,0.02,3.0,0.06,0.01,0.02,0.02,0.02,0.02,400.0,0.02,0.02,1.0,0.04,0.1,0.05,0.05,0.01,0.02,0.01,0.01,0.01,0.01,0.02,0.02,,0.02,0.02,0.1,0.01,,0.02,0.02,0.05,0.1,0.1,0.02,0.02,0.02,0.02,0.02,0.02,20.0,0.01,0.02,0.01,0.01,0.05,0.02,0.02,0.7,0.1,0.01,0.02,0.02,0.05,0.02,0.2,0.01,30.0,0.02,0.05,7.0,0.02,0.05,0.02,0.02,0.03,0.02,0.02,0.04,3.0,2.0,0.01,0.1,0.05,0.01,0.02,0.02,0.02,0.06,0.02,0.05,0.01,4.0,0.02,0.02,0.02,0.02,0.1,0.02,0.01,0.05,0.02,0.02,0.02,0.02,0.05,0.02,0.02,0.1,0.01,0.02,0.02,0.02,0.02,0.02,0.02,0.01,0.001,0.02,0.02,0.02,0.02,0.02,0.02,0.01,0.02,0.05,0.02,0.02,0.04,0.6,0.02,0.02,0.02,0.05,0.02,0.01,7.0,0.05,,0.02,0.02,0.02,0.05,0.01,0.015,300.0,0.01,0.01,0.01,0.02,0.02,0.02,0.8,0.02,0.02,0.06,0.02,0.03,0.02,0.02,0.05,30.0,0.02,0.02,0.02,0.02,0.1,0.02,0.01,0.05,0.2,0.02,20.0,0.02,0.02,0.05,2.0,0.02,0.01,0.02,1.0,0.02,0.02,0.05,20.0,0.02,0.02,0.02,0.02,0.02,0.1,0.02,0.02,0.05,0.2,0.01,0.02,0.02,0.01,0.03,0.02,0.02,0.01,0.02,0.06,0.01,0.02,4.0,15.0,0.02,0.02,10.0,0.02,,0.1,0.02,0.02,0.02,0.06,0.05,0.04,0.01,2.0,0.01,0.02,0.02,0.02,0.02,0.04,0.1,0.01,0.02,0.02,0.01,0.02,0.02,0.02,0.02,0.02,0.02,0.02,0.1,0.05,0.02,0.05,0.01,150.0,0.02,0.1,0.02,0.02,0.02,0.01,0.002,0.02,0.02,0.02,0.02,0.02,15.0,30.0,,0.05,0.02,0.02,0.02,0.01,0.05,0.02,0.01,0.01,0.02,0.02,0.01,0.02,0.02,0.1,0.01
541,HERBS,"Leaf vegetables, herbs and edible flowers",0.01,0.01,0.01,,0.05,,,,,,,0.01,0.01,,,0.1,,,,,,,,,,,,0.02,0.01,,,,,0.05,,,,0.01,,0.05,1.0,,0.02,,,,,,,,,,,0.1,,,,,,,,,,0.01,,0.01,50.0,,,,,0.05,,,,,0.01,,,,,0.1,,,0.01,,,,0.01,,,0.7,0.01,,0.01,,,0.01,,,0.01,0.02,,,,,,,0.01,0.01,,,,,,0.05,0.5,,0.02,,,,,,0.01,,,,,,,,,,,,,,0.01,0.05,,0.05,,,,,,,,,,,0.01,,0.02,0.05,,,,,,,,0.01,,,,,,,,,,,,0.05,,,,,,0.01,,0.01,,0.05,0.01,,0.01,0.01,0.05,0.01,,,,,,,,,,,,,0.02,,,,0.01,,,0.1,,,0.01,,,,,0.01,,,0.005,,,,,,,,,,,0.05,,,,0.01,,,,,,0.01,,,,,,,,,,,,,,,,0.01,,,,,,0.02,,1.0,,0.1,0.05,,0.01,,0.01,0.01,0.01,0.01,,,,0.02,,,0.01,,,,,0.1,0.1,,,,,,,,0.01,,0.01,0.01,,,,,0.1,0.01,,,0.05,,0.2,0.01,,,0.05,,,,,,,,,,,,,,,0.01,,,0.02,,,,0.01,,,,,,,,0.01,,,,,,,,,,0.01,,,,,,,0.01,0.001,,,,,,,0.01,0.02,0.05,,,,,,,,0.05,,0.01,,,,,,,0.05,0.01,,,0.01,0.01,0.01,,,0.02,,,,,,,,,,,,,,,,,,,,,,,,,,0.02,0.01,,1.0,,,,,,,,,,0.1,,0.02,,,0.01,,,0.01,0.03,,,0.01,,,0.01,,,,0.02,0.02,,,,,,,,,,,0.01,,,,,,,,0.1,0.01,,,0.01,,,,,,,,0.1,0.05,,,,,,0.1,,,,0.01,,,,,,,,,,,,,,0.01,0.05,,0.01,0.01,,,0.01,,,0.1,0.01
593,LEEK,Leeks,0.01,0.01,0.01,0.01,0.05,0.06,,0.01,0.01,0.05,0.01,0.01,0.01,0.01,0.01,0.1,0.01,0.01,0.01,0.01,0.01,0.01,0.01,0.01,0.01,0.01,0.01,0.02,0.01,5.0,0.01,0.01,0.01,0.05,0.01,0.01,0.01,0.01,0.05,0.05,1.0,0.01,0.02,0.01,0.01,10.0,0.01,0.02,0.02,0.02,0.01,0.03,0.01,0.1,0.09,,0.01,0.01,0.01,0.01,0.01,0.01,0.01,0.01,9.0,0.01,30.0,0.01,0.01,0.01,0.01,0.05,0.01,0.01,0.01,0.01,0.01,0.01,0.02,0.03,0.01,0.1,0.01,0.002,0.01,,0.03,0.02,0.01,,0.01,0.25,0.01,0.01,0.01,0.02,0.01,0.01,0.01,0.03,0.01,0.02,0.005,0.01,0.01,0.01,0.01,0.01,0.01,0.01,0.01,0.01,0.01,0.01,0.01,0.05,0.5,0.02,0.02,0.01,0.7,0.01,20.0,,0.01,0.01,0.01,0.05,0.01,4.0,0.01,0.01,0.01,0.02,0.02,0.5,0.05,0.02,0.01,0.05,0.01,0.05,0.06,0.02,0.3,0.01,0.01,0.01,0.01,0.05,0.01,0.02,0.01,0.01,0.02,0.05,0.01,0.01,0.6,0.01,0.01,0.2,0.01,0.01,0.05,0.01,1.5,0.01,0.01,0.01,0.02,0.02,,0.01,0.01,0.05,0.01,0.01,0.01,3.0,0.01,0.01,0.01,0.01,0.002,0.05,0.01,0.01,0.01,0.01,0.05,0.01,0.01,0.03,0.01,0.05,0.01,0.02,0.01,0.01,0.01,0.01,0.01,0.01,0.02,0.01,0.01,0.01,0.01,0.01,0.01,0.1,0.01,0.01,0.01,0.01,0.01,0.01,0.01,0.01,0.02,0.02,0.005,0.01,0.03,0.01,0.01,0.01,0.01,0.01,0.01,0.01,0.01,0.05,0.01,0.02,,0.01,0.02,0.01,1.5,0.8,0.2,0.01,0.01,0.01,0.02,0.01,0.01,0.3,0.01,0.01,0.01,0.01,0.01,0.01,0.01,0.7,0.03,0.01,0.01,0.01,0.01,0.01,30.0,0.02,0.01,1.0,0.03,0.1,0.05,0.02,0.01,0.01,0.01,0.01,0.01,0.01,0.01,0.01,,0.02,0.01,0.05,0.01,,0.01,0.01,0.01,0.1,0.1,0.01,0.01,0.01,0.01,0.01,0.01,0.01,0.01,0.01,0.01,0.01,0.02,10.0,0.01,0.07,0.1,0.01,0.01,0.01,0.05,0.02,0.2,0.01,0.01,0.01,0.05,0.01,0.01,0.02,0.01,0.01,0.01,0.01,0.01,0.02,0.03,1.5,0.01,0.3,0.02,0.01,0.01,0.01,0.02,0.03,0.01,0.02,0.01,0.01,0.01,0.01,0.01,0.01,0.1,0.01,0.01,0.02,0.01,0.01,0.01,0.01,0.06,0.01,0.01,0.01,0.01,0.01,0.01,0.01,0.01,0.01,0.01,0.01,0.001,0.01,2.0,0.01,0.01,0.01,0.01,0.01,0.02,0.05,0.01,0.01,0.02,0.3,0.01,0.01,3.0,0.05,0.01,0.01,0.01,0.02,,0.01,0.01,0.01,0.05,0.01,0.01,10.0,0.01,0.01,0.01,0.01,0.01,0.02,0.01,0.01,0.01,0.03,0.01,0.01,0.01,0.01,0.02,20.0,0.01,0.01,0.01,0.01,0.05,0.01,0.005,0.02,0.01,0.01,0.01,0.01,0.06,0.02,0.8,0.02,0.01,0.01,1.0,0.01,0.01,1.0,4.0,0.01,0.01,0.01,0.01,0.01,0.1,0.01,0.02,0.02,0.01,0.01,0.01,0.01,0.01,0.03,0.01,0.01,0.01,0.01,0.03,0.01,0.01,0.05,0.2,0.02,0.02,0.9,0.01,,0.01,0.01,0.01,0.01,0.03,0.02,0.02,0.01,0.6,0.01,0.01,0.01,0.01,0.01,0.02,0.1,0.01,0.01,0.01,0.01,0.01,0.01,0.01,0.01,0.01,0.01,0.01,0.1,0.05,0.01,0.02,0.005,70.0,0.01,0.1,0.01,0.01,0.01,0.01,0.001,0.01,0.01,0.01,0.01,0.01,0.7,0.7,,0.02,0.01,0.01,0.01,0.01,0.05,0.01,0.01,0.01,0.01,0.01,0.01,0.01,0.01,0.1,0.01
1122,VEGETABLES,Legume vegetables,0.01,0.01,0.01,0.01,0.05,0.06,,0.01,0.01,0.05,0.01,0.01,0.01,0.01,0.01,0.1,0.01,0.01,,0.01,0.01,,0.01,,,0.01,0.01,0.02,0.01,0.01,0.01,0.01,0.01,0.05,0.01,0.01,0.01,0.01,0.05,0.05,1.0,0.01,0.02,0.01,0.01,3.0,0.01,0.02,0.01,0.02,0.01,,0.01,0.1,0.01,,0.01,0.01,,0.01,0.01,0.01,0.01,0.01,,0.01,30.0,0.01,0.01,0.01,0.01,,0.01,0.01,0.01,0.01,0.01,0.01,0.02,0.03,0.01,,0.01,0.01,0.01,,0.03,0.02,0.01,,,0.35,0.01,0.01,0.01,0.02,0.01,0.01,0.01,0.03,0.01,0.02,0.005,0.01,0.01,0.01,0.01,0.01,0.01,0.01,0.01,0.01,0.01,0.01,0.01,0.05,0.5,0.02,0.02,0.01,0.5,0.01,20.0,,0.01,,0.01,0.05,0.01,,0.01,0.01,0.01,0.02,,0.7,0.05,,0.01,0.05,0.01,0.05,0.06,0.02,0.2,0.01,0.01,0.01,0.01,0.05,0.01,0.02,0.01,0.01,0.02,0.05,0.01,0.01,,0.01,0.01,,0.01,0.01,0.05,0.01,,0.01,0.01,0.01,0.02,0.02,,0.01,0.01,0.05,0.01,,,,0.01,0.01,0.01,0.01,,0.05,0.01,0.01,0.01,0.01,0.05,0.01,0.01,,0.01,0.05,0.01,0.02,,0.01,0.01,0.01,0.01,0.01,0.02,0.01,0.01,0.01,0.01,,0.01,0.1,0.01,0.01,0.01,0.01,0.01,0.01,,0.01,0.02,,0.005,0.01,,0.01,0.01,,0.01,2.0,0.01,0.01,,0.05,0.01,0.02,,0.01,0.02,0.01,0.01,,0.2,0.01,0.01,,0.02,0.01,0.01,0.01,0.01,0.01,0.01,0.01,0.01,0.01,,,0.03,0.01,0.01,0.01,0.01,0.01,2.0,0.02,0.01,1.0,0.1,0.1,0.05,0.02,0.01,0.01,0.01,0.01,0.01,0.01,0.01,0.01,,0.02,0.01,0.05,0.01,,0.01,0.01,,0.1,0.1,0.01,0.01,0.01,0.01,0.01,0.01,,0.01,0.01,0.01,,0.02,0.01,0.01,,0.1,0.01,0.01,0.01,,0.02,0.2,0.01,,0.01,0.05,,0.01,0.02,0.01,0.01,0.01,0.01,0.01,0.02,,,0.01,0.02,0.02,0.01,0.01,0.01,0.02,0.03,0.01,0.02,0.01,,0.01,0.01,0.01,0.01,0.1,0.01,0.01,0.02,0.01,0.01,0.01,0.01,,0.01,0.01,0.01,0.01,0.01,0.01,0.01,0.01,0.01,0.01,0.01,0.001,0.01,,0.01,0.01,0.01,0.01,0.01,0.02,0.05,0.01,0.01,0.02,,0.01,0.01,,0.05,0.01,0.01,0.01,0.02,,,0.01,0.01,0.05,0.01,0.01,1.5,0.01,0.01,0.01,0.01,0.01,0.02,,0.01,0.01,0.03,0.01,0.01,0.01,0.01,0.02,,0.01,0.01,0.01,0.01,0.05,0.01,0.005,0.02,0.01,0.01,0.01,0.01,0.01,0.02,,0.02,0.01,0.01,1.0,0.01,0.01,0.05,,0.01,0.01,0.01,0.01,0.01,0.1,0.01,0.02,0.02,,0.01,0.01,0.01,0.01,0.03,0.01,0.01,0.01,0.01,0.03,0.01,0.01,,0.3,0.02,,,0.01,,0.01,0.01,0.01,0.01,0.03,0.02,0.02,0.01,,0.01,0.01,0.01,0.01,0.01,0.02,0.1,0.01,0.01,0.01,0.01,0.01,0.01,0.01,0.01,0.01,0.01,0.01,0.1,0.05,0.01,0.02,0.005,20.0,0.01,0.1,0.01,0.01,0.01,0.01,0.001,0.01,0.01,0.01,0.01,0.01,,,,0.02,0.01,0.01,0.01,0.01,0.05,0.01,0.01,0.01,0.01,0.01,0.01,0.01,0.01,0.1,0.01
601,Lemons,Lemons,0.01,0.01,0.01,0.01,0.05,0.06,,0.01,0.01,1.0,0.01,0.01,0.01,0.01,10.0,0.1,0.01,0.01,0.04,0.01,0.6,0.9,0.01,0.01,0.01,0.01,0.01,0.02,0.01,0.01,0.01,0.01,0.01,0.05,0.01,0.01,0.01,0.01,0.05,0.05,0.5,0.01,0.02,0.01,0.01,15.0,0.01,0.02,0.01,0.02,0.01,0.03,0.01,0.1,0.01,,0.01,0.01,0.05,0.01,0.01,0.01,0.01,0.01,2.0,0.01,"5.0, 30.0",0.01,0.01,0.01,0.01,0.05,0.01,0.01,0.01,0.01,0.01,0.01,0.02,0.03,0.01,0.7,0.01,0.01,0.01,,0.03,0.02,0.01,,0.7,0.05,0.01,0.01,0.01,0.02,0.01,0.01,0.01,0.03,0.01,0.02,0.01,0.01,0.01,0.01,0.01,0.01,0.01,0.01,0.01,0.01,0.01,0.01,0.01,0.05,0.1,0.02,0.5,0.01,0.5,0.01,20.0,,0.01,0.9,0.01,0.05,0.01,0.09,0.01,0.5,0.3,0.02,0.01,2.0,0.05,0.02,0.01,0.05,0.01,0.05,0.06,0.02,0.02,0.01,0.01,0.01,0.01,0.05,0.01,0.3,0.01,0.01,0.02,0.05,0.01,0.01,0.6,0.01,0.01,0.09,0.01,0.01,0.05,0.01,0.01,0.01,0.01,0.01,0.02,0.02,,0.01,0.01,0.05,0.02,0.01,1.0,5.0,0.01,0.01,1.5,0.01,0.003,0.05,0.01,0.01,0.01,0.01,0.05,0.01,0.01,0.03,0.01,0.05,0.01,0.02,1.5,0.01,0.01,0.01,0.01,0.01,0.02,0.3,1.0,0.01,0.01,0.01,0.01,0.1,0.01,0.01,2.0,0.01,0.01,0.01,0.5,0.01,0.02,0.02,0.005,0.01,0.15,0.01,0.01,0.01,0.01,0.01,0.01,0.01,10.0,0.05,0.01,0.02,,0.01,0.02,0.01,0.01,0.9,0.2,0.01,0.01,1.5,0.02,0.01,0.01,0.01,0.01,0.01,0.01,0.01,0.01,0.01,0.4,1.0,0.03,0.01,0.01,0.01,0.01,0.01,150.0,0.02,0.01,1.0,0.05,0.1,0.05,0.02,0.01,0.01,0.01,0.01,0.01,0.01,0.01,0.5,,0.02,5.0,0.05,0.01,,0.01,0.01,0.9,0.1,0.1,0.01,0.01,0.01,0.01,0.01,0.01,0.01,0.01,0.01,0.01,0.01,0.02,0.01,0.01,0.2,0.1,0.01,0.01,0.01,0.05,2.0,0.2,0.01,0.5,0.01,0.05,1.5,0.01,0.02,0.01,0.01,0.01,0.01,0.01,2.0,0.01,0.05,0.01,0.02,0.02,0.01,0.01,0.01,0.02,0.03,0.01,0.02,0.01,2.0,0.01,0.01,0.01,0.01,0.1,0.01,0.01,0.02,0.01,0.01,0.01,0.01,0.01,0.01,0.01,0.01,0.01,0.01,0.01,0.01,0.01,0.01,0.01,0.01,0.001,0.01,0.05,0.01,0.01,0.01,0.01,0.01,0.02,0.05,0.01,0.01,0.02,0.05,0.01,0.01,0.01,0.05,0.01,0.01,0.01,0.02,,0.01,0.01,0.01,0.5,0.01,0.01,100.0,0.01,0.01,0.01,0.01,0.01,0.02,3.0,0.01,0.01,0.03,0.01,0.01,0.01,0.01,0.02,0.01,0.01,0.01,0.01,0.01,0.05,0.01,0.005,0.02,0.01,0.01,0.01,0.01,0.01,0.02,2.0,0.02,0.01,0.01,1.0,0.3,0.01,0.05,8.0,0.01,0.7,0.01,0.01,0.01,0.1,0.01,0.02,0.02,0.02,0.01,0.01,0.01,0.01,0.03,0.01,0.01,0.01,0.01,0.03,0.01,0.01,0.02,0.3,0.5,0.02,0.5,0.01,,0.01,0.01,0.4,0.01,0.03,0.02,0.02,0.01,5.0,2.0,0.6,0.01,0.5,0.01,0.02,0.1,0.01,0.01,0.01,0.01,7.0,0.01,0.01,0.01,0.01,0.01,0.01,6.0,0.05,0.01,0.02,0.005,20.0,0.01,0.1,0.01,0.01,0.01,0.01,0.001,0.01,0.01,0.1,0.01,0.01,0.5,0.5,,0.02,0.01,0.01,0.01,0.01,0.05,0.01,0.01,0.01,0.01,0.01,0.01,0.01,0.01,0.1,0.01
608,Lentils,Lentils,0.01,0.01,0.01,0.01,0.05,0.06,,0.01,0.01,0.05,0.01,0.01,0.01,0.01,"0.01, 0.02",0.1,0.01,"0.01, 0.02",0.01,0.01,0.01,"0.01, 0.15",0.01,0.01,"0.02, 0.08",0.01,0.01,0.02,0.01,0.01,0.01,"0.05, 0.01",0.01,0.05,0.01,0.01,0.01,0.01,0.05,0.05,"1.0, 0.01",0.01,0.02,0.01,0.01,"0.15, 3.0",0.01,"0.02, 0.01",0.01,"0.02, 0.05",0.01,"0.03, 0.05","0.01, 0.02",0.1,"0.2, 0.01",,0.01,0.01,"0.3, 0.01",0.01,0.01,0.01,"0.01, 0.04",0.01,3.0,0.01,"30.0, 50.0, 5.0",0.01,0.01,0.01,0.01,0.05,0.01,0.01,0.01,0.01,0.01,0.01,0.02,"0.03, 0.07","0.01, 0.05",0.1,0.01,"0.005, 0.01",0.01,,0.03,"0.05, 0.02",0.01,,"0.01, 0.3",0.35,0.01,0.01,0.01,0.02,0.01,0.01,0.01,0.03,0.01,0.02,0.005,0.01,0.01,"0.01, 0.02",0.01,0.01,0.01,0.01,0.01,0.01,0.01,0.01,0.01,0.05,0.5,0.02,0.02,0.01,0.5,0.01,20.0,,0.01,"0.01, 0.6","0.01, 0.02",0.05,0.01,"20.0, 15.0",0.01,0.01,0.01,"0.02, 0.01",0.01,"0.05, 0.7","0.05, 0.08","2.0, 0.2","0.01, 0.02",0.05,"0.01, 0.02",0.05,0.06,0.02,"0.2, 1.0",0.01,0.01,0.01,0.01,0.05,0.01,0.02,0.01,"0.02, 0.01",0.02,0.05,0.01,0.01,"0.06, 0.05",0.01,0.01,"1.0, 3.0",0.01,0.01,0.05,0.01,0.01,,0.01,0.01,"0.05, 0.02",0.02,,0.01,0.01,0.05,"0.01, 0.2",0.01,0.01,0.05,0.01,0.01,0.01,0.01,"0.002, 0.005",0.05,0.01,0.01,0.01,0.01,0.05,0.01,0.01,0.03,0.01,0.05,0.01,0.02,0.01,0.01,0.01,0.01,0.01,"0.02, 0.01",0.02,0.01,0.01,0.01,0.01,0.01,0.01,0.1,0.01,0.01,0.01,0.01,0.01,0.01,0.01,0.01,0.02,0.02,0.005,0.01,"0.03, 0.8",0.01,0.01,"0.01, 4.0","0.02, 0.01","1.0, 2.0",0.01,0.01,"0.05, 0.4",0.05,0.01,0.02,,0.01,0.02,"0.01, 0.005",0.01,"0.15, 0.5","0.2, 2.0",0.01,0.01,"0.4, 3.0",0.02,0.01,0.01,0.01,"0.01, 0.02",0.01,0.01,0.01,0.01,0.01,0.01,"0.01, 0.4","0.07, 0.03",0.01,0.01,"0.01, 0.02",0.01,0.01,2.0,0.02,0.01,1.0,"0.1, 0.03","0.1, 10.0",0.05,0.02,0.01,0.01,0.01,0.01,0.01,0.01,0.01,0.01,,0.02,0.01,"0.2, 0.05",0.01,0.3,0.01,0.01,0.01,0.1,0.1,0.01,0.01,0.01,0.01,0.01,0.01,"0.09, 0.01",0.01,0.01,0.01,0.01,0.02,0.01,0.01,"0.05, 0.2",0.1,0.01,0.01,0.01,0.05,0.02,0.2,0.01,0.01,0.01,0.05,"1.5, 0.01",0.01,0.02,0.01,0.01,0.01,0.01,0.01,0.02,0.01,"0.2, 0.05",0.01,0.02,"0.02, 0.15",0.01,0.01,0.01,0.02,0.03,0.01,"0.02, 0.05",0.01,0.01,0.01,0.01,0.01,0.01,0.1,0.01,0.01,0.02,0.01,0.01,0.01,0.01,0.01,0.01,0.01,0.01,0.01,0.01,0.01,0.01,0.01,0.01,0.01,0.01,"0.01, 0.001",0.01,0.01,0.01,0.01,0.01,0.01,0.01,0.02,0.05,0.01,0.01,0.02,"0.15, 0.05",0.01,0.01,"0.3, 0.01",0.05,0.01,0.01,0.01,"0.05, 0.02",,0.01,0.01,0.01,0.05,0.01,0.01,"1.5, 3.0",0.01,0.01,0.01,"0.01, 0.05",0.01,0.02,"0.2, 0.7",0.01,0.01,0.03,0.01,0.01,0.01,"0.02, 0.01",0.02,0.01,0.01,0.01,0.01,0.01,0.05,0.01,0.005,0.02,0.01,0.01,0.01,0.01,"1.0, 0.01","0.05, 0.02","0.5, 0.02",0.02,0.01,0.01,"3.0, 1.0",0.01,0.01,0.05,"0.01, 0.5",0.01,0.01,0.01,0.01,0.01,0.1,"0.02, 0.01",0.02,0.02,0.2,0.01,"0.01, 0.02",0.01,0.01,0.03,0.01,0.01,0.01,0.01,0.03,0.01,0.01,0.02,"0.3, 0.02",0.02,0.02,"1.5, 2.0",0.01,,"0.01, 0.02","0.02, 0.01",0.01,0.01,0.03,0.02,0.02,0.01,"0.02, 0.2",0.01,0.01,0.01,0.01,0.01,0.02,0.1,0.01,0.01,0.01,0.01,0.01,0.01,0.01,0.01,0.01,0.01,0.01,0.1,0.05,0.01,"0.05, 0.02","0.005, 0.01",,0.01,0.1,0.01,0.01,0.01,0.01,"0.001, 0.003",0.01,0.01,0.01,0.01,0.01,"0.01, 0.2","0.2, 0.01",,0.02,0.01,0.01,0.01,0.01,0.05,"0.02, 0.01",0.01,0.01,0.01,0.01,0.01,0.01,0.01,0.1,0.01
611,LETTUCE,Lettuces,0.01,0.01,0.01,0.01,0.05,0.06,,0.01,0.01,0.05,0.01,0.01,0.01,0.01,0.01,0.1,0.01,0.01,0.03,0.01,0.01,0.01,0.01,0.4,0.01,0.01,0.01,0.02,0.01,50.0,0.01,0.01,4.0,0.05,0.01,0.01,0.01,0.01,0.05,0.05,1.0,0.01,0.02,0.01,0.01,10.0,0.01,0.02,3.0,0.02,0.01,0.03,0.01,0.1,0.01,,0.01,0.01,0.01,0.01,0.01,0.01,0.01,0.01,50.0,0.01,50.0,0.01,0.01,0.01,0.01,0.05,0.01,0.01,0.01,0.01,0.01,0.01,0.02,0.03,0.01,0.1,0.01,0.002,0.01,,0.03,0.02,0.01,,20.0,0.7,0.01,0.01,0.01,0.02,0.01,0.01,0.01,0.03,0.01,0.02,0.005,0.01,0.01,0.01,0.01,0.01,0.01,0.01,0.01,0.01,0.01,0.01,0.01,0.05,0.5,0.02,0.02,0.01,0.5,0.01,100.0,,0.01,15.0,0.01,0.05,0.01,1.5,0.01,0.01,0.01,0.02,0.03,2.0,0.05,15.0,0.01,0.05,0.01,0.05,0.06,0.03,0.4,0.01,0.01,0.01,0.01,0.05,0.01,0.02,0.01,0.01,0.02,0.05,0.01,0.01,4.0,0.01,0.01,0.2,0.01,0.01,0.05,0.01,15.0,0.01,0.01,0.01,0.02,0.02,,0.01,0.01,0.05,0.01,0.01,0.01,5.0,0.01,0.01,0.01,0.01,0.2,0.05,0.01,0.01,0.01,0.01,0.05,0.01,0.01,0.03,0.01,0.05,0.01,0.02,3.0,0.01,0.01,0.01,0.01,0.01,0.02,0.01,0.01,0.01,0.01,50.0,0.01,0.1,0.01,0.01,0.01,0.01,0.01,8.0,0.01,0.01,0.02,0.2,0.005,0.01,0.6,0.01,0.01,0.02,0.01,0.01,0.01,0.01,40.0,0.05,0.01,0.02,,0.01,0.02,0.01,6.0,15.0,0.2,0.01,0.01,6.0,0.02,0.01,0.01,0.01,0.01,0.01,0.01,0.01,0.01,1.5,0.7,4.0,1.5,0.01,0.01,0.01,0.01,0.01,300.0,0.02,0.01,1.0,0.4,0.1,0.05,0.02,0.01,0.01,0.01,0.01,0.01,0.01,0.01,0.01,,0.02,0.01,0.05,0.01,,0.01,0.01,0.01,0.1,0.1,0.01,0.01,0.01,0.01,0.01,0.01,20.0,0.01,0.01,0.01,0.01,0.02,0.01,0.01,0.15,0.1,0.01,0.01,0.01,0.05,0.5,0.2,0.01,25.0,0.01,0.05,5.0,0.01,0.02,0.01,0.01,0.01,0.01,0.01,6.0,3.0,2.0,0.01,0.02,0.02,0.01,0.01,0.01,0.02,0.03,0.01,0.02,0.01,4.0,0.03,0.01,0.01,0.01,0.1,0.01,0.01,0.02,0.01,0.01,0.01,0.01,0.05,0.01,0.01,0.01,0.01,0.01,0.01,0.01,0.01,0.01,0.01,0.01,0.001,0.01,5.0,0.01,0.01,0.01,0.01,0.01,0.02,0.05,0.01,0.01,0.02,4.0,0.01,0.01,20.0,0.05,0.01,0.01,0.01,0.02,,0.01,0.01,0.01,0.05,0.01,0.01,200.0,0.01,0.01,0.01,0.01,0.01,0.02,1.5,0.01,0.01,0.03,0.01,0.01,0.01,0.01,0.02,40.0,0.01,0.01,0.01,0.01,0.05,0.01,0.005,0.02,0.6,0.01,0.01,0.01,0.01,0.02,2.0,0.02,0.01,0.01,1.0,0.01,0.01,0.05,20.0,0.01,0.01,0.01,0.01,0.01,0.1,0.01,0.02,0.02,0.2,0.01,0.01,0.01,0.01,0.03,0.01,0.01,0.01,0.01,0.03,0.01,0.01,1.5,4.0,0.02,0.02,7.0,0.01,,0.01,0.01,4.0,0.01,0.03,0.02,0.02,0.01,0.5,10.0,0.01,0.01,0.01,0.01,0.02,0.1,0.01,0.01,0.01,0.01,0.01,0.01,0.01,0.01,0.01,0.01,0.01,0.1,0.05,2.0,0.02,0.005,150.0,0.01,0.1,0.01,0.01,0.01,0.01,0.001,0.01,0.01,0.01,0.01,0.01,15.0,15.0,,0.02,0.01,0.01,0.01,0.01,0.05,0.01,0.01,0.01,0.01,0.01,0.01,0.01,0.01,0.1,0.01
616,Lime/linden,Lime/linden,0.1,0.02,0.02,0.05,0.05,0.1,,0.05,0.05,0.1,0.05,0.01,0.01,0.05,0.05,0.1,0.05,0.05,0.05,0.05,0.05,0.05,0.05,0.05,0.08,0.05,0.05,0.05,0.02,0.05,0.05,0.05,0.05,0.1,0.05,0.05,0.02,0.1,0.1,0.1,0.01,0.05,0.05,0.05,0.05,60.0,0.05,0.05,0.05,0.1,0.05,0.1,0.05,0.1,0.05,,0.05,0.05,0.1,0.05,0.05,0.05,0.05,0.01,0.9,0.01,50.0,0.05,0.05,0.05,0.05,0.05,0.05,0.05,0.05,0.05,0.01,0.05,0.1,0.1,0.05,0.1,0.05,0.05,0.01,,0.1,0.1,0.02,,0.05,0.05,0.1,0.05,0.02,0.02,0.05,0.1,0.05,0.1,0.05,0.1,0.025,0.05,0.05,0.05,0.05,0.05,0.01,0.01,0.05,0.05,0.05,0.05,0.05,0.1,0.1,0.1,0.05,0.05,5.0,0.05,100.0,,0.01,0.05,0.05,0.1,0.05,0.1,0.05,0.05,0.05,0.1,0.1,0.1,0.05,0.1,0.1,0.5,0.05,0.1,0.1,0.02,9.0,0.05,0.05,0.05,0.05,40.0,0.05,0.1,0.02,0.05,0.1,0.05,0.05,0.05,20.0,0.05,0.05,0.1,0.05,0.05,0.1,0.05,0.05,0.05,0.05,0.05,0.1,0.1,,0.05,0.05,0.05,0.05,0.05,0.01,0.1,0.05,0.01,0.05,0.05,0.01,0.1,0.1,0.05,0.01,0.02,0.1,0.05,0.05,15.0,0.02,0.1,0.05,0.1,0.05,0.05,0.05,0.05,0.05,0.05,0.05,0.05,0.05,0.05,0.1,0.05,0.05,0.1,0.05,0.05,0.02,0.05,0.05,0.05,0.05,0.05,0.1,0.1,0.005,0.05,0.1,0.05,0.05,0.04,0.1,0.05,0.05,0.05,0.05,0.05,0.05,0.1,,0.05,0.1,0.05,0.05,40.0,10.0,0.02,0.05,0.05,0.1,0.05,0.05,2.0,0.05,0.05,0.05,0.05,0.05,0.05,0.05,0.05,0.1,0.05,0.05,0.05,0.05,0.05,500.0,0.05,0.05,1.0,0.1,2.0,0.05,0.1,0.02,0.05,0.1,0.02,0.01,0.01,0.05,0.05,,0.1,0.05,0.1,0.01,,0.05,0.05,0.05,0.1,0.1,0.05,0.05,0.05,0.05,0.05,0.05,0.05,0.01,0.05,0.01,0.05,0.1,0.05,0.05,0.01,0.1,0.01,0.05,0.05,0.1,0.02,0.5,0.05,0.05,0.05,0.1,0.05,0.05,0.1,0.05,0.05,0.02,0.05,0.05,0.1,0.05,0.1,0.05,0.1,0.1,0.05,0.05,0.05,0.1,0.1,0.05,0.1,0.1,0.05,0.05,0.05,0.05,0.05,0.1,0.05,0.02,0.1,0.05,0.05,0.05,0.05,0.05,0.05,0.05,0.3,0.02,0.05,0.05,0.05,0.05,0.05,0.05,0.02,0.05,0.05,0.05,0.05,0.05,0.05,0.05,0.01,0.05,0.1,0.05,0.05,0.1,0.05,0.05,0.05,0.05,0.1,0.05,0.01,0.05,0.05,,0.05,0.05,0.05,0.1,0.02,0.02,20.0,0.1,0.01,0.01,0.05,0.05,0.05,10.0,0.05,0.05,0.15,0.05,0.05,0.05,0.05,0.1,0.05,0.05,0.05,0.05,0.05,0.1,0.05,0.01,0.1,0.4,0.05,2.0,0.05,0.05,0.1,0.1,0.1,0.02,0.05,0.5,0.05,0.05,2.0,0.05,0.05,0.05,0.05,0.05,0.05,0.1,0.05,0.05,0.1,0.8,0.01,0.05,0.05,0.02,0.03,0.05,0.05,0.05,0.05,0.15,0.01,0.05,0.1,0.1,0.05,0.02,0.1,0.05,,0.1,0.05,0.05,0.05,0.1,0.1,0.1,0.02,15.0,0.05,0.05,0.05,0.05,0.05,0.1,0.1,0.01,0.05,0.05,0.05,0.05,0.05,0.05,0.05,0.05,0.05,0.05,0.1,0.05,0.05,0.1,0.02,100.0,0.05,0.1,0.05,0.05,0.05,0.02,0.005,0.05,0.05,0.05,0.05,0.05,0.05,0.05,,0.1,0.05,0.05,0.05,0.05,0.05,0.05,0.02,0.05,0.05,0.05,0.01,0.05,0.05,0.2,0.01
617,Limes,Limes,0.01,0.01,0.01,0.01,0.05,0.06,,0.01,0.01,1.0,0.01,0.01,0.01,0.01,10.0,0.1,0.01,0.01,0.04,0.01,0.6,0.9,0.01,0.01,0.01,0.01,0.01,0.02,0.01,0.01,0.01,0.01,0.01,0.05,0.01,0.01,0.01,0.01,0.05,0.05,0.01,0.01,0.02,0.01,0.01,15.0,0.01,0.02,0.01,0.02,0.01,0.03,0.01,0.1,0.01,,0.01,0.01,0.05,0.01,0.01,0.01,0.01,0.01,2.0,0.01,"30.0, 5.0",0.01,0.01,0.01,0.01,0.05,0.01,0.01,0.01,0.01,0.01,0.01,0.02,0.03,0.01,0.7,0.01,0.01,0.01,,0.03,0.02,0.01,,0.7,0.05,0.01,0.01,0.01,0.02,0.01,0.01,0.01,0.03,0.01,0.02,0.01,0.01,0.01,0.01,0.01,0.01,0.01,0.01,0.01,0.01,0.01,0.01,0.01,0.05,0.1,0.02,0.5,0.01,0.5,0.01,20.0,,0.01,0.9,0.01,0.05,0.01,0.09,0.01,0.5,0.3,0.02,0.01,2.0,0.05,0.02,0.01,0.05,0.01,0.05,0.06,0.02,0.02,0.01,0.01,0.01,0.01,0.05,0.01,0.3,0.01,0.01,0.02,0.05,0.01,0.01,0.6,0.01,0.01,0.09,0.01,0.01,0.05,0.01,0.01,0.01,0.01,0.01,0.02,0.02,,0.01,0.01,0.05,0.02,0.01,1.0,5.0,0.01,0.01,1.5,0.01,0.002,0.05,0.01,0.01,0.01,0.01,0.05,0.01,0.01,0.03,0.01,0.05,0.01,0.02,1.5,0.01,0.01,0.01,0.01,0.01,0.02,0.3,1.0,0.01,0.01,0.01,0.01,0.1,0.01,0.01,2.0,0.01,0.01,0.01,0.5,0.01,0.02,0.02,0.005,0.01,0.15,0.01,0.01,0.01,0.01,0.01,0.01,0.01,10.0,0.05,0.01,0.02,,0.01,0.02,0.01,0.01,0.01,0.2,0.01,0.01,1.5,0.02,0.01,0.01,0.01,0.01,0.01,0.01,0.01,0.01,0.01,0.4,1.0,0.03,0.01,0.01,0.01,0.01,0.01,150.0,0.02,0.01,1.0,0.05,0.1,0.05,0.02,0.01,0.01,0.01,0.01,0.01,0.01,0.01,0.5,,0.02,5.0,0.05,0.01,,0.01,0.01,0.9,0.1,0.1,0.01,0.01,0.01,0.01,0.01,0.01,0.01,0.01,0.01,0.01,0.01,0.02,0.01,0.01,0.2,0.1,0.01,0.01,0.4,0.05,2.0,0.2,0.01,0.5,0.01,0.05,1.5,0.01,0.02,0.01,0.01,0.01,0.01,0.01,2.0,0.4,0.05,0.01,0.02,0.02,0.01,0.01,0.01,0.02,0.03,0.01,0.02,0.01,2.0,0.01,0.01,0.01,0.01,0.1,0.01,0.01,0.02,0.01,0.01,0.01,0.01,0.01,0.01,0.01,0.01,0.01,0.01,0.01,0.01,0.01,0.01,0.01,0.01,0.001,0.01,0.05,0.01,0.01,0.01,0.01,0.01,0.02,0.05,0.01,0.01,0.02,0.05,0.01,0.01,0.01,0.05,0.01,0.01,0.01,0.02,,0.01,0.01,0.01,0.5,0.01,0.01,100.0,0.01,0.01,0.01,0.01,0.01,0.02,3.0,0.01,0.01,0.03,0.01,0.01,0.01,0.01,0.02,0.01,0.01,0.01,0.01,0.01,0.05,0.01,0.005,0.02,0.01,0.01,0.01,0.01,0.01,0.02,2.0,0.02,0.01,0.01,1.0,0.3,0.01,0.05,8.0,0.01,0.7,0.01,0.01,0.01,0.1,0.01,0.02,0.02,0.02,0.01,0.01,0.01,0.01,0.03,0.01,0.01,0.01,0.01,0.03,0.01,0.01,0.02,0.3,0.4,0.02,0.5,0.01,,0.01,0.01,0.01,0.01,0.03,0.02,0.02,0.01,5.0,2.0,0.6,0.01,0.5,0.01,0.02,0.1,0.01,0.01,0.01,0.01,7.0,0.01,0.01,0.01,0.01,0.01,0.01,6.0,0.05,0.01,0.02,0.005,20.0,0.01,0.1,0.01,0.01,0.01,0.01,0.001,0.01,0.01,0.01,0.01,0.01,0.5,0.5,,0.02,0.01,0.01,0.01,0.01,0.05,0.01,0.01,0.01,0.01,0.01,0.01,0.01,0.01,0.1,0.01
619,Linseeds,Linseeds,0.01,0.02,0.02,0.01,0.05,0.06,,0.02,0.02,0.05,0.05,0.01,0.01,0.02,0.01,0.1,0.01,0.02,0.01,0.02,0.01,0.06,0.01,0.01,0.01,0.01,0.02,0.05,0.02,0.01,0.01,0.05,0.01,0.05,0.02,0.02,0.02,0.01,0.1,0.05,0.01,0.01,0.02,0.01,0.02,0.4,0.02,0.02,0.01,0.02,0.01,0.2,0.02,0.1,0.15,,0.01,0.01,0.02,0.01,0.01,0.02,0.05,0.01,1.0,0.01,"5.0, 20.0",0.02,0.01,0.01,0.01,0.05,0.01,0.01,0.02,0.02,0.01,0.02,0.05,0.07,0.05,0.1,0.01,0.02,0.01,,0.05,0.05,0.02,,2.0,0.05,0.01,0.02,0.02,0.01,0.02,0.01,0.02,0.04,0.01,0.02,0.01,0.01,0.02,0.02,0.01,0.01,0.01,0.01,0.01,0.02,0.02,0.02,0.01,0.05,0.1,0.05,0.05,0.02,20.0,0.01,30.0,,0.01,1.5,0.02,0.05,0.01,7.0,0.01,0.01,0.01,0.05,0.01,0.2,0.05,0.02,0.01,0.05,0.02,0.1,0.1,0.02,0.01,0.01,0.01,0.02,0.02,0.05,0.01,0.02,0.01,0.01,0.05,0.05,0.01,0.01,0.2,0.01,0.01,0.05,0.01,0.01,0.1,0.01,0.02,0.01,0.01,0.02,0.05,0.05,,0.02,0.02,0.05,5.0,0.02,0.02,0.1,0.01,0.01,0.01,0.02,0.005,0.1,0.01,0.01,0.01,0.02,0.1,0.02,0.01,0.03,0.01,0.1,0.02,0.05,0.01,0.01,0.01,0.01,0.01,0.01,0.02,0.01,0.01,0.02,0.01,0.02,0.02,0.1,0.01,0.01,0.01,0.01,0.01,0.01,0.01,0.02,0.05,0.05,0.005,0.01,0.06,0.01,0.01,9.0,0.01,0.01,0.02,0.02,0.3,0.05,0.01,0.05,,0.01,0.05,0.01,0.01,0.01,2.0,0.01,0.05,0.01,0.02,0.01,0.01,0.01,0.02,0.01,0.01,0.01,0.01,0.02,0.02,0.9,0.07,0.02,0.02,0.02,0.01,0.02,2.0,0.05,0.01,1.0,0.03,10.0,0.05,0.05,0.01,0.05,0.01,0.02,0.01,0.01,0.02,0.01,,0.05,0.01,0.05,0.01,,0.01,0.02,0.01,0.1,0.1,0.01,0.02,0.01,0.01,0.01,0.02,0.01,0.01,0.01,0.4,0.01,0.02,0.01,0.02,0.2,0.1,0.01,0.01,0.01,0.1,0.02,0.5,0.01,0.01,0.01,0.05,1.0,0.02,40.0,0.02,0.01,0.02,0.02,0.01,0.02,0.02,0.6,0.01,0.06,0.2,0.02,0.02,0.02,0.05,0.03,0.01,0.05,0.01,0.01,0.01,0.01,0.01,0.01,0.1,0.02,0.01,0.02,0.02,0.02,0.02,0.02,0.01,0.02,0.02,0.02,0.02,0.01,0.01,0.01,0.01,0.01,0.01,0.02,0.01,0.01,0.01,0.02,0.02,0.01,0.01,0.01,0.02,0.05,0.02,0.01,0.02,0.05,0.01,0.01,0.01,0.05,0.01,0.01,0.01,0.05,,0.02,0.02,0.01,0.05,0.01,0.05,1.5,0.02,0.01,0.01,0.01,0.01,0.02,0.05,0.5,0.01,0.03,0.02,0.02,0.01,0.05,0.05,0.01,0.05,0.02,0.02,0.01,0.2,0.01,0.01,0.05,0.01,0.02,0.02,0.02,0.09,0.02,0.2,0.02,0.01,0.02,3.0,0.01,0.01,0.05,0.02,0.01,0.01,0.01,0.02,0.02,0.15,0.02,0.05,0.05,0.3,0.01,0.02,0.02,0.02,0.03,0.01,0.02,0.02,0.01,0.03,0.01,0.01,0.02,0.02,0.02,0.02,0.02,0.05,,0.05,0.02,0.02,0.01,0.03,0.02,0.02,0.01,0.6,0.01,0.01,0.02,0.01,0.01,0.02,0.1,0.01,0.01,0.15,0.02,0.02,0.02,0.01,0.01,0.01,0.02,0.01,0.1,0.05,0.01,0.02,0.005,30.0,0.01,0.1,0.01,0.01,0.01,0.01,0.005,0.01,0.02,0.01,0.01,0.02,0.01,0.01,,0.02,0.01,0.01,0.01,0.02,0.05,0.01,0.02,0.01,0.01,0.02,0.01,0.01,0.01,0.1,0.01
620,Liquorice,Liquorice,0.02,0.02,0.02,0.05,0.05,0.1,,0.05,0.05,0.1,0.05,0.01,0.01,0.05,0.05,0.1,0.05,0.05,0.05,0.2,0.05,0.05,0.05,0.05,0.05,0.05,0.05,0.05,0.1,0.05,0.05,0.05,0.05,0.1,0.05,0.05,0.02,0.1,0.1,0.1,0.01,0.05,0.05,0.5,0.05,0.05,0.05,0.05,0.05,0.1,0.05,0.1,0.05,0.1,0.05,,0.05,0.05,0.05,0.05,0.05,0.05,0.05,0.01,0.4,0.01,"400.0, 50.0",0.05,0.05,0.05,0.05,0.05,0.05,0.05,0.05,0.05,0.01,0.05,0.1,0.1,0.1,0.1,0.05,0.05,0.01,,0.1,0.1,0.02,,0.05,0.07,0.1,0.05,0.02,0.02,0.05,0.1,0.05,0.1,0.05,0.1,0.025,0.05,0.05,0.05,0.05,0.05,0.01,0.01,0.05,0.05,0.05,0.05,0.05,0.1,0.1,0.1,0.05,0.05,0.5,0.05,40.0,,0.01,0.2,0.05,0.1,0.05,0.1,0.05,0.05,0.05,0.1,0.1,0.2,0.05,1.5,0.1,1.0,0.05,0.1,0.1,0.02,0.5,0.05,0.05,0.05,0.5,0.05,0.05,0.1,"0.02, 0.1",0.05,0.1,0.05,0.05,0.05,3.0,0.05,0.05,0.1,0.05,0.05,0.1,0.05,0.05,0.05,0.05,0.05,0.1,0.1,,0.05,0.05,0.05,0.05,0.05,0.01,0.1,0.05,0.01,0.05,0.05,0.01,0.5,0.1,0.05,0.01,0.02,0.1,0.3,0.05,0.1,0.02,0.1,0.05,0.1,0.05,0.05,0.05,0.05,0.05,0.05,0.05,0.05,0.05,0.05,0.1,0.05,0.05,0.1,0.05,0.05,0.02,0.05,0.05,0.05,0.05,0.05,0.1,0.1,0.005,0.05,0.1,0.05,0.05,4.0,0.1,0.05,0.05,0.05,1.0,0.05,0.05,0.1,,0.05,0.1,0.05,0.05,1.0,5.0,0.02,0.05,0.05,0.1,0.05,0.05,0.05,0.05,0.05,0.05,0.05,0.05,0.05,0.05,0.05,0.1,0.05,0.05,0.05,0.05,0.05,400.0,0.05,0.05,1.0,0.1,0.1,0.05,0.1,0.02,0.05,0.1,0.02,0.01,0.01,0.05,0.05,,0.1,0.05,0.1,0.01,,0.05,0.05,0.05,0.1,0.1,0.05,0.05,0.05,0.05,0.05,0.05,0.05,0.01,0.05,0.01,0.05,0.1,0.05,0.05,0.05,0.1,0.01,0.05,0.05,0.1,0.02,0.5,0.05,0.05,0.05,0.1,0.05,0.05,0.1,0.05,0.05,0.02,0.05,0.05,0.1,0.05,0.1,0.05,0.1,0.1,0.05,0.05,0.1,0.1,0.1,0.05,0.1,0.1,0.05,0.05,0.05,0.05,0.05,0.1,0.05,0.02,0.1,0.05,0.05,0.05,0.05,0.05,0.05,0.05,0.3,0.02,0.05,0.05,0.05,0.05,0.05,0.05,0.02,0.05,0.05,0.05,0.05,0.05,0.05,0.05,0.01,0.05,"0.1, 0.2",3.0,0.05,0.1,0.05,0.05,0.05,0.05,0.1,0.05,0.01,0.05,0.05,,0.1,3.0,0.05,0.1,0.02,0.02,20.0,0.02,0.01,0.01,0.05,0.05,0.05,0.05,0.05,0.05,0.15,0.05,0.05,0.05,0.05,0.1,0.05,0.05,0.05,0.05,0.05,0.1,0.05,0.01,0.1,0.05,0.05,0.05,0.05,0.05,0.1,0.1,0.1,0.02,0.05,0.5,0.05,0.05,0.05,0.05,0.05,0.05,0.05,0.05,0.05,0.1,0.05,0.05,2.0,0.05,0.01,0.05,0.05,0.02,0.03,0.05,0.05,0.05,0.05,0.15,0.01,0.05,0.1,0.1,0.05,0.02,0.1,0.05,,0.1,0.05,0.05,0.05,0.1,0.1,0.1,0.02,0.05,0.05,0.05,0.05,0.05,0.05,0.1,0.1,0.01,0.05,0.05,0.05,0.05,0.05,0.05,0.05,0.05,0.05,0.05,0.1,0.05,0.05,0.1,0.02,40.0,0.05,0.1,0.05,0.05,0.05,0.1,0.005,0.05,0.05,0.05,0.05,0.05,0.05,0.05,,0.1,0.05,0.05,0.05,0.05,0.05,0.05,0.02,0.05,0.05,0.05,0.01,0.05,0.05,0.2,0.05
621,Litchis/lychees,Litchis/lychees,0.01,0.01,0.01,0.01,0.05,0.06,,0.01,0.01,0.05,0.01,0.01,0.01,0.01,0.01,0.1,0.01,0.01,0.01,0.01,0.01,0.01,0.01,0.01,0.01,0.01,0.01,0.02,0.01,0.01,0.01,0.01,0.01,0.05,0.01,0.01,0.01,0.01,0.05,0.05,0.01,0.01,0.02,0.01,0.01,0.01,0.01,0.02,0.01,0.02,0.01,0.03,0.01,0.1,0.01,,0.01,0.01,0.01,0.01,0.01,0.01,0.01,0.01,0.01,0.01,"10.0, 50.0",0.01,0.01,0.01,0.01,0.05,0.01,0.01,0.01,0.01,0.01,0.01,0.02,0.03,0.01,0.1,0.01,0.01,0.01,,0.03,0.02,0.01,,0.01,0.3,0.01,0.01,0.01,0.02,0.01,0.01,0.01,0.03,0.01,0.02,0.005,0.01,0.01,0.01,0.01,0.01,0.01,0.01,0.01,0.01,0.01,0.01,0.01,0.05,0.1,0.02,0.02,0.01,0.5,0.01,20.0,,0.01,0.01,0.01,0.05,0.01,0.09,0.01,0.01,0.01,0.02,0.01,2.0,0.05,0.02,0.01,0.05,0.01,0.05,0.06,0.02,0.01,0.01,0.01,0.01,0.01,0.05,0.01,0.02,0.01,0.01,0.02,0.05,0.01,0.01,0.1,0.01,0.01,0.02,0.01,0.01,0.05,0.01,0.01,0.01,0.01,0.01,0.02,0.02,,0.01,0.01,0.05,0.01,0.01,0.01,0.05,0.01,0.01,0.01,0.01,0.002,0.05,0.01,0.01,0.01,0.01,0.05,0.01,0.01,0.03,0.01,0.05,0.01,0.02,0.01,0.01,0.01,0.01,0.01,0.01,0.02,0.01,0.01,0.01,0.01,0.01,0.01,0.1,0.01,0.01,0.01,0.01,0.01,0.01,0.01,0.01,0.02,0.02,0.005,0.01,0.03,0.01,0.01,0.01,0.01,0.01,0.01,0.01,0.01,0.05,0.01,0.02,,0.01,0.02,0.01,0.01,0.01,0.2,0.01,0.01,0.01,0.02,0.01,0.01,0.01,0.01,0.01,0.01,0.01,0.01,0.01,0.01,0.01,0.03,0.01,0.01,0.01,0.01,0.01,2.0,0.02,0.01,1.0,0.1,0.1,0.05,0.02,0.01,0.01,0.01,0.01,0.01,0.01,0.01,0.01,,0.02,0.01,0.05,0.01,,0.01,0.01,0.01,0.1,0.1,0.01,0.01,0.01,0.01,0.01,0.01,0.01,0.01,0.01,0.01,0.01,0.02,0.01,0.01,0.01,0.1,0.01,0.01,0.01,0.05,0.02,0.2,0.01,0.01,0.01,0.05,0.01,0.01,0.02,0.01,0.01,0.01,0.01,0.01,0.02,0.01,0.05,0.01,0.02,0.02,0.01,0.01,0.01,0.02,0.03,0.01,0.02,0.01,0.01,0.01,0.01,0.01,0.01,0.1,0.01,0.01,0.02,0.01,0.01,0.01,0.01,0.01,0.01,0.01,0.01,0.01,0.01,0.01,0.01,0.01,0.01,0.01,0.01,0.001,0.01,0.01,0.01,0.01,0.01,0.01,0.01,0.02,0.05,0.01,0.01,0.02,0.05,0.01,0.01,0.01,0.05,0.01,0.01,0.01,0.02,,0.01,0.01,0.01,2.0,0.01,0.01,1.5,0.01,0.01,0.01,0.01,0.01,0.02,0.01,0.01,0.01,0.03,0.01,0.01,0.01,0.01,0.02,0.01,0.01,0.01,0.01,0.01,0.05,0.01,0.005,0.02,0.01,0.01,0.01,0.01,0.01,0.02,0.02,0.02,0.01,0.01,1.0,0.01,0.01,0.05,0.01,0.01,0.01,0.01,0.01,0.01,0.1,0.01,0.02,0.02,0.01,0.01,0.01,0.01,0.01,0.03,0.01,0.01,0.01,0.01,0.03,0.01,0.01,0.015,0.02,0.02,0.02,15.0,0.01,,0.01,0.01,0.01,0.01,0.03,0.02,0.02,0.01,0.02,0.01,0.01,0.01,0.01,0.01,0.02,0.1,0.01,0.01,0.01,0.01,0.01,0.01,0.01,0.01,0.01,0.01,0.01,0.1,0.05,0.01,0.02,0.005,20.0,0.01,0.1,0.01,0.01,0.01,0.01,0.001,0.01,0.01,0.01,0.01,0.01,0.01,0.01,,0.02,0.01,0.01,0.01,0.01,0.05,0.01,0.01,0.01,0.01,0.01,0.01,0.01,0.01,0.1,0.01
622,Liver,Liver,0.01,,0.1,0.02,"3.0, 2.0, 1.5",0.06,0.01,0.01,0.01,"5.0, 0.05",0.05,0.01,0.01,0.02,0.01,0.1,0.01,0.01,"0.025, 0.02, 0.01",0.02,0.01,"1.0, 0.1, 0.03",0.01,0.02,0.01,0.01,0.01,0.01,0.2,"0.03, 0.04","0.02, 0.04",0.05,0.01,"0.1, 0.05, 0.2",0.01,0.01,0.01,0.01,0.02,,0.01,0.02,0.01,0.01,0.01,"0.07, 0.01",0.01,0.01,0.01,0.02,0.01,"0.05, 0.02, 0.03, 0.04",0.01,0.1,"0.1, 0.01","0.02, 0.01",0.02,0.01,"0.2, 0.01",0.01,0.01,0.01,"4.0, 0.05",0.01,"0.2, 0.15, 0.05",0.01,0.05,0.01,0.01,0.05,0.02,0.05,0.01,0.01,0.01,0.01,0.01,0.01,0.01,"0.09, 0.03",0.05,0.05,0.01,0.01,0.01,,0.03,0.01,,,"0.2, 0.07",0.05,0.05,0.01,0.05,0.02,,0.05,0.01,0.2,"1.5, 0.15",0.1,0.01,0.01,"0.01, 0.05",0.02,0.05,0.05,0.01,0.01,0.01,0.01,0.01,0.01,0.01,0.1,"0.05, 0.2",0.02,"0.1, 0.05",0.01,"0.2, 0.05, 0.15",0.02,30.0,,0.01,"1.5, 0.15",0.01,0.01,0.01,"0.5, 0.03",0.02,"0.01, 0.02","0.01, 0.02",0.01,0.01,"0.2, 0.05","0.5, 0.05","0.05, 0.02","0.05, 0.3",1.0,0.02,,0.06,,"0.03, 0.02",0.01,0.01,0.01,"0.03, 0.01","0.7, 0.07",0.01,"0.06, 0.05",,0.02,"0.02, 0.05",0.1,0.01,0.01,"0.2, 0.1",0.01,0.02,"0.3, 0.4, 0.15, 0.1",0.01,0.01,,0.01,0.01,,0.03,0.01,0.1,0.02,"0.02, 0.1",0.01,0.01,0.05,0.05,0.01,0.01,0.05,0.01,0.01,0.01,0.02,"0.09, 0.01",0.05,0.05,0.01,0.01,0.01,"0.4, 0.08",0.01,0.01,0.03,0.01,0.05,0.01,0.02,"0.05, 0.06, 0.01",0.01,0.01,"0.5, 0.01",0.01,"0.02, 0.01",0.02,"0.02, 0.01","0.1, 0.05",0.02,,0.05,0.01,"0.05, 0.1",0.01,"0.02, 0.01",,"0.5, 0.2, 0.02","0.7, 0.01",0.01,"0.8, 0.01",0.05,0.02,"0.02, 0.07",0.005,0.01,"0.2, 0.1",0.01,0.01,"0.04, 0.03",0.01,"1.0, 0.01",0.01,0.01,0.1,0.02,0.02,0.02,"0.5, 0.8",0.01,0.02,0.005,0.05,"0.3, 0.8, 0.5",0.3,,0.05,"1.0, 0.01, 0.1",0.02,0.01,0.05,"0.04, 0.01, 0.07",0.02,0.01,0.02,0.01,"0.5, 0.05","1.0, 0.03",0.01,"0.02, 0.1",0.05,0.01,0.01,0.01,0.01,0.01,"0.5, 0.8, 1.5, 0.7",,0.01,1.0,"3.0, 0.1","0.05, 0.2",0.05,0.02,,0.01,0.2,0.01,0.01,0.01,,0.05,,0.02,"0.03, 0.02, 0.01",0.01,0.01,"0.2, 0.05",0.01,0.02,0.01,0.1,0.1,0.01,0.02,0.01,0.01,0.01,0.05,0.01,0.01,0.01,"0.02, 0.01",0.01,"0.1, 0.2",0.05,0.01,"0.05, 0.03",0.1,0.01,0.01,"0.15, 0.02","3.0, 0.1",0.02,"0.1, 0.02",0.01,0.01,0.01,,"0.7, 0.01, 0.02, 0.4, 0.03",0.01,"0.07, 0.6, 0.05, 0.5",,0.01,0.02,0.02,0.01,0.02,"0.05, 0.06",0.01,0.01,"0.4, 0.05, 0.3, 0.15",0.02,0.05,0.01,0.01,0.02,0.03,0.01,0.05,0.01,"0.2, 0.01",0.01,0.01,0.01,0.01,0.1,0.01,,0.02,0.01,,0.01,0.01,0.01,0.01,0.05,0.01,0.01,0.05,0.01,0.01,0.01,0.01,0.01,0.01,0.01,0.01,0.01,0.01,0.01,0.01,0.01,0.01,,0.05,0.01,0.05,0.01,"0.05, 0.01",0.01,0.01,0.01,0.05,0.01,0.01,0.05,0.05,,"0.02, 0.01",0.01,0.01,0.1,,0.01,"0.9, 0.5","0.02, 0.05",0.01,0.01,0.02,0.01,,"0.05, 0.01",0.01,0.01,0.03,0.01,0.05,0.01,0.01,0.02,"0.05, 0.2, 0.1",0.01,0.01,0.01,0.01,0.01,0.01,0.01,0.05,0.1,0.02,0.01,0.05,"0.5, 0.1",0.01,0.05,0.02,"0.01, 1.0",0.01,0.05,0.01,0.01,"0.2, 0.1, 0.05","0.05, 0.1",0.01,0.01,0.01,0.01,,"0.02, 0.07, 0.05",0.02,0.2,0.01,"0.03, 0.04, 0.02",0.01,0.02,0.05,0.01,"0.3, 0.01, 0.6",0.01,0.01,0.01,0.01,0.03,0.01,0.01,0.02,"1.5, 2.0, 0.7, 0.2","0.01, 0.05",0.01,"0.7, 0.02","0.3, 0.2, 0.02",0.5,0.01,0.05,"0.6, 0.3",0.01,0.02,0.01,0.02,,"0.2, 0.1","0.05, 0.02",0.01,0.01,0.01,"0.01, 0.02, 0.05","0.01, 0.05, 0.015",0.1,0.01,0.01,"0.7, 0.9, 0.05, 1.5",0.05,"0.01, 0.1",0.01,0.02,0.01,0.01,0.01,0.01,0.05,0.01,0.01,0.05,0.005,,0.01,0.05,0.05,0.05,0.01,0.01,0.01,0.01,0.01,"0.06, 0.01",0.01,0.01,"0.04, 0.07","0.07, 0.04",0.01,0.01,"0.05, 0.01",0.01,0.01,0.01,"0.05, 0.5","0.05, 0.01",0.01,0.01,0.03,0.01,0.01,0.01,0.01,,0.01
627,LOQUAT,Loquats/Japanese medlars,0.01,0.01,0.01,0.01,0.05,0.06,,0.01,0.01,0.05,0.01,0.01,0.01,0.01,0.01,0.1,0.01,0.01,0.02,0.01,0.4,0.8,0.01,0.2,0.01,0.01,0.01,0.02,0.01,0.01,0.01,0.01,0.01,0.05,0.01,0.01,0.01,0.01,0.05,0.05,1.0,0.01,0.02,0.01,0.01,0.01,0.01,0.02,0.01,0.02,0.01,0.03,0.01,0.1,0.2,,0.01,0.01,0.01,0.01,0.01,0.01,0.01,0.01,0.01,0.01,"20.0, 5.0",0.01,0.01,0.01,0.01,0.05,0.01,0.01,0.01,0.01,0.01,0.01,0.02,10.0,0.01,2.0,0.01,0.001,0.01,,0.03,0.02,0.01,,0.4,0.05,0.01,0.01,0.01,0.01,0.01,0.01,0.01,0.03,0.01,0.02,0.005,0.01,0.01,0.01,0.01,0.01,0.01,0.01,0.01,0.01,0.01,0.01,0.01,0.05,0.1,0.02,0.5,0.01,0.5,0.01,5.0,,0.01,0.8,0.01,0.05,0.01,0.4,0.06,0.4,0.01,0.02,0.01,1.0,0.1,2.0,0.01,0.05,0.01,0.05,0.06,0.02,0.1,0.01,0.01,0.01,0.01,0.05,0.01,0.02,0.01,0.01,0.02,0.05,0.01,0.01,0.8,0.01,0.01,0.2,0.01,0.01,0.05,0.01,0.01,0.01,0.01,0.01,0.02,0.02,,0.01,0.01,0.05,0.02,0.01,3.0,5.0,0.01,0.01,5.0,0.01,0.02,0.05,0.01,0.01,0.01,0.01,0.05,0.01,0.01,0.03,0.01,0.05,0.01,0.02,0.01,0.01,0.01,0.01,0.01,0.01,0.1,0.15,0.5,0.01,0.01,0.01,0.01,0.1,0.01,0.01,0.01,0.01,0.01,0.01,0.2,0.01,0.02,0.02,0.005,0.01,0.3,0.01,0.01,0.01,0.01,0.9,0.01,0.01,5.0,0.05,0.01,0.02,,0.01,0.02,0.01,0.01,0.8,0.2,0.01,0.01,0.6,0.02,0.01,0.01,0.01,0.01,0.01,0.01,0.01,0.01,0.4,0.3,0.9,0.03,0.01,0.01,0.01,0.01,0.01,150.0,0.02,0.01,1.0,0.1,0.1,0.05,0.02,0.01,0.01,0.01,0.01,0.01,0.01,0.01,0.4,,0.02,0.01,0.05,0.01,,0.01,0.01,0.01,0.1,0.1,0.01,0.01,0.01,0.01,0.01,0.01,0.6,0.01,0.01,0.7,0.01,0.02,0.2,0.01,0.2,0.1,0.01,0.01,1.0,0.05,0.02,0.2,0.01,0.01,0.01,0.05,0.4,0.01,0.02,0.01,0.01,0.01,0.01,0.01,0.02,0.01,0.05,0.01,0.02,0.02,0.01,0.01,0.01,0.03,0.03,0.01,0.02,0.01,2.0,0.01,0.01,0.01,1.0,0.1,0.01,0.01,0.02,0.01,0.01,0.01,0.01,0.6,0.01,0.01,0.01,0.01,0.01,0.01,0.01,0.01,0.01,0.01,0.01,0.001,0.01,0.01,0.01,0.01,0.01,0.05,0.01,0.02,0.05,0.01,0.3,0.02,0.05,0.01,0.01,0.5,0.05,0.01,0.01,0.01,0.02,,0.01,0.01,0.01,0.5,0.01,0.01,70.0,0.01,0.01,0.01,0.01,0.01,0.02,1.0,0.01,0.01,0.03,0.01,0.01,0.01,0.1,0.02,0.01,0.01,0.01,0.01,0.01,0.05,0.01,0.005,0.02,0.02,0.01,0.01,0.01,0.01,0.02,0.5,0.02,0.01,0.01,1.0,0.15,0.01,0.05,15.0,0.01,0.01,0.01,0.01,0.01,0.1,0.01,0.02,0.02,0.02,0.01,0.01,0.01,0.01,0.03,0.01,0.01,0.01,0.01,0.03,0.01,0.01,0.15,0.3,0.8,0.02,0.7,0.01,,0.01,0.01,0.3,0.01,0.03,0.02,0.02,0.01,0.5,1.0,0.8,0.01,0.01,0.01,0.02,0.1,0.01,0.01,0.2,0.01,3.0,0.01,0.01,0.01,0.01,0.01,0.01,2.0,0.05,0.01,0.02,0.005,6.0,0.01,0.1,0.01,0.01,0.01,0.01,0.001,0.01,0.01,0.01,0.01,0.01,0.7,0.7,,0.02,0.01,0.01,0.01,0.01,0.05,0.01,0.01,0.01,0.01,0.01,0.01,0.01,0.01,0.1,0.01
138,BEANS,Lupins/lupini beans,0.01,0.01,0.01,0.01,0.05,0.06,,0.01,0.01,0.05,0.01,0.01,0.01,0.01,0.02,0.1,0.01,0.02,0.01,0.01,0.01,0.15,0.01,0.01,0.01,0.01,0.01,0.02,0.01,0.01,0.01,0.05,0.01,0.05,0.01,0.01,0.01,0.01,0.05,0.05,0.01,0.01,0.02,0.01,0.01,0.15,0.01,0.01,0.01,0.05,0.01,0.03,0.02,0.1,0.2,,0.01,0.01,0.3,0.01,0.01,0.01,0.04,0.01,3.0,0.01,"5.0, 50.0",0.01,0.01,0.01,0.01,0.05,0.01,0.01,0.01,0.01,0.01,0.01,0.02,0.07,0.05,0.1,0.01,0.005,0.01,,0.03,0.05,0.01,,0.3,0.35,0.01,0.01,0.01,0.01,0.01,0.01,0.01,0.03,0.01,0.02,0.005,0.01,0.01,0.02,0.01,0.01,0.01,0.01,0.01,0.01,0.01,0.01,0.01,0.05,0.5,0.02,0.02,0.01,0.5,0.01,20.0,,0.01,0.6,0.02,0.05,0.01,20.0,0.01,0.01,0.01,0.01,0.01,0.05,0.08,0.2,0.02,0.05,0.02,0.05,0.06,0.02,1.0,0.01,0.01,0.01,0.01,0.05,0.01,0.02,0.01,0.02,0.02,0.05,0.01,0.01,0.06,0.01,0.01,3.0,0.01,0.01,0.05,0.01,0.01,0.01,0.01,0.01,0.05,0.02,,0.01,0.01,0.05,0.2,0.01,0.01,0.05,0.01,0.01,0.01,0.01,0.005,0.05,0.01,0.01,0.01,0.01,0.05,0.01,0.01,0.03,0.01,0.05,0.01,0.02,0.01,0.01,0.01,0.01,0.01,0.02,0.02,0.01,0.01,0.01,0.01,0.01,0.01,0.1,0.01,0.01,0.01,0.01,0.01,0.01,0.01,0.01,0.02,0.02,0.005,0.01,0.8,0.01,0.01,4.0,0.02,1.0,0.01,0.01,0.4,0.05,0.01,0.02,,0.01,0.02,0.005,0.01,0.5,2.0,0.01,0.01,3.0,0.02,0.01,0.01,0.01,0.02,0.01,0.01,0.01,0.01,0.01,0.01,0.2,0.07,0.01,0.01,0.02,0.01,0.01,2.0,0.02,0.01,1.0,0.03,10.0,0.05,0.02,0.01,0.01,0.01,0.01,0.01,0.01,0.01,0.01,,0.02,0.01,0.05,0.01,,0.01,0.01,0.01,0.1,0.1,0.01,0.01,0.01,0.01,0.01,0.01,0.09,0.01,0.01,0.01,0.01,0.02,0.01,0.01,0.05,0.1,0.01,0.01,0.01,0.05,0.02,0.2,0.01,0.01,0.01,0.05,0.2,0.01,0.02,0.01,0.01,0.01,0.01,0.01,0.02,0.02,0.2,0.01,0.02,0.15,0.01,0.01,0.01,0.02,0.03,0.01,0.05,0.01,0.01,0.01,0.01,0.01,0.01,0.1,0.01,0.01,0.02,0.01,0.01,0.01,0.01,0.01,0.01,0.01,0.01,0.01,0.01,0.01,0.01,0.01,0.01,0.01,0.01,0.01,0.01,0.01,0.01,0.01,0.01,0.01,0.01,0.02,0.05,0.01,0.01,0.02,0.15,0.01,0.01,0.3,0.05,0.01,0.01,0.01,0.05,,0.01,0.01,0.01,0.05,0.01,0.01,3.0,0.01,0.01,0.01,0.05,0.01,0.02,0.2,0.01,0.01,0.03,0.01,0.01,0.01,0.02,0.02,0.01,0.01,0.01,0.01,0.01,0.05,0.01,0.005,0.02,0.01,0.01,0.01,0.01,1.0,0.05,0.05,0.02,0.01,0.01,3.0,0.01,0.01,0.05,0.5,0.01,0.01,0.01,0.01,0.01,0.1,0.02,0.02,0.02,0.05,0.01,0.02,0.01,0.01,0.03,0.01,0.01,0.01,0.01,0.03,0.01,0.01,0.02,0.02,0.02,0.02,2.0,0.01,,0.02,0.02,0.01,0.01,0.03,0.02,0.02,0.01,0.2,0.01,0.01,0.01,0.01,0.01,0.02,0.1,0.01,0.01,0.01,0.01,0.01,0.01,0.01,0.01,0.01,0.01,0.01,0.1,0.05,0.01,0.05,0.01,20.0,0.01,0.1,0.01,0.01,0.01,0.01,0.003,0.01,0.01,0.01,0.01,0.01,0.2,0.2,,0.02,0.01,0.01,0.01,0.01,0.05,0.02,0.01,0.01,0.01,0.01,0.01,0.01,0.01,0.1,0.01
649,Macadamias,Macadamias,0.01,0.01,0.01,0.01,0.05,0.06,,0.02,0.02,0.2,0.05,0.01,0.01,0.02,0.01,0.1,0.01,0.02,0.01,0.02,0.01,0.07,0.01,0.01,0.01,0.01,0.02,0.05,0.01,0.01,0.01,0.05,0.01,0.05,0.02,0.02,0.02,0.01,0.1,0.05,0.01,0.01,0.02,0.01,0.02,0.01,0.02,0.02,0.01,0.02,0.01,0.03,0.02,0.1,0.01,,0.01,0.01,0.05,0.01,0.01,0.02,0.01,0.01,0.05,0.01,50.0,0.02,0.01,0.01,0.01,0.05,0.01,0.01,0.02,0.02,0.01,0.02,0.05,0.07,0.02,0.1,0.01,0.02,0.01,,0.05,0.05,0.01,,0.03,0.1,0.01,0.02,0.01,0.01,0.02,0.01,0.02,0.04,0.01,0.02,0.01,0.01,0.02,0.02,0.01,0.01,0.01,0.01,0.01,0.02,0.02,0.02,0.01,0.05,0.1,0.05,0.05,0.02,0.5,0.01,30.0,,0.01,0.04,0.02,0.05,0.01,0.09,0.01,0.01,0.01,0.05,0.01,0.05,0.05,0.04,0.01,0.05,0.02,0.05,0.1,0.02,0.01,0.01,0.01,0.02,0.02,0.05,0.01,0.02,0.01,0.01,0.05,0.05,0.01,0.01,0.05,0.01,0.01,0.3,0.01,0.01,0.1,0.01,0.02,0.01,0.01,0.02,0.05,0.05,,0.02,0.02,0.05,0.02,0.02,0.01,0.05,0.01,0.01,0.01,0.02,0.005,0.1,0.01,0.01,0.01,0.01,0.1,0.02,0.01,0.03,0.01,0.1,0.02,0.05,0.01,0.01,0.01,0.01,0.01,0.01,0.02,0.02,0.01,0.02,0.01,0.02,0.02,0.1,0.01,0.01,0.01,0.01,0.01,0.01,0.05,0.02,0.05,0.05,0.005,0.01,0.06,0.01,0.01,0.01,0.01,0.1,0.02,0.02,0.01,0.05,0.01,0.05,,0.01,0.05,0.01,0.01,0.03,30.0,0.01,0.01,0.02,0.02,0.01,0.01,0.01,0.02,0.01,0.01,0.01,0.01,0.02,0.01,0.04,0.07,0.02,0.02,0.02,0.01,0.02,500.0,0.02,0.01,1.0,0.1,0.1,0.05,0.05,0.01,0.01,0.01,0.01,0.01,0.01,0.02,0.05,,0.05,0.01,0.05,0.01,,0.01,0.02,0.01,0.1,0.1,0.01,0.02,0.01,0.01,0.01,0.02,0.01,0.01,0.01,0.01,0.01,0.02,0.01,0.02,0.01,0.1,0.01,0.01,0.01,0.05,0.02,0.2,0.01,0.01,0.01,0.05,0.06,0.02,0.05,0.02,0.01,0.02,0.02,0.01,0.02,0.01,0.05,0.01,0.02,0.05,0.02,0.02,0.02,0.05,0.03,0.01,0.05,0.01,0.1,0.01,0.01,0.01,0.01,0.1,0.01,0.01,0.02,0.02,0.02,0.02,0.02,0.01,0.01,0.02,0.02,0.01,0.01,0.01,0.01,0.01,0.01,0.01,0.01,0.01,0.01,0.01,0.02,0.02,0.01,0.01,0.01,0.02,0.05,0.02,0.01,0.02,0.05,0.01,0.01,0.05,0.05,0.01,0.01,0.01,0.05,,0.02,0.02,0.01,0.05,0.01,0.09,400.0,0.01,0.01,0.01,0.01,0.01,0.02,0.02,0.01,0.01,0.03,0.02,0.02,0.01,0.01,0.05,0.01,0.02,0.02,0.02,0.01,0.2,0.01,0.01,0.05,0.01,0.02,0.02,0.02,0.02,0.02,0.02,0.02,0.01,0.02,1.0,0.05,0.01,0.05,0.02,0.01,0.01,0.01,0.02,0.02,0.15,0.02,0.02,0.05,0.01,0.01,0.02,0.02,0.01,0.03,0.01,0.02,0.02,0.01,0.03,0.01,0.01,0.02,0.07,0.05,0.02,0.5,0.05,,0.05,0.02,0.02,10.0,0.03,0.02,0.02,0.01,0.05,0.01,0.01,0.02,0.01,0.01,0.02,0.1,0.01,0.01,0.01,0.02,0.02,0.02,0.01,0.01,0.01,0.02,0.01,0.2,0.05,0.01,0.02,0.005,40.0,0.01,0.1,0.01,0.01,0.01,0.01,0.005,0.01,0.02,0.01,0.01,0.02,0.02,0.02,,0.02,0.01,0.01,0.01,0.02,0.05,0.01,0.01,0.01,0.01,0.02,0.01,0.01,0.01,0.1,0.01
650,Mace,Mace,0.02,0.02,0.02,0.05,0.05,0.1,,0.05,0.05,0.1,0.05,0.01,0.01,0.05,0.05,0.1,0.05,0.05,0.05,0.2,0.05,0.05,0.05,0.05,0.05,0.05,0.05,0.05,0.1,0.05,0.05,0.05,0.05,0.1,0.05,0.05,0.02,0.1,0.1,0.1,0.01,0.05,0.05,0.5,0.05,0.05,0.05,0.05,0.05,0.1,0.05,0.1,0.05,0.1,0.05,,0.05,0.05,0.05,1.0,0.05,0.05,0.05,0.01,0.9,0.01,"50.0, 400.0",0.05,0.05,0.05,0.05,0.05,0.05,0.05,0.05,0.05,0.01,0.05,0.1,0.1,0.05,0.1,0.05,0.05,0.01,,0.1,0.1,0.02,,0.05,0.07,0.1,0.05,0.02,0.02,0.05,0.1,0.05,0.1,0.05,0.1,0.025,0.05,0.05,0.05,0.05,0.05,0.01,0.01,0.05,0.05,0.05,0.05,0.05,0.1,0.1,0.1,0.05,0.05,0.5,0.05,40.0,,0.01,0.05,0.05,0.1,0.05,0.1,0.05,0.05,0.05,0.1,0.1,0.1,0.05,0.1,0.1,1.0,0.05,0.1,0.1,0.02,0.05,0.05,0.05,0.05,0.05,0.05,0.05,0.1,"0.02, 0.1",0.05,0.1,0.05,0.05,0.05,0.3,0.05,0.05,0.1,0.05,0.05,0.1,0.05,0.05,0.05,0.05,0.05,0.1,0.1,,0.05,0.05,0.05,0.05,0.05,0.01,0.1,0.05,0.01,0.05,0.05,0.01,0.1,0.1,0.05,0.01,0.02,0.1,0.05,0.05,0.1,0.02,0.1,0.05,0.1,0.05,0.05,0.05,0.05,0.05,0.05,0.05,0.05,0.05,0.05,0.1,0.05,0.05,0.1,0.05,0.05,0.02,0.05,0.05,0.05,0.05,0.05,0.1,0.1,0.005,0.05,0.1,0.05,0.05,0.05,0.1,0.05,0.05,0.05,0.05,0.05,0.05,0.1,,0.05,0.1,0.05,0.05,0.05,5.0,0.02,0.05,0.05,0.1,0.05,0.05,0.05,0.05,0.05,0.05,0.05,0.05,0.05,0.05,0.05,0.1,0.05,0.05,0.05,0.05,0.05,400.0,0.05,0.05,1.0,0.1,0.1,0.05,0.1,0.02,0.05,0.1,0.02,0.01,0.01,0.05,0.05,,0.1,0.05,0.1,0.01,,0.05,0.05,0.05,0.1,0.1,0.05,0.05,0.05,0.05,0.05,0.05,0.05,0.01,0.05,0.01,0.05,0.1,0.05,0.05,0.01,0.1,0.01,0.05,0.05,0.1,0.02,0.5,0.05,0.05,0.05,0.1,0.05,0.05,0.1,0.05,0.05,0.05,0.05,0.05,0.1,0.05,0.1,0.05,0.1,0.1,0.05,0.05,0.1,0.1,0.1,0.05,0.1,0.1,0.05,0.05,0.05,0.05,0.05,0.1,0.05,0.02,0.1,0.05,0.05,0.05,0.05,0.05,0.05,0.05,0.3,0.02,0.05,0.05,0.05,0.05,0.05,0.05,0.02,0.05,0.05,0.05,0.05,0.05,0.05,0.05,0.01,0.05,0.1,0.05,0.05,0.1,0.05,0.05,0.05,0.05,0.1,0.05,0.01,0.05,0.05,,0.05,0.05,0.05,0.1,0.02,0.02,20.0,0.02,0.01,0.01,0.05,0.05,0.05,0.05,0.05,0.05,0.15,0.05,0.05,0.05,0.05,0.1,0.05,0.05,0.05,0.05,0.05,0.1,0.05,0.01,0.1,0.05,0.05,0.05,0.05,0.05,0.1,0.1,0.1,0.02,0.05,0.5,0.05,0.05,0.05,0.05,0.05,0.05,0.05,0.05,0.05,0.1,0.05,0.05,0.1,0.05,0.01,0.05,0.05,0.02,0.03,0.05,0.05,0.05,0.05,0.15,0.01,0.05,0.1,0.1,0.05,0.02,0.1,0.05,,0.1,0.05,0.05,0.05,0.1,0.1,0.1,0.02,0.05,0.05,0.05,0.05,0.05,0.05,0.1,0.1,0.01,0.05,0.05,0.05,0.05,0.05,0.05,0.05,0.05,0.05,0.05,0.1,0.05,0.05,0.1,0.02,40.0,0.05,0.1,0.05,0.05,0.05,0.02,0.005,0.05,0.05,0.05,0.05,0.05,0.05,0.05,,0.1,0.05,0.05,0.05,0.05,0.05,0.05,0.02,0.05,0.05,0.05,0.01,0.05,0.05,0.2,0.05
316,CORN,Maize/corn,0.01,0.01,0.01,0.01,0.05,0.06,,0.01,0.01,0.05,0.01,0.01,0.001,0.01,0.02,0.1,0.01,0.02,0.01,0.01,0.01,0.01,0.01,0.01,0.01,0.01,0.01,0.05,0.01,0.01,0.01,0.05,0.01,0.05,0.01,0.01,0.01,0.01,0.05,0.05,1.0,0.01,0.05,0.01,0.01,0.02,0.01,0.01,0.01,0.02,0.01,0.2,0.02,0.1,0.02,0.02,0.01,0.01,0.05,0.01,0.01,0.01,0.01,0.01,0.15,0.01,"10.0, 50.0",0.01,0.01,0.01,0.01,0.05,0.01,0.01,0.01,0.01,0.01,0.01,0.02,0.07,0.5,0.01,0.01,0.01,0.01,0.01,0.03,0.05,0.05,,0.02,0.05,0.01,0.01,,0.02,0.02,0.01,0.01,0.03,0.01,0.02,0.005,0.01,0.01,0.02,0.01,0.01,0.01,0.01,0.01,0.01,0.01,0.01,0.01,0.05,0.1,0.02,0.02,0.01,2.0,0.01,10.0,,0.01,0.01,0.02,0.05,0.01,0.3,0.01,0.01,0.01,0.01,0.01,0.3,0.1,0.02,0.02,0.05,0.02,0.05,0.06,0.02,2.0,0.01,0.01,0.01,0.01,0.5,0.01,0.02,0.01,0.02,0.02,0.05,0.01,0.01,0.05,0.01,0.01,0.15,0.01,0.01,0.05,0.01,0.01,0.01,0.01,0.01,0.05,0.02,,0.01,0.01,0.05,0.02,0.02,0.01,0.05,0.01,0.01,0.01,0.01,0.005,0.05,0.01,0.01,0.01,0.01,0.05,0.01,0.01,0.03,0.01,0.05,0.01,0.02,0.01,0.01,0.01,0.01,0.01,0.01,0.02,0.01,0.01,0.01,0.01,0.01,0.05,0.1,0.01,0.01,0.01,0.01,0.01,0.01,0.01,0.01,0.02,0.02,0.005,0.01,0.03,0.01,0.01,0.01,0.02,0.02,0.01,0.01,0.01,0.05,0.01,0.02,,0.01,0.02,0.005,0.01,0.02,2.0,0.01,0.01,0.02,0.02,0.01,0.01,0.05,0.02,0.01,0.01,0.01,0.01,0.01,0.01,0.01,0.07,0.01,0.01,0.02,0.01,0.01,2.0,0.02,0.01,1.0,0.1,1.0,0.05,0.02,0.01,0.01,0.01,0.01,0.01,0.01,0.01,0.02,15.0,0.02,0.01,0.05,0.01,0.05,0.01,0.01,0.01,0.1,0.1,0.01,0.01,0.01,0.01,0.01,0.01,0.01,0.01,0.01,0.01,0.01,0.02,0.01,0.01,0.02,0.1,0.01,0.01,0.01,0.05,8.0,0.2,0.01,0.01,0.01,0.05,0.01,0.01,0.02,0.01,0.01,0.01,0.01,0.01,0.04,0.02,0.05,0.01,0.02,0.1,0.01,0.01,0.01,0.02,0.03,0.01,5.0,0.01,0.02,0.01,0.01,0.01,0.01,0.1,0.01,0.01,0.02,0.01,0.02,0.01,0.01,0.01,0.01,0.01,0.02,0.01,0.01,0.01,0.01,0.01,0.01,0.01,0.01,0.005,0.01,0.01,0.01,0.01,0.01,0.01,0.01,0.02,0.05,0.02,0.01,0.02,0.05,0.01,0.01,0.01,0.05,0.01,0.01,0.01,0.05,,0.05,0.01,0.01,0.05,0.01,0.7,1.5,0.01,0.2,0.2,0.05,0.01,0.02,0.05,0.5,0.01,0.03,0.01,0.01,0.01,0.02,0.02,0.01,0.01,0.01,0.01,0.01,0.05,0.01,0.005,0.02,0.01,0.01,0.01,0.01,0.1,0.05,0.02,0.02,0.02,0.01,3.0,0.01,0.01,0.05,0.01,0.01,0.01,0.01,0.01,0.01,0.1,0.02,0.02,0.02,0.02,0.01,0.02,0.01,0.01,0.03,0.01,0.01,0.01,0.01,0.03,0.01,0.01,0.02,2.0,0.02,0.02,0.02,0.01,,0.05,0.02,0.01,0.01,0.03,0.02,0.02,0.01,0.02,0.01,0.01,0.01,0.01,0.02,0.02,0.1,0.01,"0.02, 0.01",0.01,0.01,0.01,0.01,0.01,0.01,0.01,0.01,0.01,0.01,0.05,0.01,0.05,0.01,10.0,0.01,0.1,0.01,0.01,0.01,0.02,0.003,0.01,0.01,0.01,0.01,0.01,0.02,0.02,,0.02,0.01,0.01,0.01,0.01,0.05,0.02,0.01,0.01,0.01,0.01,0.01,0.01,0.01,0.1,0.01
653,Mandarins,Mandarins,0.01,0.01,0.01,0.01,0.05,0.06,,0.01,0.01,1.0,0.01,0.01,0.01,0.01,10.0,0.1,0.01,0.01,0.04,0.01,0.6,0.9,0.01,0.01,0.01,0.01,0.01,0.02,0.01,0.01,0.01,0.01,0.01,0.05,0.01,0.01,0.01,0.01,0.05,0.05,0.5,0.01,0.02,0.01,0.01,15.0,0.01,0.02,0.01,0.02,0.01,0.03,0.01,0.1,0.01,,0.01,0.01,0.05,0.01,0.01,0.01,0.01,0.01,2.0,0.01,"5.0, 30.0",0.01,0.01,0.01,0.01,0.05,0.01,0.01,0.01,0.01,0.01,0.01,0.02,0.03,0.01,0.7,0.01,0.01,0.01,,0.03,0.02,0.01,,0.7,0.05,0.01,0.01,0.01,0.02,0.01,0.01,0.01,0.03,0.01,0.02,0.01,0.01,0.01,0.01,0.01,0.01,0.01,0.01,0.01,0.01,0.01,0.01,0.01,0.05,0.1,0.02,0.5,0.01,0.5,0.01,20.0,,0.01,0.9,0.01,0.05,0.01,0.09,0.01,0.5,0.3,0.02,0.01,2.0,0.05,0.02,0.01,0.05,0.01,0.05,0.06,0.02,0.02,0.01,0.01,0.01,0.01,0.05,0.01,0.3,0.01,0.01,0.02,0.05,0.01,0.01,0.6,0.01,0.01,0.09,0.01,0.01,0.05,0.01,0.01,0.01,0.01,0.01,0.02,0.02,,0.01,0.01,0.05,0.02,0.01,3.0,5.0,0.01,0.01,1.5,0.01,0.003,0.05,0.01,0.01,0.01,0.01,0.05,0.01,0.01,0.03,0.01,0.05,0.01,0.02,1.5,0.01,0.01,0.01,0.01,0.01,0.02,0.3,0.5,0.01,0.01,0.01,0.01,0.1,0.01,0.01,2.0,0.01,0.01,0.01,0.5,0.01,0.02,0.02,0.005,0.01,0.15,0.01,0.01,0.01,0.01,0.01,0.01,0.01,10.0,0.05,0.01,0.02,,0.01,0.02,0.01,0.01,0.9,0.2,0.01,0.01,1.5,0.02,0.01,0.01,0.01,0.01,0.01,0.01,0.01,0.01,0.01,0.4,1.0,0.03,0.01,0.01,0.01,0.01,0.01,150.0,0.02,0.01,1.0,0.05,0.5,0.05,0.02,0.01,0.01,0.01,0.01,0.01,0.01,0.01,0.5,,0.02,5.0,0.05,0.01,,0.01,0.01,0.9,0.1,0.1,0.01,0.01,0.01,0.01,0.01,0.01,0.01,0.01,0.01,0.01,0.01,0.02,0.01,0.01,0.2,0.1,0.01,0.01,0.01,0.05,2.0,0.2,0.01,0.5,0.01,0.05,1.5,0.01,0.02,0.01,0.01,0.01,0.01,0.01,0.02,0.4,0.05,0.01,0.02,0.02,0.01,0.01,0.01,0.02,0.03,0.01,0.02,0.01,2.0,0.01,0.01,0.01,0.01,0.1,0.01,0.01,0.02,0.01,0.01,0.01,0.01,0.01,0.01,0.01,0.01,0.01,0.01,0.01,0.01,0.01,0.01,0.01,0.01,0.001,0.01,0.05,0.01,0.01,0.01,0.01,0.01,0.02,0.05,0.01,0.01,0.02,0.05,0.01,0.01,0.01,0.05,0.01,0.01,0.01,0.02,,0.01,0.01,0.01,0.5,0.01,0.01,100.0,0.01,0.01,0.01,0.01,0.01,0.02,3.0,0.01,0.01,0.03,0.01,0.01,0.01,0.01,0.02,0.01,0.01,0.01,0.01,0.01,0.05,0.01,0.005,0.02,0.01,0.01,0.01,0.01,0.01,0.02,2.0,0.02,0.01,0.01,1.0,0.3,0.01,0.05,8.0,0.01,0.7,0.01,0.01,0.01,0.1,0.01,0.02,0.02,0.02,0.01,0.01,0.01,0.01,0.03,0.01,0.01,0.01,0.01,0.03,0.01,0.01,0.15,0.3,0.4,0.02,0.5,0.01,,0.01,0.01,0.8,0.01,0.03,0.02,0.02,0.01,5.0,2.0,0.6,0.01,0.5,0.01,0.02,0.1,0.01,0.01,0.01,0.01,7.0,0.01,0.01,0.01,0.01,0.01,0.01,6.0,0.05,0.01,0.02,0.005,20.0,0.01,0.1,0.01,0.01,0.01,0.01,0.001,0.01,0.01,0.1,0.01,0.01,0.5,0.5,,0.02,0.01,0.01,0.01,0.01,0.5,0.01,0.01,0.01,0.01,0.01,0.01,0.01,0.01,0.1,0.01
654,MANGO,Mangoes,0.01,0.01,0.01,0.01,0.05,0.06,,0.01,0.01,0.05,0.01,0.01,0.01,0.01,0.01,0.1,0.01,0.01,0.01,0.01,0.01,0.01,0.01,0.6,0.01,0.01,0.01,0.02,0.01,0.01,0.01,0.01,0.01,0.05,0.01,0.01,0.01,0.01,0.05,0.05,0.01,0.01,0.02,0.01,0.01,4.0,0.01,0.02,0.01,0.02,0.01,0.03,0.01,0.1,0.01,,0.01,0.01,0.5,0.01,0.01,0.01,0.01,0.01,2.0,0.01,"10.0, 50.0",0.01,0.01,0.01,0.01,0.05,0.01,0.01,0.01,0.01,0.01,0.01,0.02,0.03,0.01,0.5,0.01,0.01,0.01,,0.03,0.02,0.01,,0.01,0.3,0.01,0.01,0.01,0.02,0.01,0.01,0.01,0.03,0.01,0.02,0.005,0.01,0.01,0.01,0.01,0.01,0.01,0.01,0.01,0.01,0.01,0.01,0.01,0.05,0.1,0.02,0.02,0.01,0.5,0.01,20.0,,0.01,0.7,0.01,0.05,0.01,0.09,0.01,0.01,0.01,0.02,0.01,0.7,0.05,0.02,0.01,0.05,0.01,0.05,0.06,0.02,0.05,0.01,0.01,0.01,0.01,0.05,0.01,0.02,0.01,0.01,0.02,0.05,0.01,0.01,0.1,0.01,0.01,0.2,0.01,0.01,0.05,0.01,0.01,0.01,0.01,0.01,0.02,0.02,,0.01,0.01,0.05,0.01,0.01,0.01,2.0,0.01,0.01,0.01,0.01,0.002,0.05,0.01,0.01,0.01,0.01,0.05,0.01,0.01,0.03,0.01,0.05,0.01,0.02,0.01,0.01,0.01,0.01,0.01,0.01,0.02,0.01,0.01,0.01,0.01,0.01,0.01,0.1,0.01,0.01,0.01,0.01,0.01,0.01,0.01,0.01,0.02,1.5,0.005,0.01,0.03,0.01,0.01,0.01,0.01,0.01,0.01,0.01,2.0,0.05,0.01,0.02,,0.01,0.02,0.01,0.01,0.01,0.2,0.01,0.01,0.7,0.02,0.01,0.01,0.01,0.01,0.01,0.01,0.01,0.01,0.01,0.01,0.7,0.03,0.01,0.01,0.01,0.01,0.01,2.0,0.02,0.01,1.0,0.1,0.1,0.05,0.02,0.01,0.01,0.01,0.01,0.01,0.01,0.01,0.01,,0.02,0.01,0.05,0.01,,0.01,0.01,0.01,0.1,0.1,0.01,0.01,0.01,0.01,0.01,0.01,0.01,0.01,0.01,0.01,0.01,0.02,0.1,0.01,0.2,0.1,0.01,0.01,0.01,0.05,0.02,0.2,0.01,0.01,0.01,0.05,0.6,0.01,0.02,0.01,0.01,0.01,0.01,0.01,0.02,0.01,0.05,0.01,0.02,0.02,0.01,0.01,0.01,0.02,0.03,0.01,0.02,0.01,0.01,0.01,0.01,0.01,0.01,0.1,0.01,0.01,0.02,0.01,0.01,0.01,0.01,0.01,0.01,0.01,0.01,0.01,0.01,0.01,0.01,0.01,0.01,0.01,0.01,0.001,0.01,0.01,0.01,0.01,0.01,0.01,0.01,0.02,0.05,0.01,0.01,0.02,0.05,0.01,0.01,0.01,0.05,0.01,0.01,0.01,0.02,,0.01,0.01,0.01,0.05,0.01,0.01,1.5,0.01,0.01,0.01,0.01,0.01,0.02,0.01,0.01,0.01,0.03,0.01,0.2,0.01,0.01,0.02,0.01,0.01,0.01,0.01,0.01,0.05,0.01,0.005,0.02,0.01,0.01,0.01,0.01,0.01,0.02,0.6,0.02,0.01,0.01,1.0,0.01,0.01,0.05,0.01,0.01,0.02,0.01,0.01,0.01,0.1,0.01,0.02,0.02,0.01,0.01,0.01,0.01,0.01,0.03,0.01,0.01,0.01,0.01,0.03,0.01,0.01,0.02,0.02,1.0,0.4,0.3,0.01,,0.01,0.01,0.01,0.01,0.03,0.02,0.02,0.01,0.1,0.01,0.01,0.01,0.01,0.01,0.02,0.1,0.01,0.01,0.01,0.01,5.0,0.01,0.01,0.01,0.01,0.01,0.01,1.0,0.05,0.01,0.02,0.005,20.0,0.01,0.1,0.01,0.01,0.01,0.01,0.001,0.01,0.01,0.01,0.01,0.01,0.01,0.01,,0.02,0.01,0.01,0.01,0.01,0.05,0.01,0.01,0.01,0.01,0.01,0.01,0.01,0.01,0.1,0.01
657,Mate/maté,Mate/maté,0.1,0.02,0.02,0.05,0.05,0.1,,0.05,0.05,0.1,0.05,0.01,0.01,0.05,0.05,0.1,0.05,0.05,0.05,0.05,0.05,0.05,0.05,0.05,0.08,0.05,0.05,0.05,0.02,0.05,0.05,0.05,0.05,0.1,0.05,0.05,0.02,0.1,0.1,0.1,0.01,0.05,0.05,0.05,0.05,60.0,0.05,0.05,0.05,0.1,0.05,0.3,0.05,0.1,0.05,,0.05,0.05,0.1,0.5,0.05,0.05,0.05,0.01,0.9,0.01,"100.0, 50.0",0.05,0.05,0.05,0.05,0.05,0.05,0.05,0.05,0.05,0.01,0.05,0.1,0.1,0.05,0.1,0.05,0.05,0.01,,0.1,0.1,0.02,,0.05,0.05,0.1,0.05,0.02,0.02,0.05,0.1,0.05,0.1,0.05,0.1,0.025,0.05,0.05,0.05,0.05,0.05,0.01,0.01,0.05,0.05,0.05,0.05,0.05,0.1,0.1,0.1,0.05,0.05,5.0,0.05,100.0,,0.01,0.05,0.05,0.1,0.05,0.1,0.05,0.05,0.05,0.1,0.1,0.1,0.05,0.1,0.1,0.5,0.05,0.1,0.1,0.02,9.0,0.05,0.05,0.05,0.05,40.0,0.05,0.1,0.02,0.05,0.1,0.05,0.05,0.05,20.0,0.05,0.05,0.1,0.05,0.05,0.1,0.05,0.05,0.05,0.05,0.05,0.1,0.1,,0.05,0.05,0.05,0.05,0.05,0.01,0.1,0.05,0.01,0.05,0.05,2.0,0.1,0.1,0.05,0.01,0.02,0.1,0.05,0.05,15.0,0.02,0.1,0.05,0.1,0.05,0.05,0.05,0.05,0.05,0.05,0.05,0.05,0.05,0.05,0.1,0.05,0.05,0.1,0.05,0.05,0.02,0.05,0.05,0.05,0.05,0.05,0.1,0.1,0.005,0.05,0.1,0.05,0.05,0.04,0.1,0.05,0.05,0.05,0.05,0.05,0.05,0.1,,0.05,0.1,0.05,0.05,40.0,10.0,0.02,0.05,0.05,0.1,0.05,0.05,0.05,0.05,0.05,0.05,0.05,0.05,0.05,0.05,30.0,0.1,0.05,0.05,0.05,0.05,0.05,2000.0,0.05,0.05,1.0,0.1,2.0,0.05,0.1,0.02,0.05,0.1,0.02,0.01,0.01,0.05,0.05,,0.1,0.05,0.1,0.01,,0.05,0.05,0.05,0.1,0.1,0.05,0.05,0.05,0.05,0.05,0.05,0.05,0.01,0.05,0.01,0.05,0.1,0.05,0.05,0.01,0.1,0.01,0.05,0.05,0.1,0.02,0.5,0.05,0.05,0.05,0.1,0.05,0.05,0.1,0.05,0.05,0.02,0.05,0.05,0.1,0.05,0.1,0.15,0.1,0.1,0.05,0.05,0.05,0.1,0.1,0.05,0.1,0.1,0.05,0.05,0.05,0.05,0.05,0.1,0.05,0.02,0.1,0.05,0.05,0.05,0.05,0.05,0.05,0.05,0.3,0.02,0.05,0.05,0.05,0.05,0.05,0.05,0.02,0.05,0.05,0.05,0.05,0.05,0.05,0.05,0.01,0.05,0.1,0.05,0.05,0.1,0.05,0.05,0.05,0.05,0.1,0.05,0.01,0.05,0.05,,0.05,0.05,0.05,0.1,0.02,0.02,1500.0,0.1,0.01,0.01,0.05,0.05,0.05,10.0,0.05,0.05,0.15,0.05,0.05,0.05,0.05,0.1,0.05,0.05,0.05,0.05,0.05,0.1,0.05,0.01,0.1,0.4,0.05,2.0,0.05,0.05,0.1,0.1,0.1,0.02,0.05,0.5,0.05,0.05,2.0,0.05,0.05,0.05,0.05,0.05,0.05,0.1,0.05,0.05,0.1,0.8,0.01,0.05,0.05,0.02,0.03,0.05,0.05,0.05,0.05,0.15,0.01,0.05,0.1,0.1,0.05,0.02,50.0,0.05,,0.1,0.05,0.05,0.05,0.1,0.1,0.1,0.02,15.0,0.05,0.05,0.05,0.05,0.05,0.1,0.1,0.01,0.05,0.05,0.05,0.05,0.05,0.05,0.05,0.05,0.05,0.05,0.1,0.05,0.05,0.1,0.02,100.0,0.05,0.1,0.05,0.05,0.05,0.02,0.005,0.05,0.05,0.05,0.05,0.05,0.05,0.05,,0.1,0.05,0.05,0.05,0.05,0.05,0.05,0.02,0.05,0.05,0.05,0.01,0.05,0.05,0.2,0.01
66,Azaroles/Mediterranean medlars,Medlars,0.01,0.01,0.01,0.01,0.05,0.06,,0.01,0.01,0.05,0.01,0.01,0.01,0.01,0.01,0.1,0.01,0.01,0.02,0.01,0.4,0.3,0.01,0.2,0.01,0.01,0.01,0.02,0.01,0.01,0.01,0.01,0.01,0.05,0.01,0.01,0.01,0.01,0.05,0.05,1.0,0.01,0.02,0.01,0.01,0.01,0.01,0.02,0.01,0.02,0.01,0.03,0.01,0.1,0.2,,0.01,0.01,0.01,0.01,0.01,0.01,0.01,0.01,0.01,0.01,"20.0, 5.0",0.01,0.01,0.01,0.01,0.05,0.01,0.01,0.01,0.01,0.01,0.01,0.02,10.0,0.01,0.2,0.01,0.001,0.01,,0.03,0.02,0.01,,0.4,0.05,0.01,0.01,0.01,0.01,0.01,0.01,0.01,0.03,0.01,0.02,0.005,0.01,0.01,0.01,0.01,0.01,0.01,0.01,0.01,0.01,0.01,0.01,0.01,0.05,0.1,0.02,0.5,0.01,0.5,0.01,5.0,,0.01,0.8,0.01,0.05,0.01,0.4,0.06,0.4,0.01,0.02,0.01,1.0,0.1,2.0,0.01,0.05,0.01,0.05,0.06,0.02,0.1,0.01,0.01,0.01,0.01,0.05,0.01,0.02,0.01,0.01,0.02,0.05,0.01,0.01,0.8,0.01,0.01,0.2,0.01,0.01,0.05,0.01,0.01,0.01,0.01,0.01,0.02,0.02,,0.01,0.01,0.05,0.02,0.01,3.0,5.0,0.01,0.01,5.0,0.01,0.02,0.05,0.01,0.01,0.01,0.01,0.05,0.01,0.01,0.03,0.01,0.05,0.01,0.02,0.01,0.01,0.01,0.01,0.01,0.01,0.1,0.15,0.5,0.01,0.01,0.01,0.01,0.1,0.01,0.01,0.01,0.01,0.01,0.01,0.2,0.01,0.02,0.02,0.005,0.01,0.3,0.01,0.01,0.01,0.01,0.9,0.01,0.01,5.0,0.05,0.01,0.02,,0.01,0.02,0.01,0.01,0.8,0.2,0.01,0.01,0.6,0.02,0.01,0.01,0.01,0.01,0.01,0.01,0.01,0.01,0.4,0.3,0.9,0.03,0.01,0.01,0.01,0.01,0.01,150.0,0.02,0.01,1.0,0.1,0.1,0.05,0.02,0.01,0.01,0.01,0.01,0.01,0.01,0.01,0.4,,0.02,0.01,0.05,0.01,,0.01,0.01,0.01,0.1,0.1,0.01,0.01,0.01,0.01,0.01,0.01,0.6,0.01,0.01,0.7,0.01,0.02,0.2,0.01,0.2,0.1,0.01,0.01,1.0,0.05,0.02,0.2,0.01,0.01,0.01,0.05,0.4,0.01,0.02,0.01,0.01,0.01,0.01,0.01,0.02,0.01,0.05,0.01,0.02,0.02,0.01,0.01,0.01,0.03,0.03,0.01,0.02,0.01,2.0,0.01,0.01,0.01,1.0,0.1,0.01,0.01,0.02,0.01,0.01,0.01,0.01,0.6,0.01,0.01,0.01,0.01,0.01,0.01,0.01,0.01,0.01,0.01,0.01,0.001,0.01,0.01,0.01,0.01,0.01,0.05,0.01,0.02,0.05,0.01,0.3,0.02,0.05,0.01,0.01,0.5,0.05,0.01,0.01,0.01,0.02,,0.01,0.01,0.01,0.5,0.01,0.01,70.0,0.01,0.01,0.01,0.01,0.01,0.02,1.0,0.01,0.01,0.03,0.01,0.01,0.01,0.1,0.02,0.01,0.01,0.01,0.01,0.01,0.05,0.01,0.005,0.02,0.02,0.01,0.01,0.01,0.01,0.02,0.5,0.02,0.01,0.01,1.0,0.15,0.01,0.05,15.0,0.01,0.01,0.01,0.01,0.01,0.1,0.01,0.02,0.02,0.02,0.01,0.01,0.01,0.01,0.03,0.01,0.01,0.01,0.01,0.03,0.01,0.01,0.15,0.3,0.8,0.02,0.7,0.01,,0.01,0.01,0.3,0.01,0.03,0.02,0.02,0.01,0.5,1.0,0.8,0.01,0.01,0.01,0.02,0.1,0.01,0.01,0.3,0.01,3.0,0.01,0.01,0.01,0.01,0.01,0.01,2.0,0.05,0.01,0.02,0.005,6.0,0.01,0.1,0.01,0.01,0.01,0.01,0.001,0.01,0.01,0.01,0.01,0.01,0.7,0.7,,0.02,0.01,0.01,0.01,0.01,0.05,0.01,0.01,0.01,0.01,0.01,0.01,0.01,0.01,0.1,0.01
661,MELON,Melons,0.01,0.01,0.01,0.01,0.05,0.06,,0.01,0.01,0.05,0.01,0.01,0.01,0.01,0.01,0.1,0.01,0.01,0.01,0.01,0.01,0.08,0.01,0.15,0.01,0.01,0.01,0.02,"0.01, 0.03",3.0,0.01,0.01,0.01,0.05,0.01,0.01,0.01,0.01,0.05,0.05,1.0,0.01,0.02,0.01,0.01,6.0,0.01,0.02,0.3,0.02,0.01,0.03,0.01,0.1,0.01,,0.01,0.01,0.01,0.01,0.01,0.01,0.01,0.01,3.0,0.01,30.0,0.01,0.01,0.01,0.01,0.3,0.3,0.01,0.01,0.01,0.01,0.01,0.02,0.03,0.01,0.1,0.01,0.01,0.01,,0.03,0.02,0.01,,0.3,0.08,0.01,0.01,0.01,0.02,0.01,0.01,0.01,0.03,0.01,0.02,0.005,0.01,0.01,0.01,0.01,0.01,0.01,0.01,0.01,0.01,0.01,0.01,0.01,0.05,0.5,0.02,0.1,0.01,0.5,0.01,5.0,,0.01,0.4,0.15,0.05,0.01,0.09,0.05,0.01,0.01,0.02,0.4,0.2,0.05,0.6,0.01,0.05,0.01,0.05,0.06,0.1,0.01,0.01,0.01,0.01,0.01,0.05,0.01,0.02,0.01,0.01,0.2,0.05,0.01,0.01,0.2,0.01,0.01,0.3,0.01,0.01,0.05,0.01,0.5,0.01,0.01,0.01,0.02,0.02,,0.01,0.01,0.05,0.01,0.01,0.01,1.5,0.01,0.01,0.01,0.01,0.008,0.05,0.01,0.01,0.01,0.01,0.05,0.01,0.15,0.03,0.01,0.05,0.01,0.02,0.01,0.01,0.01,0.01,0.01,0.01,0.2,0.07,0.01,0.01,0.01,0.01,0.01,0.1,0.01,0.01,1.0,0.01,0.01,0.01,0.01,0.01,0.02,0.02,0.005,0.01,0.4,0.01,0.01,0.01,0.01,0.2,0.01,0.01,0.3,0.05,0.01,0.02,,0.01,0.02,0.01,0.5,0.9,0.2,0.01,0.01,0.01,0.02,0.01,0.01,0.01,0.01,0.01,0.01,0.01,0.01,0.3,0.09,0.15,0.4,0.01,0.01,0.01,0.3,0.01,75.0,0.02,0.01,1.0,0.03,0.1,0.05,0.02,0.01,0.01,0.01,0.01,0.01,0.01,0.01,0.07,,0.02,2.0,0.05,0.01,,0.01,0.01,0.15,0.1,0.1,0.01,0.01,0.01,0.01,0.01,0.2,0.01,0.01,0.01,0.3,0.01,0.02,0.5,0.01,0.06,0.1,0.01,0.01,0.4,0.05,0.02,0.2,0.01,0.5,0.01,0.05,0.5,0.01,0.02,0.01,0.5,0.01,0.01,0.01,1.0,0.15,0.05,0.01,0.02,0.05,0.01,0.01,0.01,0.02,0.03,0.01,0.02,0.01,0.3,0.1,0.01,0.01,0.5,0.1,0.01,0.01,0.02,0.01,0.01,0.01,0.01,0.3,0.01,0.01,0.01,0.01,0.01,0.01,0.01,0.01,0.01,0.01,0.01,0.001,0.01,0.2,0.01,0.01,0.01,0.01,0.01,0.02,0.05,0.01,0.15,0.02,0.05,0.01,0.01,0.6,0.05,0.01,0.01,0.01,0.02,,0.01,0.01,0.005,0.05,0.01,0.01,60.0,0.01,0.01,0.01,0.01,0.01,0.02,0.4,0.01,0.01,0.03,0.01,0.01,0.01,0.01,0.02,5.0,0.01,0.01,0.01,0.01,0.05,0.01,0.005,0.02,0.01,0.01,0.01,0.01,0.01,0.02,0.5,0.02,0.01,0.01,1.0,0.01,0.01,0.05,0.01,0.2,0.07,0.01,0.01,0.01,0.1,0.01,0.05,0.02,0.01,0.01,0.01,0.01,0.01,0.03,0.01,0.01,0.01,0.01,0.03,0.01,0.01,0.03,1.0,0.02,0.3,0.2,0.01,,0.01,0.01,0.5,0.01,0.03,0.02,0.02,0.01,0.2,0.01,0.3,0.01,0.3,0.01,0.02,0.1,0.01,0.01,0.08,0.01,0.01,0.01,0.01,0.01,0.01,0.01,0.01,0.3,0.05,0.01,0.02,0.005,10.0,0.01,0.1,0.01,0.01,0.01,0.01,0.001,0.01,0.01,0.01,0.01,0.01,0.3,0.3,,0.02,0.01,0.01,0.01,0.01,0.05,0.01,0.01,0.01,0.01,0.01,0.01,0.01,0.01,0.1,2.0
662,MILK,Milk,0.01,,0.1,0.02,0.3,0.06,0.01,0.01,0.01,0.01,0.05,0.01,0.001,0.01,0.01,0.1,0.01,0.01,0.01,0.02,0.01,0.2,0.01,0.01,0.01,0.01,0.01,0.01,0.006,0.03,0.07,0.02,0.01,,0.01,0.01,0.01,0.01,0.02,,0.01,0.01,0.01,0.01,0.01,0.01,0.01,0.01,0.02,0.02,0.01,,0.01,0.1,0.01,0.02,0.02,0.01,0.2,0.01,0.01,0.01,0.2,0.01,0.02,0.01,0.05,0.01,0.01,0.01,0.01,0.05,0.01,0.01,0.01,0.01,0.01,0.01,0.01,0.03,0.05,0.05,0.01,0.001,0.01,,0.03,0.01,,,0.05,0.1,0.05,0.01,0.002,0.02,,0.05,0.01,0.1,0.5,0.1,0.01,0.01,0.01,0.02,0.05,0.05,0.01,0.01,0.01,0.01,0.01,0.01,0.01,0.05,0.05,0.02,0.05,0.01,0.05,0.01,2.0,,0.01,0.02,0.01,0.01,0.01,0.06,0.02,0.01,,0.01,0.01,0.05,0.05,0.02,0.01,0.04,0.02,,0.06,,0.05,0.01,0.01,0.01,0.02,,0.01,0.01,,0.01,0.1,0.1,0.01,0.01,0.005,0.01,0.01,,0.01,0.01,,0.01,0.01,0.01,0.01,0.01,0.03,0.02,0.1,0.01,0.01,0.05,0.01,0.01,0.01,0.05,0.01,0.01,0.01,0.02,0.002,0.05,0.001,0.002,0.01,0.01,0.05,0.01,0.01,0.03,0.01,0.05,0.01,0.02,,0.01,0.01,0.03,0.01,0.005,0.02,0.02,0.01,0.02,,0.01,0.01,0.05,0.01,0.015,,0.02,0.01,0.01,0.01,0.01,0.02,,0.005,0.01,0.15,0.01,0.01,0.08,0.01,0.1,0.01,0.01,0.04,0.01,0.01,0.02,,0.01,0.02,0.005,0.02,,0.2,,0.02,,0.02,0.01,0.05,0.06,0.01,0.01,0.02,0.01,0.05,0.01,,0.02,0.05,0.01,0.01,0.01,0.01,0.01,0.5,,0.01,1.0,0.03,0.05,0.02,0.02,,0.002,0.004,0.005,0.01,0.01,,0.05,,0.01,0.02,0.01,0.01,0.01,0.01,0.02,0.01,0.1,0.1,0.01,0.02,0.01,0.01,0.01,0.01,0.01,0.01,0.01,0.01,0.01,0.02,0.02,0.01,0.02,0.1,0.01,0.01,0.15,0.05,0.02,0.07,0.01,0.01,0.01,,,0.01,,,0.01,0.01,0.02,0.01,0.02,0.01,0.01,0.01,0.01,0.02,0.05,0.01,0.01,0.02,0.03,0.01,0.05,0.01,0.05,0.01,0.01,0.01,0.01,0.1,0.01,,0.02,0.01,,0.01,0.01,0.01,0.01,0.02,0.01,0.01,0.02,0.01,0.01,0.01,0.01,0.01,0.01,,0.01,0.01,0.01,0.01,0.01,0.01,0.01,,0.05,0.01,0.01,0.01,0.02,0.01,0.01,0.01,,0.01,0.01,0.05,0.05,,0.01,0.01,,0.05,,0.01,0.4,0.02,0.05,0.05,0.01,0.01,,0.05,0.01,0.01,0.03,0.01,0.01,0.01,0.01,0.02,0.01,0.01,0.01,0.01,0.01,0.01,0.01,0.01,0.02,0.01,0.02,0.01,0.02,0.01,0.01,0.01,0.02,0.01,0.01,0.05,0.01,0.01,0.05,0.05,0.01,0.01,0.01,0.01,,0.02,0.02,0.05,0.01,0.015,0.01,0.02,0.02,0.01,0.01,0.01,0.01,0.01,0.01,0.03,0.01,0.01,0.02,0.2,0.004,0.01,0.01,0.015,,0.01,0.02,0.2,0.01,0.01,0.01,0.02,,0.02,0.01,0.01,0.01,0.01,0.01,0.01,0.02,0.01,0.02,,0.05,,0.01,0.01,0.01,0.01,0.01,0.01,0.05,0.01,0.01,0.01,0.002,2.0,0.01,0.05,0.01,0.01,0.01,0.01,0.01,0.01,0.01,0.01,0.01,0.01,0.02,0.02,0.01,0.01,0.01,0.01,0.01,0.01,0.1,0.01,0.01,0.01,0.03,0.01,0.01,0.01,0.01,,0.01
436,FRUITS,Miscellaneous fruitswith,0.01,0.01,0.01,0.01,0.05,0.06,,0.01,0.01,0.05,0.01,0.01,0.01,0.01,0.01,0.1,0.01,,,0.01,,,0.01,,0.01,0.01,0.01,0.02,0.01,0.01,0.01,,0.01,0.05,,0.01,0.01,0.01,0.05,0.05,,0.01,0.02,0.01,0.01,,0.01,0.02,0.01,0.02,0.01,0.03,0.01,0.1,,,0.01,0.01,,0.01,0.01,0.01,0.01,0.01,,0.01,,0.01,0.01,0.01,0.01,0.05,0.01,0.01,0.01,0.01,0.01,0.01,0.02,0.03,0.01,,0.01,,0.01,,,,0.01,,,,0.01,0.01,0.01,0.02,0.01,0.01,0.01,,0.01,0.02,0.005,0.01,0.01,0.01,0.01,0.01,0.01,0.01,0.01,0.01,0.01,0.01,0.01,0.05,0.1,0.02,,0.01,0.5,0.01,,,0.01,,0.01,0.05,0.01,0.09,0.01,,0.01,0.02,0.01,,0.05,,0.01,0.05,0.01,0.05,0.06,0.02,,0.01,0.01,0.01,,0.05,0.01,0.02,0.01,0.01,0.02,0.05,,0.01,,0.01,0.01,,0.01,0.01,0.05,0.01,,0.01,0.01,0.01,0.02,0.02,,0.01,0.01,0.05,,0.01,0.01,,0.01,0.01,,0.01,,0.05,0.01,0.01,0.01,,,0.01,0.01,0.03,0.01,0.05,0.01,0.02,,0.01,0.01,0.01,0.01,0.01,,0.01,0.01,,0.01,,0.01,0.1,0.01,,0.01,,,0.01,,0.01,0.02,,0.005,0.01,0.03,0.01,0.01,0.01,0.01,0.01,0.01,0.01,,0.05,0.01,0.02,,0.01,0.02,0.01,0.01,,0.2,0.01,0.01,,0.02,0.01,0.01,0.01,0.01,0.01,0.01,0.01,0.01,,0.01,,,0.01,0.01,0.01,0.01,0.01,,,0.01,1.0,,,0.05,0.02,0.01,0.01,,0.01,0.01,0.01,0.01,,,,0.01,0.05,0.01,,0.01,0.01,0.01,0.1,0.1,0.01,0.01,0.01,0.01,0.01,0.01,,0.01,0.01,,0.01,0.02,,0.01,,0.1,0.01,0.01,,0.05,0.02,0.2,0.01,,0.01,0.05,,0.01,0.02,0.01,0.01,0.01,0.01,0.01,,,0.05,0.01,0.02,,0.01,0.01,0.01,0.02,0.03,,0.02,0.01,,0.01,0.01,0.01,,0.1,0.01,0.01,0.02,0.01,0.01,0.01,0.01,,0.01,0.01,,0.01,0.01,0.01,0.01,0.01,0.01,0.01,0.01,,0.01,,0.01,0.01,0.01,0.01,0.01,0.02,0.05,0.01,0.01,0.02,0.05,0.01,0.01,,0.05,0.01,0.01,0.01,0.02,,0.01,0.01,,,0.01,0.01,,0.01,0.01,0.01,0.01,0.01,0.02,0.01,0.01,0.01,0.03,0.01,,0.01,0.01,0.02,0.01,0.01,0.01,0.01,0.01,,0.01,,0.02,0.01,,0.01,0.01,0.01,0.02,,0.02,0.01,0.01,1.0,0.01,0.01,0.05,,0.01,,0.01,0.01,0.01,,0.01,0.02,0.02,0.01,0.01,0.01,0.01,0.01,0.03,0.01,0.01,0.01,0.01,,0.01,0.01,,,,,,,,0.01,0.01,,0.01,0.03,0.02,0.02,0.01,,,0.01,0.01,,0.01,0.02,0.1,,0.01,,0.01,,0.01,0.01,0.01,0.01,0.01,0.01,,0.05,0.01,0.02,0.005,,0.01,0.1,0.01,0.01,0.01,0.01,,0.01,0.01,,0.01,0.01,,,,0.02,0.01,0.01,0.01,0.01,0.05,0.01,0.01,0.01,0.01,0.01,0.01,0.01,0.01,0.1,0.01
437,"Fungi, mosses and lichens",Mosses and lichens,0.01,0.01,0.01,0.01,0.05,0.06,,0.01,0.01,0.05,0.01,0.01,0.01,0.01,0.01,0.1,0.01,0.01,0.01,0.01,0.01,0.01,0.01,0.01,0.01,0.01,0.01,0.02,0.01,0.01,0.01,0.01,0.01,0.05,0.01,0.01,0.01,0.01,0.05,0.05,1.0,0.01,0.02,0.01,0.01,0.01,0.01,0.02,0.01,0.02,0.01,0.03,0.01,0.1,0.01,,0.01,0.01,0.01,0.01,0.01,0.01,0.01,0.01,0.01,0.01,30.0,0.01,0.01,0.01,0.01,0.05,0.01,0.01,0.01,0.01,0.01,0.01,0.02,0.03,0.01,0.1,0.01,0.01,0.01,,0.03,0.02,0.01,,0.01,0.05,0.01,0.01,0.01,0.01,0.01,0.01,0.01,0.03,0.01,0.02,0.005,0.01,0.01,0.01,0.01,0.01,0.01,0.01,0.01,0.01,0.01,0.01,0.01,0.05,0.1,0.02,0.02,0.01,0.5,0.01,20.0,,0.01,0.01,0.01,0.05,0.01,0.09,0.01,0.01,0.01,0.02,0.01,0.05,0.05,0.02,0.01,0.05,0.01,0.05,0.06,0.02,0.01,0.01,0.01,0.01,0.01,0.05,0.01,0.02,0.01,0.01,0.02,0.05,0.01,0.01,0.05,0.01,0.01,0.02,0.01,0.01,0.05,0.01,0.01,0.01,0.01,0.01,0.02,0.02,,0.01,0.01,0.05,0.01,0.01,0.01,0.05,0.01,0.01,0.01,0.01,0.002,0.05,0.01,0.01,0.01,0.01,0.05,0.01,0.01,0.03,0.01,0.05,0.01,0.02,0.01,0.01,0.01,0.01,0.01,0.01,0.02,0.01,0.01,0.01,0.01,0.01,0.01,0.1,0.01,0.01,0.01,0.01,0.01,0.01,0.01,0.01,0.02,0.02,0.005,0.01,0.03,0.01,0.01,0.01,0.01,0.01,0.01,0.01,0.01,0.05,0.01,0.02,,0.01,0.02,0.01,0.01,0.01,0.2,0.01,0.01,0.01,0.02,0.01,0.01,0.01,0.01,0.01,0.01,0.01,0.01,0.01,0.01,0.01,0.03,0.01,0.01,0.01,0.01,0.01,2.0,0.02,0.01,1.0,0.03,0.1,0.05,0.02,0.01,0.01,0.01,0.01,0.01,0.01,0.01,0.01,,0.02,0.01,0.05,0.01,,0.01,0.01,0.01,0.1,0.1,0.01,0.01,0.01,0.01,0.01,0.01,0.01,0.01,0.01,0.01,0.01,0.02,0.01,0.01,0.01,0.1,0.01,0.01,0.01,0.05,0.02,0.2,0.01,0.01,0.01,0.05,0.01,0.01,0.02,0.01,0.01,0.01,0.01,0.01,0.02,0.01,0.05,0.01,0.02,0.02,0.01,0.01,0.01,0.02,0.03,0.01,0.02,0.01,0.01,0.01,0.01,0.01,0.01,0.1,0.01,0.01,0.02,0.01,0.01,0.01,0.01,0.01,0.01,0.01,0.01,0.01,0.01,0.01,0.01,0.01,0.01,0.01,0.01,0.001,0.01,0.01,0.01,0.01,0.01,0.01,0.01,0.02,0.05,0.01,0.01,0.02,0.05,0.01,0.01,0.01,0.05,0.01,0.01,0.01,0.02,,0.01,0.01,0.01,0.05,0.01,0.01,1.5,0.01,0.01,0.01,0.01,0.01,0.02,0.01,0.01,0.01,0.03,0.01,0.01,0.01,0.01,0.02,0.01,0.01,0.01,0.01,0.01,0.05,0.01,0.005,0.02,0.01,0.01,0.01,0.01,0.01,0.02,0.02,0.02,0.01,0.01,1.0,0.01,0.01,0.05,0.01,0.01,0.01,0.01,0.01,0.01,0.1,0.01,0.02,0.02,0.01,0.01,0.01,0.01,0.01,0.03,0.01,0.01,0.01,0.01,0.03,0.01,0.01,0.02,0.02,0.02,0.02,0.02,0.01,,0.01,0.01,0.01,0.01,0.03,0.02,0.02,0.01,0.02,0.01,0.01,0.01,0.01,0.01,0.02,0.1,0.01,0.01,0.01,0.01,0.01,0.01,0.01,0.01,0.01,0.01,0.01,0.1,0.05,0.01,0.02,0.005,20.0,0.01,0.1,0.01,0.01,0.01,0.01,0.001,0.01,0.01,0.01,0.01,0.01,0.01,0.01,,0.02,0.01,0.01,0.01,0.01,0.05,0.01,0.01,0.01,0.01,0.01,0.01,0.01,0.01,0.1,0.01
694,Mulberries (black and white),Mulberries (black and white),0.01,0.01,0.01,0.01,0.05,0.06,,0.01,0.01,0.1,0.01,0.01,0.01,0.01,0.01,0.1,0.01,0.01,0.01,0.01,0.01,2.0,0.01,0.01,0.01,0.01,0.01,0.02,0.01,0.01,0.01,0.01,0.01,0.05,0.01,0.01,0.01,0.01,0.05,0.05,1.0,0.01,0.02,0.01,0.01,5.0,0.01,0.02,0.01,0.02,0.01,0.03,0.01,0.1,0.01,,0.01,0.01,0.01,0.01,0.01,0.01,0.01,0.01,15.0,0.01,5.0,0.01,0.01,0.01,0.01,0.05,1.5,0.01,0.01,0.01,0.01,0.01,0.02,0.03,0.01,0.1,0.01,0.01,0.01,,0.03,0.02,0.01,,1.0,0.05,0.01,0.01,0.01,0.01,0.01,0.01,0.01,0.03,0.01,0.02,0.01,0.01,0.01,0.01,0.01,0.01,0.01,0.01,0.01,0.01,0.01,0.01,0.01,0.05,0.1,0.02,0.3,0.01,0.5,0.01,5.0,,0.01,0.01,0.01,0.05,0.01,0.09,0.01,0.01,0.01,0.02,0.01,0.05,0.05,3.0,0.01,0.05,0.01,0.05,0.06,0.02,0.6,0.01,0.01,0.01,0.01,0.05,0.01,0.02,0.01,0.01,0.02,0.05,0.01,0.01,0.1,0.01,0.01,0.02,0.01,0.01,0.05,0.01,0.01,0.01,0.01,0.01,0.02,0.02,,0.01,0.01,0.05,0.01,0.01,0.01,0.05,0.01,0.01,0.01,0.01,0.002,0.05,0.01,0.01,0.01,0.01,0.05,0.01,2.0,0.03,0.01,0.05,0.01,0.02,0.01,0.01,0.01,0.01,0.01,0.01,0.02,0.01,0.01,0.01,0.01,5.0,0.01,0.1,0.01,0.01,0.01,0.01,0.01,0.01,0.4,0.01,0.02,0.02,0.005,0.01,0.7,0.01,0.01,0.1,0.01,0.01,0.01,0.01,0.01,0.05,0.01,0.02,,0.01,0.02,0.01,0.01,4.0,0.2,0.01,0.01,0.7,0.02,0.01,0.01,0.01,0.01,0.01,0.01,0.01,0.01,0.01,0.01,0.01,0.03,0.01,0.01,0.01,0.01,0.01,2.0,0.02,0.01,1.0,0.03,0.1,0.05,0.02,0.01,0.01,0.01,0.01,0.01,0.01,0.01,0.01,,0.02,0.01,0.05,0.01,,0.01,0.01,0.01,0.1,0.1,0.01,0.01,0.01,0.01,0.01,0.01,0.01,0.01,0.01,0.01,0.01,0.02,0.01,0.01,0.2,0.1,0.01,0.01,0.01,0.05,0.02,0.2,0.01,0.01,0.01,0.05,2.0,0.01,0.02,0.01,0.01,0.01,0.01,0.01,0.02,0.01,0.05,0.01,0.02,0.02,0.01,0.01,0.01,0.02,0.03,0.01,0.02,0.01,0.01,0.01,0.01,0.01,0.01,0.1,0.01,0.01,0.02,0.01,0.01,0.01,0.01,0.01,0.01,0.01,0.01,0.01,0.01,0.01,0.01,0.01,0.01,0.01,0.01,0.001,0.01,0.01,0.01,0.01,0.01,0.01,0.01,0.02,0.05,0.01,0.01,0.02,0.05,0.01,0.01,0.01,0.05,0.01,0.01,0.01,0.02,,0.01,0.01,0.01,2.0,0.01,0.01,1.5,0.01,0.01,0.01,0.01,0.01,0.02,1.0,0.01,0.01,0.03,0.01,0.01,0.01,0.01,0.02,0.01,0.01,0.01,0.01,0.01,0.05,0.01,0.005,0.02,0.01,0.01,0.01,0.01,0.01,0.02,3.0,0.02,0.01,0.01,1.0,0.01,0.01,0.05,5.0,0.01,0.01,0.01,0.01,0.01,0.1,0.01,2.0,0.02,0.02,0.01,0.01,0.01,0.01,0.03,0.01,0.01,0.01,0.01,0.03,0.01,0.01,0.4,1.5,0.1,0.02,1.5,0.01,,0.01,0.01,0.01,0.01,0.03,0.02,0.02,0.01,1.5,0.01,1.5,0.01,0.01,0.01,0.02,0.1,0.01,0.01,0.01,0.01,0.01,0.01,0.01,0.01,0.01,0.01,0.01,0.1,0.05,0.01,0.02,0.005,15.0,0.01,0.1,0.01,0.01,0.01,0.01,0.001,0.01,0.01,0.01,0.01,0.01,3.0,3.0,,0.02,0.01,0.01,0.01,0.01,0.05,0.01,0.01,0.01,0.01,0.01,0.01,0.01,0.01,0.1,0.01
695,Muscle,Muscle,0.01,,0.1,0.02,"0.03, 0.3",0.06,0.01,0.01,0.01,"0.2, 0.05",0.05,0.01,0.01,0.01,0.01,0.1,0.01,0.01,"0.01, 0.02",0.02,0.01,"0.02, 0.5",0.01,0.02,0.01,0.01,0.01,0.01,0.2,0.03,"0.03, 0.02","0.1, 0.01",0.01,,0.01,0.01,0.01,0.01,0.02,,0.01,0.01,0.01,0.01,0.01,0.01,0.01,0.01,0.02,0.02,0.01,0.02,0.01,0.1,0.01,"0.02, 0.01",0.02,0.01,"0.2, 0.05",0.01,0.01,0.01,"0.8, 0.02",0.01,"0.01, 0.2",0.01,0.05,0.01,0.01,0.05,0.02,0.05,0.01,0.01,0.01,0.01,0.01,0.01,0.01,"0.09, 0.03",0.05,0.05,0.01,0.01,0.01,,0.03,0.01,,,"0.03, 0.02",0.05,0.05,0.01,0.05,0.02,,0.05,0.01,0.03,"0.4, 0.3, 0.05",0.1,0.01,0.01,"0.02, 0.05",0.02,0.05,0.05,0.01,0.01,0.01,0.01,0.01,0.01,0.01,0.1,"0.2, 0.05",0.02,0.05,0.01,"0.05, 0.08",0.02,5.0,,0.01,"0.2, 0.02",0.01,0.01,0.01,"0.06, 0.1, 0.03",0.02,0.01,0.01,0.01,0.01,"2.0, 0.2, 0.1",0.05,0.02,"0.01, 0.3",1.0,0.02,,0.06,,"0.03, 0.02",0.01,0.01,0.01,"0.02, 0.01","0.05, 0.02, 0.5",0.01,0.02,,0.01,"0.02, 0.1",0.1,0.01,0.01,"0.05, 0.1",0.01,0.02,"0.4, 0.15, 0.2",0.01,0.01,,0.01,0.01,,0.03,0.01,0.05,0.02,"0.1, 0.02",0.01,0.01,0.05,0.05,"0.02, 0.01",0.01,0.05,0.01,0.01,0.01,0.02,"0.005, 0.01",0.05,0.05,0.01,0.01,0.01,0.05,0.01,0.01,0.03,0.01,0.05,0.01,0.02,"0.05, 0.06, 0.01",0.01,0.01,"0.05, 0.01",0.01,"0.02, 0.01",0.02,"0.02, 0.01",0.05,0.02,,0.05,0.01,0.05,0.01,"0.015, 0.01",,0.02,"0.01, 0.03",0.01,"0.02, 0.01",0.05,0.02,"0.02, 0.025",0.005,0.01,"0.15, 0.1",0.01,0.01,0.02,0.01,"2.0, 0.01",0.01,0.01,"0.02, 0.01",0.05,0.02,0.02,"0.2, 0.4",0.01,0.02,0.005,0.02,"0.15, 0.1, 0.07",0.3,,0.02,"0.3, 0.03, 0.01",0.02,0.01,0.05,0.01,0.01,0.01,0.02,0.01,0.05,0.01,"0.05, 0.015, 0.01","0.015, 0.02",0.05,0.01,0.01,0.01,0.01,0.01,"0.7, 0.5",,0.01,1.0,0.05,0.05,0.05,0.02,,0.01,0.2,0.005,0.01,0.01,,0.05,,0.02,0.02,0.01,0.01,0.05,0.01,0.02,0.01,0.1,0.1,0.01,0.02,0.01,0.01,0.01,0.05,0.01,0.01,0.01,0.01,0.01,0.02,0.05,0.01,"0.03, 0.15, 0.02",0.1,0.01,0.01,"0.08, 0.02",0.1,0.02,"0.05, 0.1",0.01,0.01,0.01,,"0.04, 0.06, 0.01, 0.015",0.01,"0.09, 0.05",,0.01,0.01,0.02,0.01,0.02,0.01,0.01,0.01,0.05,0.02,0.05,0.01,0.01,0.02,0.03,0.01,0.05,0.01,0.01,0.01,0.01,0.01,0.01,0.1,0.01,,0.02,0.01,,0.01,0.01,0.01,0.01,0.02,0.01,0.01,0.02,0.01,0.01,0.01,0.01,0.01,0.01,0.005,0.01,0.01,0.01,0.01,0.01,0.01,0.01,,0.05,0.01,0.05,0.01,0.01,0.01,0.01,0.01,,0.01,0.01,0.05,0.05,,"0.05, 0.02, 0.01",0.01,0.01,0.1,,0.01,"0.6, 0.5","0.02, 0.05, 0.025",0.2,0.2,0.02,0.01,,"0.05, 0.01",0.01,0.01,0.03,0.01,0.05,0.01,0.01,0.02,"0.01, 0.02",0.01,0.01,0.01,0.01,0.01,0.01,0.01,0.05,0.01,0.02,0.01,0.02,0.01,0.01,0.05,0.02,,0.01,0.05,0.01,0.01,0.05,"0.1, 0.05",0.01,0.01,0.01,0.01,,0.02,0.02,0.2,0.01,0.02,0.01,0.02,0.02,0.01,0.01,0.01,0.01,0.01,0.01,0.03,0.01,0.01,0.02,"0.2, 0.3, 0.1",0.01,0.01,"0.05, 0.02","0.03, 0.02, 0.05",0.5,0.01,0.02,"0.3, 0.1",0.01,0.02,0.01,0.02,,0.1,"0.01, 0.05, 0.02",0.01,0.01,0.01,"0.01, 0.05, 0.015",0.01,0.1,0.01,0.01,"0.01, 0.015",0.05,"0.01, 0.1",0.01,0.02,0.01,0.01,0.01,0.01,0.05,0.01,0.01,0.05,0.01,,0.01,0.05,0.01,0.01,0.01,0.01,0.01,0.01,0.01,"0.06, 0.01",0.01,0.01,0.04,0.04,0.01,0.01,"0.01, 0.05",0.01,0.01,0.01,"0.05, 0.2",0.01,0.01,0.01,0.03,0.01,0.01,0.01,0.01,,0.01
698,Mustard seeds,Mustard seeds,0.01,0.02,0.02,0.01,0.05,0.06,,0.02,0.02,0.05,0.05,0.01,0.01,0.02,0.01,0.1,0.01,0.02,0.01,0.02,0.01,0.15,0.01,0.01,0.01,0.01,0.02,0.05,0.02,0.01,0.01,0.05,0.01,0.05,0.02,0.02,0.02,0.01,0.1,0.05,0.01,0.01,0.02,0.01,0.02,0.5,0.02,0.02,0.01,0.02,0.01,0.03,0.02,0.1,0.15,,0.01,0.01,0.02,0.01,0.01,0.02,0.05,0.01,1.0,0.01,"20.0, 5.0",0.02,0.01,0.01,0.01,0.05,0.01,0.01,0.02,0.02,0.01,0.02,0.05,0.07,0.05,0.1,0.01,0.02,0.01,,0.05,0.05,0.02,,2.0,0.05,0.01,0.02,0.02,0.01,0.02,0.01,0.02,0.04,0.01,0.02,0.01,0.01,0.02,0.02,0.01,0.01,0.01,0.01,0.01,0.02,0.02,0.02,0.01,0.05,0.1,0.05,0.05,0.02,0.5,0.01,30.0,,0.01,1.5,0.02,0.05,0.01,6.0,0.01,0.01,0.01,0.05,0.01,0.1,0.4,0.02,0.01,0.05,0.02,0.1,0.1,0.02,0.01,0.01,0.01,0.02,0.02,0.05,0.01,0.02,0.01,0.01,0.05,0.05,0.01,0.01,0.2,0.01,0.01,0.3,0.02,0.01,0.1,0.01,0.02,0.01,0.05,0.02,0.05,0.05,,0.02,0.02,0.05,0.5,0.02,0.02,0.1,0.01,0.01,0.01,0.02,0.005,0.1,0.01,0.01,0.01,0.02,0.1,0.02,0.01,0.03,0.01,0.1,0.02,0.05,0.01,0.01,0.01,0.01,0.01,0.01,0.02,0.01,0.01,0.02,0.01,0.02,0.02,0.1,0.01,0.01,0.01,0.01,0.01,0.01,0.01,0.02,0.05,0.05,0.005,0.01,0.06,0.01,0.01,4.0,0.01,0.01,0.02,0.02,0.3,0.05,0.01,0.05,,0.01,0.05,0.01,0.01,0.4,2.0,0.01,0.05,0.3,0.02,0.01,0.01,0.01,0.02,0.01,0.01,0.01,0.01,0.02,0.02,0.9,0.07,0.02,0.02,0.02,0.01,0.02,2.0,0.05,0.01,1.0,0.03,10.0,0.05,0.05,0.01,0.01,0.01,0.02,0.01,0.01,0.02,0.01,,0.05,0.01,0.05,0.01,0.05,0.01,0.02,0.01,0.1,0.1,0.01,0.02,0.01,0.01,0.01,0.02,0.01,0.01,0.01,0.4,0.01,0.02,0.01,0.02,0.2,0.1,0.01,0.01,0.01,0.1,0.02,0.5,0.01,0.01,0.01,0.05,1.0,0.02,40.0,0.02,0.01,0.02,0.02,0.01,0.02,0.02,0.6,0.01,0.06,0.2,0.02,0.02,0.02,0.05,0.03,0.01,0.05,0.01,0.01,0.01,0.01,0.01,0.01,0.1,0.01,0.01,0.02,0.02,0.02,0.02,0.02,0.01,0.02,0.02,0.02,0.02,0.01,0.01,0.01,0.01,0.01,0.01,0.02,0.01,0.01,0.01,0.02,0.02,0.01,0.01,0.01,0.02,0.05,0.02,0.01,0.02,0.05,0.01,0.01,0.01,0.05,0.01,0.01,0.01,0.05,,0.02,0.02,0.01,0.05,0.01,0.05,1.5,0.02,0.03,0.03,0.01,0.01,0.02,0.05,0.5,0.01,0.03,0.02,0.02,0.01,0.05,0.05,0.01,0.05,0.02,0.02,0.01,0.2,0.01,0.01,0.05,0.01,0.02,0.02,0.02,0.09,0.02,0.2,0.02,0.01,0.02,3.0,0.01,0.01,0.05,0.02,0.01,0.01,0.01,0.02,0.02,0.15,0.02,0.05,0.05,0.7,0.01,0.02,0.02,0.02,0.03,0.01,0.02,0.02,0.01,0.03,0.01,0.01,0.02,0.02,0.02,0.02,0.02,0.05,,0.05,0.02,0.02,0.01,0.03,0.02,0.02,0.01,0.3,0.01,0.01,0.02,0.01,0.01,0.02,0.1,0.01,0.01,0.01,0.02,0.02,0.02,0.01,0.01,0.01,0.02,0.01,0.1,0.05,0.01,0.02,0.005,30.0,0.01,0.1,0.01,0.01,0.01,0.01,0.005,0.01,0.02,0.01,0.01,0.02,0.01,0.01,,0.02,0.01,0.01,0.01,0.02,0.05,0.01,0.02,0.01,0.01,0.02,0.01,0.01,0.01,0.1,0.01
716,Nutmeg,Nutmeg,0.02,0.02,0.02,0.05,0.05,0.1,,0.05,0.05,0.1,0.05,0.01,0.01,0.05,0.05,0.1,0.05,0.05,0.05,0.2,0.05,0.05,0.05,0.05,0.01,0.05,0.05,0.05,0.1,0.05,0.05,0.05,0.05,0.1,0.05,0.05,0.02,0.1,0.1,0.1,0.01,0.05,0.05,0.5,0.05,0.3,0.05,0.05,0.05,0.1,0.05,0.1,0.05,0.1,0.05,,0.05,0.05,0.05,1.0,0.05,0.05,0.05,0.01,0.9,0.01,"50.0, 400.0",0.05,0.05,0.05,0.05,0.05,0.05,0.05,0.05,0.05,0.01,0.05,0.1,0.1,0.05,0.1,0.05,0.05,0.01,,0.1,0.1,0.02,,0.05,0.07,0.1,0.05,0.02,0.02,0.05,0.1,0.05,0.1,0.05,0.1,0.025,0.05,0.05,0.05,0.05,0.05,0.01,0.01,0.05,0.05,0.05,0.05,0.05,0.1,0.1,0.1,0.05,0.05,0.5,0.05,40.0,,0.01,0.05,0.05,0.1,0.05,0.1,0.05,0.05,0.05,0.1,0.1,0.1,0.05,0.1,0.1,1.0,0.05,0.1,0.1,0.02,0.05,0.05,0.05,0.05,5.0,0.05,0.05,0.1,"0.02, 0.1",0.05,0.1,0.05,0.05,0.05,0.3,0.05,0.05,0.1,0.05,0.05,0.1,0.05,0.05,0.05,0.05,0.05,0.1,0.1,,0.05,0.05,0.05,0.05,0.05,0.01,0.1,0.05,0.01,0.05,0.05,0.01,1.0,0.1,0.05,0.01,0.02,0.1,3.0,0.05,0.6,0.02,0.1,0.05,0.1,0.05,0.05,0.05,0.05,0.05,0.05,0.05,0.05,0.05,0.05,0.1,0.05,7.0,0.1,0.05,0.05,0.02,0.05,0.05,0.05,0.05,0.05,0.1,0.1,0.005,0.05,0.1,0.05,0.05,0.03,0.1,0.05,0.05,0.05,0.05,0.05,0.05,0.1,,0.05,0.1,0.05,0.05,0.05,5.0,0.02,0.05,0.05,0.1,0.05,0.05,0.05,0.05,0.05,0.05,0.05,0.05,0.05,0.05,0.05,0.1,0.05,0.05,0.05,0.05,0.05,400.0,0.05,0.05,1.0,0.1,0.1,0.05,0.1,0.02,0.05,0.1,0.02,0.01,0.01,0.05,0.05,,0.1,0.05,0.1,0.01,,0.05,0.05,0.05,0.1,0.1,0.05,0.05,0.05,0.05,0.05,0.05,0.05,0.01,0.05,0.01,0.05,0.1,0.05,0.05,0.3,0.1,0.01,0.05,0.05,0.1,0.02,0.5,0.05,0.05,0.05,0.1,0.05,0.05,0.1,0.05,0.05,0.05,0.05,0.05,0.1,0.05,0.1,0.05,0.1,0.1,0.05,0.05,0.1,0.1,0.1,0.05,0.1,0.1,0.05,0.05,0.05,0.05,0.05,0.1,0.05,0.02,0.1,0.05,0.05,0.05,0.05,0.05,0.05,0.05,0.3,0.02,0.05,0.05,0.05,0.05,0.05,0.05,0.02,0.05,0.05,0.05,0.05,0.05,0.05,0.05,0.01,0.05,0.1,5.0,0.05,0.1,0.05,0.05,0.05,0.05,0.1,0.05,0.01,0.05,0.05,7.0,0.5,2.0,0.05,0.1,0.02,0.02,300.0,0.02,0.01,0.01,0.05,0.05,0.05,5.0,3.0,0.05,0.15,0.05,0.05,0.05,0.05,0.1,0.05,0.05,0.05,0.05,0.05,0.1,0.05,0.01,0.1,0.05,0.05,0.3,0.05,0.05,0.1,0.1,0.1,0.02,0.05,0.5,0.05,0.05,0.15,0.05,0.05,0.05,0.05,0.05,0.05,0.1,0.05,0.05,0.1,0.05,0.01,0.05,0.05,0.02,0.03,0.05,0.05,0.05,0.05,0.15,0.01,0.05,0.1,0.1,0.05,0.02,0.1,0.05,,0.1,0.05,0.05,0.05,0.1,0.1,0.1,0.02,1.5,0.05,0.05,0.05,0.05,0.05,0.1,0.1,0.01,0.05,0.05,0.05,0.05,0.05,0.05,0.05,0.05,0.05,0.05,0.1,0.05,0.05,0.1,0.02,40.0,0.05,0.1,0.05,0.05,0.05,0.02,0.005,0.05,0.05,0.05,0.05,0.05,0.05,0.05,,0.1,0.05,0.05,0.05,0.05,0.05,0.05,0.02,0.05,0.05,0.05,0.01,0.05,0.05,0.2,0.05
436,FRUITS,OILSEEDS AND OIL FRUITS,0.01,,,0.01,0.05,0.06,,0.02,0.02,0.05,0.05,0.01,0.01,0.02,0.01,0.1,0.01,0.02,,,0.01,,0.01,0.01,,0.01,0.02,,,0.01,0.01,0.05,0.01,0.05,0.02,0.02,0.02,0.01,0.1,0.05,,0.01,0.02,0.01,0.02,,0.02,0.02,0.01,0.02,0.01,,0.02,0.1,,,0.01,0.01,,0.01,0.01,0.02,,0.01,,0.01,,0.02,0.01,0.01,0.01,0.05,0.01,0.01,0.02,0.02,0.01,0.02,0.05,0.07,,,0.01,,0.01,,0.05,0.05,,,,,0.01,0.02,0.02,,0.02,0.01,0.02,0.04,,0.02,0.01,0.01,0.02,0.02,0.01,0.01,0.01,0.01,0.01,0.02,0.02,0.02,0.01,0.05,,0.05,,0.02,,0.01,,,0.01,,0.02,0.05,0.01,,0.01,0.01,,0.05,0.01,,,,0.01,0.05,0.02,0.1,0.1,0.02,,0.01,0.01,0.02,0.02,,0.01,0.02,0.01,0.01,,0.05,0.01,0.01,,0.01,,,,0.01,,0.01,0.02,0.01,,0.02,0.05,0.05,,0.02,0.02,0.05,,0.02,,,0.01,0.01,,,0.005,,0.01,0.01,0.01,0.02,,,0.01,0.03,0.01,0.1,0.02,0.05,,0.01,0.01,0.01,0.01,0.01,0.02,0.01,0.01,0.02,0.01,0.02,0.02,,0.01,0.01,0.01,0.01,0.01,0.01,0.01,,0.05,0.05,0.005,0.01,,0.01,0.01,,0.01,,0.02,0.02,,0.05,0.01,0.05,,0.01,0.05,0.01,0.01,,2.0,0.01,,,0.02,0.01,0.01,0.01,0.02,0.01,0.01,0.01,,,,,,,0.02,0.02,0.01,0.02,,,0.01,1.0,,,0.05,0.05,0.01,,0.01,,0.01,0.01,0.02,,,0.05,0.01,,,,0.01,0.02,,0.1,0.1,0.01,0.02,0.01,0.01,0.01,0.02,,0.01,0.01,,0.01,,,0.02,,0.1,0.01,0.01,0.01,,0.02,0.5,0.01,0.01,0.01,0.05,,0.02,,0.02,0.01,,0.02,,,,,0.01,,,,0.02,,,0.03,0.01,0.05,0.01,,0.01,0.01,0.01,0.01,,,0.01,0.02,0.02,0.02,0.02,0.02,0.01,,0.02,0.02,,0.01,0.01,0.01,0.01,0.01,0.01,0.02,0.01,0.01,0.01,0.02,0.02,,0.01,0.01,0.02,0.05,0.02,0.01,0.02,0.05,0.01,0.01,,,0.01,0.01,0.01,0.05,,,0.02,0.01,,0.01,,,0.02,,,0.01,0.01,0.02,,,0.01,0.03,0.02,,0.01,,0.05,0.01,0.05,0.02,0.02,0.01,0.2,0.01,0.01,0.05,0.01,0.02,0.02,0.02,,0.02,,0.02,0.01,0.02,,0.01,0.01,0.05,0.02,0.01,,0.01,0.02,,0.15,0.02,,0.05,,0.01,0.02,0.02,0.02,,0.01,0.02,,0.01,,0.01,0.01,,0.02,0.02,0.02,,0.05,,0.05,0.02,,0.01,0.03,0.02,,0.01,,,,0.02,,0.01,0.02,0.1,0.01,0.01,,,0.02,0.02,0.01,0.01,0.01,0.02,0.01,,0.05,0.01,0.02,0.005,,0.01,0.1,0.01,0.01,0.01,0.01,0.005,0.01,0.02,0.01,0.01,0.02,,,,0.02,,0.01,0.01,,,,,0.01,0.01,0.02,0.01,0.01,0.01,0.1,0.01
718,OAT,Oat,0.01,0.01,0.01,0.01,0.05,0.06,,0.01,0.01,0.05,0.05,0.01,0.001,0.01,0.02,0.1,0.01,0.02,0.01,0.01,0.01,0.05,0.01,0.01,0.01,0.01,0.01,0.02,0.01,0.01,0.01,0.15,0.01,0.05,0.01,0.01,0.01,0.01,0.05,0.05,1.0,0.01,0.05,0.01,0.01,1.5,0.01,0.05,0.01,0.02,0.01,0.1,0.02,0.1,1.5,0.02,0.01,0.02,0.01,0.01,0.01,0.01,0.4,0.01,4.0,0.01,"50.0, 10.0",0.01,0.01,0.01,0.01,0.05,0.01,0.01,0.01,0.01,0.01,0.01,0.02,0.07,0.5,2.0,0.01,0.01,0.01,0.01,0.03,0.05,0.05,,0.02,0.05,0.01,0.01,,0.01,0.02,0.01,0.01,0.03,15.0,0.02,0.005,0.01,0.1,0.02,0.01,0.01,0.01,0.01,0.01,0.01,0.01,0.01,0.01,0.05,0.1,0.02,0.02,0.01,3.0,0.01,10.0,,0.01,0.01,0.02,0.05,0.01,0.09,0.1,0.01,0.01,0.01,0.01,2.0,0.2,4.0,0.02,0.05,0.02,0.05,0.06,0.02,2.0,0.01,0.01,0.01,0.01,0.5,0.01,0.2,0.01,0.02,0.02,0.05,0.01,0.01,0.05,0.01,0.02,0.8,0.01,0.01,0.05,0.01,0.01,0.01,0.01,0.01,0.05,0.02,,0.01,0.01,0.05,2.0,0.02,0.01,2.0,0.01,0.01,0.01,0.01,0.005,0.05,0.01,0.01,0.01,0.01,0.05,0.01,0.01,0.03,0.01,0.05,0.01,0.02,0.01,0.01,0.01,0.01,0.01,0.01,0.02,0.01,0.01,0.01,0.01,0.01,0.05,0.1,0.01,0.01,0.01,0.3,0.2,0.01,0.01,0.01,0.02,0.3,0.005,0.01,0.4,0.01,0.01,0.01,0.02,0.01,0.01,0.01,0.01,0.05,0.01,0.02,,0.01,0.02,0.005,0.01,0.2,2.0,0.01,0.5,3.0,0.02,0.01,0.01,0.1,0.02,0.01,0.01,0.01,0.01,0.01,0.4,3.0,2.0,0.01,0.01,0.02,0.01,0.01,2.0,0.02,0.01,1.0,0.03,20.0,0.05,0.02,0.01,0.01,0.01,0.01,0.01,0.01,0.01,0.01,15.0,0.02,0.01,0.05,0.01,,0.01,0.01,0.01,0.1,0.1,0.01,0.01,0.01,0.01,0.01,0.01,0.01,0.01,0.01,0.6,0.01,0.02,0.15,0.01,0.3,0.1,0.01,0.01,0.01,0.2,8.0,0.2,0.01,0.01,0.01,0.05,3.0,0.01,3.0,0.01,0.01,0.01,0.01,0.01,0.02,0.01,0.05,0.01,0.02,0.4,0.01,0.01,0.01,0.02,0.03,0.01,5.0,0.01,0.01,0.01,0.01,0.01,0.6,0.1,0.01,0.01,0.02,0.01,0.02,0.01,0.01,0.01,0.01,0.01,0.02,0.01,0.01,0.01,0.01,0.01,0.01,0.01,0.01,0.005,0.01,0.01,0.01,0.01,0.01,0.01,0.01,0.02,0.05,0.02,0.01,0.02,0.05,0.01,0.01,0.2,0.05,0.01,0.01,0.01,0.05,,0.02,0.01,0.01,0.05,0.01,0.05,1.5,0.01,0.2,0.2,0.05,0.01,0.02,0.05,5.0,0.01,0.03,0.01,0.01,0.01,0.1,0.02,0.01,0.01,0.01,0.01,0.01,0.05,0.01,0.005,0.02,0.01,0.04,0.01,0.01,0.05,0.05,1.0,0.02,0.2,0.01,3.0,0.01,0.01,0.05,0.05,0.03,0.01,0.01,0.01,0.01,0.1,0.02,0.2,0.02,0.01,0.01,0.02,0.01,0.01,0.03,0.01,0.01,0.01,0.01,0.03,0.01,0.01,0.02,2.0,0.02,0.02,0.02,0.05,,0.02,0.02,0.04,0.01,0.03,0.02,0.02,0.01,2.0,0.01,0.01,0.01,0.01,0.02,0.02,0.1,0.01,0.01,0.01,0.01,0.01,0.01,0.01,0.01,0.01,0.01,0.01,0.3,0.05,0.01,0.05,0.01,10.0,0.01,0.1,0.01,0.01,0.01,0.02,0.003,0.01,0.01,0.01,0.01,0.01,0.4,0.3,,0.02,0.01,0.01,0.01,0.01,10.0,3.0,0.01,0.01,0.01,0.01,0.01,0.01,0.01,0.1,0.01
436,FRUITS,Oil fruits,0.01,,,0.01,0.05,0.06,,0.02,0.02,0.05,0.05,0.01,0.01,0.02,0.01,0.1,0.01,0.02,0.01,0.02,0.01,,0.01,0.01,0.01,0.01,0.02,,,0.01,0.01,0.05,0.01,0.05,0.02,0.02,0.02,0.01,0.1,0.05,,0.01,0.02,0.01,0.02,,0.02,0.02,0.01,0.02,0.01,0.03,0.02,0.1,0.01,,0.01,0.01,0.02,0.01,0.01,0.02,0.01,0.01,0.01,0.01,5.0,0.02,0.01,0.01,0.01,0.05,0.01,0.01,0.02,0.02,0.01,0.02,0.05,0.07,0.02,0.1,0.01,0.02,0.01,,0.05,0.05,,,,0.7,0.01,0.02,0.02,,0.02,0.01,0.02,0.04,0.01,0.02,0.01,0.01,0.02,0.02,0.01,0.01,0.01,0.01,0.01,0.02,0.02,0.02,0.01,0.05,0.1,0.05,,0.02,0.5,0.01,30.0,,0.01,,0.02,0.05,0.01,0.09,0.01,0.01,0.01,0.05,0.01,0.05,0.05,0.02,0.01,0.05,0.02,0.1,0.1,0.02,,0.01,0.01,0.02,0.02,0.05,0.01,0.02,0.01,0.01,0.05,0.05,0.01,0.01,,0.01,,,0.01,0.01,0.1,0.01,0.02,0.01,0.01,0.02,0.05,0.05,,0.02,0.02,0.05,0.01,0.02,0.01,,0.01,0.01,,,0.005,,0.01,0.01,0.01,0.02,,,0.01,0.03,0.01,0.1,0.02,0.05,0.01,0.01,0.01,0.01,0.01,0.01,0.02,0.01,0.01,0.02,0.01,0.02,0.02,,0.01,0.01,0.01,0.01,0.01,0.01,0.01,,0.05,0.05,0.005,0.01,0.06,0.01,0.01,0.01,0.01,0.01,0.02,0.02,0.01,0.05,0.01,0.05,,0.01,0.05,0.01,0.01,0.01,2.0,0.01,0.01,,0.02,0.01,0.01,0.01,0.02,0.01,0.01,0.01,0.01,0.02,0.01,,,,0.02,0.02,0.01,0.02,,,0.01,1.0,0.03,,0.05,0.05,0.01,0.01,0.01,0.01,0.01,0.01,0.02,0.01,,0.05,0.01,0.05,0.01,,0.01,0.02,0.01,0.1,0.1,0.01,0.02,0.01,0.01,0.01,0.02,0.01,0.01,0.01,0.01,0.01,0.02,,0.02,,0.1,0.01,0.01,0.01,,0.02,0.5,0.01,0.01,0.01,0.05,,0.02,0.05,0.02,0.01,,0.02,0.01,0.02,,0.05,0.01,0.02,0.05,,0.02,0.02,,0.03,0.01,0.05,0.01,0.01,0.01,0.01,0.01,0.01,,0.01,0.01,0.02,0.02,0.02,0.02,0.02,0.01,0.01,0.02,0.02,,0.01,0.01,0.01,0.01,0.01,0.01,0.02,0.01,0.01,0.01,0.02,0.02,,0.01,0.01,0.02,0.05,0.02,0.01,0.02,0.05,0.01,0.01,0.01,,0.01,0.01,0.01,0.05,,0.02,0.02,0.01,,0.01,0.01,,0.02,0.01,0.01,0.01,0.01,0.02,0.02,0.01,0.01,0.03,0.02,0.02,0.01,0.01,0.05,0.01,0.05,0.02,0.02,0.01,0.2,0.01,0.01,0.05,0.01,0.02,0.02,0.02,0.02,0.02,0.02,0.02,0.01,0.02,,0.01,0.01,0.05,0.02,0.01,0.01,0.01,0.02,0.02,0.15,0.02,,0.05,0.01,0.01,0.02,0.02,0.02,0.03,0.01,0.02,,0.01,,0.01,0.01,,0.02,0.02,0.02,,0.05,,0.05,0.02,0.02,0.01,0.03,0.02,0.02,0.01,,0.01,0.01,0.02,0.01,0.01,0.02,0.1,0.01,0.01,0.01,,0.02,0.02,0.01,0.01,0.01,0.02,0.01,0.1,0.05,0.01,0.02,0.005,30.0,0.01,0.1,0.01,0.01,0.01,0.01,0.005,0.01,0.02,0.01,0.01,0.02,,,,0.02,0.01,0.01,0.01,,,0.01,,0.01,0.01,0.02,0.01,0.01,0.01,0.1,0.01
436,FRUITS,Oil palms fruits,0.01,0.02,0.02,0.01,0.05,0.06,,0.02,0.02,0.05,0.05,0.01,0.01,0.02,0.01,0.1,0.01,0.02,0.01,0.02,0.01,0.01,0.01,0.01,0.01,0.01,0.02,0.05,0.02,0.01,0.01,0.05,0.01,0.05,0.02,0.02,0.02,0.01,0.1,0.05,0.01,0.01,0.02,0.01,0.02,0.03,0.02,0.02,0.01,0.02,0.01,0.03,0.02,0.1,0.01,,0.01,0.01,0.02,0.01,0.01,0.02,0.01,0.01,0.01,0.01,"5.0, 20.0",0.02,0.01,0.01,0.01,0.05,0.01,0.01,0.02,0.02,0.01,0.02,0.05,0.07,0.02,0.1,0.01,0.02,0.01,,0.05,0.05,0.02,,0.8,0.7,0.01,0.02,0.02,0.02,0.02,0.01,0.02,0.04,0.01,0.02,0.01,0.01,0.02,0.02,0.01,0.01,0.01,0.01,0.01,0.02,0.02,0.02,0.01,0.05,0.1,0.05,0.05,0.02,0.5,0.01,30.0,,0.01,0.01,0.02,0.05,0.01,0.09,0.01,0.01,0.01,0.05,0.01,0.05,0.05,0.02,0.01,0.05,0.02,0.1,0.1,0.02,0.01,0.01,0.01,0.02,0.02,0.05,0.01,0.02,0.01,0.01,0.05,0.05,0.01,0.01,0.05,0.01,0.01,0.02,0.01,0.01,0.1,0.01,0.02,0.01,0.01,0.02,0.05,0.05,,0.02,0.02,0.05,0.01,0.02,0.01,0.1,0.01,0.01,0.01,0.02,0.005,0.1,0.01,0.01,0.01,0.02,0.05,0.02,0.01,0.03,0.01,0.1,0.02,0.05,0.01,0.01,0.01,0.01,0.01,0.01,0.02,0.01,0.01,0.02,0.01,0.02,0.02,0.01,0.01,0.01,0.01,0.01,0.01,0.01,0.01,0.02,0.05,0.05,0.005,0.01,0.06,0.01,0.01,0.01,0.01,0.01,0.02,0.02,0.01,0.05,0.01,0.05,,0.01,0.05,0.01,0.01,0.01,2.0,0.01,0.01,0.01,0.02,0.01,0.01,0.01,0.02,0.01,0.01,0.01,0.01,0.02,0.01,0.8,0.07,0.02,0.02,0.02,0.01,0.02,2.0,0.05,0.01,1.0,0.03,0.1,0.05,0.05,0.01,0.01,0.01,0.01,0.01,0.01,0.02,0.01,,0.05,0.01,0.05,0.01,,0.01,0.02,0.01,0.1,0.1,0.01,0.02,0.01,0.01,0.01,0.02,0.01,0.01,0.01,0.01,0.01,0.02,0.01,0.02,0.01,0.1,0.01,0.01,0.01,0.1,0.02,0.5,0.01,0.01,0.01,0.05,0.01,0.02,0.05,0.02,0.01,0.02,0.02,0.01,0.02,0.015,0.05,0.01,0.02,0.05,0.02,0.02,0.02,0.05,0.03,0.01,0.05,0.01,0.01,0.01,0.01,0.01,0.01,0.1,0.01,0.01,0.02,0.02,0.02,0.02,0.02,0.01,0.01,0.02,0.02,0.02,0.01,0.01,0.01,0.01,0.01,0.01,0.02,0.01,0.01,0.01,0.02,0.02,0.01,0.01,0.01,0.02,0.05,0.02,0.01,0.02,0.05,0.01,0.01,0.01,0.1,0.01,0.01,0.01,0.05,,0.02,0.02,0.01,0.05,0.01,0.01,1.5,0.02,0.01,0.01,0.01,0.01,0.02,0.02,0.01,0.01,0.03,0.02,0.02,0.01,0.01,0.05,0.01,0.05,0.02,0.02,0.01,0.2,0.01,0.01,0.05,0.01,0.02,0.02,0.02,0.02,0.02,0.02,0.02,0.01,0.02,0.5,0.01,0.01,0.05,0.02,0.01,0.01,0.01,0.02,0.02,0.15,0.02,0.05,0.05,0.01,0.01,0.02,0.02,0.02,0.03,0.01,0.02,0.02,0.01,0.03,0.01,0.01,0.02,0.02,0.02,0.02,0.02,0.05,,0.05,0.02,0.02,0.01,0.03,0.02,0.02,0.01,0.02,0.01,0.01,0.02,0.01,0.01,0.02,0.1,0.01,0.01,0.01,0.02,0.02,0.02,0.01,0.01,0.01,0.02,0.01,0.1,0.05,0.01,0.02,0.005,30.0,0.01,0.1,0.01,0.01,0.01,0.01,0.005,0.01,0.02,0.01,0.01,0.02,0.01,0.01,,0.02,0.01,0.01,0.01,0.02,0.05,0.01,0.02,0.01,0.01,0.02,0.01,0.01,0.01,0.1,0.01
743,Oil palms kernels,Oil palms kernels,0.01,0.02,0.02,0.01,0.05,0.06,,0.02,0.02,0.05,0.05,0.01,0.01,0.02,0.01,0.1,0.01,0.02,0.01,0.02,0.01,0.01,0.01,0.01,0.01,0.01,0.02,0.05,0.02,0.01,0.01,0.05,0.01,0.05,0.02,0.02,0.02,0.01,0.1,0.05,0.01,0.01,0.02,0.01,0.02,0.01,0.02,0.02,0.01,0.02,0.01,0.03,0.02,0.1,0.01,,0.01,0.01,0.02,0.01,0.01,0.02,0.01,0.01,0.01,0.01,"20.0, 5.0",0.02,0.01,0.01,0.01,0.05,0.01,0.01,0.02,0.02,0.01,0.02,0.05,0.07,0.02,0.1,0.01,0.02,0.01,,0.05,0.05,0.02,,0.01,0.7,0.01,0.02,0.02,0.01,0.02,0.01,0.02,0.04,0.01,0.02,0.01,0.01,0.02,0.02,0.01,0.01,0.01,0.01,0.01,0.02,0.02,0.02,0.01,0.05,0.1,0.05,0.05,0.02,0.5,0.01,30.0,,0.01,0.01,0.02,0.05,0.01,0.09,0.01,0.01,0.01,0.05,0.01,0.05,0.05,0.02,0.01,0.05,0.02,0.1,0.1,0.02,0.01,0.01,0.01,0.02,0.02,0.05,0.01,0.02,0.01,0.01,0.05,0.05,0.01,0.01,0.05,0.01,0.01,0.02,0.01,0.01,0.1,0.01,0.02,0.01,0.01,0.02,0.05,0.05,,0.02,0.02,0.05,0.01,0.02,0.01,0.1,0.01,0.01,0.01,0.02,0.005,0.1,0.01,0.01,0.01,0.02,0.05,0.02,0.01,0.03,0.01,0.1,0.02,0.05,0.01,0.01,0.01,0.01,0.01,0.01,0.02,0.01,0.01,0.02,0.01,0.02,0.02,0.01,0.01,0.01,0.01,0.01,0.01,0.01,0.01,0.02,0.05,0.05,0.005,0.01,0.06,0.01,0.01,0.01,0.01,0.01,0.02,0.02,0.01,0.05,0.01,0.05,,0.01,0.05,0.01,0.01,0.01,2.0,0.01,0.01,0.01,0.02,0.01,0.01,0.01,0.02,0.01,0.01,0.01,0.01,0.02,0.01,0.01,0.07,0.02,0.02,0.02,0.01,0.02,2.0,0.05,0.01,1.0,0.03,0.1,0.05,0.05,0.01,0.01,0.01,0.01,0.01,0.01,0.02,0.01,,0.05,0.01,0.05,0.01,,0.01,0.02,0.01,0.1,0.1,0.01,0.02,0.01,0.01,0.01,0.02,0.01,0.01,0.01,0.01,0.01,0.02,0.01,0.02,0.01,0.1,0.01,0.01,0.01,0.1,0.02,0.5,0.01,0.01,0.01,0.05,0.01,0.02,0.05,0.02,0.01,0.02,0.02,0.01,0.02,0.01,0.05,0.01,0.02,0.05,0.02,0.02,0.02,0.05,0.03,0.01,0.05,0.01,0.01,0.01,0.01,0.01,0.01,0.1,0.01,0.01,0.02,0.02,0.02,0.02,0.02,0.01,0.01,0.02,0.02,0.02,0.01,0.01,0.01,0.01,0.01,0.01,0.02,0.01,0.01,0.01,0.02,0.02,0.01,0.01,0.01,0.02,0.05,0.02,0.01,0.02,0.05,0.01,0.01,0.01,0.1,0.01,0.01,0.01,0.05,,0.02,0.02,0.01,0.05,0.01,0.01,1.5,0.02,0.01,0.01,0.01,0.01,0.02,0.02,0.01,0.01,0.03,0.02,0.02,0.01,0.01,0.05,0.01,0.05,0.02,0.02,0.01,0.2,0.01,0.01,0.05,0.01,0.02,0.02,0.02,0.02,0.02,0.02,0.02,0.01,0.02,0.5,0.01,0.01,0.05,0.02,0.01,0.01,0.01,0.02,0.02,0.15,0.02,0.05,0.05,0.01,0.01,0.02,0.02,0.02,0.03,0.01,0.02,0.02,0.01,0.03,0.01,0.01,0.02,0.02,0.02,0.02,0.02,0.05,,0.05,0.02,0.02,0.01,0.03,0.02,0.02,0.01,0.02,0.01,0.01,0.02,0.01,0.01,0.02,0.1,0.01,0.01,0.01,0.02,0.02,0.02,0.01,0.01,0.01,0.02,0.01,0.1,0.05,0.01,0.02,0.005,30.0,0.01,0.1,0.01,0.01,0.01,0.01,0.005,0.01,0.02,0.01,0.01,0.02,0.01,0.01,,0.02,0.01,0.01,0.01,0.02,0.05,0.01,0.02,0.01,0.01,0.02,0.01,0.01,0.01,0.1,0.01
747,Oilseeds,Oilseeds,0.01,0.02,0.02,0.01,0.05,0.06,,0.02,0.02,0.05,0.05,0.01,0.01,0.02,0.01,0.1,0.01,0.02,,,0.01,,0.01,0.01,,0.01,0.02,0.05,0.02,0.01,0.01,0.05,0.01,0.05,0.02,0.02,0.02,0.01,0.1,0.05,,0.01,0.02,0.01,0.02,,0.02,0.02,0.01,0.02,0.01,,0.02,0.1,,,0.01,0.01,,0.01,0.01,0.02,,0.01,,0.01,,0.02,0.01,0.01,0.01,0.05,0.01,0.01,0.02,0.02,0.01,0.02,0.05,0.07,0.05,,0.01,,0.01,,0.05,0.05,0.02,,,0.05,0.01,0.02,0.02,,0.02,0.01,0.02,0.04,,0.02,0.01,0.01,0.02,0.02,0.01,0.01,0.01,0.01,0.01,0.02,0.02,0.02,0.01,0.05,,0.05,0.05,0.02,,0.01,,,0.01,,0.02,0.05,0.01,,0.01,0.01,,0.05,0.01,,,,0.01,0.05,0.02,0.1,0.1,0.02,,0.01,0.01,0.02,0.02,,0.01,0.02,0.01,0.01,,0.05,0.01,0.01,,0.01,0.01,,,0.01,,0.01,0.02,0.01,,0.02,0.05,0.05,,0.02,0.02,0.05,,0.02,0.02,,0.01,0.01,0.01,0.02,0.005,,0.01,0.01,0.01,0.02,,0.02,0.01,0.03,0.01,0.1,0.02,0.05,,0.01,0.01,0.01,0.01,0.01,0.02,0.01,0.01,0.02,0.01,0.02,0.02,0.1,0.01,0.01,0.01,0.01,0.01,0.01,0.01,0.02,0.05,0.05,0.005,0.01,,0.01,0.01,,0.01,,0.02,0.02,,0.05,0.01,0.05,,0.01,0.05,0.01,0.01,,2.0,0.01,,,0.02,0.01,0.01,0.01,0.02,0.01,0.01,0.01,,,,,0.07,0.02,0.02,0.02,0.01,0.02,2.0,0.05,0.01,1.0,,,0.05,0.05,0.01,,0.01,,0.01,0.01,0.02,,,0.05,0.01,,,,0.01,0.02,,0.1,0.1,0.01,0.02,0.01,0.01,0.01,0.02,,0.01,0.01,,0.01,,,0.02,,0.1,0.01,0.01,0.01,0.1,0.02,0.5,0.01,0.01,0.01,0.05,,0.02,,0.02,0.01,0.02,0.02,,,,,0.01,,,0.02,0.02,,,0.03,0.01,0.05,0.01,,0.01,0.01,0.01,0.01,0.1,,0.01,0.02,0.02,0.02,0.02,0.02,0.01,,0.02,0.02,0.02,0.01,0.01,0.01,0.01,0.01,0.01,0.02,0.01,0.01,0.01,0.02,0.02,0.01,0.01,0.01,0.02,0.05,0.02,0.01,0.02,0.05,0.01,0.01,,,0.01,0.01,0.01,0.05,,,0.02,0.01,0.05,0.01,0.05,,0.02,,,0.01,0.01,0.02,,0.5,0.01,0.03,0.02,,0.01,,0.05,0.01,0.05,0.02,0.02,0.01,0.2,0.01,0.01,0.05,0.01,0.02,0.02,0.02,,0.02,,0.02,0.01,0.02,3.0,0.01,0.01,0.05,0.02,0.01,,0.01,0.02,,0.15,0.02,0.05,0.05,,0.01,0.02,0.02,0.02,,0.01,0.02,0.02,0.01,0.03,0.01,0.01,0.02,0.02,0.02,0.02,,0.05,,0.05,0.02,,0.01,0.03,0.02,,0.01,,,,0.02,,0.01,0.02,0.1,0.01,0.01,,0.02,0.02,0.02,0.01,0.01,0.01,0.02,0.01,,0.05,0.01,0.02,0.005,,0.01,0.1,0.01,0.01,0.01,0.01,0.005,0.01,0.02,0.01,0.01,0.02,,,,0.02,,0.01,0.01,0.02,,,0.02,0.01,0.01,0.02,0.01,0.01,0.01,0.1,0.01
750,Okra/lady's fingers,Okra/lady's fingers,0.01,0.01,0.01,0.01,0.05,0.06,,0.01,0.01,0.05,0.01,0.01,0.01,0.01,0.01,0.1,0.01,0.01,0.01,0.01,0.01,0.2,0.01,0.01,0.01,0.01,0.01,0.02,0.01,1.5,0.01,0.01,0.01,0.05,0.01,0.01,0.01,0.01,0.05,0.05,1.0,0.01,0.02,0.01,0.01,3.0,0.01,0.02,0.01,0.02,0.01,0.03,0.01,0.1,1.0,,0.01,0.01,0.2,0.01,0.01,0.01,0.01,0.01,3.0,0.01,30.0,0.01,0.01,0.01,0.01,0.05,0.01,0.01,0.01,0.01,0.01,0.01,0.02,0.03,0.01,2.0,0.01,0.002,0.01,,0.03,0.02,0.01,,0.6,0.1,0.01,0.01,0.01,0.02,0.01,0.01,0.01,0.03,0.01,0.02,0.005,0.01,0.01,0.01,0.01,0.01,0.01,0.01,0.01,0.01,0.01,0.01,0.01,0.05,0.5,0.02,0.02,0.01,0.5,0.01,5.0,,0.01,1.5,0.01,0.05,0.01,0.09,0.01,0.01,0.01,0.02,0.01,0.5,0.05,0.02,0.01,0.05,0.01,0.05,0.06,0.1,0.15,0.01,0.01,0.01,0.01,0.05,0.01,0.02,0.01,0.01,0.02,0.05,0.01,0.01,0.6,0.01,0.01,0.4,0.01,0.01,0.05,0.01,1.0,0.01,0.01,0.01,0.02,0.02,,0.01,0.01,0.05,0.01,0.01,0.01,0.5,0.01,0.01,0.01,0.01,0.02,0.05,0.01,0.01,0.01,0.01,0.05,0.01,0.01,0.03,0.01,0.05,0.01,0.02,0.01,0.01,0.01,0.01,0.01,0.01,0.02,0.01,0.01,0.01,0.01,0.01,0.01,0.1,0.01,0.01,0.01,0.01,0.01,0.01,0.01,0.01,0.02,0.02,0.005,0.01,0.03,0.01,0.01,0.01,0.01,0.01,0.01,0.01,0.01,0.05,0.01,0.02,,0.01,0.02,0.01,1.0,0.01,0.2,0.01,0.01,0.9,0.02,0.01,0.01,0.01,0.01,0.01,0.01,0.01,0.01,0.01,0.01,0.6,0.03,0.01,0.01,0.01,0.01,0.01,2.0,0.02,0.01,1.0,0.03,0.1,0.05,0.02,0.01,0.01,0.01,0.01,0.01,0.01,0.01,0.01,,0.02,0.01,0.05,0.01,,0.01,0.01,0.5,0.1,0.1,0.01,0.01,0.01,0.01,0.01,0.01,3.0,0.01,0.01,0.01,0.01,0.02,0.01,0.01,0.3,0.1,0.01,0.01,0.01,0.05,0.02,0.2,0.01,0.01,0.01,0.05,1.5,0.01,0.02,0.01,0.01,0.01,0.01,0.01,0.02,0.01,0.05,0.01,0.02,0.02,0.01,0.01,0.01,0.02,0.03,0.01,0.02,0.01,0.01,0.1,0.01,0.01,0.01,0.1,0.01,0.01,0.02,0.01,0.01,0.01,0.01,0.01,0.01,0.01,0.01,0.01,0.01,0.01,0.01,0.01,0.01,0.01,0.01,0.001,0.01,0.2,0.01,0.01,0.01,0.01,0.01,0.02,0.05,0.01,0.01,0.02,0.05,0.01,0.01,2.0,0.05,0.01,0.01,0.01,0.02,,0.01,0.01,0.01,0.05,0.01,0.01,1.5,0.01,0.01,0.01,0.01,0.01,0.02,0.5,0.01,0.01,0.03,0.01,0.01,0.01,0.01,0.02,0.01,0.01,0.01,0.01,0.01,0.05,0.01,0.005,0.02,0.01,0.01,0.01,0.01,0.01,0.02,0.02,0.02,0.01,0.01,1.0,0.01,0.01,0.05,0.01,0.01,0.01,0.01,0.01,0.01,0.1,0.01,0.02,0.02,0.01,0.01,0.01,0.01,0.01,0.03,0.01,0.01,0.01,0.01,0.03,0.01,0.01,0.02,0.02,0.02,0.02,1.0,0.01,,0.01,0.01,0.01,0.01,0.03,0.02,0.02,0.01,0.02,0.01,0.01,0.01,0.01,0.01,0.02,0.1,0.01,0.01,0.01,0.01,0.01,0.01,0.01,0.01,0.01,0.01,0.01,1.0,0.05,0.01,0.02,0.005,5.0,0.01,0.1,0.01,0.01,0.01,0.01,0.001,0.01,0.01,0.01,0.01,0.01,0.01,0.01,,0.02,0.01,0.01,0.01,0.01,0.05,0.01,0.01,0.01,0.01,0.01,0.01,0.01,0.01,0.1,0.01
755,OLIVES,Olives for oil production,0.01,0.01,0.01,0.01,0.05,0.06,,0.02,0.02,0.05,0.05,0.01,0.01,0.02,0.01,0.1,0.01,0.02,0.01,0.02,0.01,3.0,0.01,0.01,0.01,0.01,0.02,0.02,0.01,0.01,0.01,0.05,0.01,0.05,0.02,0.02,0.02,0.01,0.1,0.05,0.5,0.01,0.02,0.01,0.02,0.01,0.02,0.02,0.01,0.02,0.01,0.03,0.02,0.1,0.01,,0.01,0.01,0.02,0.01,0.01,0.02,0.01,0.01,0.01,0.01,"20.0, 5.0",0.02,0.01,0.01,0.01,0.05,0.01,0.01,0.02,0.02,0.01,0.02,0.05,0.07,0.02,0.1,0.01,0.02,0.01,,0.05,0.05,0.01,,0.01,0.7,0.01,0.02,0.02,0.01,0.02,0.01,0.02,0.04,0.01,0.02,0.01,0.01,0.02,0.02,0.01,0.01,0.01,0.01,0.01,0.02,0.02,0.02,0.01,0.05,0.1,0.05,0.02,0.02,0.5,0.01,30.0,,0.01,3.0,0.02,0.05,0.01,0.09,0.01,0.01,0.01,0.05,0.01,0.05,0.05,0.02,0.01,0.05,0.02,0.1,0.1,0.02,0.6,0.01,0.01,0.02,0.02,0.05,0.01,0.02,0.01,0.01,0.05,0.05,0.01,0.01,2.0,0.01,0.6,0.15,0.01,0.01,0.1,0.01,0.02,0.01,0.01,0.02,0.05,0.05,,0.02,0.02,0.05,0.01,0.02,0.01,5.0,0.01,0.01,20.0,0.01,0.005,0.05,0.01,0.01,0.01,0.02,10.0,0.01,0.01,0.03,0.01,0.1,0.02,0.05,0.01,0.01,0.01,0.01,0.01,0.01,0.02,0.01,0.01,0.02,0.01,0.02,0.02,0.1,0.01,0.01,0.01,0.01,0.01,0.01,0.01,0.01,0.05,0.05,0.005,0.01,0.06,0.01,0.01,0.01,0.01,0.01,0.02,0.02,0.01,0.05,0.01,0.05,,0.01,0.05,0.01,0.01,0.01,2.0,0.01,0.01,5.0,0.02,0.01,0.01,0.01,0.02,0.01,0.01,0.01,0.01,0.02,0.01,0.01,0.15,0.01,0.02,0.02,0.01,0.02,100.0,0.02,0.01,1.0,0.03,1.0,0.05,0.05,0.01,0.01,0.01,0.01,0.01,0.01,0.02,0.01,,0.05,0.01,0.05,0.01,,0.01,0.02,0.01,0.1,0.1,0.01,0.02,0.01,0.01,0.01,0.02,0.01,0.01,0.01,0.01,0.01,0.02,0.2,0.02,0.5,0.1,0.01,0.01,0.01,0.05,0.02,0.5,0.01,0.01,0.01,0.05,3.0,0.02,0.05,0.02,0.01,0.01,0.02,0.01,0.02,0.01,0.05,0.01,0.02,0.05,0.01,0.02,0.02,0.02,0.03,0.01,0.05,0.01,0.01,0.01,0.01,0.01,0.01,0.2,0.01,0.01,0.02,0.02,0.02,0.02,0.02,0.01,0.01,0.02,0.02,0.01,0.01,0.01,0.01,0.01,0.01,0.01,0.02,0.01,0.01,0.01,0.02,0.02,1.0,0.01,0.01,0.02,0.05,0.02,0.01,0.02,0.05,0.01,0.01,0.01,0.05,0.01,0.01,0.01,0.05,,0.02,0.02,0.01,3.0,0.01,0.01,80.0,0.02,0.01,0.01,0.01,0.01,0.02,0.02,0.01,0.01,0.03,0.02,0.02,0.01,0.01,0.05,0.01,0.05,0.02,0.02,0.01,0.2,0.01,0.01,0.05,0.01,0.02,0.02,0.02,0.02,0.02,0.02,0.02,0.01,0.02,1.0,0.01,0.01,0.05,0.02,0.01,0.01,0.01,0.02,0.02,0.15,0.02,0.02,0.05,0.01,0.01,0.02,0.02,0.02,0.03,0.01,0.02,0.01,0.01,0.12,0.01,0.01,0.06,0.02,0.02,0.02,1.5,0.05,,0.05,0.02,0.02,0.01,0.03,0.02,0.02,0.01,0.5,0.01,0.01,0.02,0.01,0.01,0.02,0.1,0.01,0.01,0.01,0.01,0.02,0.02,0.01,0.01,0.01,0.02,0.01,0.1,0.05,0.01,0.02,0.005,30.0,0.01,0.1,0.01,0.01,0.01,0.01,0.005,0.01,0.02,0.01,0.01,0.02,0.3,0.3,,0.02,0.01,0.01,0.01,0.01,1.0,0.01,0.01,0.01,0.01,0.02,0.01,0.01,0.01,0.1,0.01
756,ONION,Onions,0.01,0.01,0.01,0.01,0.05,0.06,,0.01,0.01,0.05,0.01,0.01,0.01,0.01,0.01,0.1,0.01,0.01,0.01,0.02,0.01,0.02,0.01,0.15,0.02,0.01,0.02,0.05,0.01,1.5,0.01,0.01,0.01,0.05,0.01,0.02,0.01,0.01,0.05,0.05,1.0,0.01,0.02,0.01,0.02,10.0,0.01,0.02,0.02,0.02,0.01,0.1,0.02,0.1,0.02,,0.01,0.01,0.01,0.01,0.01,0.01,0.01,0.01,5.0,0.01,30.0,0.01,0.01,0.01,0.01,0.05,0.01,0.01,0.01,0.02,0.01,0.01,0.05,0.03,0.02,0.1,0.01,0.002,0.01,,0.03,0.02,0.01,,0.01,0.5,0.01,0.01,0.01,0.02,0.02,0.01,0.01,0.03,0.01,0.02,0.005,0.01,0.01,0.01,0.01,0.01,0.01,0.01,0.01,0.02,0.02,0.01,0.01,0.05,0.5,0.02,0.02,0.01,0.5,0.01,5.0,,0.01,0.05,1.5,0.05,0.01,3.0,0.01,0.01,0.01,0.02,0.01,0.1,0.05,0.3,0.01,0.05,0.01,0.05,0.06,0.02,0.06,0.01,0.01,0.01,0.05,0.05,0.01,0.02,0.01,0.2,0.05,0.05,0.01,0.01,0.5,0.01,0.01,0.15,0.01,0.01,0.1,0.01,0.6,0.01,0.01,0.01,0.02,0.02,0.1,0.01,0.01,0.05,0.01,0.02,0.01,1.0,0.01,0.01,0.01,0.02,0.002,0.1,0.01,0.01,0.01,0.01,0.05,0.02,0.01,0.03,0.01,0.05,0.01,0.02,0.01,0.01,0.01,0.01,0.01,0.01,0.02,0.01,0.01,0.01,0.01,3.0,0.02,0.1,0.01,0.01,0.01,0.01,0.01,0.01,0.01,0.02,0.02,0.02,0.005,0.01,0.03,0.01,0.01,0.3,0.06,0.01,0.01,0.01,0.5,0.05,0.01,0.05,,0.01,0.02,0.01,1.0,0.07,0.2,0.01,0.04,0.01,0.02,0.01,0.01,0.05,0.01,0.01,0.01,0.01,0.01,0.01,0.01,0.2,0.03,0.02,0.01,0.01,0.01,0.01,50.0,0.02,0.01,5.0,0.05,0.1,0.05,0.02,0.01,0.2,0.01,0.01,0.01,0.01,0.02,0.01,,0.02,0.01,0.05,0.01,,0.01,0.01,0.01,0.1,0.1,0.01,0.01,0.01,0.01,0.01,0.1,0.01,0.01,0.01,0.01,0.01,0.02,0.3,0.02,0.2,0.1,0.01,0.01,0.01,0.05,0.02,15.0,0.01,0.1,0.01,0.05,0.2,0.01,0.02,0.02,0.01,0.01,0.01,0.01,0.02,0.03,0.05,0.01,0.02,0.02,0.02,0.01,0.02,0.05,0.03,0.01,0.05,0.01,0.01,0.15,0.01,0.01,0.01,0.1,0.01,0.01,0.02,0.01,0.02,0.01,0.02,0.06,0.01,0.01,0.01,0.01,0.01,0.01,0.01,0.01,0.01,0.01,0.01,0.001,0.01,0.04,0.02,0.02,0.01,0.01,0.01,0.02,0.05,0.02,0.01,0.02,0.05,0.01,0.01,0.8,0.05,0.01,0.01,0.01,0.02,,0.02,0.01,0.01,0.05,0.01,0.01,40.0,0.01,0.01,0.01,0.01,0.01,0.02,0.1,0.01,0.01,0.03,0.02,0.02,0.01,0.01,0.05,2.0,0.01,0.01,0.01,0.01,0.05,0.01,0.005,0.02,0.01,0.01,0.03,0.01,0.05,0.02,1.5,0.02,0.01,0.01,1.0,0.01,0.01,0.05,0.2,0.01,0.01,0.01,0.01,0.02,0.1,0.01,0.02,0.05,0.04,0.01,0.01,0.01,0.01,0.03,0.01,0.01,0.02,0.01,0.03,0.01,0.01,0.02,0.07,0.02,0.02,0.4,0.01,,0.01,0.01,0.01,0.01,0.03,0.02,0.02,0.01,0.15,0.01,0.01,0.01,0.01,0.07,0.02,0.1,0.01,0.01,0.01,0.02,0.01,0.01,0.01,0.01,0.01,0.01,0.01,0.1,0.05,0.01,0.02,0.005,5.0,0.01,0.1,0.01,0.01,0.01,0.01,0.001,0.01,0.02,0.01,0.01,0.02,0.01,0.01,,0.02,0.01,0.01,0.01,0.02,0.05,0.01,0.01,0.01,0.5,0.01,0.01,0.01,0.01,0.1,0.7
765,Oranges,Oranges,0.01,0.01,0.01,0.01,0.05,0.06,,0.01,0.01,1.0,0.01,0.01,0.01,0.01,10.0,0.1,0.01,0.01,0.04,0.01,0.6,0.9,0.01,0.01,0.01,0.01,0.01,0.02,0.01,0.01,0.01,0.01,0.01,0.05,0.01,0.01,0.01,0.01,0.05,0.05,0.5,0.01,0.02,0.01,0.2,15.0,0.01,0.02,0.01,0.02,0.01,0.03,0.01,0.1,0.01,,0.01,0.01,0.05,0.01,0.01,0.01,0.01,0.01,2.0,0.01,"5.0, 30.0",0.01,0.01,0.01,0.01,0.05,0.01,0.01,0.01,0.01,0.01,0.01,0.02,0.03,0.01,0.2,0.01,0.01,0.01,,0.03,0.02,0.01,,0.7,0.05,0.01,0.01,0.01,0.02,0.01,0.01,0.01,0.03,0.01,0.02,0.01,0.01,0.01,0.01,0.01,0.01,0.01,0.01,0.01,0.01,0.01,0.01,0.01,0.05,0.1,0.02,0.5,0.01,0.5,0.01,20.0,,0.01,0.9,0.01,0.05,0.01,0.09,0.01,0.5,0.3,0.02,0.01,2.0,0.05,0.02,0.01,0.05,0.01,0.05,0.06,0.02,0.02,0.01,0.01,0.01,0.01,0.05,0.01,0.3,0.01,0.01,0.02,0.05,0.01,0.01,0.6,0.01,0.01,0.05,0.01,0.01,0.05,0.01,0.8,0.01,0.01,0.01,0.02,0.02,,0.01,0.01,0.05,0.02,0.01,1.0,5.0,0.01,0.01,1.5,0.01,0.003,0.05,0.01,0.01,0.01,0.01,0.05,0.01,0.01,0.03,0.01,0.05,0.01,0.02,1.5,0.01,0.01,0.01,0.01,0.01,0.02,0.3,0.5,0.01,0.01,0.01,0.01,0.1,0.01,0.01,2.0,0.01,0.01,0.01,0.5,0.01,0.02,0.02,0.005,0.01,0.15,0.01,0.01,0.01,0.01,0.01,0.01,0.01,10.0,0.05,0.01,0.02,,0.01,0.02,0.01,0.01,0.5,0.2,0.01,0.01,3.0,0.02,0.01,0.01,0.01,0.01,0.01,0.01,0.01,0.01,0.01,0.4,1.5,0.03,0.01,0.01,0.01,0.01,0.01,75.0,0.02,0.01,1.0,0.05,0.5,0.05,0.02,0.01,0.01,0.01,0.01,0.01,0.01,0.01,0.5,,0.02,4.0,0.05,0.01,,0.01,0.01,0.9,0.1,0.1,0.01,0.01,0.01,0.01,0.01,0.01,0.01,0.01,0.01,0.01,0.01,0.02,0.5,0.01,0.2,0.1,0.01,0.01,0.3,0.05,2.0,0.2,0.01,0.4,0.01,0.05,1.0,0.01,0.02,0.01,0.01,0.01,0.01,0.01,3.0,0.7,0.05,0.01,0.02,0.02,0.01,0.01,0.01,0.02,0.03,0.01,0.02,0.01,2.0,0.01,0.01,0.01,0.01,0.1,0.01,0.01,0.02,0.01,0.01,0.01,0.01,0.01,0.01,0.01,0.01,0.01,0.01,0.01,0.01,0.01,0.01,0.01,0.01,0.002,0.01,0.05,0.01,0.01,0.01,0.01,0.01,0.02,0.05,0.01,0.01,0.02,0.05,0.01,0.01,0.01,0.05,0.01,0.01,0.01,0.02,,0.01,0.01,0.005,0.5,0.01,0.01,100.0,0.01,0.01,0.01,0.01,0.01,0.02,3.0,0.01,0.01,0.03,0.01,0.01,0.01,0.01,0.02,0.01,0.01,4.0,0.01,0.01,0.05,0.01,0.005,0.02,0.01,0.01,0.01,0.01,0.01,0.02,2.0,0.02,0.01,0.01,1.0,0.3,0.01,0.05,8.0,0.01,0.7,0.01,0.01,0.01,0.1,0.01,0.02,0.02,0.02,0.01,0.01,0.01,0.01,0.03,0.01,0.01,0.01,0.01,0.03,0.01,0.01,0.07,0.3,0.5,0.15,0.5,0.01,,0.01,0.01,0.8,0.01,0.03,0.02,0.02,0.01,0.9,2.0,0.6,0.01,0.5,0.01,0.02,0.1,0.01,0.01,0.01,0.01,7.0,0.01,0.01,0.01,0.01,0.01,0.01,6.0,0.05,0.01,0.02,0.005,20.0,0.01,0.1,0.01,0.01,0.01,0.01,0.001,0.01,0.01,0.1,0.01,0.01,0.5,0.5,,0.02,0.01,0.01,0.01,0.01,0.5,0.01,0.01,0.01,0.01,0.01,0.01,0.01,0.01,0.1,0.01
770,OTHERS,Others (2),"0.01, 0.02, 0.1","0.01, 0.02","0.01, 0.1, 0.02","0.01, 0.02, 0.05","0.05, 1.5, 0.4, 3.0, 2.0, 0.3","0.1, 0.06",,"0.01, 0.05, 0.02","0.01, 0.05, 0.02","0.05, 0.1, 5.0, 1.0, 0.01, 0.2","0.05, 0.01, 0.02",0.01,"0.01, 0.001","0.01, 0.02, 0.05","10.0, 0.05, 0.01, 0.02",0.1,"0.01, 0.05, 0.02","0.01, 0.02, 0.05","0.01, 0.05, 0.02, 0.04, 0.08, 0.1","0.02, 0.2, 0.01, 0.05","0.01, 0.4, 0.05, 0.6, 0.02","0.3, 0.05, 0.02, 0.9, 0.01, 0.2, 0.6, 0.8, 3.0, 2.0, 0.4, 0.15, 0.07","0.01, 0.05, 0.02","0.02, 0.01, 0.05, 0.15, 0.3, 0.4, 0.2","0.01, 0.05, 0.08, 0.8","0.01, 0.02, 0.05","0.05, 0.01, 0.02","0.05, 0.02, 0.01","0.01, 0.2, 0.006, 0.02, 0.1, 0.03","0.03, 0.01, 0.05, 3.0, 60.0, 9.0, 1.5, 40.0","0.01, 0.05, 0.02, 0.07","0.05, 0.02, 0.01","0.01, 0.05, 0.02","0.05, 0.1, 0.01","0.01, 0.02, 0.05","0.01, 0.05, 0.02","0.01, 0.02","0.01, 0.1","0.02, 0.1, 0.05","0.1, 0.05","0.01, 1.0","0.01, 0.02, 0.05","0.02, 0.01, 0.05","0.01, 0.02, 0.5, 0.05","0.01, 0.05, 0.02","0.01, 1.0, 10.0, 15.0, 3.0, 0.15, 0.3, 0.05, 60.0, 5.0, 2.0, 6.0, 70.0","0.01, 0.02, 0.05","0.01, 0.02, 0.05","0.05, 0.01, 0.02","0.1, 0.02, 0.05","0.01, 0.05, 0.02","0.03, 0.1, 0.15, 0.02, 0.3, 10.0","0.02, 0.01, 0.05",0.1,"0.01, 0.2, 0.02, 0.05, 1.0, 0.08","0.02, 0.01","0.02, 0.01, 0.05","0.01, 0.05, 0.02","0.02, 0.05, 0.01, 0.1, 0.03, 0.4, 0.3, 1.0, 0.2","0.01, 0.05, 0.1","0.01, 0.02, 0.05","0.01, 0.02, 0.05","0.01, 0.02, 0.05, 0.04, 0.2, 0.06, 0.09, 0.9",0.01,"0.9, 0.05, 0.01, 2.0, 0.15, 0.5, 3.0, 0.02, 0.06, 9.0, 4.0, 50.0, 10.0, 5.0, 15.0, 0.4",0.01,"50.0, 5.0, 400.0, 30.0, 0.05, 20.0, 70.0, 10.0, 100.0","0.01, 0.05, 0.02","0.01, 0.05, 0.02","0.05, 0.01, 0.02","0.01, 0.02, 0.05","0.05, 0.3, 1.0, 1.5","0.01, 0.7, 0.05, 0.02, 1.5, 0.3, 2.0","0.01, 0.05, 0.02","0.01, 0.05, 0.02","0.01, 0.05, 0.02",0.01,"0.01, 0.02, 0.05","0.01, 0.02, 0.1, 0.05","0.03, 0.1, 0.07, 0.06, 10.0","0.02, 0.01, 0.05, 0.1, 0.5, 0.8","0.1, 0.05, 0.2, 0.01","0.01, 0.05, 0.02","0.01, 0.05, 0.001, 0.003, 0.002, 0.02, 0.005",0.01,,"0.03, 0.1, 0.05, 0.06","0.02, 0.05, 0.04, 0.1, 0.01","0.01, 0.02, 0.05",,"1.0, 0.6, 0.05, 0.01, 0.2, 0.02, 0.06, 20.0, 0.7, 0.4, 0.5, 0.03, 0.3, 1.5","0.1, 0.05, 0.08, 0.7, 0.07, 0.15, 0.2, 0.06, 0.3, 0.35, 0.25","0.01, 0.1, 0.05","0.01, 0.05, 0.02","0.01, 0.02, 0.05, 0.002, 0.005","0.02, 0.01","0.01, 0.05, 0.02","0.01, 0.05, 0.1","0.01, 0.05, 0.02","0.03, 0.04, 0.1, 0.02","0.01, 0.05, 0.15, 0.5","0.02, 0.1","0.01, 0.005, 0.025","0.05, 0.01, 0.02","0.01, 0.05, 0.02","0.05, 0.02, 0.01","0.01, 0.05, 0.02","0.01, 0.05, 0.02",0.01,0.01,"0.05, 0.01, 0.02","0.05, 0.01, 0.02","0.01, 0.05, 0.02","0.01, 0.02, 0.05","0.01, 0.05, 0.02","0.1, 0.05","0.5, 0.1, 0.05, 0.2, 1.0","0.1, 0.02, 0.05","0.05, 0.5, 0.02, 0.3","0.01, 0.05, 0.02, 0.15","0.5, 1.0, 3.0, 5.0, 0.05, 2.0","0.01, 0.02, 0.05","20.0, 30.0, 40.0, 5.0, 100.0, 2.0, 10.0",,0.01,"0.01, 0.05, 4.0, 0.4, 15.0, 0.3, 0.02, 0.9, 0.8, 0.15, 1.5, 20.0, 0.6, 0.2, 0.04, 2.0, 30.0","0.01, 0.02, 0.05, 0.15, 0.2, 1.5","0.1, 0.01, 0.05","0.01, 0.05, 0.02","0.09, 0.1, 0.02, 2.0, 0.9, 0.06, 9.0, 0.15, 0.4, 20.0, 3.0, 1.0, 0.8, 0.3","0.02, 0.01, 0.05, 0.06","0.01, 0.05, 0.02, 0.5, 0.4","0.01, 0.3, 0.05, 0.03, 0.02","0.02, 0.01, 0.1, 0.05","0.01, 0.1, 0.4, 0.08, 0.02","1.0, 0.1, 0.2, 0.3, 0.05, 0.5, 2.0, 0.7","0.05, 0.1, 0.08","3.0, 0.02, 0.1, 1.5, 15.0, 0.5, 2.0, 40.0, 0.2, 0.04, 0.6","0.01, 0.1, 0.02, 0.05, 0.3","0.04, 0.05, 1.0, 0.5","0.02, 0.01, 0.05","0.05, 0.1","0.06, 0.1","0.02, 0.03, 0.1, 0.15","0.1, 0.02, 0.01, 1.5, 0.05, 0.2, 9.0, 0.5, 0.6, 0.3, 0.08","0.01, 0.05, 0.02","0.01, 0.02, 0.05","0.01, 0.05, 0.02","0.01, 0.5, 0.02, 0.05, 5.0, 0.1","0.05, 0.3, 0.5, 0.2, 40.0, 4.0","0.01, 0.05, 0.02","0.02, 0.05, 0.1, 0.01, 0.3","0.01, 0.02, 0.1","0.01, 0.05, 0.02","0.05, 0.1, 0.02","0.05, 0.1","0.01, 0.02, 0.05","0.01, 0.05, 0.02","0.1, 0.3, 2.0, 0.8, 20.0, 0.2, 0.05, 0.6, 0.4, 0.005, 3.0, 0.06, 4.0, 0.5, 0.08","0.01, 0.02, 0.05","0.01, 0.05, 0.02","0.02, 0.03, 0.7, 0.3, 0.1, 0.5, 0.09, 0.04, 0.15, 0.05, 0.2, 0.4, 3.0, 0.07","0.01, 0.05, 0.02","0.01, 0.05","0.1, 0.05","0.01, 0.02, 0.05","0.05, 0.01, 0.02, 0.5, 10.0, 0.15, 3.0, 1.0, 30.0, 4.0, 0.6",,"0.01, 0.03, 0.05, 0.02","0.02, 0.01, 0.05","0.02, 0.05, 0.1, 0.03","0.02, 0.1, 0.05","0.02, 0.1","0.02, 0.05, 0.01","0.01, 0.02, 0.05",0.05,"0.2, 0.01, 0.02, 0.05","0.01, 0.02, 0.05","0.01, 1.0, 3.0, 0.02, 2.0","0.05, 5.0, 0.1, 0.5, 1.5, 1.0, 2.0","0.01, 0.05, 0.02",0.01,"0.01, 0.05, 0.02, 1.5, 0.9","0.02, 0.01, 0.05","0.01, 0.002, 0.2, 0.005, 0.004, 0.02, 0.007, 0.003, 0.6, 2.0, 0.008","0.05, 0.1, 1.0, 5.0, 0.5","0.01, 0.05, 0.1, 0.005, 0.001","0.01, 0.05, 0.002, 0.02",0.01,"0.01, 0.02","0.1, 0.05","0.01, 0.05, 0.02, 0.3, 3.0, 5.0","0.01, 0.05, 0.07, 0.02, 2.0, 0.15","0.1, 0.03, 15.0, 0.6, 0.05","0.02, 0.01","0.1, 0.05","0.01, 0.05, 0.02","0.1, 0.02, 0.05","0.05, 0.01, 0.4, 1.5, 0.04, 0.015, 3.0","0.01, 0.02, 0.05","0.01, 0.05, 0.02","0.01, 0.03, 0.05, 0.02","0.01, 0.02, 0.05","0.01, 0.02, 0.05, 0.005","0.05, 0.02, 0.2, 0.1","0.02, 0.05, 0.01, 0.3, 0.15","0.01, 0.05, 0.02, 0.5, 0.6","0.05, 0.01, 0.02","0.01, 0.1","0.01, 50.0, 0.05, 3.0, 0.02, 15.0, 1.0","0.01, 0.05, 1.0, 0.02, 7.0","0.1, 0.05, 0.01","0.01, 0.05, 0.02","0.01, 0.02, 0.05, 0.015","0.01, 0.02, 2.0","0.02, 0.05, 0.01","0.01, 0.05, 0.02","0.01, 5.0, 0.05, 0.7, 0.02, 8.0","0.05, 0.01, 0.02, 0.08, 0.5","0.01, 0.05, 0.02","0.02, 0.1, 0.05","0.02, 0.05, 0.1",0.005,"0.01, 0.02, 0.05","0.15, 0.03, 0.1, 0.3, 0.6, 0.8, 0.06, 0.04, 6.0, 0.4, 0.5, 0.7","0.01, 0.05, 0.02","0.01, 0.05, 0.02","0.08, 4.0, 0.01, 0.05, 0.02, 0.1, 0.5, 0.04, 0.03","0.1, 0.02, 0.01, 0.05, 3.0","0.01, 0.9, 0.02, 2.0, 0.05, 0.1, 0.2, 1.0","0.01, 0.05, 0.02","0.01, 0.05, 0.02","1.0, 0.05, 5.0, 0.02, 0.01, 20.0, 0.5, 0.4, 0.3, 10.0, 0.04","0.05, 0.01","0.01, 0.05, 0.02","0.05, 0.02, 0.1",,"0.01, 0.05","0.02, 0.05, 0.1","0.01, 0.005, 0.05, 0.02","0.01, 0.05, 2.0, 7.0, 0.2, 0.5, 6.0, 0.02, 1.0","0.6, 0.02, 0.01, 0.3, 0.07, 3.0, 0.03, 2.0, 40.0, 0.05, 0.4, 0.15, 0.8, 5.0, 0.5, 1.0","30.0, 0.3, 0.2, 10.0, 5.0, 2.0","0.01, 0.02","0.02, 0.05, 0.01","0.01, 0.05, 6.0, 0.6, 0.7, 1.0, 4.0, 3.0, 0.02, 0.15, 1.5, 0.9, 40.0","0.02, 0.1, 0.05","0.01, 0.05, 0.02","0.01, 0.05, 0.02","0.01, 0.06, 0.05, 2.0, 0.02","0.01, 0.05, 0.02","0.01, 0.02, 0.05","0.05, 0.01, 0.02","0.01, 0.02, 0.05","0.01, 0.05, 0.02","0.01, 0.05, 0.02, 0.3, 0.15, 0.4","0.01, 0.02, 0.05, 0.3, 0.7, 0.4","0.01, 0.05, 0.2, 0.9, 0.15, 2.0, 0.02, 0.04, 0.6, 4.0, 3.0, 30.0","0.03, 0.1, 0.05, 0.07, 0.06","0.05, 0.01, 0.02","0.01, 0.02, 0.05","0.01, 0.02, 0.05","0.01, 0.05, 0.02, 0.3","0.01, 0.02, 0.05","2.0, 0.5, 400.0, 500.0, 150.0, 75.0, 70.0, 2000.0, 10.0, 30.0, 0.7","0.02, 0.05","0.01, 0.05, 0.02",1.0,"0.03, 0.04, 0.06, 0.1, 0.05, 0.15","0.1, 0.05, 2.0","0.05, 0.02","0.02, 0.1, 0.05","0.01, 0.02","0.01, 0.05, 0.02, 0.002","0.01, 0.1, 0.2, 0.02, 0.004","0.01, 0.005, 0.02",0.01,0.01,"0.01, 0.05, 0.02","0.01, 0.05, 0.5, 0.4, 0.07, 0.02",,"0.05, 0.02, 0.1, 0.01","0.02, 0.01, 0.05","0.01, 0.05, 0.1",0.01,"0.05, 0.01","0.01, 0.05, 0.02","0.01, 0.02, 0.05","0.01, 0.05, 0.15, 0.9",0.1,0.1,"0.01, 0.05, 0.02","0.01, 0.05, 0.02","0.01, 0.05, 0.02","0.01, 0.05, 0.02","0.01, 0.05, 0.02","0.01, 0.05, 0.02, 0.1","0.01, 0.05, 20.0, 1.0, 0.6, 0.09, 7.0, 3.0",0.01,"0.01, 0.05, 0.02","0.01, 0.4, 0.7, 0.2, 0.3","0.01, 0.05","0.02, 0.1, 0.05","0.05, 0.01, 0.5, 0.02, 0.2","0.01, 0.02, 0.05","0.02, 0.01, 0.7, 0.2, 0.3, 0.1, 0.05, 0.06","0.1, 0.5",0.01,"0.01, 0.05, 0.02","0.02, 0.01, 0.05, 1.0, 0.15","0.1, 0.05","0.02, 2.0, 8.0","0.2, 0.5, 0.02, 0.1, 0.07","0.01, 0.05","0.01, 0.05, 0.5, 0.3, 25.0, 0.2, 30.0","0.01, 0.05, 0.02","0.05, 0.1","0.015, 0.06, 0.01, 0.05, 7.0, 0.7, 0.5, 2.0, 0.4, 0.03, 0.02, 3.0, 0.3, 0.2","0.01, 0.05, 0.02","0.02, 0.05, 0.1, 0.07","0.01, 0.02, 0.05","0.01, 0.02, 0.05","0.02, 0.01, 0.03","0.02, 0.05, 0.01","0.05, 0.01, 0.02","0.02, 0.1, 0.4, 0.04","0.01, 1.5, 3.0, 0.05, 0.02, 0.2","0.01, 2.0, 6.0, 0.05, 0.1, 0.7, 0.4, 0.2","0.01, 0.05, 0.15","0.05, 0.02, 0.1, 0.01, 0.2, 0.06","0.04, 0.02, 0.1, 0.15, 0.05","0.05, 0.01, 0.02","0.01, 0.05, 0.02","0.01, 0.1, 0.05, 0.02","0.02, 0.1, 0.05, 0.03","0.1, 0.03, 0.06","0.01, 0.05, 0.02","0.02, 0.05, 5.0, 0.1","0.01, 0.1","0.01, 4.0, 0.05, 0.3, 0.1, 2.0","0.01, 0.02, 0.05, 0.1, 0.15, 0.03, 0.6","0.05, 0.01, 0.02","0.01, 0.05, 0.02","0.05, 0.01, 0.02, 0.5, 1.0","0.1, 0.5","0.01, 0.05, 0.02","0.01, 0.02","0.02, 0.1, 0.05","0.01, 0.05, 0.02","0.05, 0.01, 0.02","0.01, 0.02, 0.05","0.01, 0.02, 0.05","0.01, 0.05, 0.2, 0.3, 2.0, 0.06, 0.6","0.01, 0.02, 0.05","0.05, 0.01, 0.02","0.01, 0.3, 0.02, 0.05, 0.1","0.01, 0.02","0.01, 0.05, 0.1, 0.02","0.01, 0.05, 0.02","0.05, 0.01, 0.02","0.01, 0.05, 0.02","0.01, 0.05, 0.02","0.05, 0.01, 0.02","0.01, 0.02","0.001, 0.01, 0.05, 0.002, 0.005","0.01, 0.05, 0.02","0.05, 0.01, 0.04, 0.2, 0.02, 15.0, 1.5, 5.0","0.01, 0.05, 0.02","0.05, 0.01, 0.02","0.01, 0.05, 0.02","0.01, 0.05, 0.02",0.01,"0.05, 0.02","0.05, 0.1, 0.2","0.01, 0.02, 0.05, 5.0, 3.0","0.05, 0.01, 0.02, 0.06, 0.15, 0.3","0.04, 0.1, 0.01, 0.02","0.05, 0.15, 0.5, 0.01, 0.6, 0.02","0.01, 0.05, 0.02","0.01, 0.05, 0.02","0.05, 0.01, 4.0, 30.0, 0.7, 0.6, 0.8, 0.5, 0.3, 0.02, 2.0","0.05, 0.1","0.05, 0.01, 0.02",0.01,"0.05, 0.01, 0.02","0.05, 0.02",,"0.01, 0.05, 0.02, 0.1, 0.5","0.01, 0.05, 0.02, 2.0, 3.0","0.01, 0.05, 0.02","0.05, 0.1, 0.5, 2.0","0.01, 0.02","0.01, 0.02, 0.05, 0.015","8.0, 70.0, 300.0, 20.0, 0.6, 1.5, 50.0, 1500.0, 100.0, 3.0, 80.0, 0.5, 10.0, 150.0, 0.4, 60.0, 2.0, 400.0","0.01, 0.1, 0.02","0.01, 0.05, 0.08, 0.2","0.01, 0.2, 0.05, 0.08","0.01, 0.02, 0.05","0.01, 0.02, 0.05","0.02, 0.05","0.5, 10.0, 0.05, 0.02, 0.01, 4.0, 1.0, 0.2, 3.0, 5.0, 0.06","0.01, 0.02, 0.05, 0.5, 3.0","0.01, 0.05, 0.02","0.15, 0.03, 0.06","0.01, 0.05, 0.02","0.05, 0.01, 0.02, 0.03, 0.07","0.01, 0.05, 0.02","0.01, 0.02, 0.05, 0.1","0.1, 0.02, 0.05","0.01, 0.05, 40.0, 5.0, 30.0","0.01, 0.02, 0.05","0.01, 0.02, 0.05","0.01, 0.05, 0.02","0.05, 0.01, 0.02","0.05, 0.1, 0.01, 0.2","0.01, 0.02, 0.05","0.01, 0.005","0.02, 0.05, 0.1","0.01, 0.1, 0.02, 0.05, 0.4, 0.2","0.01, 0.05, 0.02","0.01, 0.05, 2.0, 0.02, 0.3, 20.0","0.02, 0.05, 0.01","0.01, 0.05, 0.02, 0.5","0.02, 0.01, 0.1, 0.05","0.1, 1.5, 0.02, 10.0, 0.3, 0.05, 0.5, 2.0, 3.0, 0.01","0.02, 0.1","0.01, 0.02","0.01, 0.05, 0.02","1.0, 0.5, 3.0, 0.05","0.01, 0.05, 0.3, 0.02, 0.15","0.01, 0.05, 0.02","0.05, 2.0, 0.15, 0.3","0.01, 0.05, 0.1, 15.0, 0.8, 20.0, 0.02, 5.0, 8.0","0.01, 0.2, 0.02, 0.05, 0.9","0.01, 0.05, 0.7, 0.02, 0.04","0.01, 0.05, 0.02","0.01, 0.02, 0.05","0.01, 0.05, 0.02","0.1, 0.02, 0.15","0.01, 0.02, 0.05","0.05, 0.02, 0.2, 2.0","0.02, 0.1, 0.05, 0.01, 2.0","0.01, 0.02, 0.05, 0.2, 0.4, 0.8, 0.015",0.01,"0.05, 0.02, 0.01","0.01, 0.05, 0.02","0.01, 0.02","0.03, 0.01","0.01, 0.05, 0.02","0.02, 0.01, 0.05","0.01, 0.05, 0.02","0.01, 0.02, 0.05","0.03, 0.06, 0.15",0.01,"0.01, 0.05, 0.02","0.02, 0.1, 4.0, 0.03, 0.15, 0.06, 0.4, 1.0","0.02, 0.3, 2.0, 0.1, 1.0, 0.05, 0.2, 0.07, 1.5","0.05, 0.4, 0.02, 0.01, 0.1, 0.8, 0.004, 2.0","0.01, 0.02, 0.3, 0.05","0.1, 0.02, 7.0, 0.5, 50.0, 1.0, 0.2, 1.5, 0.7, 3.0, 10.0, 0.01, 0.07, 2.0","0.02, 0.01, 0.05, 0.015",,"0.01, 0.02, 0.05, 0.1","0.02, 0.05, 0.01","0.01, 0.05, 0.1, 0.5, 0.3, 0.03, 0.02, 0.2","0.01, 0.05, 0.02","0.03, 0.02, 0.1, 0.06, 0.01","0.02, 0.1, 0.01, 0.05","0.02, 0.1, 0.04","0.01, 0.02","15.0, 0.1, 0.02, 0.05, 0.5, 0.15, 1.5, 5.0, 0.2, 0.7, 2.0","0.01, 0.05, 0.02, 10.0, 1.0, 2.0","0.01, 0.05, 0.02, 1.5, 0.6","0.05, 0.01, 0.02","0.01, 0.05, 0.02, 0.5","0.01, 0.05, 0.02","0.02, 0.1, 0.01, 0.04","0.1, 0.02",0.01,"0.01, 0.05, 0.02","0.01, 0.05, 0.02, 0.08, 0.15","0.01, 0.02, 0.05","0.01, 0.05, 0.02, 0.1, 7.0","0.02, 0.05, 0.01","0.01, 0.05, 0.02","0.01, 0.02, 0.05","0.01, 0.05, 0.02","0.01, 0.05, 0.02","0.01, 0.05, 0.02","0.1, 0.05, 0.01, 0.5, 0.2, 0.3","0.01, 0.05","0.01, 0.9, 0.05, 0.02","0.1, 0.02, 0.05, 0.01","0.01, 0.005, 0.02, 0.002",,"0.01, 0.05, 0.02","0.1, 0.05","0.01, 0.05, 0.02","0.01, 0.05, 0.02","0.01, 0.05, 0.02","0.01, 0.02, 0.07, 0.1","0.01, 0.001, 0.005, 0.002, 0.003","0.01, 0.05, 0.02","0.01, 0.02, 0.05","0.01, 0.05, 0.08, 0.02","0.01, 0.05, 0.02","0.01, 0.02, 0.05","3.0, 0.02, 0.01, 0.05, 0.3, 15.0, 0.04, 0.2, 0.7, 0.5","0.02, 0.01, 0.5, 0.3, 0.04, 0.05, 15.0, 0.2, 3.0, 30.0, 0.7",,"0.01, 0.1, 0.02, 0.05","0.01, 0.05, 0.02","0.01, 0.05, 0.02","0.01, 0.05, 0.02","0.01, 0.02, 0.05","0.05, 0.1, 0.01","0.05, 0.01, 0.02","0.02, 0.01","0.01, 0.05","0.01, 0.03, 0.05, 0.02","0.01, 0.05, 0.02",0.01,"0.01, 0.02, 0.05","0.01, 0.05, 0.02","0.1, 0.2","0.01, 2.0, 0.05"
866,PROCESSED FOOD PRODUCTS (9),PROCESSED FOOD PRODUCTS (9),,,,,,,,,,,,0.01,,,,,,,,,,,,,,,,,,,,,,,,,,,,,,,,,,,,,,,,,,,,,,,,,,,,,,,,,,,,,,,,,,,,,,,,,,,,,,,,,,,,,,,,,,,,,,,,,,,,,,,,,,,,,,,,,,,,,,,,,,,,,,,,,,,,,,,,,,,,,,,,,,,,,,,,,,,,,,,,,,,,,,,,,,,,,,,,,,,,,,,,,,,,,,,,,,,,,,,,,,,,,,,,,,,,,,,,,,,,,,,,,,,,,,,,,,,,,,,,,,,,,,,,,,,,,,,,,,,,,,,,,,,,,,,,,,,,,,,,,,,,,,,,,,,,,,,,,,,,,,,,,,,,,,,,,,,,,,,,,,,,,,,,,,,,,,,,,,,,,,,,,,,,,,,,,,,,,,,,,,,,,,,,,,,,,,,,,,,,,,,,,,,,,,,,,,,,,,,,,,,,,,,,,,,,,,,,,,,,,,,,,,,,,,,,0.01,,,,,,,,,,,,,,,,,,,,,,,,,,,,,,,,,,,,,,,,,,,,,,,,,,,,,,,,,,,,,,,,,,,,,,,,,,,,,,,,,,
867,"PRODUCTS OF ANIMAL ORIGIN - FISH, FISHPRODUCTS AND ANY OTHER MARINE AND FRESHWATER FOOD PRODUCTS (8)","PRODUCTS OF ANIMAL ORIGIN - FISH, FISHPRODUCTS AND ANY OTHER MARINE AND FRESHWATER FOOD PRODUCTS (8)",,,,,,,,,,,,0.01,,,,,,,,,,,,,,,,,,,,,,,,,,,,,,,,,,,,,,,,,,,,,,,,,,,,,,,,,,,,,,,,,,,,,,,,,,,,,,,,,,,,,,,,,,,,,,,,,,,,,,,,,,,,,,,,,,,,,,,,,,,,,,,,,,,,,,,,,,,,,,,,,,,,,,,,,,,,,,,,,,,,,,,,,,,,,,,,,,,,,,,,,,,,,,,,,,,,,,,,,,,,,,,,,,,,,,,,,,,,,,,,,,,,,,,,,,,,,,,,,,,,,,,,,,,,,,,,,,,,,,,,,,,,,,,,,,,,,,,,,,,,,,,,,,,,,,,,,,,,,,,,,,,,,,,,,,,,,,,,,,,,,,,,,,,,,,,,,,,,,,,,,,,,,,,,,,,,,,,,,,,,,,,,,,,,,,,,,,,,,,,,,,,,,,,,,,,,,,,,,,,,,,,,,,,,,,,,,,,,,,,,,,,,,,,,0.01,,,,,,,,,,,,,,,,,,,,,,,,,,,,,,,,,,,,,,,,,,,,,,,,,,,,,,,,,,,,,,,,,,,,,,,,,,,,,,,,,,
868,PRODUCTS OF ANIMAL ORIGIN -TERRESTRIAL ANIMALS,PRODUCTS OF ANIMAL ORIGIN -TERRESTRIAL ANIMALS,,,,,,0.06,,,,,0.05,0.01,,,,0.1,,,,0.02,,,,,,,0.01,0.01,,,,,,,,0.01,,,0.02,,0.01,,,,0.01,,,,,,,,,0.1,,,,,,0.01,,,,0.01,,0.01,0.05,,,,,0.05,,,,0.01,0.01,,0.01,,0.05,,,,0.01,,,,,,,,,,,,,,0.01,,,,,,,,0.05,0.05,0.01,0.01,,0.01,0.01,,,,,,,,,,,,0.01,,,,,,,,,,,,,,,,,,0.06,,,,,,,,,,,,,0.1,,,,,,,,,,0.01,,,,,,,,,,0.05,,,0.01,0.05,0.01,0.01,,0.02,,,,,0.01,0.01,,0.01,,,,0.05,,,,,,,,,,,,,,,0.01,,,,,,,,,,,,,,,,,,,,,,,,,0.02,,,,,,,,,,,,,0.05,,,,,,,,,,0.05,0.01,,,,,,,,1.0,,,,,,,,,0.01,0.01,,,,,,,,,,,,0.1,0.1,,,,,,,,,,,,,,0.01,,0.1,0.01,,,,,,,,,,,,,,,,,,,,,,,,0.05,,,0.02,,,,,,,,,,0.1,,,,,,,0.01,,,,,,,0.01,,,,,0.01,,,,0.01,0.01,,,0.01,,,0.01,,,,,,,,,0.01,0.05,0.05,,,,,,,,,,,,,,,,,,,,,,,0.02,,,,,,,,,,,,,,,,,,,,0.05,,,,,,,,,,,,,0.01,,0.01,,,0.01,,,,0.01,,,0.01,,,,,0.01,,,,,,,,,,,,,,,,,,,,0.01,,,0.05,,,,,,,,,,,,,,,0.05,,,,,,,0.01,,,0.01,,,,,,,,0.01,,,0.01,,,,0.01,,,,
869,PRODUCTS OR PART OF PRODUCTS EXCLUSIVELY USED FOR ANIMAL FEED PRODUCTION (8),PRODUCTS OR PART OF PRODUCTS EXCLUSIVELY USED FOR ANIMAL FEED PRODUCTION (8),,,,,,,,,,,,0.01,,,,,,,,,,,,,,,,,,,,,,,,,,,,,,,,,,,,,,,,,,,,,,,,,,,,,,,,,,,,,,,,,,,,,,,,,,,,,,,,,,,,,,,,,,,,,,,,,,,,,,,,,,,,,,,,,,,,,,,,,,,,,,,,,,,,,,,,,,,,,,,,,,,,,,,,,,,,,,,,,,,,,,,,,,,,,,,,,,,,,,,,,,,,,,,,,,,,,,,,,,,,,,,,,,,,,,,,,,,,,,,,,,,,,,,,,,,,,,,,,,,,,,,,,,,,,,,,,,,,,,,,,,,,,,,,,,,,,,,,,,,,,,,,,,,,,,,,,,,,,,,,,,,,,,,,,,,,,,,,,,,,,,,,,,,,,,,,,,,,,,,,,,,,,,,,,,,,,,,,,,,,,,,,,,,,,,,,,,,,,,,,,,,,,,,,,,,,,,,,,,,,,,,,,,,,,,,,,,,,,,,,,,,,,,,,0.01,,,,,,,,,,,,,,,,,,,,,,,,,,,,,,,,,,,,,,,,,,,,,,,,,,,,,,,,,,,,,,,,,,,,,,,,,,,,,,,,,,
880,PULSES,PULSES,0.01,0.01,0.01,0.01,0.05,0.06,,0.01,0.01,0.05,0.01,0.01,0.01,0.01,0.02,0.1,0.01,0.02,0.01,0.01,0.01,0.15,0.01,0.01,,0.01,0.01,0.02,0.01,0.01,0.01,0.05,0.01,0.05,0.01,0.01,0.01,0.01,0.05,0.05,0.01,0.01,0.02,0.01,0.01,0.15,0.01,0.01,0.01,0.05,0.01,,0.02,0.1,0.2,,0.01,0.01,0.3,0.01,0.01,0.01,0.04,0.01,3.0,0.01,"5.0, 50.0",0.01,0.01,0.01,0.01,0.05,0.01,0.01,0.01,0.01,0.01,0.01,0.02,0.07,0.05,0.1,0.01,0.005,0.01,,0.03,0.05,0.01,,0.3,0.35,0.01,0.01,0.01,,0.01,0.01,0.01,0.03,0.01,0.02,0.005,0.01,0.01,0.02,0.01,0.01,0.01,0.01,0.01,0.01,0.01,0.01,0.01,0.05,,0.02,0.02,0.01,0.5,0.01,20.0,,0.01,0.6,0.02,0.05,0.01,,0.01,0.01,0.01,0.01,0.01,0.05,0.08,0.2,0.02,0.05,0.02,0.05,0.06,0.02,,0.01,0.01,0.01,0.01,0.05,0.01,0.02,0.01,0.02,0.02,0.05,0.01,0.01,,0.01,0.01,3.0,0.01,0.01,0.05,0.01,0.01,0.01,0.01,0.01,0.05,0.02,,0.01,0.01,0.05,,0.01,0.01,,0.01,0.01,0.01,0.01,0.005,0.05,0.01,0.01,0.01,0.01,0.05,0.01,0.01,,0.01,0.05,0.01,0.02,,0.01,0.01,0.01,0.01,0.02,0.02,0.01,0.01,0.01,0.01,0.01,0.01,0.1,0.01,0.01,0.01,0.01,0.01,0.01,0.01,0.01,0.02,0.02,0.005,0.01,0.8,0.01,0.01,4.0,0.02,1.0,0.01,0.01,,0.05,0.01,0.02,,0.01,0.02,0.005,0.01,0.5,2.0,0.01,0.01,3.0,0.02,0.01,0.01,0.01,0.02,0.01,0.01,0.01,0.01,0.01,0.01,,0.07,0.01,0.01,0.02,0.01,0.01,2.0,0.02,0.01,1.0,,,0.05,0.02,0.01,0.01,0.01,0.01,0.01,0.01,0.01,0.01,,0.02,0.01,,0.01,,0.01,0.01,,0.1,0.1,0.01,0.01,0.01,0.01,0.01,0.01,0.09,0.01,0.01,0.01,,0.02,0.01,0.01,0.05,0.1,0.01,0.01,0.01,,0.02,0.2,0.01,0.01,0.01,0.05,,0.01,0.02,0.01,0.01,0.01,0.01,0.01,0.02,,0.2,0.01,0.02,0.15,0.01,0.01,0.01,0.02,0.03,0.01,0.05,0.01,,0.01,0.01,0.01,0.01,0.1,0.01,0.01,0.02,0.01,0.01,0.01,0.01,0.01,0.01,0.01,0.01,0.01,0.01,0.01,0.01,0.01,0.01,0.01,0.01,0.01,0.01,0.01,0.01,0.01,0.01,0.01,0.01,0.02,0.05,0.01,0.01,0.02,0.15,0.01,0.01,0.3,0.05,0.01,0.01,0.01,0.05,,,0.01,0.01,0.05,0.01,0.01,,0.01,0.01,0.01,0.05,0.01,0.02,0.2,0.01,0.01,0.03,0.01,0.01,0.01,0.02,0.02,0.01,0.01,0.01,0.01,0.01,0.05,0.01,0.005,0.02,0.01,0.01,0.01,0.01,,0.05,,0.02,0.01,0.01,3.0,0.01,0.01,0.05,,0.01,0.01,0.01,0.01,0.01,0.1,0.02,0.02,0.02,,0.01,0.02,0.01,0.01,,0.01,0.01,0.01,0.01,0.03,0.01,0.01,0.02,0.02,0.02,0.02,2.0,0.01,,0.02,0.02,,0.01,0.03,0.02,0.02,0.01,,0.01,0.01,0.01,0.01,0.01,0.02,0.1,0.01,0.01,0.01,0.01,0.01,0.01,0.01,0.01,0.01,0.01,0.01,0.1,0.05,0.01,0.05,0.01,20.0,0.01,0.1,0.01,0.01,0.01,0.01,0.003,0.01,0.01,0.01,0.01,0.01,0.2,0.2,,0.02,0.01,0.01,0.01,0.01,0.05,,0.01,0.01,0.01,0.01,0.01,0.01,0.01,0.1,0.01
774,Palm hearts,Palm hearts,0.01,0.01,0.01,0.01,0.05,0.06,,0.01,0.01,0.05,0.01,0.01,0.01,0.01,0.01,0.1,0.01,0.01,0.01,0.01,0.01,0.01,0.01,0.01,0.01,0.01,0.01,0.02,0.01,0.01,0.01,0.01,0.01,0.05,0.01,0.01,0.01,0.01,0.05,0.05,1.0,0.01,0.02,0.01,0.01,0.01,0.01,0.02,0.01,0.02,0.01,0.03,0.01,0.1,0.01,,0.01,0.01,0.01,0.01,0.01,0.01,0.01,0.01,0.01,0.01,30.0,0.01,0.01,0.01,0.01,0.05,0.01,0.01,0.01,0.01,0.01,0.01,0.02,0.03,0.01,0.1,0.01,0.002,0.01,,0.03,0.02,0.01,,0.01,0.25,0.01,0.01,0.01,0.02,0.01,0.01,0.01,0.03,0.01,0.02,0.005,0.01,0.01,0.01,0.01,0.01,0.01,0.01,0.01,0.01,0.01,0.01,0.01,0.05,0.5,0.02,0.02,0.01,0.5,0.01,20.0,,0.01,0.01,0.01,0.05,0.01,0.09,0.01,0.01,0.01,0.02,0.01,0.05,0.05,0.02,0.01,0.05,0.01,0.05,0.06,0.02,0.01,0.01,0.01,0.01,0.01,0.05,0.01,0.02,0.01,0.01,0.02,0.05,0.01,0.01,0.05,0.01,0.01,0.2,0.01,0.01,0.05,0.01,0.01,0.01,0.01,0.01,0.02,0.02,,0.01,0.01,0.05,0.01,0.01,0.01,0.05,0.01,0.01,0.01,0.01,0.002,0.05,0.01,0.01,0.01,0.01,0.05,0.01,0.01,0.03,0.01,0.05,0.01,0.02,0.01,0.01,0.01,0.01,0.01,0.01,0.02,0.01,0.01,0.01,0.01,0.01,0.01,0.1,0.01,0.01,0.01,0.01,0.01,0.01,0.01,0.01,0.02,0.02,0.005,0.01,0.03,0.01,0.01,0.01,0.01,0.01,0.01,0.01,0.01,0.05,0.01,0.02,,0.01,0.02,0.01,0.01,0.01,0.2,0.01,0.01,0.01,0.02,0.01,0.01,0.01,0.01,0.01,0.01,0.01,0.01,0.01,0.01,0.01,0.03,0.01,0.01,0.01,0.01,0.01,2.0,0.02,0.01,1.0,0.03,0.1,0.05,0.02,0.01,0.01,0.01,0.01,0.01,0.01,0.01,0.01,,0.02,0.01,0.05,0.01,,0.01,0.01,0.01,0.1,0.1,0.01,0.01,0.01,0.01,0.01,0.01,0.01,0.01,0.01,0.01,0.01,0.02,0.01,0.01,0.01,0.1,0.01,0.01,0.01,0.05,0.02,0.2,0.01,0.01,0.01,0.05,0.01,0.01,0.02,0.01,0.01,0.01,0.01,0.01,0.02,0.01,0.05,0.01,0.02,0.02,0.01,0.01,0.01,0.02,0.03,0.01,0.02,0.01,0.01,0.01,0.01,0.01,0.01,0.1,0.01,0.01,0.02,0.01,0.01,0.01,0.01,0.01,0.01,0.01,0.01,0.01,0.01,0.01,0.01,0.01,0.01,0.01,0.01,0.001,0.01,0.01,0.01,0.01,0.01,0.01,0.01,0.02,0.05,0.01,0.01,0.02,0.05,0.01,0.01,0.01,0.05,0.01,0.01,0.01,0.02,,0.01,0.01,0.01,0.05,0.01,0.01,1.5,0.01,0.01,0.01,0.01,0.01,0.02,0.01,0.01,0.01,0.03,0.01,0.01,0.01,0.01,0.02,0.01,0.01,0.01,0.01,0.01,0.05,0.01,0.005,0.02,0.01,0.01,0.01,0.01,0.01,0.02,0.02,0.02,0.01,0.01,1.0,0.01,0.01,0.05,0.01,0.01,0.01,0.01,0.01,0.01,0.1,0.01,0.02,0.02,0.01,0.01,0.01,0.01,0.01,0.03,0.01,0.01,0.01,0.01,0.03,0.01,0.01,0.02,0.02,0.02,0.02,0.02,0.01,,0.01,0.01,0.01,0.01,0.03,0.02,0.02,0.01,0.02,0.01,0.01,0.01,0.01,0.01,0.02,0.1,0.01,0.01,0.01,0.01,0.01,0.01,0.01,0.01,0.01,0.01,0.01,0.1,0.05,0.01,0.02,0.005,20.0,0.01,0.1,0.01,0.01,0.01,0.01,0.001,0.01,0.01,0.01,0.01,0.01,0.01,0.01,,0.02,0.01,0.01,0.01,0.01,0.05,0.01,0.01,0.01,0.01,0.01,0.01,0.01,0.01,0.1,0.01
780,Papayas,Papayas,0.01,0.01,0.01,0.01,0.05,0.06,,0.01,0.01,0.05,0.01,0.01,0.01,0.01,0.01,0.1,0.01,0.01,0.01,0.01,0.01,0.01,0.01,0.01,0.01,0.01,0.01,0.02,0.01,0.01,0.01,0.01,0.01,0.05,0.01,0.01,0.01,0.01,0.05,0.05,0.01,0.01,0.02,0.01,0.01,4.0,0.01,0.02,0.01,0.02,0.01,0.03,0.01,0.1,0.01,,0.01,0.01,0.4,0.01,0.01,0.01,0.01,0.01,0.01,0.01,"10.0, 50.0",0.01,0.01,0.01,0.01,0.05,0.01,0.01,0.01,0.01,0.01,0.01,0.02,0.03,0.01,0.2,0.01,0.01,0.01,,0.03,0.02,0.01,,0.01,0.3,0.01,0.01,0.01,0.02,0.01,0.01,0.01,0.03,0.01,0.02,0.005,0.01,0.01,0.01,0.01,0.01,0.01,0.01,0.01,0.01,0.01,0.01,0.01,0.05,0.1,0.02,0.02,0.01,0.5,0.01,20.0,,0.01,0.01,0.01,0.05,0.01,0.09,0.01,0.01,0.01,0.02,0.01,0.5,0.05,0.02,0.01,0.05,0.01,0.05,0.06,0.02,0.2,0.01,0.01,0.01,0.01,0.05,0.01,0.02,0.01,0.01,0.02,0.05,0.01,0.01,0.2,0.01,0.01,0.2,0.01,0.01,0.05,0.01,0.7,0.01,0.01,0.01,0.02,0.02,,0.01,0.01,0.05,0.01,0.01,0.01,7.0,0.01,0.01,0.01,0.01,0.002,0.05,0.01,0.01,0.01,0.01,0.05,0.01,0.01,0.03,0.01,0.05,0.01,0.02,0.01,0.01,0.01,0.01,0.01,0.01,0.02,0.01,0.01,0.01,0.01,0.01,0.01,0.1,0.01,0.01,0.01,0.01,0.01,0.01,0.01,0.01,0.02,0.02,0.005,0.01,0.03,0.01,0.01,0.01,0.01,0.01,0.01,0.01,0.01,0.05,0.01,0.02,,0.01,0.02,0.01,0.01,0.01,0.2,0.01,0.01,0.4,0.02,0.01,0.01,0.01,0.01,0.01,0.01,0.01,0.01,0.01,0.01,1.0,0.03,0.01,0.01,0.01,0.01,0.01,2.0,0.02,0.01,1.0,0.1,0.1,0.05,0.02,0.01,0.01,0.01,0.01,0.01,0.01,0.01,0.01,,0.02,0.01,0.05,0.01,,0.01,0.01,0.01,0.1,0.1,0.01,0.01,0.01,0.01,0.01,0.01,0.01,0.01,0.01,0.01,0.01,0.02,0.01,0.01,0.01,0.1,0.01,0.01,0.01,0.05,0.02,0.2,0.01,0.8,0.01,0.05,0.5,0.01,0.02,0.01,0.01,0.01,0.01,0.01,0.02,0.01,0.05,0.01,0.02,0.02,0.01,0.01,0.01,0.02,0.03,0.01,0.02,0.01,1.0,0.01,0.01,0.01,0.01,0.1,0.01,0.01,0.02,0.01,0.01,0.01,0.01,0.01,0.01,0.01,0.01,0.01,0.01,0.01,0.01,0.01,0.01,0.01,0.01,0.001,0.01,0.01,0.01,0.01,0.01,0.01,0.01,0.02,0.05,0.01,0.01,0.02,0.05,0.01,0.01,0.01,0.05,0.01,0.01,0.01,0.02,,0.01,0.01,0.01,2.0,0.01,0.01,3.0,0.01,0.01,0.01,0.01,0.01,0.02,0.01,0.01,0.01,0.03,0.01,0.01,0.01,0.01,0.02,0.01,0.01,0.01,0.01,0.01,0.05,0.01,0.005,0.02,0.01,0.01,0.01,0.01,0.01,0.02,0.5,0.02,0.01,0.01,1.0,0.01,0.01,0.05,0.01,0.01,0.3,0.01,0.01,0.01,0.1,0.01,0.02,0.02,0.01,0.01,0.01,0.01,0.01,0.03,0.01,0.01,0.01,0.01,0.03,0.01,0.01,0.02,0.5,1.0,1.0,0.4,0.01,,0.01,0.01,0.01,0.01,0.03,0.02,0.02,0.01,2.0,0.01,0.01,0.01,0.4,0.01,0.02,0.1,0.01,0.01,0.01,0.01,0.01,0.01,0.01,0.01,0.01,0.01,0.01,1.0,0.05,0.01,0.02,0.005,20.0,0.01,0.1,0.01,0.01,0.01,0.01,0.001,0.01,0.01,0.01,0.01,0.01,0.6,0.6,,0.02,0.01,0.01,0.01,0.01,0.05,0.01,0.01,0.01,0.01,0.01,0.01,0.01,0.01,0.1,0.01
532,"Herb subgroup 19A, dried, except parsley",Parsley,0.01,0.01,0.01,0.02,0.05,0.1,,0.02,0.02,0.1,0.02,0.01,0.01,0.02,0.02,0.1,0.02,0.02,0.03,0.02,0.02,3.0,0.02,0.3,0.8,0.02,0.02,0.02,0.01,40.0,0.02,0.02,0.02,0.05,0.02,0.02,0.02,0.01,0.1,0.05,1.0,0.02,0.02,0.02,0.02,70.0,0.02,0.05,0.02,0.05,0.02,10.0,0.02,0.1,1.0,,0.02,0.02,0.02,0.1,0.02,0.02,0.02,0.01,50.0,0.01,50.0,0.02,0.02,0.02,0.02,0.05,0.02,0.02,0.02,0.02,0.01,0.02,0.05,0.06,0.02,0.1,0.02,0.02,0.01,,0.06,0.04,0.01,,20.0,0.7,0.01,0.02,0.01,0.02,0.02,0.01,0.02,0.1,0.01,0.02,0.01,0.02,0.02,0.02,0.02,0.02,0.01,0.01,0.02,0.02,0.02,0.02,0.02,0.05,0.5,0.05,0.02,0.15,3.0,0.02,20.0,,0.01,20.0,0.02,0.1,0.02,2.0,0.02,0.02,0.02,0.05,0.02,2.0,0.05,40.0,0.01,0.05,0.02,0.05,0.1,0.02,1.5,0.02,0.02,0.02,0.02,4.0,0.02,0.05,0.01,0.02,0.02,0.05,0.02,0.02,10.0,0.02,0.02,0.3,0.02,0.01,0.1,0.02,10.0,0.02,0.02,0.02,0.05,0.05,,0.02,0.02,0.05,0.02,0.02,0.01,5.0,0.02,0.01,0.02,0.01,0.2,0.05,0.01,0.02,0.01,0.01,0.05,0.01,0.02,1.5,0.02,0.1,0.02,0.05,3.0,0.02,0.02,0.02,0.02,0.02,0.02,0.02,0.02,0.02,0.01,50.0,0.02,0.1,0.02,0.02,0.01,0.02,0.02,0.02,0.02,0.01,0.05,0.05,0.005,0.02,6.0,0.02,0.02,0.02,0.05,0.02,0.02,0.02,20.0,0.05,0.02,0.05,,0.01,0.05,0.02,9.0,6.0,0.2,0.01,0.02,40.0,0.05,0.02,0.02,0.3,0.02,0.02,0.02,0.02,0.02,0.02,0.02,3.0,0.06,0.01,0.02,0.02,0.02,0.02,400.0,0.02,0.02,1.0,0.06,0.1,0.05,0.05,0.01,0.02,0.01,0.01,0.01,0.01,0.02,0.02,,0.02,0.02,0.1,0.01,,0.02,0.02,0.05,0.1,0.1,0.02,0.02,0.02,0.02,0.02,0.02,20.0,0.01,0.02,0.01,0.01,0.05,0.02,0.02,0.7,0.1,0.01,0.02,0.02,0.05,0.02,0.2,0.01,30.0,0.02,0.05,7.0,0.02,0.05,0.02,0.02,0.03,0.02,0.02,0.04,3.0,2.0,0.01,0.1,0.05,0.01,0.02,0.02,0.02,0.06,0.02,0.05,0.01,4.0,0.02,0.02,0.02,0.02,0.1,0.02,0.01,0.05,0.02,0.02,0.02,0.02,0.05,0.02,0.02,0.1,0.01,0.02,0.02,0.02,0.02,0.02,0.02,0.01,0.001,0.02,0.02,0.02,0.02,0.02,0.02,0.01,0.02,0.05,0.02,0.02,0.04,2.0,0.02,0.02,0.02,0.05,0.02,0.01,7.0,0.05,,0.02,0.02,0.02,0.05,0.01,0.015,300.0,0.01,0.01,0.01,0.02,0.02,0.02,3.0,0.02,0.02,0.06,0.02,0.03,0.02,0.02,0.05,30.0,0.02,0.02,0.02,0.02,0.1,0.02,0.01,0.05,0.2,0.02,20.0,0.02,0.02,0.05,2.0,0.02,0.01,0.02,1.0,0.02,0.02,0.05,20.0,0.02,0.02,0.02,0.02,0.02,0.1,0.02,0.02,0.05,0.2,0.01,0.02,0.02,0.01,0.03,0.02,0.02,0.01,0.02,0.06,0.01,0.02,4.0,60.0,0.02,0.02,7.0,0.02,,0.1,0.02,0.02,0.02,0.06,0.05,0.04,0.01,2.0,0.01,0.02,0.02,0.02,0.02,0.04,0.1,0.01,0.02,0.02,0.01,0.02,0.02,0.02,0.02,0.02,0.02,0.02,0.1,0.05,0.02,0.05,0.01,150.0,0.02,0.1,0.02,0.02,0.02,0.01,0.002,0.02,0.02,0.02,0.02,0.02,15.0,30.0,,0.05,0.02,0.02,0.02,0.01,0.05,0.02,0.01,0.01,0.02,0.02,0.01,0.02,0.02,0.1,0.01
782,Parsley roots/Hamburg roots parsley,Parsley roots/Hamburg roots parsley,0.01,0.01,0.01,0.01,0.05,0.06,,0.01,0.01,0.05,0.01,0.01,0.01,0.01,0.01,0.1,0.01,0.01,0.01,0.01,0.01,0.01,0.01,0.01,0.01,0.01,0.01,0.02,0.01,0.01,0.01,0.01,0.01,0.05,0.01,0.01,0.01,0.01,0.05,0.05,1.0,0.01,0.02,0.01,0.01,1.0,0.01,0.02,0.01,0.02,0.01,0.03,0.01,0.1,0.01,,0.01,0.01,0.05,0.01,0.01,0.01,0.09,0.01,2.0,0.01,50.0,0.01,0.01,0.01,0.01,0.05,0.01,0.01,0.01,0.01,0.01,0.01,0.02,0.03,0.01,0.1,0.01,0.002,0.01,,0.03,0.02,0.01,,0.06,0.15,0.01,0.01,0.01,0.02,0.01,0.01,0.01,0.03,0.01,0.02,0.005,0.01,0.01,0.01,0.01,0.01,0.01,0.01,0.01,0.01,0.01,0.01,0.01,0.05,0.5,0.02,0.02,0.01,0.5,0.01,5.0,,0.01,0.05,0.01,0.05,0.01,1.0,0.01,0.01,0.01,0.02,0.01,0.05,0.05,1.5,0.01,0.05,0.01,0.05,0.06,0.02,0.02,0.01,0.01,0.01,0.01,0.05,0.01,0.02,0.01,0.01,0.02,0.05,0.01,0.01,0.4,0.01,0.01,0.4,0.01,0.01,0.05,0.01,0.01,0.01,0.01,0.01,0.02,0.02,,0.01,0.01,0.05,0.01,0.01,0.01,0.2,0.01,0.01,0.01,0.01,0.002,0.05,0.01,0.01,0.01,0.01,0.05,0.01,0.01,0.03,0.01,0.05,0.01,0.02,0.01,0.01,0.01,0.01,0.01,0.01,0.02,0.01,0.01,0.01,0.01,0.01,0.01,0.1,0.01,0.01,0.01,0.01,0.01,0.01,0.01,0.01,0.02,0.02,0.005,0.01,0.3,0.01,0.01,0.5,0.01,0.01,0.01,0.01,1.0,0.05,0.01,0.02,,0.01,0.02,0.01,0.2,0.4,0.2,0.01,0.01,0.9,0.02,0.01,0.08,0.01,0.01,0.01,0.01,0.01,0.01,0.01,0.01,0.9,0.03,0.01,0.01,0.01,0.01,0.01,2.0,0.02,0.01,1.0,0.1,0.1,0.05,0.02,0.01,0.01,0.01,0.01,0.01,0.01,0.01,0.01,,0.02,0.01,0.05,0.01,,0.01,0.01,0.01,0.1,0.1,0.01,0.01,0.01,0.01,0.01,0.01,0.01,0.01,0.01,0.2,0.01,0.02,0.01,0.01,0.04,0.1,0.01,0.01,0.01,0.05,0.02,0.2,0.01,0.01,0.01,0.05,0.5,0.01,0.02,0.01,0.01,0.01,0.01,0.01,0.02,0.01,0.3,0.01,0.02,0.02,0.01,0.01,0.01,0.02,0.03,0.01,0.02,0.01,0.01,0.02,0.01,0.01,0.01,0.1,0.01,0.01,0.02,0.01,0.01,0.01,0.01,0.06,0.01,0.01,0.01,0.01,0.01,0.01,0.01,0.01,0.01,0.01,0.01,0.001,0.01,0.01,0.01,0.01,0.01,0.01,0.01,0.02,0.05,0.01,0.01,0.02,0.7,0.01,0.01,0.6,0.05,0.01,0.01,0.01,0.02,,0.01,0.01,0.01,0.05,0.01,0.01,4.0,0.01,0.01,0.01,0.01,0.01,0.02,0.05,0.01,0.01,0.03,0.01,0.01,0.01,0.01,0.02,0.01,0.01,0.01,0.01,0.01,0.05,0.01,0.005,0.02,0.01,0.01,0.08,0.01,0.1,0.02,0.5,0.02,0.01,0.01,1.0,0.01,0.01,0.05,0.01,0.01,0.01,0.01,0.01,0.01,0.1,0.01,0.02,0.02,0.2,0.01,0.01,0.01,0.01,0.03,0.01,0.01,0.01,0.01,0.03,0.01,0.01,0.02,0.02,0.02,0.02,0.07,0.01,,0.01,0.01,0.03,0.01,0.03,0.02,0.02,0.01,0.4,0.01,0.01,0.01,0.01,0.08,0.02,0.1,0.01,0.01,0.01,0.01,0.01,0.01,0.01,0.01,0.01,0.01,0.01,0.1,0.05,0.01,0.02,0.005,5.0,0.01,0.1,0.01,0.01,0.01,0.01,0.001,0.01,0.01,0.01,0.01,0.01,0.08,0.08,,0.02,0.01,0.01,0.01,0.01,0.05,0.01,0.01,0.01,0.01,0.01,0.01,0.01,0.01,0.1,0.01
788,Parsnips,Parsnips,0.01,0.01,0.01,0.01,0.05,0.06,,0.01,0.01,0.05,0.01,0.01,0.01,0.01,0.01,0.1,0.01,0.01,0.01,0.01,0.01,0.01,0.01,0.01,0.1,0.01,0.01,0.02,"0.01, 0.02",0.01,0.01,0.01,0.01,0.05,0.01,0.01,0.01,0.01,0.05,0.05,1.0,0.01,0.02,0.01,0.01,1.0,0.01,0.02,0.01,0.02,0.01,0.03,0.01,0.1,0.01,,0.01,0.01,0.05,0.01,0.01,0.01,0.09,0.01,2.0,0.01,50.0,0.01,0.01,0.01,0.01,0.05,0.01,0.01,0.01,0.01,0.01,0.01,0.02,0.03,0.01,0.1,0.01,0.002,0.01,,0.03,0.02,0.01,,0.06,0.15,0.01,0.01,0.01,0.02,0.01,0.01,0.01,0.03,0.01,0.02,0.005,0.01,0.01,0.01,0.01,0.01,0.01,0.01,0.01,0.01,0.01,0.01,0.01,0.05,0.5,0.02,0.02,0.01,0.5,0.01,5.0,,0.01,0.05,0.01,0.05,0.01,3.0,0.01,0.01,0.01,0.02,0.01,0.05,0.05,1.5,0.01,0.05,0.01,0.05,0.06,0.02,0.02,0.01,0.01,0.01,0.01,0.05,0.01,0.02,0.01,0.01,0.02,0.05,0.01,0.01,0.4,0.01,0.01,0.4,0.01,0.01,0.05,0.01,0.01,0.01,0.01,0.01,0.02,0.02,,0.01,0.01,0.05,0.01,0.01,0.01,0.2,0.01,0.01,0.01,0.01,0.002,0.05,0.01,0.01,0.01,0.01,0.05,0.01,0.01,0.03,0.01,0.05,0.01,0.02,0.01,0.01,0.01,0.01,0.01,0.01,0.02,0.01,0.01,0.01,0.01,0.01,0.01,0.1,0.01,0.01,0.01,0.01,0.01,0.01,0.01,0.01,0.02,0.02,0.005,0.01,0.3,0.01,0.01,0.5,0.01,0.01,0.01,0.01,1.0,0.05,0.01,0.02,,0.01,0.02,0.01,0.2,0.4,0.2,0.01,0.01,0.9,0.02,0.01,0.08,0.01,0.01,0.01,0.01,0.01,0.01,0.01,0.01,0.9,0.03,0.01,0.01,0.01,0.01,0.01,2.0,0.02,0.01,1.0,0.1,0.1,0.05,0.02,0.01,0.01,0.01,0.01,0.01,0.01,0.01,0.01,,0.02,0.01,0.05,0.01,,0.01,0.01,0.01,0.1,0.1,0.01,0.01,0.01,0.01,0.01,0.01,0.01,0.01,0.01,0.2,0.01,0.02,0.01,0.01,0.04,0.1,0.01,0.01,0.01,0.05,0.02,30.0,0.01,0.01,0.01,0.05,0.5,0.01,0.02,0.01,0.01,0.01,0.01,0.01,0.02,0.1,0.3,0.01,0.02,0.02,0.01,0.01,0.01,0.02,0.03,0.01,0.02,0.01,0.01,0.02,0.01,0.01,0.01,0.1,0.01,0.01,0.02,0.01,0.01,0.01,0.01,0.06,0.01,0.01,0.01,0.01,0.01,0.01,0.01,0.01,0.01,0.01,0.01,0.001,0.01,0.01,0.01,0.01,0.01,0.01,0.01,0.02,0.05,0.01,0.01,0.02,0.7,0.01,0.01,0.6,0.05,0.01,0.01,0.01,0.02,,0.01,0.01,0.01,0.05,0.01,0.01,6.0,0.01,0.01,0.01,0.01,0.01,0.02,0.05,0.01,0.01,0.03,0.01,0.01,0.01,0.01,0.02,0.01,0.01,0.01,0.01,0.01,0.05,0.01,0.005,0.02,0.01,0.01,0.08,0.01,0.1,0.02,0.5,0.02,0.01,0.01,1.0,0.01,0.01,0.05,0.01,0.01,0.01,0.01,0.01,0.01,0.1,0.01,0.02,0.02,0.2,0.01,0.01,0.01,0.01,0.03,0.01,0.01,0.01,0.01,0.03,0.01,0.01,0.02,0.02,0.02,0.02,0.07,0.01,,0.01,0.01,0.03,0.01,0.03,0.02,0.02,0.01,0.4,0.01,0.01,0.01,0.01,0.08,0.02,0.1,0.01,0.01,0.01,0.01,0.01,0.01,0.01,0.01,0.01,0.01,0.01,0.1,0.05,0.01,0.02,0.005,5.0,0.01,0.1,0.01,0.01,0.01,0.01,0.001,0.01,0.01,0.01,0.01,0.01,0.04,0.04,,0.02,0.01,0.01,0.01,0.01,0.05,0.01,0.01,0.01,0.01,0.01,0.01,0.01,0.01,0.1,0.01
436,FRUITS,Passionfruits/maracujas,0.01,0.01,0.01,0.01,0.05,0.06,,0.01,0.01,0.05,0.01,0.01,0.01,0.01,0.01,0.1,0.01,0.01,0.01,0.01,0.01,0.01,0.01,0.01,0.01,0.01,0.01,0.02,0.01,0.01,0.01,0.01,0.01,0.05,0.01,0.01,0.01,0.01,0.05,0.05,0.01,0.01,0.02,0.01,0.01,4.0,0.01,0.02,0.01,0.02,0.01,0.03,0.01,0.1,0.01,,0.01,0.01,0.01,0.01,0.01,0.01,0.01,0.01,0.01,0.01,"10.0, 20.0",0.01,0.01,0.01,0.01,0.05,0.01,0.01,0.01,0.01,0.01,0.01,0.02,0.03,0.01,0.1,0.01,0.01,0.01,,0.03,0.02,0.01,,0.01,0.3,0.01,0.01,0.01,0.02,0.01,0.01,0.01,0.03,0.01,0.02,0.005,0.01,0.01,0.01,0.01,0.01,0.01,0.01,0.01,0.01,0.01,0.01,0.01,0.05,0.1,0.02,0.02,0.01,0.5,0.01,20.0,,0.01,0.01,0.01,0.05,0.01,0.09,0.01,0.01,0.01,0.02,0.01,0.05,0.05,0.02,0.01,0.05,0.01,0.05,0.06,0.02,0.01,0.01,0.01,0.01,0.01,0.05,0.01,0.02,0.01,0.01,0.02,0.05,0.01,0.01,0.1,0.01,0.01,0.02,0.01,0.01,0.05,0.01,0.01,0.01,0.01,0.01,0.02,0.02,,0.01,0.01,0.05,0.01,0.01,0.01,0.05,0.01,0.01,0.01,0.01,0.002,0.05,0.01,0.01,0.01,0.01,0.05,0.01,0.01,0.03,0.01,0.05,0.01,0.02,0.01,0.01,0.01,0.01,0.01,0.01,0.02,0.01,0.01,0.01,0.01,0.01,0.01,0.1,0.01,0.01,0.01,0.01,0.01,0.01,0.01,0.01,0.02,0.02,0.005,0.01,0.03,0.01,0.01,0.01,0.01,0.01,0.01,0.01,0.01,0.05,0.01,0.02,,0.01,0.02,0.01,0.01,0.01,0.2,0.01,0.01,0.01,0.02,0.01,0.01,0.01,0.01,0.01,0.01,0.01,0.01,0.01,0.01,0.01,0.03,0.01,0.01,0.01,0.01,0.01,2.0,0.02,0.01,1.0,0.1,0.1,0.05,0.02,0.01,0.01,0.01,0.01,0.01,0.01,0.01,0.01,,0.02,0.01,0.05,0.01,,0.01,0.01,0.01,0.1,0.1,0.01,0.01,0.01,0.01,0.01,0.01,0.01,0.01,0.01,0.01,0.01,0.02,0.01,0.01,0.01,0.1,0.01,0.01,0.01,0.05,0.02,0.2,0.01,0.01,0.01,0.05,0.01,0.01,0.02,0.01,0.01,0.01,0.01,0.01,0.02,0.01,0.05,0.01,0.02,0.02,0.01,0.01,0.01,0.02,0.03,0.01,0.02,0.01,0.01,0.01,0.01,0.01,0.01,0.1,0.01,0.01,0.02,0.01,0.01,0.01,0.01,0.01,0.01,0.01,0.01,0.01,0.01,0.01,0.01,0.01,0.01,0.01,0.01,0.001,0.01,0.01,0.01,0.01,0.01,0.01,0.01,0.02,0.05,0.01,0.01,0.02,0.05,0.01,0.01,0.01,0.05,0.01,0.01,0.01,0.02,,0.01,0.01,0.01,0.05,0.01,0.01,20.0,0.01,0.01,0.01,0.01,0.01,0.02,0.01,0.01,0.01,0.03,0.01,0.01,0.01,0.01,0.02,0.01,0.01,0.01,0.01,0.01,0.05,0.01,0.005,0.02,0.01,0.01,0.01,0.01,0.01,0.02,0.2,0.02,0.01,0.01,1.0,0.01,0.01,0.05,0.01,0.01,0.01,0.01,0.01,0.01,0.1,0.01,0.02,0.02,0.01,0.01,0.01,0.01,0.01,0.03,0.01,0.01,0.01,0.01,0.03,0.01,0.01,0.4,0.7,0.02,1.0,0.02,0.01,,0.01,0.01,0.01,0.01,0.03,0.02,0.02,0.01,1.0,0.01,0.01,0.01,0.01,0.01,0.02,0.1,0.01,0.01,0.01,0.01,0.01,0.01,0.01,0.01,0.01,0.01,0.01,0.1,0.05,0.01,0.02,0.005,20.0,0.01,0.1,0.01,0.01,0.01,0.01,0.001,0.01,0.01,0.01,0.01,0.01,4.0,0.01,,0.02,0.01,0.01,0.01,0.01,0.05,0.01,0.01,0.01,0.01,0.01,0.01,0.01,0.01,0.1,0.01
833,PEACH,Peaches,0.01,0.01,0.01,0.01,0.05,0.06,,0.01,0.01,0.05,0.01,0.01,0.01,0.01,0.01,0.1,0.01,0.01,0.02,0.01,0.1,0.08,0.01,0.2,0.01,0.01,0.01,0.02,0.01,0.01,0.01,0.01,0.01,0.05,0.01,0.01,0.01,0.01,0.05,0.05,1.0,0.01,0.02,0.01,0.01,2.0,0.01,0.02,0.01,0.02,0.01,0.03,0.01,0.1,0.01,,0.01,0.01,0.01,0.01,0.01,0.01,0.01,0.01,5.0,0.01,"5.0, 20.0",0.01,0.01,0.01,0.01,0.3,0.3,0.01,0.01,0.01,0.01,0.01,0.02,6.0,0.01,0.2,0.01,0.002,0.01,,0.03,0.02,0.01,,1.0,0.05,0.01,0.01,0.01,0.01,0.01,0.01,0.01,0.03,0.01,0.02,0.005,0.01,0.01,0.01,0.01,0.01,0.01,0.01,0.01,0.01,0.01,0.01,0.01,0.05,0.1,0.02,0.02,0.01,0.5,0.01,5.0,,0.01,1.5,0.01,0.05,0.01,0.09,0.06,0.3,0.01,0.02,0.01,2.0,0.1,2.0,0.01,0.05,0.01,0.05,0.06,0.02,0.15,0.01,0.01,0.01,0.01,0.05,0.01,0.02,0.01,0.01,0.02,0.05,0.01,0.01,0.5,0.01,0.01,0.3,0.01,0.01,0.05,0.01,0.01,0.01,0.01,0.01,0.02,0.02,0.8,0.01,0.01,0.05,0.02,0.01,0.5,2.0,0.01,0.01,0.1,0.01,0.15,0.05,0.01,0.01,0.01,0.01,0.05,0.01,0.04,0.03,0.01,0.05,0.01,0.02,0.6,0.01,0.01,0.01,0.01,0.01,0.5,0.01,0.5,0.01,0.01,10.0,0.01,0.1,0.01,0.01,0.01,0.01,0.01,5.0,0.3,0.01,0.02,0.2,0.005,0.01,0.4,0.01,0.01,0.01,0.01,2.0,0.01,0.01,10.0,0.05,0.01,0.02,,0.01,0.02,0.01,0.01,1.5,0.2,0.01,0.01,1.5,0.02,0.01,0.01,0.01,0.01,0.01,0.01,0.01,0.01,0.6,0.3,1.5,0.03,0.01,0.01,0.01,0.01,0.01,50.0,0.02,0.01,1.0,0.15,0.1,0.05,0.02,0.01,0.01,0.01,0.01,0.01,0.01,0.01,0.7,,0.02,0.01,0.05,0.01,,0.01,0.01,0.01,0.1,0.1,0.01,0.01,0.01,0.01,0.01,0.01,3.0,0.01,0.01,1.5,0.01,0.02,1.5,0.01,0.15,0.1,0.01,0.01,0.2,0.05,0.02,0.2,2.0,0.01,0.01,0.05,2.0,0.01,0.02,0.01,0.01,0.01,0.01,0.01,0.02,0.01,0.05,0.01,0.02,0.1,0.01,0.01,0.01,0.02,0.03,0.01,0.02,0.01,0.01,0.01,0.01,0.01,0.7,0.1,0.01,0.01,0.02,0.01,0.01,0.01,0.01,3.0,0.01,0.01,0.01,0.01,0.01,0.01,0.01,0.01,0.01,0.01,0.01,0.001,0.01,0.01,0.01,0.01,0.01,0.15,0.01,0.02,0.05,0.01,0.07,0.02,0.05,0.01,0.01,3.0,0.05,0.01,0.01,0.01,0.02,,0.01,0.01,0.01,1.0,0.01,0.01,60.0,0.01,0.01,0.01,0.01,0.01,0.02,1.5,0.01,0.01,0.03,0.01,0.01,0.01,0.01,0.02,0.01,0.01,0.01,0.01,0.01,0.05,0.01,0.005,0.02,0.02,0.01,0.01,0.01,0.01,0.02,0.3,0.02,0.01,0.01,1.0,0.01,0.01,0.05,10.0,0.01,0.5,0.01,0.01,0.01,0.1,0.01,0.05,0.02,0.02,0.01,0.01,0.01,0.01,0.03,0.01,0.01,0.01,0.01,0.03,0.01,0.01,0.3,0.6,2.0,0.02,3.0,0.01,,0.01,0.01,0.5,0.01,0.03,0.02,0.02,0.01,0.6,1.5,0.3,0.01,0.01,0.01,0.02,0.1,0.01,0.01,0.03,0.01,0.01,0.01,0.01,0.01,0.01,0.01,0.01,2.0,0.05,0.01,0.02,0.005,8.0,0.01,0.1,0.01,0.01,0.01,0.01,0.001,0.01,0.01,0.05,0.01,0.01,3.0,3.0,,0.02,0.01,0.01,0.01,0.01,0.05,0.01,0.01,0.01,0.01,0.01,0.01,0.01,0.01,0.1,0.01
834,PEANUT,Peanuts/groundnuts,0.01,0.02,0.02,0.01,0.05,0.06,,0.02,0.02,0.05,0.05,0.01,0.01,0.02,0.01,0.1,0.01,0.02,0.01,0.02,0.01,0.01,0.01,0.01,0.01,0.01,0.02,0.05,0.02,0.01,0.01,0.05,0.01,0.05,0.02,0.02,0.02,0.01,0.1,0.05,0.01,0.01,0.02,0.01,0.02,0.2,0.02,0.02,0.01,0.02,0.01,0.05,0.02,0.1,0.04,,0.01,0.01,0.02,0.01,0.01,0.02,0.01,0.01,1.0,0.01,50.0,0.02,0.01,0.01,0.01,0.05,0.01,0.01,0.02,0.02,0.01,0.02,0.05,0.07,0.05,0.1,0.01,0.02,0.01,,0.05,0.05,0.02,,0.06,0.05,0.01,0.02,0.02,0.02,0.02,0.01,0.02,0.04,0.01,0.02,0.01,0.01,0.02,0.02,0.01,0.01,0.01,0.01,0.01,0.02,0.02,0.02,0.01,0.05,5.0,0.05,0.05,0.02,0.5,0.01,30.0,,0.01,0.01,0.02,0.05,0.01,0.09,0.01,0.01,0.01,0.05,0.01,0.1,0.05,0.02,0.01,0.05,0.02,0.1,0.1,0.02,0.01,0.01,0.01,0.02,0.02,0.05,0.01,0.02,0.01,0.01,0.05,0.05,0.01,0.01,0.05,0.01,0.01,0.06,0.01,0.01,0.1,0.01,0.02,0.01,0.01,0.02,0.05,0.05,,0.02,0.02,0.05,0.01,0.02,0.02,0.1,0.01,0.01,0.01,0.02,0.005,0.1,0.01,0.01,0.01,0.02,0.1,0.02,0.01,0.03,0.01,0.1,0.02,0.05,0.01,0.01,0.01,0.01,0.01,0.01,0.02,0.01,0.01,0.02,0.01,0.02,0.02,0.1,0.01,0.01,0.01,0.01,0.01,0.01,0.01,0.02,0.05,0.05,0.005,0.01,0.06,0.01,0.01,0.01,0.01,0.01,0.02,0.02,0.01,0.05,0.01,0.05,,0.01,0.05,0.01,0.01,0.02,2.0,0.01,0.01,0.04,0.02,0.01,0.01,0.01,0.02,0.01,0.01,0.01,0.02,0.15,0.01,0.01,0.07,0.02,0.02,0.02,0.01,0.02,2.0,0.05,0.01,1.0,0.03,0.1,0.05,0.05,0.01,0.01,0.01,0.02,0.01,0.01,0.02,0.01,,0.05,0.01,0.05,0.05,,0.01,0.02,0.5,0.1,0.1,0.01,0.02,0.01,0.01,0.01,0.02,0.01,0.01,0.01,0.01,0.01,0.02,0.01,0.02,0.2,0.1,0.01,0.01,0.01,0.1,0.02,0.5,0.01,0.01,0.01,0.05,0.01,0.02,0.05,0.02,0.01,0.02,0.02,0.01,0.02,0.01,0.05,0.01,0.02,0.05,0.02,0.02,0.02,0.05,0.03,0.01,0.05,0.01,0.03,0.01,0.01,0.01,0.01,0.1,0.01,0.01,0.02,0.02,0.02,0.02,0.02,0.01,0.01,0.02,0.02,0.02,0.01,0.01,0.01,0.01,0.01,0.01,0.02,0.01,0.01,0.01,0.02,0.02,0.01,0.01,0.01,0.02,0.05,0.02,0.01,0.02,0.05,0.01,0.01,0.05,0.05,0.01,0.01,0.01,0.05,,0.02,0.02,0.01,0.05,0.01,0.05,3.0,0.02,0.01,0.01,0.01,0.01,0.02,0.02,0.5,0.01,0.03,0.02,0.02,0.01,0.9,0.05,0.01,0.05,0.02,0.02,0.01,0.2,0.01,0.01,0.05,0.01,0.02,0.02,0.02,0.02,0.02,0.04,0.02,0.01,0.02,3.0,0.01,0.01,0.05,0.02,0.01,0.01,0.01,0.02,0.02,0.15,0.02,0.05,0.05,0.01,0.01,0.02,0.02,0.02,0.03,0.01,0.02,0.02,0.01,0.03,0.01,0.01,0.02,0.02,0.02,0.02,0.02,0.05,,0.05,0.02,0.02,0.01,0.03,0.02,0.02,0.01,0.15,0.01,0.01,0.02,0.01,0.01,0.02,0.1,0.01,0.01,0.01,0.02,0.02,0.02,0.01,0.01,0.01,0.02,0.01,0.1,0.05,0.01,0.02,0.005,30.0,0.01,0.1,0.01,0.01,0.01,0.01,0.005,0.01,0.02,0.01,0.01,0.02,0.02,0.02,,0.02,0.01,0.01,0.01,0.02,0.05,0.01,0.02,0.01,0.01,0.02,0.01,0.01,0.01,0.1,0.01
835,PEAR,Pears,0.01,0.01,0.01,0.01,0.05,0.15,,0.01,0.01,0.05,0.01,0.01,0.01,0.01,20.0,0.1,0.01,0.01,0.006,0.01,0.4,0.07,0.01,0.2,0.01,0.01,0.01,0.02,0.01,0.01,0.01,0.01,0.01,0.05,0.01,0.01,0.01,0.01,0.05,0.05,1.0,0.01,0.02,0.01,0.01,0.01,0.01,0.02,0.01,0.02,0.01,0.03,0.01,0.1,0.2,,0.01,0.01,0.01,0.01,0.01,0.01,0.01,0.01,1.5,0.01,"5.0, 20.0",0.01,0.01,0.01,0.01,0.2,0.3,0.01,0.01,0.01,0.01,0.01,0.02,10.0,0.01,0.2,0.01,0.001,0.01,,0.03,0.02,0.01,,0.4,0.05,0.01,0.01,0.01,0.01,0.01,0.01,0.01,0.03,0.07,0.02,0.005,0.01,0.05,0.01,0.01,0.01,0.01,0.01,0.01,0.01,0.01,0.01,0.01,0.05,0.1,0.02,0.5,0.01,0.5,0.01,5.0,,0.01,0.8,0.01,0.05,0.01,0.4,0.06,0.4,0.1,0.02,0.01,1.0,0.1,2.0,0.01,0.05,0.01,0.05,0.06,0.02,0.09,0.01,0.01,0.01,0.01,0.05,0.01,0.02,0.01,0.01,0.02,0.05,0.01,0.01,0.8,0.01,0.01,0.2,0.01,0.01,0.05,0.01,0.01,0.01,0.01,0.01,0.02,0.02,,0.01,0.01,0.05,0.02,0.01,1.5,5.0,0.01,0.01,0.9,0.01,0.02,0.05,0.01,0.01,0.01,0.01,0.05,0.01,0.06,0.03,0.01,0.05,0.01,0.02,0.7,0.01,0.01,0.01,0.01,0.01,0.1,0.15,0.5,0.01,0.01,6.0,0.01,0.1,0.01,0.01,0.01,0.01,0.01,0.01,0.3,0.01,0.02,0.1,0.005,0.01,0.3,0.01,0.01,0.01,0.3,0.9,0.01,0.01,5.0,0.05,0.01,0.02,,0.01,0.02,0.01,0.01,0.8,0.2,0.01,0.01,0.6,0.02,0.01,0.01,0.01,0.01,0.01,0.01,0.01,0.01,0.4,0.3,0.9,0.3,0.01,0.01,0.01,0.01,0.01,150.0,0.02,0.01,1.0,0.1,0.1,0.05,0.02,0.01,0.01,0.01,0.01,0.01,0.01,0.01,0.4,,0.02,0.01,0.05,0.01,,0.01,0.01,0.01,0.1,0.1,0.01,0.01,0.01,0.01,0.01,0.01,0.6,0.01,0.01,0.7,0.01,0.02,0.2,0.01,0.08,0.1,0.01,0.01,1.0,0.05,0.02,0.2,0.01,0.01,0.01,0.05,0.4,0.01,0.02,0.01,0.01,0.01,0.01,0.01,0.02,0.01,0.05,0.02,0.02,0.02,0.01,0.01,0.01,0.03,0.03,0.01,0.02,0.01,0.01,0.01,0.01,0.01,1.0,0.1,0.01,0.01,0.02,0.01,0.01,0.01,0.01,0.6,0.01,0.01,0.01,0.01,0.01,0.01,0.01,0.01,0.01,0.01,0.01,0.001,0.01,0.01,0.01,0.01,0.01,0.05,0.01,0.02,0.05,0.01,0.3,0.02,0.05,0.01,0.01,0.5,0.05,0.01,0.01,0.01,0.02,,0.01,0.01,0.005,0.5,0.01,0.01,70.0,0.01,0.01,0.01,0.01,0.01,0.02,0.5,0.01,0.01,0.03,0.01,0.01,0.01,0.1,0.02,0.01,0.01,0.01,0.01,0.01,0.05,0.01,0.005,0.02,0.02,0.08,0.01,0.01,0.01,0.02,0.5,0.02,0.01,0.01,1.0,0.15,0.01,0.05,15.0,0.01,0.01,0.01,0.01,0.01,0.1,0.01,0.02,0.02,0.02,0.01,0.01,0.01,0.01,0.03,0.01,0.01,0.01,0.01,0.03,0.01,0.01,0.15,0.3,0.8,0.02,0.7,0.01,,0.01,0.01,0.4,0.01,0.03,0.02,0.02,0.01,0.3,1.0,0.3,0.01,0.01,0.01,0.02,0.1,0.01,0.01,0.3,0.01,4.0,0.01,0.01,0.01,0.01,0.01,0.01,0.5,0.05,0.01,0.02,0.005,6.0,0.01,0.1,0.01,0.01,0.01,0.01,0.001,0.01,0.01,0.05,0.01,0.01,0.7,0.7,,0.02,0.01,0.01,0.01,0.01,0.05,0.01,0.01,0.01,0.01,0.01,0.01,0.01,0.01,1.0,0.01
836,PEAS,Peas,0.01,0.01,0.01,0.01,0.05,0.06,,0.01,0.01,0.05,0.01,0.01,0.01,0.01,0.02,0.1,0.01,0.02,0.01,0.01,0.01,0.15,0.01,0.01,0.08,0.01,0.01,0.02,0.01,0.01,0.01,0.05,0.01,0.05,0.01,0.01,0.01,0.01,0.05,0.05,0.01,0.01,0.02,0.01,0.01,0.15,0.01,0.01,0.01,0.05,0.01,1.0,0.02,0.1,0.2,,0.01,0.01,0.3,0.01,0.01,0.01,0.04,0.01,3.0,0.01,"50.0, 5.0",0.01,0.01,0.01,0.01,0.05,0.01,0.01,0.01,0.01,0.01,0.01,0.02,0.07,0.05,0.1,0.01,0.005,0.01,,0.03,0.05,0.01,,0.3,0.35,0.01,0.01,0.01,0.01,0.01,0.01,0.01,0.03,0.01,0.02,0.005,0.01,0.01,0.02,0.01,0.01,0.01,0.01,0.01,0.01,0.01,0.01,0.01,0.05,2.0,0.02,0.02,0.01,0.5,0.01,20.0,,0.01,0.6,0.02,0.05,0.01,30.0,0.01,0.01,0.01,0.01,0.01,0.05,0.08,0.2,0.02,0.05,0.02,0.05,0.06,0.02,1.0,0.01,0.01,0.01,0.01,0.05,0.01,0.02,0.01,0.02,0.02,0.05,0.01,0.01,0.15,0.01,0.01,3.0,0.01,0.01,0.05,0.01,0.01,0.01,0.01,0.01,0.05,0.02,,0.01,0.01,0.05,0.3,0.01,0.01,0.1,0.01,0.01,0.01,0.01,0.005,0.05,0.01,0.01,0.01,0.01,0.05,0.01,0.01,0.1,0.01,0.05,0.01,0.02,0.01,0.01,0.01,0.01,0.01,0.02,0.02,0.01,0.01,0.01,0.01,0.01,0.01,0.1,0.01,0.01,0.01,0.01,0.01,0.01,0.01,0.01,0.02,0.02,0.005,0.01,0.8,0.01,0.01,4.0,0.02,1.0,0.01,0.01,0.4,0.05,0.01,0.02,,0.01,0.02,0.005,0.01,0.5,2.0,0.01,0.01,3.0,0.02,0.01,0.01,0.01,0.02,0.01,0.01,0.01,0.01,0.01,0.01,0.4,0.07,0.01,0.01,0.02,0.01,0.01,2.0,0.02,0.01,1.0,0.03,10.0,0.05,0.02,0.01,0.01,0.01,0.01,0.01,0.01,0.01,0.01,,0.02,0.01,0.05,0.01,,0.01,0.01,0.01,0.1,0.1,0.01,0.01,0.01,0.01,0.01,0.01,0.09,0.01,0.01,0.01,0.02,0.02,0.01,0.01,0.05,0.1,0.01,0.01,0.01,0.1,0.02,0.2,0.01,0.01,0.01,0.05,0.2,0.01,0.02,0.01,0.01,0.01,0.01,0.01,0.02,0.02,0.2,0.01,0.02,0.15,0.01,0.01,0.01,0.02,0.03,0.01,0.05,0.01,5.0,0.01,0.01,0.01,0.01,0.1,0.01,0.01,0.02,0.01,0.01,0.01,0.01,0.01,0.01,0.01,0.01,0.01,0.01,0.01,0.01,0.01,0.01,0.01,0.01,0.01,0.01,0.01,0.01,0.01,0.01,0.01,0.01,0.02,0.05,0.01,0.01,0.02,0.15,0.01,0.01,0.3,0.05,0.01,0.01,0.01,0.05,,0.01,0.01,0.01,0.05,0.01,0.01,4.0,0.01,0.01,0.01,0.05,0.01,0.02,0.2,0.01,0.01,0.03,0.01,0.01,0.01,0.02,0.02,0.01,0.01,0.01,0.01,0.01,0.05,0.01,0.005,0.02,0.01,0.01,0.01,0.01,1.0,0.05,0.3,0.02,0.01,0.01,3.0,0.01,0.01,0.05,0.5,0.01,0.01,0.01,0.01,0.01,0.1,0.02,0.02,0.02,0.2,0.01,0.02,0.01,0.01,0.1,0.01,0.01,0.01,0.01,0.03,0.01,0.01,0.02,0.02,0.02,0.02,2.0,0.01,,0.02,0.02,0.01,0.01,0.03,0.02,0.02,0.01,0.2,0.01,0.01,0.01,0.01,0.01,0.02,0.1,0.01,0.01,0.01,0.01,0.01,0.01,0.01,0.01,0.01,0.01,0.01,0.1,0.05,0.01,0.05,0.01,20.0,0.01,0.1,0.01,0.01,0.01,0.01,0.003,0.01,0.01,0.01,0.01,0.01,0.2,0.2,,0.02,0.01,0.01,0.01,0.01,0.05,0.02,0.01,0.01,0.01,0.01,0.01,0.01,0.01,0.1,0.01
836,PEAS,Peas (with pods),0.01,0.01,0.01,0.01,0.05,0.06,,0.01,0.01,0.05,0.01,0.01,0.01,0.01,0.01,0.1,0.01,0.01,0.08,0.01,0.01,0.6,0.01,1.0,0.08,0.01,0.01,0.02,0.01,0.01,0.01,0.01,0.01,0.05,0.01,0.01,0.01,0.01,0.05,0.05,1.0,0.01,0.02,0.01,0.01,3.0,0.01,0.02,0.01,0.02,0.01,0.8,0.01,0.1,0.01,,0.01,0.01,0.9,0.01,0.01,0.01,0.01,0.01,5.0,0.01,30.0,0.01,0.01,0.01,0.01,0.05,0.01,0.01,0.01,0.01,0.01,0.01,0.02,0.03,0.01,0.2,0.01,0.01,0.01,,0.03,0.02,0.01,,2.0,0.35,0.01,0.01,0.01,0.02,0.01,0.01,0.01,0.03,0.01,0.02,0.005,0.01,0.01,0.01,0.01,0.01,0.01,0.01,0.01,0.01,0.01,0.01,0.01,0.05,0.5,0.02,0.02,0.01,0.5,0.01,20.0,,0.01,2.0,0.01,0.05,0.01,9.0,0.01,0.01,0.01,0.02,0.15,0.7,0.05,2.0,0.01,0.05,0.01,0.05,0.06,0.02,0.2,0.01,0.01,0.01,0.01,0.05,0.01,0.02,0.01,0.01,0.02,0.05,0.01,0.01,1.0,0.01,0.01,0.9,0.01,0.01,0.05,0.01,0.01,0.01,0.01,0.01,0.02,0.02,,0.01,0.01,0.05,0.01,0.01,0.01,1.0,0.01,0.01,0.01,0.01,0.03,0.05,0.01,0.01,0.01,0.01,0.05,0.01,0.01,0.1,0.01,0.05,0.01,0.02,0.01,0.01,0.01,0.01,0.01,0.01,0.02,0.01,0.01,0.01,0.01,0.01,0.01,0.1,0.01,0.01,0.01,0.01,0.01,0.01,0.01,0.01,0.02,0.1,0.005,0.01,1.5,0.01,0.01,2.0,0.01,2.0,0.01,0.01,1.0,0.05,0.01,0.02,,0.01,0.02,0.01,0.01,3.0,0.2,0.01,0.01,0.5,0.02,0.01,0.01,0.01,0.01,0.01,0.01,0.01,0.01,0.01,0.6,2.0,0.03,0.01,0.01,0.01,0.01,0.01,2.0,0.02,0.01,1.0,0.1,0.1,0.05,0.02,0.01,0.01,0.01,0.01,0.01,0.01,0.01,0.01,,0.02,0.01,0.05,0.01,,0.01,0.01,5.0,0.1,0.1,0.01,0.01,0.01,0.01,0.01,0.01,0.6,0.01,0.01,0.01,0.01,0.02,0.01,0.01,0.2,0.1,0.01,0.01,0.01,0.1,0.02,0.2,0.01,0.01,0.01,0.05,0.15,0.01,0.02,0.01,0.01,0.01,0.01,0.01,0.02,0.02,0.4,0.01,0.02,0.02,0.01,0.01,0.01,0.02,0.03,0.01,0.02,0.01,2.0,0.01,0.01,0.01,0.01,0.1,0.01,0.01,0.02,0.01,0.01,0.01,0.01,0.01,0.01,0.01,0.01,0.01,0.01,0.01,0.01,0.01,0.01,0.01,0.01,0.001,0.01,1.0,0.01,0.01,0.01,0.01,0.01,0.02,0.05,0.01,0.01,0.02,0.09,0.01,0.01,4.0,0.05,0.01,0.01,0.01,0.02,,0.01,0.01,0.01,0.05,0.01,0.01,1.5,0.01,0.01,0.01,0.01,0.01,0.02,1.5,0.01,0.01,0.03,0.01,0.01,0.01,0.01,0.02,0.01,0.01,0.01,0.01,0.01,0.05,0.01,0.005,0.02,0.01,0.01,0.01,0.01,0.01,0.02,0.6,0.02,0.01,0.01,1.0,0.01,0.01,0.05,3.0,0.01,0.01,0.01,0.01,0.01,0.1,0.01,0.02,0.02,0.03,0.01,0.01,0.01,0.01,0.03,0.01,0.01,0.01,0.01,0.03,0.01,0.01,0.02,0.3,0.02,0.02,2.0,0.01,,0.01,0.01,0.01,0.01,0.03,0.02,0.02,0.01,2.0,0.01,0.01,0.01,0.01,0.01,0.02,0.1,0.01,0.01,0.01,0.01,0.01,0.01,0.01,0.01,0.01,0.01,0.01,0.1,0.05,0.01,0.02,0.005,20.0,0.01,0.1,0.01,0.01,0.01,0.01,0.001,0.01,0.01,0.01,0.01,0.01,1.5,1.5,,0.02,0.01,0.01,0.01,0.01,0.05,0.01,0.01,0.01,0.01,0.01,0.01,0.01,0.01,0.1,0.01
836,PEAS,Peas (without pods),0.01,0.01,0.01,0.01,0.05,0.06,,0.01,0.01,0.05,0.01,0.01,0.01,0.01,0.01,0.1,0.01,0.01,0.01,0.01,0.01,0.3,0.01,0.01,0.01,0.01,0.01,0.02,0.01,0.01,0.01,0.01,0.01,0.05,0.01,0.01,0.01,0.01,0.05,0.05,1.0,0.01,0.02,0.01,0.01,3.0,0.01,0.02,0.01,0.02,0.01,0.05,0.01,0.1,0.01,,0.01,0.01,0.05,0.01,0.01,0.01,0.01,0.01,3.0,0.01,30.0,0.01,0.01,0.01,0.01,0.5,0.01,0.01,0.01,0.01,0.01,0.01,0.02,0.03,0.01,0.1,0.01,0.01,0.01,,0.03,0.02,0.01,,0.01,0.35,0.01,0.01,0.01,0.02,0.01,0.01,0.01,0.03,0.01,0.02,0.005,0.01,0.01,0.01,0.01,0.01,0.01,0.01,0.01,0.01,0.01,0.01,0.01,0.05,0.5,0.02,0.02,0.01,0.5,0.01,20.0,,0.01,0.3,0.01,0.05,0.01,15.0,0.01,0.01,0.01,0.02,0.05,0.7,0.05,0.08,0.01,0.05,0.01,0.05,0.06,0.02,0.2,0.01,0.01,0.01,0.01,0.05,0.01,0.02,0.01,0.01,0.02,0.05,0.01,0.01,1.0,0.01,0.01,1.0,0.01,0.01,0.05,0.01,0.15,0.01,0.01,0.01,0.02,0.02,,0.01,0.01,0.05,0.01,0.02,0.6,0.2,0.01,0.01,0.01,0.01,0.002,0.05,0.01,0.01,0.01,0.01,0.05,0.01,0.01,0.03,0.01,0.05,0.01,0.02,0.01,0.01,0.01,0.01,0.01,0.01,0.02,0.01,0.01,0.01,0.01,0.01,0.01,0.1,0.01,0.01,0.01,0.01,0.01,0.01,0.01,0.01,0.02,0.02,0.005,0.01,0.7,0.01,0.01,1.5,0.01,2.0,0.01,0.01,0.3,0.05,0.01,0.02,,0.01,0.02,0.01,0.01,0.15,0.2,0.01,0.01,0.4,0.02,0.01,0.01,0.01,0.01,0.01,0.01,0.01,0.01,0.01,0.05,0.3,0.03,0.01,0.01,0.01,0.01,0.01,2.0,0.02,0.01,1.0,0.1,0.1,0.05,0.02,0.01,0.01,0.01,0.01,0.01,0.01,0.01,0.01,,0.02,0.01,0.05,0.01,,0.01,0.01,2.0,0.1,0.1,0.01,0.01,0.01,0.01,0.01,0.01,0.01,0.01,0.01,0.01,0.02,0.02,0.01,0.01,0.2,0.1,0.01,0.01,0.01,0.1,0.02,0.2,0.01,0.3,0.01,0.05,0.08,0.01,0.02,0.01,0.01,0.01,0.01,0.01,0.02,0.02,0.3,0.01,0.02,0.02,0.01,0.01,0.01,0.02,0.03,0.01,0.02,0.01,0.3,0.01,0.01,0.01,0.01,0.1,0.01,0.01,0.02,0.01,0.01,0.01,0.01,0.01,0.01,0.01,0.01,0.01,0.01,0.01,0.01,0.01,0.01,0.01,0.01,0.001,0.01,0.01,0.01,0.01,0.01,0.01,0.01,0.02,0.05,0.01,0.01,0.02,0.05,0.01,0.01,0.3,0.05,0.01,0.01,0.01,0.02,,0.01,0.01,0.01,0.05,0.01,0.01,1.5,0.01,0.01,0.01,0.01,0.01,0.02,0.7,0.01,0.01,0.03,0.01,0.01,0.01,0.01,0.02,0.01,0.01,0.01,0.01,0.01,0.05,0.01,0.005,0.02,0.01,0.01,0.01,0.01,0.01,0.02,0.15,0.02,0.01,0.01,1.0,0.01,0.01,0.05,0.2,0.01,0.01,0.01,0.01,0.01,0.1,0.01,0.02,0.02,0.2,0.01,0.01,0.01,0.01,0.03,0.01,0.01,0.01,0.01,0.03,0.01,0.01,0.02,0.3,0.02,0.02,1.5,0.01,,0.01,0.01,0.01,0.01,0.03,0.02,0.02,0.01,0.02,0.01,0.01,0.01,0.01,0.01,0.02,0.1,0.01,0.01,0.01,0.01,0.01,0.01,0.01,0.01,0.01,0.01,0.01,0.1,0.05,0.01,0.02,0.005,20.0,0.01,0.1,0.01,0.01,0.01,0.01,0.001,0.01,0.01,0.01,0.01,0.01,0.09,0.09,,0.02,0.01,0.01,0.01,0.01,0.05,0.01,0.01,0.01,0.01,0.01,0.01,0.01,0.01,0.1,0.01
837,PECAN,Pecans,0.01,0.01,0.01,0.01,0.05,0.06,,0.02,0.02,0.2,0.05,0.01,0.01,0.02,0.01,0.1,0.01,0.02,0.01,0.02,0.01,0.07,0.01,0.01,0.01,0.01,0.02,0.05,0.01,0.01,0.01,0.05,0.01,0.05,0.02,0.02,0.02,0.01,0.1,0.05,0.01,0.01,0.02,0.01,0.02,0.01,0.02,0.02,0.01,0.02,0.01,0.03,0.02,0.1,0.01,,0.01,0.01,0.05,0.01,0.01,0.02,0.01,0.01,0.05,0.01,50.0,0.02,0.01,0.01,0.01,0.05,0.01,0.01,0.02,0.02,0.01,0.02,0.05,0.07,0.02,0.1,0.01,0.02,0.01,,0.05,0.05,0.01,,0.03,0.1,0.01,0.02,0.01,0.01,0.02,0.01,0.02,0.04,0.01,0.02,0.01,0.01,0.02,0.02,0.01,0.01,0.01,0.01,0.01,0.02,0.02,0.02,0.01,0.05,0.1,0.05,0.05,0.02,0.5,0.01,30.0,,0.01,0.04,0.02,0.05,0.01,0.09,0.01,0.01,0.01,0.05,0.01,0.05,0.05,0.04,0.01,0.05,0.02,0.05,0.1,0.02,0.01,0.01,0.01,0.02,0.02,0.05,0.01,0.02,0.01,0.01,0.05,0.05,0.01,0.01,0.05,0.01,0.01,0.04,0.01,0.01,0.1,0.01,0.02,0.01,0.01,0.02,0.05,0.05,,0.02,0.02,0.05,0.02,0.02,0.01,0.05,0.01,0.01,0.01,0.02,0.005,0.1,0.01,0.01,0.01,0.01,0.1,0.02,0.01,0.03,0.01,0.1,0.02,0.05,0.01,0.01,0.01,0.01,0.01,0.01,0.02,0.02,0.01,0.02,0.01,0.02,0.02,0.1,0.01,0.01,0.01,0.01,0.01,0.01,0.05,0.02,0.05,0.05,0.005,0.01,0.06,0.01,0.01,0.01,0.01,0.1,0.02,0.02,0.01,0.05,0.01,0.05,,0.01,0.05,0.01,0.01,0.03,30.0,0.01,0.01,0.02,0.02,0.01,0.01,0.01,0.02,0.01,0.01,0.01,0.01,0.02,0.01,0.04,0.07,0.02,0.02,0.02,0.01,0.02,500.0,0.02,0.01,1.0,0.1,0.1,0.05,0.05,0.01,0.01,0.01,0.01,0.01,0.01,0.02,0.05,,0.05,0.01,0.05,0.01,,0.01,0.02,0.01,0.1,0.1,0.01,0.02,0.01,0.01,0.01,0.02,0.01,0.01,0.01,0.01,0.01,0.02,0.05,0.02,0.01,0.1,0.01,0.01,0.01,0.05,0.02,0.2,0.01,0.01,0.01,0.05,0.06,0.02,0.05,0.02,0.01,0.02,0.02,0.01,0.02,0.01,0.05,0.01,0.02,0.05,0.02,0.02,0.02,0.05,0.03,0.01,0.05,0.01,0.1,0.01,0.01,0.01,0.01,0.1,0.01,0.01,0.02,0.02,0.02,0.02,0.02,0.01,0.01,0.02,0.02,0.01,0.01,0.01,0.01,0.01,0.01,0.01,0.01,0.01,0.01,0.01,0.02,0.02,0.01,0.01,0.01,0.02,0.05,0.02,0.01,0.02,0.05,0.01,0.01,0.05,0.05,0.01,0.01,0.01,0.05,,0.02,0.02,0.01,0.05,0.01,0.09,400.0,0.01,0.01,0.01,0.01,0.01,0.02,0.02,0.01,0.01,0.03,0.02,0.02,0.01,0.01,0.05,0.01,0.02,0.02,0.02,0.01,0.2,0.01,0.01,0.05,0.01,0.02,0.02,0.02,0.02,0.02,0.02,0.02,0.01,0.02,1.0,0.05,0.01,0.05,0.02,0.01,0.01,0.01,0.02,0.02,0.15,0.02,0.02,0.05,0.01,0.01,0.02,0.02,0.01,0.03,0.01,0.02,0.02,0.01,0.03,0.01,0.01,0.02,0.07,0.05,0.02,0.5,0.05,,0.05,0.02,0.02,10.0,0.03,0.02,0.02,0.01,0.05,0.01,0.01,0.02,0.01,0.01,0.02,0.1,0.01,0.01,0.01,0.02,0.02,0.02,0.01,0.01,0.01,0.02,0.01,0.2,0.05,0.01,0.02,0.005,40.0,0.01,0.1,0.01,0.01,0.01,0.01,0.005,0.01,0.02,0.01,0.01,0.02,0.02,0.02,,0.02,0.01,0.01,0.01,0.02,0.05,0.01,0.01,0.01,0.01,0.02,0.01,0.01,0.01,0.1,0.01
316,CORN,"Peppercorn (black, green and white)",0.02,0.02,0.02,0.05,0.05,0.1,,0.05,0.05,0.1,0.05,0.01,0.01,0.05,0.05,0.1,0.05,0.05,0.05,0.2,0.05,0.1,0.05,0.05,0.01,0.05,0.05,0.05,0.1,0.05,0.05,0.05,0.05,0.1,0.05,0.05,0.02,0.1,0.1,0.1,0.01,0.05,0.05,0.5,0.05,0.3,0.05,0.05,0.05,0.1,0.05,0.1,0.05,0.1,0.05,,0.05,0.05,0.03,0.05,0.05,0.05,0.05,0.01,0.9,0.01,"50.0, 400.0",0.05,0.05,0.05,0.05,0.05,0.05,0.05,0.05,0.05,0.01,0.05,0.1,0.1,0.8,0.1,0.05,0.05,0.01,,0.1,0.1,0.02,,0.05,0.07,0.1,0.05,0.02,0.02,0.05,0.1,0.05,0.1,0.05,0.1,0.025,0.05,0.05,0.05,0.05,0.05,0.01,0.01,0.05,0.05,0.05,0.05,0.05,0.1,0.1,0.1,0.05,0.05,0.5,0.05,40.0,,0.01,0.05,0.05,0.1,0.05,0.1,0.05,0.05,0.03,0.1,0.1,0.1,0.05,0.1,0.1,1.0,0.05,0.1,0.1,0.02,0.05,0.05,0.05,0.05,0.1,0.05,0.05,0.1,"0.02, 0.1",0.05,0.1,0.05,0.05,0.05,0.3,0.05,0.05,0.1,0.05,0.05,0.1,0.05,0.05,0.05,0.05,0.05,0.1,0.1,,0.05,0.05,0.05,0.05,0.05,0.01,0.1,0.05,0.01,0.05,0.05,0.01,5.0,0.1,0.05,0.01,0.02,0.1,5.0,0.05,0.1,0.02,0.1,0.05,0.1,0.05,0.05,0.05,0.05,0.05,0.05,0.05,0.05,0.05,0.05,0.1,0.05,1.0,0.1,0.05,0.05,0.02,0.05,0.05,0.05,0.05,0.05,0.1,0.1,0.005,0.05,0.1,0.05,0.05,0.03,0.1,0.05,0.05,0.05,0.05,0.05,0.05,0.1,,0.05,0.1,0.05,0.05,0.05,5.0,0.02,0.05,0.05,0.1,0.05,0.05,0.05,0.05,0.05,0.05,0.05,0.05,0.05,0.05,0.05,0.1,0.05,0.05,0.05,0.05,0.05,400.0,0.05,0.05,1.0,0.1,0.1,0.05,0.1,0.02,0.05,0.1,0.02,0.01,0.01,0.05,0.05,,0.1,0.05,0.1,0.01,,0.05,0.05,0.05,0.1,0.1,0.05,0.05,0.05,0.05,0.05,0.05,0.05,0.01,0.05,0.01,0.05,0.1,0.05,0.05,0.3,0.1,0.01,0.05,0.05,0.1,0.02,0.5,0.05,0.05,0.05,0.1,0.05,0.05,0.1,0.05,0.05,0.02,0.05,0.05,0.1,2.0,0.1,0.05,0.1,0.1,0.05,0.05,0.1,0.1,0.1,0.05,0.1,0.1,0.05,0.05,0.05,0.05,0.05,0.1,0.05,0.02,0.1,0.05,0.05,0.05,0.05,0.05,0.05,0.05,0.3,0.02,0.05,0.05,0.05,0.05,0.05,0.05,0.02,0.05,0.05,0.05,0.05,0.05,0.05,0.05,0.01,0.05,0.1,5.0,0.05,0.1,0.05,0.05,0.05,0.05,0.1,0.05,0.01,0.05,0.05,,0.1,2.0,0.05,0.1,0.02,0.02,300.0,0.02,0.01,0.01,0.05,0.05,0.05,0.05,0.5,0.05,0.15,0.05,0.07,0.05,0.05,0.1,0.05,0.05,0.05,0.05,0.05,0.1,0.05,0.01,0.1,0.05,0.05,0.3,0.05,0.05,0.1,0.1,0.1,0.02,0.05,0.5,0.05,0.05,0.15,0.05,0.05,0.05,0.05,0.05,0.05,0.1,0.05,0.05,0.1,0.05,0.01,0.05,0.05,0.02,0.03,0.05,0.05,0.05,0.05,0.15,0.01,0.05,0.1,0.1,0.05,0.02,0.1,0.05,,0.1,0.05,0.05,0.05,0.1,0.1,0.1,0.02,0.05,0.05,0.05,0.05,0.05,0.05,0.1,0.1,0.01,0.05,0.05,0.05,0.05,0.05,0.05,0.05,0.05,0.05,0.05,0.1,0.05,0.05,0.1,0.02,40.0,0.05,0.1,0.05,0.05,0.05,0.07,0.005,0.05,0.05,0.05,0.05,0.05,0.05,0.05,,0.1,0.05,0.05,0.05,0.05,0.05,0.05,0.02,0.05,0.05,0.05,0.01,0.05,0.05,0.2,0.05
847,Pine nut kernels,Pine nut kernels,0.01,0.01,0.01,0.01,0.05,0.06,,0.02,0.02,0.2,0.05,0.01,0.01,0.02,0.01,0.1,0.01,0.02,0.01,0.02,0.01,0.07,0.01,0.01,0.01,0.01,0.02,0.05,0.01,0.01,0.01,0.05,0.01,0.05,0.02,0.02,0.02,0.01,0.1,0.05,0.01,0.01,0.02,0.01,0.02,0.01,0.02,0.02,0.01,0.02,0.01,0.03,0.02,0.1,0.01,,0.01,0.01,0.05,0.01,0.01,0.02,0.01,0.01,0.05,0.01,50.0,0.02,0.01,0.01,0.01,0.05,0.01,0.01,0.02,0.02,0.01,0.02,0.05,0.07,0.02,0.1,0.01,0.02,0.01,,0.05,0.05,0.01,,0.03,0.1,0.01,0.02,0.01,0.01,0.02,0.01,0.02,0.04,0.01,0.02,0.01,0.01,0.02,0.02,0.01,0.01,0.01,0.01,0.01,0.02,0.02,0.02,0.01,0.05,0.1,0.05,0.05,0.02,0.5,0.01,30.0,,0.01,0.04,0.02,0.05,0.01,0.09,0.01,0.01,0.01,0.05,0.01,0.05,0.05,0.04,0.01,0.05,0.02,0.05,0.1,0.02,0.01,0.01,0.01,0.02,0.02,0.05,0.01,0.02,0.01,0.01,0.05,0.05,0.01,0.01,0.05,0.01,0.01,0.04,0.01,0.01,0.1,0.01,0.02,0.01,0.01,0.02,0.05,0.05,,0.02,0.02,0.05,0.02,0.02,0.01,0.05,0.01,0.01,0.01,0.02,0.005,0.1,0.01,0.01,0.01,0.01,0.1,0.02,0.01,0.03,0.01,0.1,0.02,0.05,0.01,0.01,0.01,0.01,0.01,0.01,0.02,0.02,0.01,0.02,0.01,0.02,0.02,0.1,0.01,0.01,0.01,0.01,0.01,0.01,0.05,0.02,0.05,0.05,0.005,0.01,0.06,0.01,0.01,0.01,0.01,0.1,0.02,0.02,0.01,0.05,0.01,0.05,,0.01,0.05,0.01,0.01,0.03,30.0,0.01,0.01,0.02,0.02,0.01,0.01,0.01,0.02,0.01,0.01,0.01,0.01,0.02,0.01,0.04,0.07,0.02,0.02,0.02,0.01,0.02,500.0,0.02,0.01,1.0,0.1,0.1,0.05,0.05,0.01,0.01,0.01,0.01,0.01,0.01,0.02,0.05,,0.05,0.01,0.05,0.01,,0.01,0.02,0.01,0.1,0.1,0.01,0.02,0.01,0.01,0.01,0.02,0.01,0.01,0.01,0.01,0.01,0.02,0.01,0.02,0.01,0.1,0.01,0.01,0.01,0.05,0.02,0.2,0.01,0.01,0.01,0.05,0.06,0.02,0.05,0.02,0.01,0.02,0.02,0.01,0.02,0.01,0.05,0.01,0.02,0.05,0.02,0.02,0.02,0.05,0.03,0.01,0.05,0.01,0.1,0.01,0.01,0.01,0.01,0.1,0.01,0.01,0.02,0.02,0.02,0.02,0.02,0.01,0.01,0.02,0.02,0.01,0.01,0.01,0.01,0.01,0.01,0.01,0.01,0.01,0.01,0.01,0.02,0.02,0.01,0.01,0.01,0.02,0.05,0.02,0.01,0.02,0.05,0.01,0.01,0.05,0.05,0.01,0.01,0.01,0.05,,0.02,0.02,0.01,0.05,0.01,0.09,400.0,0.01,0.01,0.01,0.01,0.01,0.02,0.02,0.01,0.01,0.03,0.02,0.02,0.01,0.01,0.05,0.01,0.02,0.02,0.02,0.01,0.2,0.01,0.01,0.05,0.01,0.02,0.02,0.02,0.02,0.02,0.02,0.02,0.01,0.02,1.0,0.05,0.01,0.05,0.02,0.01,0.01,0.01,0.02,0.02,0.15,0.02,0.02,0.05,0.01,0.01,0.02,0.02,0.01,0.03,0.01,0.02,0.02,0.01,0.03,0.01,0.01,0.02,0.07,0.05,0.02,0.5,0.05,,0.05,0.02,0.02,10.0,0.03,0.02,0.02,0.01,0.05,0.01,0.01,0.02,0.01,0.01,0.02,0.1,0.01,0.01,0.01,0.02,0.02,0.02,0.01,0.01,0.01,0.02,0.01,0.2,0.05,0.01,0.02,0.005,40.0,0.01,0.1,0.01,0.01,0.01,0.01,0.005,0.01,0.02,0.01,0.01,0.02,0.02,0.02,,0.02,0.01,0.01,0.01,0.02,0.05,0.01,0.01,0.01,0.01,0.02,0.01,0.01,0.01,0.1,0.01
53,APPLE,Pineapples,0.01,0.01,0.01,0.01,0.05,0.06,,0.01,0.01,0.05,0.01,0.01,0.01,0.01,0.01,0.1,0.01,0.01,0.01,0.01,0.01,0.01,0.01,0.01,0.01,0.01,0.01,0.02,0.01,0.01,0.01,0.01,0.01,0.05,0.01,0.01,0.01,0.01,0.05,0.05,0.01,0.01,0.02,0.01,0.01,0.01,0.01,0.02,0.01,0.02,0.01,0.03,0.01,0.1,0.01,,0.01,0.01,0.01,0.01,0.01,0.01,0.01,0.01,0.01,0.01,"10.0, 50.0",0.01,0.01,0.01,0.01,0.05,0.01,0.01,0.01,0.01,0.01,0.01,0.02,0.03,0.01,0.1,0.01,0.01,0.01,,0.03,0.02,0.01,,0.01,0.3,0.01,0.01,0.01,0.02,0.01,0.01,0.01,0.03,0.01,0.02,0.005,0.01,0.01,0.01,0.01,0.01,0.01,0.01,0.01,0.01,0.01,0.01,0.01,0.05,0.1,0.02,0.02,0.01,0.5,0.01,20.0,,0.01,0.01,0.01,0.05,0.01,0.09,0.01,0.01,0.01,0.02,0.01,0.05,0.05,0.02,0.01,0.05,0.01,0.05,0.06,0.02,0.01,0.01,0.01,0.01,0.3,0.05,0.01,0.02,0.01,0.01,0.02,0.05,0.01,0.01,0.1,0.01,0.01,0.02,0.01,0.01,0.05,0.01,0.01,0.01,0.01,0.01,0.02,0.02,,0.01,0.01,0.05,0.01,0.01,0.01,0.05,0.01,0.01,0.01,0.01,0.002,0.05,0.01,0.01,0.01,0.01,2.0,0.01,0.01,0.03,0.01,0.05,0.01,0.02,0.01,0.01,0.01,0.01,0.01,0.01,0.02,0.01,0.01,0.01,0.01,0.01,0.01,0.1,0.01,0.01,0.01,0.01,0.01,0.01,0.01,0.01,0.02,0.02,0.005,0.01,0.03,0.01,0.01,0.01,0.01,0.01,0.01,0.01,7.0,0.05,0.01,0.02,,0.01,0.02,0.01,0.01,0.01,0.2,0.01,0.01,0.01,0.02,0.01,0.01,0.01,0.01,0.01,0.01,0.01,0.01,0.01,0.01,0.01,0.03,0.01,0.01,0.01,0.01,0.01,50.0,0.02,0.01,1.0,0.1,0.1,0.05,0.02,0.01,0.01,0.01,0.01,0.01,0.01,0.01,0.01,,0.02,0.01,0.05,0.01,,0.01,0.01,0.01,0.1,0.1,0.01,0.01,0.01,0.01,0.01,0.01,0.01,0.01,0.01,0.01,0.01,0.02,0.01,0.01,0.01,0.1,0.01,0.01,0.01,0.05,0.02,0.2,0.01,0.01,0.01,0.05,0.01,0.01,0.02,0.01,0.01,0.01,0.01,0.01,0.02,0.1,0.05,0.01,0.02,0.02,0.01,0.01,0.01,0.02,0.03,0.01,0.02,0.01,0.01,0.01,0.01,0.01,0.01,0.1,0.01,0.01,0.02,0.01,0.01,0.01,0.01,0.01,0.01,0.01,0.01,0.01,0.01,0.01,0.01,0.01,0.01,0.01,0.01,0.001,0.01,0.01,0.01,0.01,0.01,0.01,0.01,0.02,0.05,0.01,0.01,0.02,0.05,0.01,0.01,0.01,0.05,0.01,0.01,0.01,0.02,,0.01,0.01,0.005,0.05,0.01,0.01,20.0,0.01,0.01,0.01,0.01,0.01,0.02,0.01,0.01,0.01,0.03,0.01,0.01,0.01,0.01,0.02,0.01,0.01,0.01,0.01,0.01,0.05,0.01,0.005,0.02,0.01,0.01,0.01,0.01,0.01,0.02,0.3,0.02,0.01,0.01,1.0,0.01,0.01,0.05,0.01,0.01,0.01,0.01,0.01,0.01,0.1,0.01,0.02,0.02,0.01,0.01,0.01,0.01,0.01,0.03,0.01,0.01,0.01,0.01,0.03,0.01,0.01,0.02,0.02,0.02,0.02,0.15,0.01,,0.01,0.01,0.01,0.01,0.03,0.02,0.02,0.01,0.02,0.01,0.01,0.01,0.01,0.01,0.02,0.1,0.01,0.01,0.01,0.01,0.01,0.01,0.01,0.01,0.01,0.01,0.01,0.1,0.05,0.01,0.02,0.005,20.0,0.01,0.1,0.01,0.01,0.01,0.01,0.001,0.01,0.01,0.01,0.01,0.01,0.01,0.01,,0.02,0.01,0.01,0.01,0.01,0.05,0.01,0.01,0.01,0.01,0.01,0.01,0.01,0.01,0.1,0.01
850,Pistachios,Pistachios,0.01,0.01,0.01,0.01,0.05,0.06,,0.02,0.02,0.2,0.05,0.01,0.01,0.02,0.01,0.1,0.01,0.02,0.01,0.02,0.01,0.07,0.01,0.01,0.01,0.01,0.02,0.05,0.01,0.01,0.01,0.05,0.01,0.05,0.02,0.02,0.02,0.01,0.1,0.05,0.01,0.01,0.02,0.01,0.02,1.0,0.02,0.02,0.01,0.02,0.01,0.03,0.02,0.1,0.01,,0.01,0.01,0.05,0.01,0.01,0.02,0.01,0.01,1.0,0.01,50.0,0.02,0.01,0.01,0.01,0.05,0.01,0.01,0.02,0.02,0.01,0.02,0.05,0.07,0.02,0.1,0.01,0.02,0.01,,0.05,0.05,0.01,,0.03,0.1,0.01,0.02,0.01,0.01,0.02,0.01,0.02,0.04,0.01,0.02,0.01,0.01,0.02,0.02,0.01,0.01,0.01,0.01,0.01,0.02,0.02,0.02,0.01,0.05,0.1,0.05,0.05,0.02,0.5,0.01,30.0,,0.01,0.04,0.02,0.05,0.01,0.09,0.01,0.01,0.01,0.05,0.01,0.05,0.05,0.02,0.01,0.05,0.02,0.05,0.1,0.02,0.01,0.01,0.01,0.02,0.02,0.05,0.01,0.02,0.01,0.01,0.05,0.05,0.01,0.01,0.05,0.01,0.01,0.04,0.01,0.01,0.1,0.01,0.02,0.01,0.01,0.02,0.05,0.05,,0.02,0.02,0.05,0.02,0.02,0.01,0.05,0.01,0.01,0.01,0.02,0.005,0.1,0.01,0.01,0.01,0.01,0.1,0.02,0.01,0.03,0.01,0.1,0.02,0.05,0.01,0.01,0.01,0.01,0.01,0.01,0.02,0.02,0.01,0.02,0.01,0.02,0.02,0.1,0.01,0.01,0.01,0.01,0.01,0.01,0.05,0.02,0.05,0.05,0.005,0.01,0.06,0.01,0.01,0.01,0.01,0.1,0.02,0.02,0.2,0.05,0.01,0.05,,0.01,0.05,0.01,0.01,0.03,30.0,0.01,0.01,0.02,0.02,0.01,0.01,0.01,0.02,0.01,0.01,0.01,0.01,0.02,0.01,0.04,0.07,0.02,0.02,0.02,0.01,0.02,1500.0,0.02,0.01,1.0,0.1,0.1,0.05,0.05,0.01,0.01,0.01,0.01,0.01,0.01,0.02,0.05,,0.05,0.01,0.05,0.01,,0.01,0.02,0.01,0.1,0.1,0.01,0.02,0.01,0.01,0.01,0.02,0.01,0.01,0.01,0.01,0.01,0.02,0.01,0.02,0.01,0.1,0.01,0.01,0.01,0.05,0.02,0.2,0.01,0.01,0.01,0.05,0.06,0.02,0.05,0.02,0.01,0.02,0.02,0.01,0.02,0.01,0.05,0.01,0.02,0.05,0.02,0.02,0.02,0.05,0.03,0.01,0.05,0.01,0.1,0.01,0.01,0.01,0.01,0.1,0.01,0.01,0.02,0.02,0.02,0.02,0.02,0.01,0.01,0.02,0.02,0.01,0.01,0.01,0.01,0.01,0.01,0.01,0.01,0.01,0.01,0.01,0.02,0.02,0.01,0.01,0.01,0.02,0.05,0.02,0.01,0.02,0.05,0.01,0.01,0.05,0.05,0.01,0.01,0.01,0.05,,0.02,0.02,0.01,2.0,0.01,0.1,1000.0,0.01,0.01,0.01,0.01,0.01,0.02,0.02,0.01,0.01,0.03,0.02,0.02,0.01,0.01,0.05,0.01,0.02,0.02,0.02,0.01,0.2,0.01,0.01,0.05,0.01,0.02,0.02,0.02,0.02,0.02,1.0,0.02,0.01,0.02,1.0,0.05,0.01,0.05,0.2,0.01,0.01,0.01,0.02,0.02,0.15,0.02,0.02,0.05,0.01,0.01,0.02,0.02,0.01,0.03,0.01,0.02,0.02,0.01,0.03,0.01,0.01,0.02,0.07,0.05,0.02,0.5,0.05,,0.05,0.02,0.02,10.0,0.03,0.02,0.02,0.01,0.05,0.01,0.01,0.02,0.01,0.01,0.02,0.1,0.01,0.01,0.01,0.02,0.02,0.02,0.01,0.01,0.01,0.02,0.01,0.2,0.05,0.01,0.02,0.005,40.0,0.01,0.1,0.01,0.01,0.01,0.01,0.005,0.01,0.02,0.01,0.01,0.02,0.02,0.02,,0.02,0.01,0.01,0.01,0.02,0.05,0.01,0.01,0.01,0.01,0.02,0.01,0.01,0.01,0.1,0.01
851,PLUM,Plums,0.01,0.01,0.01,0.01,0.05,0.06,,0.01,0.01,0.05,0.01,0.01,0.01,0.01,0.01,0.1,0.01,0.01,0.01,0.01,0.03,0.04,0.01,0.01,0.01,0.01,0.01,0.02,0.01,0.01,0.01,0.01,0.01,0.05,0.01,0.01,0.01,0.01,0.05,0.05,1.0,0.01,0.02,0.01,0.01,2.0,0.01,0.02,0.01,0.02,0.01,0.03,0.01,0.1,0.01,,0.01,0.01,0.01,0.01,0.01,0.01,0.01,0.01,3.0,0.01,"5.0, 20.0",0.01,0.01,0.01,0.01,0.05,0.01,0.01,0.01,0.01,0.01,0.01,0.02,10.0,0.01,0.5,0.01,0.002,0.01,,0.03,0.02,0.01,,1.0,0.05,0.01,0.01,0.01,0.01,0.01,0.01,0.01,0.03,0.01,0.02,0.005,0.01,0.01,0.01,0.01,0.01,0.01,0.01,0.01,0.01,0.01,0.01,0.01,0.05,0.1,0.02,0.2,0.01,0.5,0.01,5.0,,0.01,0.7,0.01,0.05,0.01,0.09,0.07,0.01,0.01,0.02,0.01,2.0,0.05,2.0,0.01,0.05,0.01,0.05,0.06,0.02,0.1,0.01,0.01,0.01,0.01,0.05,0.01,0.02,0.01,0.01,0.02,0.05,0.01,0.01,0.5,0.01,0.01,0.3,0.01,0.01,0.05,0.01,0.01,0.01,0.01,0.01,0.02,0.02,,0.01,0.01,0.05,0.02,0.01,0.5,2.0,0.01,0.01,0.01,0.01,0.015,0.05,0.01,0.01,0.01,0.01,0.05,0.01,0.01,0.03,0.01,0.05,0.01,0.02,0.2,0.01,0.01,0.01,0.01,0.01,0.02,0.01,0.01,0.01,0.01,2.0,0.01,0.1,0.01,0.01,0.01,0.01,0.01,3.0,0.1,0.01,0.02,0.02,0.005,0.01,0.3,0.01,0.01,0.01,0.01,2.0,0.01,0.01,5.0,0.05,0.01,0.02,,0.01,0.02,0.01,0.01,0.6,0.2,0.01,0.01,0.4,0.02,0.01,0.01,0.01,0.01,0.01,0.01,0.01,0.01,0.4,0.01,1.5,0.03,0.01,0.01,0.01,0.01,0.01,2.0,0.02,0.01,1.0,0.15,0.1,0.05,0.02,0.01,0.01,0.01,0.01,0.01,0.01,0.01,0.7,,0.02,0.01,0.05,0.01,,0.01,0.01,0.01,0.1,0.1,0.01,0.01,0.01,0.01,0.01,0.01,0.8,0.01,0.01,0.01,0.01,0.02,0.01,0.01,0.2,0.1,0.01,0.01,0.01,0.05,0.02,0.2,0.5,0.01,0.01,0.05,1.5,0.01,0.02,0.01,0.01,0.01,0.01,0.01,0.02,0.01,0.05,0.01,0.02,0.02,0.01,0.01,0.01,0.02,0.03,0.01,0.02,0.01,2.0,0.01,0.01,0.01,0.01,0.1,0.01,0.01,0.02,0.01,0.01,0.01,0.01,2.0,0.01,0.01,0.01,0.01,0.01,0.01,0.01,0.01,0.01,0.01,0.01,0.001,0.01,0.01,0.01,0.01,0.01,0.01,0.01,0.02,0.05,0.01,0.15,0.02,0.05,0.01,0.01,1.5,0.05,0.01,0.01,0.01,0.02,,0.01,0.01,0.01,0.6,0.01,0.01,8.0,0.01,0.01,0.01,0.01,0.01,0.02,3.0,0.01,0.01,0.03,0.01,0.01,0.01,0.05,0.02,0.01,0.01,0.01,0.01,0.01,0.05,0.01,0.005,0.02,0.02,0.01,0.01,0.01,0.01,0.02,0.8,0.02,0.01,0.01,1.0,0.01,0.01,0.05,2.0,0.01,0.3,0.01,0.01,0.01,0.1,0.01,0.02,0.02,0.02,0.01,0.01,0.01,0.01,0.03,0.01,0.01,0.01,0.01,0.03,0.01,0.01,0.02,0.2,2.0,0.02,3.0,0.01,,0.01,0.01,0.5,0.01,0.03,0.02,0.02,0.01,1.0,0.01,0.2,0.01,0.01,0.01,0.02,0.1,0.01,0.01,0.01,0.01,0.01,0.01,0.01,0.01,0.01,0.01,0.01,0.3,0.05,0.01,0.02,0.005,5.0,0.01,0.1,0.01,0.01,0.01,0.01,0.001,0.01,0.01,0.01,0.01,0.01,3.0,3.0,,0.02,0.01,0.01,0.01,0.01,0.05,0.01,0.01,0.01,0.01,0.01,0.01,0.01,0.01,2.0,0.01
852,POME FRUITS,Pome fruits,0.01,0.01,0.01,0.01,0.05,,,0.01,0.01,0.05,0.01,0.01,0.01,0.01,,0.1,0.01,0.01,,0.01,0.4,,0.01,,0.01,0.01,0.01,0.02,0.01,0.01,0.01,0.01,0.01,0.05,0.01,0.01,0.01,0.01,0.05,0.05,1.0,0.01,0.02,0.01,,0.01,0.01,0.02,0.01,0.02,0.01,0.03,0.01,0.1,0.2,,0.01,0.01,0.01,0.01,0.01,0.01,0.01,0.01,,0.01,"5.0, 20.0",0.01,0.01,0.01,0.01,,,0.01,0.01,0.01,0.01,0.01,0.02,10.0,0.01,,0.01,0.001,0.01,,0.03,0.02,0.01,,0.4,0.05,0.01,0.01,0.01,0.01,0.01,0.01,0.01,0.03,,0.02,0.005,0.01,,0.01,0.01,0.01,0.01,0.01,0.01,0.01,0.01,0.01,0.01,0.05,0.1,0.02,0.5,0.01,0.5,0.01,5.0,,0.01,0.8,0.01,0.05,0.01,0.4,0.06,0.4,,0.02,0.01,1.0,0.1,2.0,0.01,0.05,0.01,0.05,0.06,0.02,,0.01,0.01,0.01,0.01,,0.01,0.02,0.01,0.01,0.02,0.05,0.01,0.01,0.8,0.01,0.01,0.2,0.01,0.01,0.05,0.01,0.01,0.01,0.01,0.01,0.02,0.02,,0.01,0.01,0.05,0.02,0.01,,5.0,0.01,0.01,,0.01,0.02,0.05,0.01,0.01,0.01,0.01,,0.01,,0.03,0.01,0.05,0.01,0.02,,0.01,0.01,0.01,0.01,0.01,0.1,0.15,0.5,0.01,0.01,,0.01,0.1,0.01,0.01,0.01,0.01,0.01,0.01,,0.01,0.02,,0.005,0.01,0.3,0.01,0.01,0.01,,0.9,0.01,0.01,5.0,0.05,0.01,0.02,,0.01,0.02,0.01,0.01,0.8,0.2,0.01,0.01,0.6,0.02,0.01,0.01,,0.01,0.01,0.01,,0.01,0.4,0.3,0.9,,0.01,0.01,0.01,0.01,0.01,150.0,0.02,0.01,1.0,0.1,0.1,0.05,0.02,0.01,0.01,0.01,0.01,0.01,0.01,0.01,0.4,,0.02,0.01,0.05,0.01,,0.01,0.01,0.01,0.1,0.1,0.01,0.01,0.01,0.01,0.01,0.01,0.6,0.01,0.01,0.7,0.01,0.02,0.2,0.01,,0.1,0.01,0.01,1.0,0.05,0.02,0.2,0.01,0.01,0.01,0.05,0.4,0.01,0.02,0.01,0.01,0.01,0.01,0.01,,0.01,0.05,,0.02,0.02,0.01,0.01,0.01,0.03,0.03,0.01,0.02,0.01,,0.01,0.01,0.01,1.0,0.1,0.01,0.01,0.02,0.01,0.01,0.01,0.01,0.6,0.01,0.01,0.01,0.01,0.01,0.01,0.01,0.01,0.01,0.01,0.01,0.001,0.01,0.01,0.01,0.01,0.01,0.05,0.01,0.02,0.05,0.01,0.3,0.02,0.05,0.01,0.01,0.5,0.05,0.01,0.01,0.01,0.02,,0.01,0.01,,0.5,0.01,0.01,70.0,0.01,0.01,0.01,0.01,0.01,0.02,,0.01,0.01,0.03,0.01,0.01,0.01,0.1,0.02,0.01,0.01,0.01,0.01,0.01,0.05,0.01,0.005,0.02,0.02,,0.01,0.01,0.01,0.02,0.5,0.02,0.01,0.01,1.0,0.15,0.01,0.05,15.0,0.01,,0.01,0.01,0.01,0.1,0.01,,0.02,0.02,0.01,0.01,0.01,0.01,0.03,0.01,0.01,0.01,0.01,0.03,0.01,0.01,0.15,0.3,0.8,0.02,0.7,0.01,,0.01,0.01,,0.01,0.03,0.02,0.02,0.01,,1.0,,0.01,0.01,0.01,0.02,0.1,0.01,0.01,,0.01,,0.01,0.01,0.01,0.01,0.01,0.01,,0.05,0.01,0.02,0.005,6.0,0.01,0.1,0.01,0.01,0.01,0.01,0.001,0.01,0.01,,0.01,0.01,0.7,0.7,,0.02,0.01,0.01,0.01,0.01,0.05,0.01,0.01,0.01,0.01,0.01,0.01,0.01,0.01,,0.01
854,Poppy seeds,Poppy seeds,0.01,0.02,0.02,0.01,0.05,0.06,,0.02,0.02,0.05,0.05,0.01,0.01,0.02,0.01,0.1,0.01,0.02,0.01,0.02,0.01,0.3,0.01,0.01,0.01,0.01,0.02,0.05,0.02,0.01,0.01,0.05,0.01,0.05,0.02,0.02,0.02,0.01,0.1,0.05,0.01,0.01,0.02,0.01,0.02,0.5,0.02,0.02,0.01,0.02,0.01,0.2,0.02,0.1,0.15,,0.01,0.01,0.02,0.01,0.01,0.02,0.01,0.01,1.0,0.01,"20.0, 5.0",0.02,0.01,0.01,0.01,0.05,0.01,0.01,0.02,0.02,0.01,0.02,0.05,0.07,0.05,0.1,0.01,0.02,0.01,,0.05,0.05,0.02,,2.0,0.05,0.01,0.02,0.02,0.01,0.02,0.01,0.02,0.04,0.01,0.02,0.01,0.01,0.02,0.02,0.01,0.01,0.01,0.01,0.01,0.02,0.02,0.02,0.01,0.05,0.1,0.05,0.05,0.02,0.5,0.01,30.0,,0.01,1.5,0.02,0.05,0.01,7.0,0.01,0.01,0.01,0.05,0.01,0.2,0.4,0.02,0.01,0.05,0.02,0.1,0.1,0.02,0.01,0.01,0.01,0.02,0.02,0.05,0.01,0.02,0.01,0.01,0.05,0.05,0.01,0.01,0.05,0.01,0.01,0.05,0.01,0.01,0.1,0.01,0.02,0.01,0.01,0.02,0.05,0.05,,0.02,0.02,0.05,0.1,0.02,0.02,0.1,0.01,0.01,0.01,0.02,0.005,0.1,0.01,0.01,0.01,0.02,0.1,0.02,0.01,0.03,0.01,0.1,0.02,0.05,0.01,0.01,0.01,0.01,0.01,0.01,0.02,0.01,0.01,0.02,0.01,0.02,0.02,0.1,0.01,0.01,0.01,0.01,0.01,0.01,0.01,0.02,0.05,0.05,0.005,0.01,0.06,0.01,0.01,9.0,0.01,0.01,0.02,0.02,0.01,0.05,0.01,0.05,,0.01,0.05,0.01,0.01,0.4,2.0,0.01,0.05,0.01,0.02,0.01,0.01,0.01,0.02,0.01,0.01,0.01,0.01,0.02,0.01,0.9,0.07,0.02,0.02,0.02,0.01,0.02,2.0,0.05,0.01,1.0,0.03,0.1,0.05,0.05,0.01,0.01,0.01,0.02,0.01,0.01,0.02,0.01,,0.05,0.01,0.05,0.01,,0.01,0.02,0.01,0.1,0.1,0.01,0.02,0.01,0.01,0.01,0.02,0.01,0.01,0.01,0.4,0.01,0.02,0.01,0.02,0.2,0.1,0.01,0.01,0.01,0.1,0.02,0.5,0.01,0.01,0.01,0.05,1.0,0.02,40.0,0.02,0.01,0.02,0.02,0.01,0.02,0.02,0.6,0.01,0.02,0.15,0.02,0.02,0.02,0.05,0.03,0.01,0.05,0.01,0.01,0.01,0.01,0.01,0.01,0.1,0.01,0.01,0.02,0.02,0.02,0.02,0.02,0.01,0.02,0.02,0.02,0.02,0.01,0.01,0.01,0.01,0.01,0.01,0.02,0.01,0.01,0.01,0.02,0.02,0.01,0.01,0.01,0.02,0.05,0.02,0.01,0.02,0.05,0.01,0.01,0.01,0.05,0.01,0.01,0.01,0.05,,0.02,0.02,0.01,0.05,0.01,0.05,1.5,0.02,0.01,0.01,0.01,0.01,0.02,0.05,0.5,0.01,0.03,0.02,0.02,0.01,0.05,0.05,0.01,0.05,0.02,0.02,0.01,0.2,0.01,0.01,0.05,0.01,0.02,0.02,0.02,0.09,0.02,0.2,0.02,0.01,0.02,3.0,0.01,0.01,0.05,0.02,0.01,0.01,0.01,0.02,0.02,0.15,0.02,0.05,0.05,0.7,0.01,0.02,0.02,0.02,0.03,0.01,0.02,0.02,0.01,0.03,0.01,0.01,0.02,0.02,0.02,0.02,0.02,0.05,,0.05,0.02,0.02,0.01,0.03,0.02,0.02,0.01,0.2,0.01,0.01,0.02,0.01,0.01,0.02,0.1,0.01,0.01,0.01,0.02,0.02,0.02,0.01,0.01,0.01,0.02,0.01,0.1,0.05,0.01,0.02,0.005,30.0,0.01,0.1,0.01,0.01,0.01,0.01,0.005,0.01,0.02,0.01,0.01,0.02,0.01,0.01,,0.02,0.01,0.01,0.01,0.02,0.05,7.0,0.02,0.01,0.01,0.02,0.01,0.01,0.01,0.1,0.01
436,FRUITS,Prickly pears/cactus fruits,0.01,0.01,0.01,0.01,0.05,0.06,,0.01,0.01,0.05,0.01,0.01,0.01,0.01,0.01,0.1,0.01,0.01,0.01,0.01,0.01,0.01,0.01,0.01,0.01,0.01,0.01,0.02,0.01,0.01,0.01,0.01,0.01,0.05,0.01,0.01,0.01,0.01,0.05,0.05,0.01,0.01,0.02,0.01,0.01,0.3,0.01,0.02,0.01,0.02,0.01,0.03,0.01,0.1,0.01,,0.01,0.01,0.01,0.01,0.01,0.01,0.01,0.01,0.01,0.01,"10.0, 20.0",0.01,0.01,0.01,0.01,0.05,0.01,0.01,0.01,0.01,0.01,0.01,0.02,0.03,0.01,0.1,0.01,0.01,0.01,,0.03,0.02,0.01,,0.01,0.3,0.01,0.01,0.01,0.02,0.01,0.01,0.01,0.03,0.01,0.02,0.005,0.01,0.01,0.01,0.01,0.01,0.01,0.01,0.01,0.01,0.01,0.01,0.01,0.05,0.1,0.02,0.02,0.01,0.5,0.01,20.0,,0.01,0.01,0.01,0.05,0.01,0.09,0.01,0.01,0.01,0.02,0.01,0.05,0.05,0.02,0.01,0.05,0.01,0.05,0.06,0.02,0.01,0.01,0.01,0.01,0.01,0.05,0.01,0.02,0.01,0.01,0.02,0.05,0.01,0.01,0.15,0.01,0.01,0.02,0.01,0.01,0.05,0.01,0.01,0.01,0.01,0.01,0.02,0.02,,0.01,0.01,0.05,0.01,0.01,0.01,0.05,0.01,0.01,0.01,0.01,0.002,0.05,0.01,0.01,0.01,0.01,0.05,0.01,0.01,0.03,0.01,0.05,0.01,0.02,0.01,0.01,0.01,0.01,0.01,0.01,0.02,0.01,0.01,0.01,0.01,0.01,0.01,0.1,0.01,0.01,0.01,0.01,0.01,0.01,0.01,0.01,0.02,0.02,0.005,0.01,0.03,0.01,0.01,0.01,0.01,0.01,0.01,0.01,0.01,0.05,0.01,0.02,,0.01,0.02,0.01,0.01,0.01,0.2,0.01,0.01,0.01,0.02,0.01,0.01,0.01,0.01,0.01,0.01,0.01,0.01,0.01,0.01,0.01,0.03,0.01,0.01,0.01,0.01,0.01,2.0,0.02,0.01,1.0,0.1,0.1,0.05,0.02,0.01,0.01,0.01,0.01,0.01,0.01,0.01,0.01,,0.02,0.01,0.05,0.01,,0.01,0.01,0.01,0.1,0.1,0.01,0.01,0.01,0.01,0.01,0.01,0.01,0.01,0.01,0.01,0.01,0.02,0.01,0.01,0.01,0.1,0.01,0.01,0.01,0.05,0.02,0.2,0.01,0.01,0.01,0.05,0.01,0.01,0.02,0.01,0.01,0.01,0.01,0.01,0.02,0.01,0.05,0.01,0.02,0.02,0.01,0.01,0.01,0.02,0.03,0.01,0.02,0.01,0.01,0.01,0.01,0.01,0.01,0.1,0.01,0.01,0.02,0.01,0.01,0.01,0.01,0.01,0.01,0.01,0.01,0.01,0.01,0.01,0.01,0.01,0.01,0.01,0.01,0.001,0.01,0.01,0.01,0.01,0.01,0.01,0.01,0.02,0.05,0.01,0.01,0.02,0.05,0.01,0.01,0.01,0.05,0.01,0.01,0.01,0.02,,0.01,0.01,0.01,2.0,0.01,0.01,1.5,0.01,0.01,0.01,0.01,0.01,0.02,0.01,0.01,0.01,0.03,0.01,0.01,0.01,0.01,0.02,0.01,0.01,0.01,0.01,0.01,0.05,0.01,0.005,0.02,0.01,0.01,0.01,0.01,0.01,0.02,0.02,0.02,0.01,0.01,1.0,0.01,0.01,0.05,0.01,0.01,0.01,0.01,0.01,0.01,0.1,0.01,0.02,0.02,0.01,0.01,0.01,0.01,0.01,0.03,0.01,0.01,0.01,0.01,0.03,0.01,0.01,0.5,0.02,0.02,0.02,0.02,0.01,,0.01,0.01,0.01,0.01,0.03,0.02,0.02,0.01,0.02,0.01,0.01,0.01,0.01,0.01,0.02,0.1,0.01,0.01,0.01,0.01,0.01,0.01,0.01,0.01,0.01,0.01,0.01,0.1,0.05,0.01,0.02,0.005,20.0,0.01,0.1,0.01,0.01,0.01,0.01,0.001,0.01,0.01,0.01,0.01,0.01,0.01,0.01,,0.02,0.01,0.01,0.01,0.01,0.05,0.01,0.01,0.01,0.01,0.01,0.01,0.01,0.01,0.1,0.01
883,Pumpkin seeds,Pumpkin seeds,0.01,0.02,0.02,0.01,0.05,0.06,,0.02,0.02,0.05,0.05,0.01,0.01,0.02,0.01,0.1,0.01,0.02,0.01,0.02,0.01,0.01,0.01,0.01,0.01,0.01,0.02,0.05,0.02,0.01,0.01,0.05,0.01,0.05,0.02,0.02,0.02,0.01,0.1,0.05,0.01,0.01,0.02,0.01,0.02,0.01,0.02,0.02,0.01,0.02,0.01,0.03,0.02,0.1,0.01,,0.01,0.01,0.02,0.01,0.01,0.02,0.01,0.01,1.0,0.01,"5.0, 20.0",0.02,0.01,0.01,0.01,0.05,0.01,0.01,0.02,0.02,0.01,0.02,0.05,0.07,0.05,0.1,0.01,0.02,0.01,,0.05,0.05,0.02,,2.0,0.05,0.01,0.02,0.02,0.02,0.02,0.01,0.02,0.04,0.01,0.02,0.01,0.01,0.02,0.02,0.01,0.01,0.01,0.01,0.01,0.02,0.02,0.02,0.01,0.05,0.1,0.05,0.05,0.02,0.5,0.01,30.0,,0.01,1.5,0.02,0.05,0.01,0.09,0.01,0.01,0.01,0.05,0.01,0.05,0.05,0.02,0.01,0.05,0.02,0.1,0.1,0.02,0.01,0.01,0.01,0.02,0.02,0.05,0.01,0.02,0.01,0.01,0.05,0.05,0.01,0.01,0.05,0.01,0.01,0.05,0.01,0.01,0.1,0.01,0.02,0.01,0.01,0.02,0.05,0.05,,0.02,0.02,0.05,0.01,0.02,0.02,0.1,0.01,0.01,0.01,0.02,0.005,0.1,0.01,0.01,0.01,0.02,0.1,0.02,0.01,0.03,0.01,0.1,0.02,0.05,0.01,0.01,0.01,0.01,0.01,0.01,0.02,0.01,0.01,0.02,0.01,0.02,0.02,0.1,0.01,0.01,0.01,0.01,0.01,0.01,0.01,0.02,0.05,0.05,0.005,0.01,0.06,0.01,0.01,5.0,0.01,0.01,0.02,0.02,0.01,0.05,0.01,0.05,,0.01,0.05,0.01,0.01,0.4,2.0,0.01,0.01,0.01,0.02,0.01,0.01,0.01,0.02,0.01,0.01,0.01,0.01,0.02,0.02,0.9,0.07,0.02,0.02,0.02,0.01,0.02,2.0,0.05,0.01,1.0,0.03,0.1,0.05,0.05,0.01,0.01,0.01,0.05,0.01,0.01,0.02,0.01,,0.05,0.01,0.05,0.01,,0.01,0.02,0.01,0.1,0.1,0.01,0.02,0.01,0.01,0.01,0.02,0.01,0.01,0.01,0.01,0.01,0.02,0.01,0.02,0.2,0.1,0.01,0.01,0.01,0.1,0.02,0.5,0.01,0.01,0.01,0.05,0.01,0.02,0.05,0.02,0.01,0.02,0.02,0.01,0.02,0.01,0.6,0.01,0.02,0.05,0.02,0.02,0.02,0.02,0.03,0.01,0.05,0.01,0.01,0.01,0.01,0.01,0.01,0.1,0.01,0.01,0.02,0.02,0.02,0.02,0.02,0.01,0.02,0.02,0.02,0.02,0.01,0.01,0.01,0.01,0.01,0.01,0.02,0.01,0.01,0.01,0.02,0.02,0.01,0.01,0.01,0.02,0.05,0.02,0.01,0.02,0.05,0.01,0.01,0.01,0.05,0.01,0.01,0.01,0.05,,0.02,0.02,0.01,0.05,0.01,0.05,1.5,0.02,0.01,0.01,0.01,0.01,0.02,0.02,0.5,0.01,0.03,0.02,0.02,0.01,0.01,0.05,0.01,0.05,0.02,0.02,0.01,0.2,0.01,0.01,0.05,0.01,0.02,0.02,0.02,0.02,0.02,0.02,0.02,0.01,0.02,3.0,0.01,0.01,0.05,0.02,0.01,0.01,0.01,0.02,0.02,0.15,0.02,0.05,0.05,0.01,0.01,0.02,0.02,0.02,0.03,0.01,0.02,0.02,0.01,0.03,0.01,0.01,0.02,0.02,0.02,0.02,0.02,0.05,,0.05,0.02,0.02,0.01,0.03,0.02,0.02,0.01,0.02,0.01,0.01,0.02,0.01,0.01,0.02,0.1,0.01,0.01,0.01,0.02,0.02,0.02,0.01,0.01,0.01,0.02,0.01,0.1,0.05,0.01,0.02,0.005,30.0,0.01,0.1,0.01,0.01,0.01,0.01,0.005,0.01,0.02,0.01,0.01,0.02,0.01,0.01,,0.02,0.01,0.01,0.01,0.02,0.05,0.01,0.02,0.01,0.01,0.02,0.01,0.01,0.01,0.1,0.01
885,PUMPKINS,Pumpkins,0.01,0.01,0.01,0.01,0.05,0.06,,0.01,0.01,0.05,0.01,0.01,0.01,0.01,0.01,0.1,0.01,0.01,0.01,0.01,0.01,0.08,0.01,0.15,0.01,0.01,0.01,0.02,"0.01, 0.03",3.0,0.01,0.01,0.01,0.05,0.01,0.01,0.01,0.01,0.05,0.05,1.0,0.01,0.02,0.01,0.01,1.0,0.01,0.02,0.01,0.02,0.01,0.03,0.01,0.1,0.01,,0.01,0.01,0.01,0.01,0.01,0.01,0.01,0.01,3.0,0.01,30.0,0.01,0.01,0.01,0.01,0.3,0.3,0.01,0.01,0.01,0.01,0.01,0.02,0.03,0.01,0.1,0.01,0.01,0.01,,0.03,0.02,0.01,,0.3,0.08,0.01,0.01,0.01,0.02,0.01,0.01,0.01,0.03,0.01,0.02,0.005,0.01,0.01,0.01,0.01,0.01,0.01,0.01,0.01,0.01,0.01,0.01,0.01,0.05,0.5,0.02,0.02,0.01,0.5,0.01,5.0,,0.01,0.4,0.15,0.05,0.01,0.09,0.05,0.01,0.01,0.02,0.4,0.2,0.05,0.6,0.01,0.05,0.01,0.05,0.06,0.1,0.2,0.01,0.01,0.01,0.01,0.05,0.01,0.02,0.01,0.01,0.02,0.05,0.01,0.01,0.2,0.01,0.01,0.3,0.01,0.01,0.05,0.01,0.5,0.01,0.01,0.01,0.05,0.02,,0.01,0.01,0.05,0.01,0.01,0.01,1.5,0.01,0.01,0.01,0.01,0.008,0.05,0.01,0.01,0.01,0.01,0.05,0.01,0.15,0.03,0.01,0.05,0.01,0.02,0.01,0.01,0.01,0.01,0.01,0.01,0.2,0.01,0.01,0.01,0.01,0.01,0.01,0.1,0.01,0.01,0.01,0.01,0.01,0.01,0.01,0.01,0.02,0.02,0.005,0.01,0.4,0.01,0.01,0.01,0.01,0.2,0.01,0.01,0.3,0.05,0.01,0.02,,0.01,0.02,0.01,0.5,0.4,0.2,0.01,0.01,0.01,0.02,0.01,0.01,0.01,0.01,0.01,0.01,0.01,0.01,0.3,0.01,0.15,0.03,0.01,0.01,0.01,0.3,0.01,75.0,0.02,0.01,1.0,0.03,0.1,0.05,0.02,0.01,0.01,0.01,0.01,0.01,0.01,0.01,0.07,,0.02,0.01,0.05,0.01,,0.01,0.01,0.15,0.1,0.1,0.01,0.01,0.01,0.01,0.01,0.01,0.01,0.01,0.01,0.3,0.01,0.02,0.5,0.01,0.06,0.1,0.01,0.01,0.4,0.05,0.02,0.2,0.01,0.4,0.01,0.05,0.5,0.01,0.02,0.01,0.01,0.01,0.01,0.01,0.02,0.01,0.05,0.01,0.02,0.02,0.01,0.01,0.01,0.02,0.03,0.01,0.02,0.01,0.3,0.1,0.01,0.01,0.5,0.1,0.01,0.01,0.02,0.01,0.01,0.01,0.01,0.3,0.01,0.01,0.01,0.01,0.01,0.01,0.01,0.01,0.01,0.01,0.01,0.001,0.01,0.2,0.01,0.01,0.01,0.01,0.01,0.02,0.05,0.01,0.15,0.02,0.05,0.01,0.01,0.6,0.05,0.01,0.01,0.01,0.02,,0.01,0.01,0.01,0.05,0.01,0.01,60.0,0.01,0.01,0.01,0.01,0.01,0.02,1.0,0.01,0.01,0.03,0.01,0.01,0.01,0.01,0.02,5.0,0.01,0.01,0.01,0.01,0.05,0.01,0.005,0.02,0.02,0.01,0.01,0.01,0.01,0.02,0.5,0.02,0.01,0.01,1.0,0.01,0.01,0.05,0.01,0.2,0.01,0.01,0.01,0.01,0.1,0.01,0.05,0.02,0.01,0.01,0.01,0.01,0.01,0.03,0.01,0.01,0.01,0.01,0.03,0.01,0.01,0.03,1.0,0.02,0.3,0.2,0.01,,0.01,0.01,0.5,0.01,0.03,0.02,0.02,0.01,0.15,0.01,0.01,0.01,0.01,0.01,0.02,0.1,0.01,0.01,0.08,0.01,0.01,0.01,0.01,0.01,0.01,0.01,0.01,0.5,0.05,0.01,0.02,0.005,10.0,0.01,0.1,0.01,0.01,0.01,0.01,0.001,0.01,0.01,0.01,0.01,0.01,0.3,0.3,,0.02,0.01,0.01,0.01,0.01,0.05,0.01,0.01,0.01,0.01,0.01,0.01,0.01,0.01,0.1,2.0
886,Purslanes,Purslanes,0.01,0.01,0.01,0.01,0.05,0.06,,0.01,0.01,0.05,0.01,0.01,0.01,0.01,0.01,0.1,0.01,0.01,0.1,0.01,0.01,0.6,0.01,0.01,0.01,0.01,0.01,0.02,0.01,60.0,0.01,0.01,0.01,0.05,0.01,0.01,0.01,0.01,0.05,0.05,1.0,0.01,0.02,0.01,0.01,15.0,0.01,0.02,0.01,0.02,0.01,0.03,0.01,0.1,0.01,,0.01,0.01,0.01,0.01,0.01,0.01,0.01,0.01,0.9,0.01,50.0,0.01,0.01,0.01,0.01,0.05,0.01,0.01,0.01,0.01,0.01,0.01,0.02,0.03,0.01,0.1,0.01,0.005,0.01,,0.03,0.02,0.01,,20.0,0.7,0.01,0.01,0.01,0.02,0.01,0.01,0.01,0.03,0.01,0.02,0.005,0.01,0.01,0.01,0.01,0.01,0.01,0.01,0.01,0.01,0.01,0.01,0.01,0.05,0.5,0.02,0.02,0.01,0.5,0.01,20.0,,0.01,20.0,0.01,0.05,0.01,2.0,0.01,0.01,0.01,0.02,0.01,0.7,0.05,15.0,0.01,0.05,0.01,0.05,0.06,0.15,0.01,0.01,0.01,0.01,0.01,0.05,0.01,0.02,0.01,0.01,0.02,0.05,0.01,0.01,3.0,0.01,0.01,0.3,0.01,0.01,0.05,0.01,4.0,0.01,0.01,0.01,0.02,0.02,,0.01,0.01,0.05,0.01,0.01,0.01,5.0,0.01,0.01,0.01,0.01,0.2,0.05,0.01,0.01,0.01,0.01,0.05,0.01,0.01,0.03,0.01,0.05,0.01,0.02,0.01,0.01,0.01,0.01,0.01,0.01,0.02,0.01,0.01,0.01,0.01,0.01,0.01,0.1,0.01,0.01,0.01,0.01,0.01,8.0,0.01,0.01,0.02,0.02,0.005,0.01,0.6,0.01,0.01,0.02,0.01,0.01,0.01,0.01,20.0,0.05,0.01,0.02,,0.01,0.02,0.01,6.0,20.0,0.2,0.01,0.01,6.0,0.02,0.01,0.01,0.01,0.01,0.01,0.01,0.01,0.01,0.01,0.01,3.0,0.03,0.01,0.01,0.01,0.01,0.01,2.0,0.02,0.01,1.0,0.03,0.1,0.05,0.02,0.01,0.01,0.01,0.01,0.01,0.01,0.01,0.01,,0.02,0.01,0.05,0.01,,0.01,0.01,0.01,0.1,0.1,0.01,0.01,0.01,0.01,0.01,0.01,20.0,0.01,0.01,0.01,0.01,0.02,0.01,0.01,0.01,0.1,0.01,0.01,0.01,0.05,0.02,0.2,0.01,25.0,0.01,0.05,0.01,0.01,0.02,0.01,0.01,0.01,0.01,0.01,0.02,1.5,2.0,0.03,0.02,0.02,0.01,0.01,0.01,0.02,0.03,0.01,0.02,0.01,4.0,0.15,0.01,0.01,0.01,0.1,0.01,0.01,0.02,0.01,0.01,0.01,0.01,0.05,0.01,0.01,0.01,0.01,0.01,0.01,0.01,0.01,0.01,0.01,0.01,0.001,0.01,15.0,0.01,0.01,0.01,0.01,0.01,0.02,0.05,0.01,0.01,0.02,0.05,0.01,0.01,30.0,0.05,0.01,0.01,0.01,0.02,,0.01,0.01,0.01,0.05,0.01,0.01,100.0,0.01,0.01,0.01,0.01,0.01,0.02,0.06,0.01,0.01,0.03,0.01,0.01,0.01,0.01,0.02,40.0,0.01,0.01,0.01,0.01,0.05,0.01,0.005,0.02,0.01,0.01,0.01,0.01,0.01,0.02,0.02,0.02,0.01,0.01,1.0,0.01,0.01,0.05,0.01,0.01,0.01,0.01,0.01,0.01,0.1,0.01,0.02,0.02,0.01,0.01,0.01,0.01,0.01,0.03,0.01,0.01,0.01,0.01,0.03,0.01,0.01,4.0,10.0,0.02,0.02,7.0,0.01,,0.01,0.01,0.01,0.01,0.03,0.02,0.02,0.01,0.02,10.0,0.01,0.01,0.01,0.01,0.02,0.1,0.01,0.01,0.01,0.01,0.01,0.01,0.01,0.01,0.01,0.01,0.01,0.1,0.05,0.01,0.02,0.005,150.0,0.01,0.1,0.01,0.01,0.01,0.01,0.001,0.01,0.01,0.01,0.01,0.01,15.0,15.0,,0.02,0.01,0.01,0.01,0.01,0.05,0.01,0.01,0.01,0.01,0.01,0.01,0.01,0.01,0.1,0.01
887,Quail,Quail,0.01,,0.1,0.02,0.4,0.06,0.01,0.01,0.01,0.01,0.05,0.01,0.01,0.01,0.01,0.1,0.01,0.01,0.01,0.02,0.01,0.02,0.01,0.02,0.01,0.01,0.01,0.01,0.02,0.03,0.01,0.01,0.01,0.01,0.05,0.01,0.01,0.01,0.02,,0.01,0.02,0.01,0.01,0.01,0.01,0.01,0.01,0.02,0.02,0.01,0.02,0.01,0.1,0.01,0.01,0.02,0.01,0.01,0.01,0.01,0.01,0.05,0.01,0.01,0.01,0.05,0.01,0.01,0.05,0.02,0.05,0.01,0.01,0.01,0.01,0.01,0.01,0.01,0.03,0.05,0.05,0.01,0.01,0.01,,0.03,0.01,,,0.2,0.05,0.05,0.01,0.005,0.02,,0.05,0.01,0.1,0.15,0.1,0.01,0.01,0.02,0.02,0.05,0.05,0.01,0.01,0.01,0.01,0.01,0.01,0.01,0.1,0.05,0.02,0.02,0.01,0.05,0.01,2.0,,0.01,0.3,0.01,0.01,0.01,0.15,0.02,0.01,0.01,0.01,0.01,0.05,0.05,0.02,0.05,0.05,0.02,,0.06,,0.02,0.01,0.01,0.01,0.02,0.05,0.01,0.02,,0.01,0.05,0.1,0.01,0.01,0.05,0.01,0.02,0.1,0.01,0.01,,0.01,0.01,0.01,0.02,0.01,0.05,0.02,0.02,0.01,0.01,0.05,0.05,0.01,0.01,0.05,0.01,0.01,0.01,0.02,0.01,0.05,0.005,0.01,0.01,0.01,0.05,0.01,0.01,0.03,0.01,0.05,0.01,0.02,0.015,0.01,0.01,0.01,0.01,0.01,0.02,0.01,0.05,0.02,,0.05,0.01,0.05,0.01,0.01,,0.02,0.01,0.01,0.01,0.01,0.02,0.02,0.005,0.01,0.15,0.01,0.01,0.02,0.01,0.01,0.01,0.01,0.02,0.05,0.01,0.02,,0.01,0.02,0.005,0.01,0.15,0.2,,0.05,0.01,0.02,0.01,0.05,0.01,0.01,0.01,0.02,0.01,0.05,0.01,0.01,0.02,0.05,0.01,0.01,0.01,0.01,0.01,0.7,,0.01,1.0,0.05,0.05,0.05,0.02,,0.01,0.02,0.01,0.01,0.01,,0.01,,0.02,0.01,0.01,0.01,0.01,0.01,0.02,0.01,0.1,0.1,0.01,0.02,0.01,0.01,0.01,0.05,0.01,0.01,0.01,0.01,0.01,0.02,0.05,0.01,0.02,0.1,0.01,0.01,0.02,0.05,0.02,0.1,0.01,0.01,0.01,,0.015,0.01,0.07,,0.01,0.01,0.02,0.01,0.02,0.01,0.01,0.01,0.05,0.02,0.05,0.01,0.01,0.02,0.03,0.01,0.05,0.01,0.01,0.01,0.01,0.01,0.01,0.1,0.01,,0.02,0.01,,0.01,0.01,0.01,0.01,0.02,0.05,0.01,0.01,0.01,0.01,0.01,0.01,0.01,0.01,0.005,0.01,0.01,0.01,0.01,0.01,0.01,0.01,,0.05,0.01,0.05,0.01,0.01,0.01,0.01,0.01,,0.01,0.01,0.05,0.05,,0.05,0.01,0.01,0.05,,0.01,0.5,0.02,0.01,0.01,0.02,0.01,,0.01,0.01,0.01,0.03,0.01,0.02,0.01,0.01,0.02,0.05,0.01,0.01,0.01,0.01,0.01,0.01,0.01,0.05,0.01,0.02,0.01,0.02,0.01,0.01,0.05,0.02,0.01,0.01,0.05,0.01,0.01,0.05,0.01,0.01,0.01,0.01,0.01,,0.02,0.02,0.02,0.01,0.01,0.01,0.02,0.02,0.01,0.01,0.01,0.01,0.01,0.01,0.03,0.01,0.01,0.02,0.2,0.02,0.01,0.01,0.05,,0.01,0.02,0.1,0.01,0.02,0.01,0.02,,0.1,0.02,0.01,0.01,0.01,0.05,0.01,0.1,0.01,0.01,0.05,0.05,0.01,0.02,0.01,0.01,0.01,0.01,0.01,0.05,0.01,0.01,0.05,0.01,2.0,0.01,0.05,0.01,0.01,0.01,0.01,0.01,0.01,0.01,0.01,0.01,0.01,0.04,0.04,0.01,0.01,0.01,0.01,0.01,0.01,0.01,0.01,0.01,0.01,0.03,0.01,0.01,0.01,0.01,,0.01
888,QUINCE,Quinces,0.01,0.01,0.01,0.01,0.05,0.06,,0.01,0.01,0.05,0.01,0.01,0.01,0.01,0.01,0.1,0.01,0.01,0.02,0.01,0.4,0.15,0.01,0.2,0.01,0.01,0.01,0.02,0.01,0.01,0.01,0.01,0.01,0.05,0.01,0.01,0.01,0.01,0.05,0.05,1.0,0.01,0.02,0.01,0.01,0.01,0.01,0.02,0.01,0.02,0.01,0.03,0.01,0.1,0.2,,0.01,0.01,0.01,0.01,0.01,0.01,0.01,0.01,1.5,0.01,"5.0, 20.0",0.01,0.01,0.01,0.01,0.05,0.01,0.01,0.01,0.01,0.01,0.01,0.02,10.0,0.01,0.2,0.01,0.001,0.01,,0.03,0.02,0.01,,0.4,0.05,0.01,0.01,0.01,0.01,0.01,0.01,0.01,0.03,0.01,0.02,0.005,0.01,0.01,0.01,0.01,0.01,0.01,0.01,0.01,0.01,0.01,0.01,0.01,0.05,0.1,0.02,0.5,0.01,0.5,0.01,5.0,,0.01,0.8,0.01,0.05,0.01,0.4,0.06,0.4,0.01,0.02,0.01,1.0,0.1,2.0,0.01,0.05,0.01,0.05,0.06,0.02,0.1,0.01,0.01,0.01,0.01,0.05,0.01,0.02,0.01,0.01,0.02,0.05,0.01,0.01,0.8,0.01,0.01,0.2,0.01,0.01,0.05,0.01,0.01,0.01,0.01,0.01,0.02,0.02,,0.01,0.01,0.05,0.02,0.01,3.0,5.0,0.01,0.01,5.0,0.01,0.02,0.05,0.01,0.01,0.01,0.01,0.05,0.01,0.01,0.03,0.01,0.05,0.01,0.02,0.01,0.01,0.01,0.01,0.01,0.01,0.1,0.15,0.5,0.01,0.01,0.01,0.01,0.1,0.01,0.01,0.01,0.01,0.01,0.01,0.2,0.01,0.02,0.02,0.005,0.01,0.3,0.01,0.01,0.01,0.01,0.9,0.01,0.01,5.0,0.05,0.01,0.02,,0.01,0.02,0.01,0.01,0.8,0.2,0.01,0.01,0.6,0.02,0.01,0.01,0.01,0.01,0.01,0.01,0.01,0.01,0.4,0.3,0.9,0.03,0.01,0.01,0.01,0.01,0.01,150.0,0.02,0.01,1.0,0.1,0.1,0.05,0.02,0.01,0.01,0.01,0.01,0.01,0.01,0.01,0.4,,0.02,0.01,0.05,0.01,,0.01,0.01,0.01,0.1,0.1,0.01,0.01,0.01,0.01,0.01,0.01,0.6,0.01,0.01,0.7,0.01,0.02,0.2,0.01,0.2,0.1,0.01,0.01,1.0,0.05,0.02,0.2,0.01,0.01,0.01,0.05,0.4,0.01,0.02,0.01,0.01,0.01,0.01,0.01,0.02,0.01,0.05,0.01,0.02,0.02,0.01,0.01,0.01,0.03,0.03,0.01,0.02,0.01,2.0,0.01,0.01,0.01,1.0,0.1,0.01,0.01,0.02,0.01,0.01,0.01,0.01,0.6,0.01,0.01,0.01,0.01,0.01,0.01,0.01,0.01,0.01,0.01,0.01,0.001,0.01,0.01,0.01,0.01,0.01,0.05,0.01,0.02,0.05,0.01,0.3,0.02,0.05,0.01,0.01,0.5,0.05,0.01,0.01,0.01,0.02,,0.01,0.01,0.01,0.5,0.01,0.01,70.0,0.01,0.01,0.01,0.01,0.01,0.02,1.5,0.01,0.01,0.03,0.01,0.01,0.01,0.1,0.02,0.01,0.01,0.01,0.01,0.01,0.05,0.01,0.005,0.02,0.02,0.01,0.01,0.01,0.01,0.02,0.5,0.02,0.01,0.01,1.0,0.15,0.01,0.05,15.0,0.01,0.01,0.01,0.01,0.01,0.1,0.01,0.02,0.02,0.02,0.01,0.01,0.01,0.01,0.03,0.01,0.01,0.01,0.01,0.03,0.01,0.01,0.15,0.3,0.8,0.02,0.7,0.01,,0.01,0.01,0.3,0.01,0.03,0.02,0.02,0.01,0.5,1.0,0.8,0.01,0.01,0.01,0.02,0.1,0.01,0.01,0.3,0.01,3.0,0.01,0.01,0.01,0.01,0.01,0.01,0.5,0.05,0.01,0.02,0.005,6.0,0.01,0.1,0.01,0.01,0.01,0.01,0.001,0.01,0.01,0.01,0.01,0.01,0.7,0.7,,0.02,0.01,0.01,0.01,0.01,0.05,0.01,0.01,0.01,0.01,0.01,0.01,0.01,0.01,0.1,0.01
894,RADISH,Radishes,0.01,0.01,0.01,0.01,0.05,0.06,,0.01,0.01,0.05,0.01,0.01,0.01,0.01,0.01,0.1,0.01,0.01,0.01,0.01,0.01,0.01,0.01,0.01,0.01,0.01,0.01,0.02,0.01,0.01,0.01,0.01,0.01,0.05,0.01,0.01,0.01,0.01,0.05,0.05,1.0,0.01,0.02,0.01,0.01,1.5,0.01,0.02,0.01,0.02,0.01,0.03,0.01,0.1,0.01,,0.01,0.01,0.05,0.01,0.01,0.01,0.09,0.01,2.0,0.01,50.0,0.01,0.01,0.01,0.01,0.05,0.01,0.01,0.01,0.01,0.01,0.01,0.02,0.03,0.01,0.1,0.01,0.002,0.01,,0.03,0.02,0.01,,0.5,0.15,0.01,0.01,0.01,0.02,0.01,0.01,0.01,0.03,0.01,0.02,0.005,0.01,0.01,0.01,0.01,0.01,0.01,0.01,0.01,0.01,0.01,0.01,0.01,0.05,0.5,0.02,0.02,0.01,0.5,0.01,5.0,,0.01,0.05,0.01,0.05,0.01,3.0,0.01,0.01,0.01,0.02,0.01,0.05,0.05,0.3,0.01,0.05,0.01,0.05,0.06,0.05,0.02,0.01,0.01,0.01,0.1,0.05,0.01,0.02,0.01,0.01,0.02,0.05,0.01,0.01,0.4,0.01,0.01,0.4,0.01,0.01,0.05,0.01,1.5,0.01,0.01,0.01,0.02,0.02,,0.01,0.01,0.05,0.01,0.01,0.01,2.0,0.01,0.01,0.01,0.01,0.002,0.05,0.01,0.01,0.01,0.01,0.05,0.01,0.01,0.03,0.01,0.05,0.01,0.02,0.01,0.01,0.01,0.01,0.01,0.01,0.02,0.01,0.01,0.01,0.01,0.01,0.01,0.1,0.01,0.01,0.01,0.01,0.01,0.01,0.01,0.01,0.02,0.02,0.005,0.01,0.6,0.01,0.01,0.5,0.01,0.01,0.01,0.01,0.3,0.05,0.01,0.02,,0.01,0.02,0.01,0.2,0.4,0.2,0.01,0.01,0.9,0.02,0.01,0.01,0.01,0.01,0.01,0.01,0.01,0.01,0.01,0.01,0.9,0.04,0.01,0.01,0.01,0.01,0.01,25.0,0.02,0.01,1.0,0.1,0.1,0.05,0.02,0.01,0.01,0.01,0.01,0.01,0.01,0.01,0.01,,0.02,0.01,0.05,0.01,,0.01,0.01,0.01,0.1,0.1,0.01,0.01,0.01,0.01,0.01,0.01,0.01,0.01,0.01,0.2,0.01,0.02,0.01,0.01,0.15,0.1,0.01,0.01,0.01,0.05,0.02,0.2,0.01,0.3,0.01,0.05,0.5,0.01,0.02,0.01,0.01,0.01,0.01,0.01,0.02,0.06,0.3,0.01,0.06,0.02,0.01,0.01,0.01,0.02,0.03,0.01,0.02,0.01,0.4,0.05,0.01,0.01,0.01,0.1,0.01,0.01,0.02,0.01,0.01,0.01,0.01,0.06,0.01,0.01,0.01,0.01,0.01,0.01,0.01,0.01,0.01,0.01,0.01,0.001,0.01,0.01,0.01,0.01,0.01,0.01,0.01,0.02,0.05,0.01,0.01,0.02,0.05,0.01,0.01,3.0,0.05,0.01,0.01,0.01,0.02,,0.01,0.01,0.01,0.05,0.01,0.01,40.0,0.01,0.01,0.01,0.01,0.01,0.02,0.05,0.01,0.01,0.03,0.01,0.01,0.01,0.01,0.02,8.0,0.01,0.01,0.01,0.01,0.05,0.01,0.005,0.02,0.01,0.01,0.01,0.01,0.01,0.02,0.5,0.02,0.01,0.01,1.0,0.01,0.01,0.05,0.01,0.01,0.01,0.01,0.01,0.01,0.1,0.01,0.02,0.02,0.2,0.01,0.01,0.01,0.01,0.03,0.01,0.01,0.01,0.01,0.03,0.01,0.01,0.02,0.3,0.02,0.02,0.07,0.01,,0.01,0.01,0.03,0.01,0.03,0.02,0.02,0.01,0.02,0.01,0.01,0.01,0.01,0.1,0.02,0.1,0.01,0.01,0.01,0.01,0.01,0.01,0.01,0.01,0.01,0.01,0.01,0.1,0.05,0.1,0.02,0.005,5.0,0.01,0.1,0.01,0.01,0.01,0.01,0.001,0.01,0.01,0.01,0.01,0.01,0.08,0.08,,0.02,0.01,0.01,0.01,0.01,0.05,0.01,0.01,0.01,0.01,0.01,0.01,0.01,0.01,0.1,0.01
900,Rapeseeds/canola seeds,Rapeseeds/canola seeds,0.01,0.02,0.02,0.01,0.05,0.06,,0.02,0.02,0.05,0.05,0.01,0.01,0.02,0.01,0.1,0.01,0.02,0.01,0.02,0.01,0.4,0.01,0.01,0.01,0.01,0.02,0.05,0.02,0.01,0.01,0.05,0.01,0.05,0.02,0.02,0.02,0.01,0.1,0.05,0.01,0.01,0.02,0.01,0.02,0.7,0.02,0.02,0.01,0.02,0.01,0.03,0.02,0.1,0.2,,0.01,0.01,0.05,0.01,0.01,0.02,0.08,0.01,1.0,0.01,"5.0, 20.0",0.02,0.01,0.01,0.01,0.05,0.01,0.01,0.02,0.02,0.01,0.02,0.05,0.07,0.05,0.1,0.01,0.02,0.01,,0.05,0.05,0.02,,2.0,0.05,0.01,0.02,0.02,0.01,0.02,0.01,0.02,0.04,7.0,0.02,0.01,0.01,0.02,0.02,0.01,0.01,0.01,0.01,0.01,0.02,0.02,0.02,0.01,0.05,1.0,0.05,0.05,0.02,0.5,0.01,30.0,,0.01,0.8,0.02,0.05,0.01,7.0,0.01,0.01,0.07,0.05,0.01,0.2,0.4,0.02,0.01,0.05,0.02,0.1,0.1,0.02,0.2,0.01,0.01,0.02,0.02,0.05,0.01,0.02,0.01,0.01,0.05,0.05,0.01,0.01,0.5,0.01,0.01,0.3,0.02,0.01,0.2,0.01,0.02,0.01,0.05,0.02,0.05,0.05,,0.02,0.02,0.05,1.5,0.02,0.02,0.5,0.01,0.01,0.01,0.02,0.005,0.1,0.01,0.01,0.01,0.02,0.1,0.02,0.01,0.03,0.01,0.1,0.02,0.05,0.05,0.01,0.01,0.01,0.01,0.01,0.02,0.01,0.01,0.02,0.01,0.02,0.02,0.1,0.01,0.01,0.01,0.01,0.01,0.01,0.01,0.02,0.05,0.05,0.005,0.01,0.06,0.01,0.01,9.0,0.01,0.01,0.02,0.02,0.3,0.05,0.01,0.05,,0.01,0.05,0.01,0.01,1.0,2.0,0.01,0.05,0.3,0.02,0.01,0.01,0.01,0.02,0.01,0.01,0.01,0.01,0.5,0.02,0.9,0.07,0.02,0.02,0.02,0.01,0.02,2.0,0.05,0.01,1.0,1.5,10.0,0.05,0.05,0.01,0.05,0.01,0.02,0.01,0.01,0.02,0.01,,0.05,0.01,0.05,0.05,0.05,0.01,0.02,0.01,0.1,0.1,0.01,0.02,0.01,0.01,0.01,0.02,0.015,0.01,0.01,0.4,0.01,0.02,0.01,0.02,0.2,0.1,0.01,0.01,0.01,0.1,0.02,0.5,0.01,0.01,0.01,0.05,1.0,0.02,15.0,0.02,0.01,0.02,0.02,0.01,0.02,0.02,0.6,0.01,0.06,0.2,0.02,0.02,0.02,0.05,0.03,0.01,0.05,0.01,0.01,0.01,0.01,0.01,0.01,0.1,0.01,0.01,0.02,0.02,0.02,0.02,0.02,0.01,0.02,0.02,0.02,0.02,0.01,0.01,0.01,0.01,0.01,0.01,0.02,0.01,0.01,0.01,0.02,0.02,0.01,0.01,0.01,0.02,0.05,0.02,0.01,0.02,0.05,0.01,0.01,0.5,0.05,0.01,0.01,0.01,0.05,,0.02,0.02,0.01,0.05,0.01,0.05,1.5,0.02,0.03,0.03,0.01,0.01,0.02,0.05,0.5,0.01,0.03,0.02,0.02,0.01,0.015,0.05,0.01,0.05,0.02,0.02,0.01,0.2,0.01,0.01,0.05,0.01,0.02,0.02,0.02,0.15,0.02,0.2,0.02,0.01,0.02,3.0,0.01,0.01,0.05,0.02,0.01,0.01,0.01,0.02,0.15,0.15,0.02,0.05,0.05,2.0,0.01,0.02,0.02,0.02,0.6,0.01,0.02,0.02,0.01,0.03,0.01,0.01,0.02,0.02,0.02,0.02,0.02,0.05,,0.05,0.02,0.15,0.01,0.03,0.02,0.02,0.01,0.5,2.0,0.01,0.02,0.01,0.01,0.02,0.1,0.01,0.01,0.15,0.02,0.02,0.02,0.01,0.01,0.01,0.02,0.01,0.1,0.05,0.01,0.02,0.005,30.0,0.01,0.1,0.01,0.01,0.01,0.01,0.005,0.01,0.02,0.01,0.01,0.02,0.01,0.01,,0.02,0.01,0.01,0.01,0.02,0.05,2.0,0.02,0.01,0.01,0.02,0.01,0.01,0.01,0.1,0.01
901,Raspberries (red and yellow),Raspberries (red and yellow),0.01,0.01,0.01,0.01,0.05,0.06,,0.01,0.01,0.1,0.01,0.01,0.01,0.01,0.01,0.1,0.01,0.01,0.08,0.01,0.01,0.6,0.01,0.01,0.01,0.01,0.01,0.02,0.01,0.01,0.01,0.01,0.01,0.05,0.01,0.01,0.01,0.01,0.05,0.05,1.0,0.01,0.02,0.01,0.01,5.0,0.01,0.02,0.01,0.02,0.01,0.03,0.01,0.1,0.01,,0.01,0.01,1.0,0.01,0.01,0.01,0.01,0.01,10.0,0.01,"5.0, 20.0",0.01,0.01,0.01,0.01,1.5,1.5,0.01,0.01,0.01,0.01,0.01,0.02,20.0,0.01,0.1,0.01,0.01,0.01,,0.03,0.02,0.01,,1.5,0.05,0.01,0.01,0.01,0.01,0.01,0.01,0.01,0.03,0.01,0.02,0.01,0.01,0.01,0.01,0.01,0.01,0.01,0.01,0.01,0.01,0.01,0.01,0.01,0.05,0.1,0.02,3.0,0.01,0.5,0.01,5.0,,0.01,4.0,0.01,0.05,0.01,0.09,0.07,0.01,0.01,0.02,0.01,0.5,0.05,3.0,0.01,0.05,0.01,0.05,0.06,0.02,0.08,0.01,0.01,0.01,0.01,0.05,0.01,0.02,0.01,0.01,0.02,0.05,0.01,0.01,1.5,0.01,0.01,0.07,0.01,0.01,0.05,0.01,0.01,0.01,0.01,0.01,0.02,0.02,,0.01,0.01,0.05,0.01,0.01,3.0,0.05,0.01,0.01,0.01,0.01,0.002,0.05,0.01,0.01,0.01,0.01,0.05,0.01,0.15,0.03,0.01,0.05,0.01,0.02,0.01,0.01,0.01,0.01,0.01,0.01,0.1,0.01,0.01,0.01,0.01,15.0,0.01,0.1,0.01,0.01,0.01,0.01,0.01,5.0,1.5,0.01,0.02,0.02,0.005,0.01,1.0,0.01,0.01,0.08,0.01,0.01,0.01,0.01,5.0,0.05,0.01,0.02,,0.01,0.02,0.01,0.01,5.0,0.2,0.01,0.01,6.0,0.02,0.01,0.01,0.01,0.01,0.01,0.01,0.01,0.01,0.01,0.01,0.01,0.03,0.01,0.01,0.01,0.01,0.01,300.0,0.02,0.01,1.0,0.1,0.1,0.05,0.02,0.01,0.01,0.01,0.01,0.01,0.01,0.01,3.0,,0.02,2.0,0.05,0.01,,0.01,0.01,0.01,0.1,0.1,0.01,0.01,0.01,0.01,0.01,0.01,7.0,0.01,0.01,0.01,0.01,0.02,0.01,0.01,0.2,0.1,0.01,0.01,0.01,0.05,0.02,0.2,0.01,0.01,0.01,0.05,3.0,4.0,0.02,0.01,0.01,0.01,0.01,0.01,0.02,0.02,0.05,0.01,0.02,0.02,0.01,0.01,0.01,0.02,0.03,0.01,0.02,0.01,0.01,0.01,0.01,0.01,0.01,0.1,0.01,0.01,0.02,0.01,0.01,0.01,0.01,0.01,0.01,0.01,0.01,0.01,0.01,0.01,0.01,0.01,0.01,0.01,0.01,0.001,0.01,0.5,0.01,0.01,0.01,0.01,0.01,0.02,0.05,0.01,0.4,0.02,0.05,0.01,0.01,0.01,0.05,0.01,0.01,0.01,0.02,,0.01,0.01,0.01,0.05,0.01,0.01,200.0,0.01,0.01,0.01,0.01,0.01,0.02,4.0,0.01,0.01,0.03,0.01,0.01,0.01,0.01,0.02,0.01,0.01,0.01,0.01,0.01,0.05,0.01,0.005,0.02,0.01,0.01,0.01,0.01,0.01,0.02,3.0,0.02,0.01,0.01,1.0,0.01,0.01,0.05,15.0,0.9,0.01,0.01,0.01,0.01,0.1,0.01,0.02,0.02,0.02,0.01,0.01,0.01,0.01,0.03,0.01,0.01,0.01,0.01,0.03,0.01,0.01,1.0,1.5,0.02,0.02,0.02,0.01,,0.01,0.01,0.01,0.01,0.03,0.02,0.02,0.01,0.5,2.0,0.15,0.01,0.01,0.01,0.02,0.1,0.01,0.01,0.01,0.01,0.01,0.01,0.01,0.01,0.01,0.01,0.01,0.1,0.05,0.01,0.02,0.005,5.0,0.01,0.1,0.01,0.01,0.01,0.01,0.001,0.01,0.01,0.01,0.01,0.01,3.0,3.0,,0.02,0.01,0.01,0.01,0.01,0.05,0.01,0.01,0.01,0.01,0.01,0.01,0.01,0.01,0.1,0.01
906,Red mustards,Red mustards,0.01,0.01,0.01,0.01,0.05,0.06,,0.01,0.01,0.05,0.01,0.01,0.01,0.01,0.01,0.1,0.01,0.01,0.01,0.01,0.01,0.9,0.01,0.3,0.01,0.01,0.01,0.02,0.01,50.0,0.01,0.01,0.01,0.05,0.01,0.01,0.01,0.01,0.05,0.05,1.0,0.01,0.02,0.01,0.01,10.0,0.01,0.02,0.01,0.02,0.01,0.03,0.01,0.1,0.01,,0.01,0.01,0.01,0.01,0.01,0.01,0.01,0.01,50.0,0.01,50.0,0.01,0.01,0.01,0.01,0.05,0.01,0.01,0.01,0.01,0.01,0.01,0.02,0.03,0.01,0.1,0.01,0.002,0.01,,0.03,0.02,0.01,,20.0,0.7,0.01,0.01,0.01,0.02,0.01,0.01,0.01,0.03,0.01,0.02,0.005,0.01,0.01,0.01,0.01,0.01,0.01,0.01,0.01,0.01,0.01,0.01,0.01,0.05,0.5,0.02,0.02,0.01,0.5,0.01,100.0,,0.01,15.0,0.01,0.05,0.01,3.0,0.01,0.01,0.01,0.02,0.01,2.0,0.05,15.0,0.01,0.05,0.01,0.05,0.06,0.03,2.0,0.01,0.01,0.01,0.01,0.05,0.01,0.02,0.01,0.01,0.02,0.05,0.01,0.01,4.0,0.01,0.01,0.3,0.01,0.01,0.05,0.01,10.0,0.01,0.01,0.01,0.02,0.02,,0.01,0.01,0.05,0.01,0.01,0.01,5.0,0.01,0.01,0.01,0.01,0.6,0.05,0.01,0.01,0.01,0.01,0.05,0.01,0.01,0.03,0.01,0.05,0.01,0.02,0.01,0.01,0.01,0.01,0.01,0.01,0.02,0.01,0.01,0.01,0.01,50.0,0.01,0.1,0.01,0.01,0.01,0.01,0.01,8.0,0.01,0.01,0.02,0.02,0.005,0.01,0.6,0.01,0.01,0.02,0.01,0.01,0.01,0.01,20.0,0.05,0.01,0.02,,0.01,0.02,0.01,30.0,2.0,0.2,0.01,0.01,6.0,0.02,0.01,0.01,0.01,0.01,0.01,0.01,0.01,0.01,0.01,0.7,4.0,0.03,0.01,0.01,0.01,0.01,0.01,75.0,0.02,0.01,1.0,0.06,0.1,0.05,0.02,0.01,0.01,0.01,0.01,0.01,0.01,0.01,0.01,,0.02,0.01,0.05,0.01,,0.01,0.01,0.01,0.1,0.1,0.01,0.01,0.01,0.01,0.01,0.01,20.0,0.01,0.01,0.01,0.01,0.02,0.01,0.01,0.01,0.1,0.01,0.01,0.01,0.05,0.02,0.2,0.01,25.0,0.01,0.05,0.01,0.01,0.02,0.01,0.01,0.01,0.01,0.01,20.0,3.0,2.0,0.01,0.02,0.02,0.01,0.01,0.01,0.02,0.03,0.01,0.02,0.01,4.0,0.03,0.01,0.01,0.01,0.1,0.01,0.01,0.02,0.01,0.01,0.01,0.01,0.05,0.05,0.01,0.01,0.01,0.01,0.01,0.01,0.01,0.01,0.01,0.01,0.001,0.01,5.0,0.01,0.01,0.01,0.01,0.01,0.02,0.05,0.01,0.01,0.02,0.05,0.01,0.01,20.0,0.05,0.01,0.01,0.01,0.02,,0.01,0.01,0.01,0.05,0.01,0.01,150.0,0.01,0.01,0.01,0.01,0.01,0.02,15.0,0.01,0.01,0.03,0.01,0.01,0.01,0.01,0.02,20.0,0.01,0.01,0.01,0.01,0.05,0.01,0.005,0.02,0.01,0.01,0.01,0.01,0.01,0.02,10.0,0.02,0.01,0.01,1.0,0.01,0.01,0.05,0.01,0.01,0.01,0.01,0.01,0.01,0.1,0.01,0.02,0.02,0.2,0.01,0.01,0.01,0.01,0.03,0.01,0.01,0.01,0.01,0.03,0.01,0.01,4.0,10.0,0.02,0.02,7.0,0.01,,0.01,0.01,0.01,0.01,0.03,0.02,0.02,0.01,0.5,10.0,0.01,0.01,0.01,0.09,0.02,0.1,0.01,0.01,0.01,0.01,0.01,0.01,0.01,0.01,0.01,0.01,0.01,0.1,0.05,0.9,0.02,0.005,150.0,0.01,0.1,0.01,0.01,0.01,0.01,0.001,0.01,0.01,0.01,0.01,0.01,15.0,15.0,,0.02,0.01,0.01,0.01,0.01,0.05,0.01,0.01,0.01,0.01,0.01,0.01,0.01,0.01,0.1,0.01
909,Rhubarbs,Rhubarbs,0.01,0.01,0.01,0.01,0.05,0.06,,0.01,0.01,0.05,0.01,0.01,0.01,0.01,0.01,0.1,0.01,0.01,0.01,0.01,0.01,0.01,0.01,0.01,0.01,0.01,0.01,0.02,0.01,0.01,0.01,0.01,0.01,0.05,0.01,0.01,0.01,0.01,0.05,0.05,1.0,0.01,0.02,0.01,0.01,0.6,0.01,0.02,0.01,0.02,0.01,0.03,0.01,0.1,0.01,,0.01,0.01,0.01,0.01,0.01,0.01,0.01,0.01,0.9,0.01,30.0,0.01,0.01,0.01,0.01,0.05,0.01,0.01,0.01,0.01,0.01,0.01,0.02,0.03,0.01,0.1,0.01,0.002,0.01,,0.03,0.02,0.01,,8.0,0.25,0.01,0.01,0.01,0.02,0.01,0.01,0.01,0.03,0.01,0.02,0.005,0.01,0.01,0.01,0.01,0.01,0.01,0.01,0.01,0.01,0.01,0.01,0.01,0.05,0.5,0.02,0.02,0.01,0.5,0.01,20.0,,0.01,0.01,0.01,0.05,0.01,0.09,0.01,0.01,0.01,0.02,0.01,0.05,0.05,2.0,0.01,0.05,0.01,0.05,0.06,0.02,0.3,0.01,0.01,0.01,0.01,0.05,0.01,0.02,0.01,0.01,0.02,0.05,0.01,0.01,5.0,0.01,0.01,0.2,0.01,0.01,0.05,0.01,0.01,0.01,0.01,0.01,0.02,0.02,,0.01,0.01,0.05,0.01,0.01,0.01,0.5,0.01,0.01,0.01,0.01,0.002,0.05,0.01,0.01,0.01,0.01,0.05,0.01,0.01,0.03,0.01,0.05,0.01,0.02,0.01,0.01,0.01,0.01,0.01,0.01,0.02,0.01,0.01,0.01,0.01,0.01,0.01,0.1,0.01,0.01,0.01,0.01,0.01,0.01,0.01,0.01,0.02,0.02,0.005,0.01,0.3,0.01,0.01,0.3,0.01,0.01,0.01,0.01,0.7,0.05,0.01,0.02,,0.01,0.02,0.01,0.01,0.01,0.2,0.01,0.01,0.01,0.02,0.01,0.01,0.01,0.01,0.01,0.01,0.01,0.01,0.01,0.01,9.0,0.03,0.01,0.01,0.01,0.01,0.01,2.0,0.02,0.01,1.0,0.03,0.1,0.05,0.02,0.01,0.01,0.01,0.01,0.01,0.01,0.01,0.01,,0.02,0.01,0.05,0.01,,0.01,0.01,0.01,0.1,0.1,0.01,0.01,0.01,0.01,0.01,0.01,0.01,0.01,0.01,0.01,0.01,0.02,0.01,0.01,0.01,0.1,0.01,0.01,0.01,0.05,0.02,0.2,0.01,0.01,0.01,0.05,3.0,0.01,0.02,0.01,0.01,0.01,0.01,0.01,0.02,0.01,0.05,0.01,0.02,0.02,0.01,0.01,0.01,0.02,0.03,0.01,0.02,0.01,0.01,0.01,0.01,0.01,0.01,0.1,0.01,0.01,0.02,0.01,0.01,0.01,0.01,0.01,0.01,0.01,0.01,0.01,0.01,0.01,0.01,0.01,0.01,0.01,0.01,0.001,0.01,0.01,0.01,0.01,0.01,0.01,0.01,0.02,0.05,0.01,0.01,0.02,0.05,0.01,0.01,15.0,0.05,0.01,0.01,0.01,0.02,,0.01,0.01,0.01,0.05,0.01,0.01,1.5,0.01,0.01,0.01,0.01,0.01,0.02,2.0,0.01,0.01,0.03,0.01,0.01,0.01,0.01,0.02,0.01,0.01,0.01,0.01,0.01,0.05,0.01,0.005,0.02,0.01,0.01,0.01,0.01,0.01,0.02,0.02,0.02,0.01,0.01,1.0,0.01,0.01,0.05,0.01,0.01,0.01,0.01,0.01,0.01,0.1,0.01,0.02,0.02,0.01,0.01,0.01,0.01,0.01,0.03,0.01,0.01,0.01,0.01,0.03,0.01,0.01,0.02,0.02,0.02,0.02,4.0,0.01,,0.01,0.01,0.01,0.01,0.03,0.02,0.02,0.01,0.02,0.01,0.01,0.01,0.01,0.01,0.02,0.1,0.01,0.01,0.01,0.01,0.01,0.01,0.01,0.01,0.01,0.01,0.01,0.1,0.05,0.01,0.02,0.005,20.0,0.01,0.1,0.01,0.01,0.01,0.01,0.001,0.01,0.01,0.01,0.01,0.01,0.01,0.01,,0.02,0.01,0.01,0.01,0.01,0.05,0.01,0.01,0.01,0.01,0.01,0.01,0.01,0.01,0.1,0.01
122,"Bean, rice, dry seed",Rice,0.01,0.01,0.01,0.01,0.05,0.06,,0.01,0.01,0.1,0.01,0.01,0.001,0.01,0.02,0.1,0.01,0.02,0.01,0.01,0.01,0.01,0.01,0.01,0.01,0.01,0.01,0.02,0.01,0.01,0.01,0.05,0.01,0.05,0.01,0.01,0.01,0.01,0.05,0.05,1.0,0.01,0.05,0.01,0.01,5.0,0.01,0.01,0.01,0.02,0.01,0.1,0.02,0.1,0.01,0.02,0.01,0.01,0.01,0.01,0.02,0.01,0.01,0.01,0.15,0.01,"10.0, 50.0",0.01,0.01,0.01,0.01,0.05,0.01,0.01,0.01,0.01,0.01,0.01,0.02,0.07,0.01,0.01,0.01,0.01,0.01,0.01,0.03,0.05,0.05,,0.4,0.05,0.01,0.01,,0.01,0.02,0.01,0.01,0.03,0.01,0.02,0.005,0.01,0.01,0.02,0.01,0.01,0.01,0.01,0.01,0.01,0.01,0.01,0.01,0.05,0.1,0.02,0.02,0.01,2.0,0.01,10.0,,0.01,0.01,0.02,0.05,0.01,0.09,0.01,0.01,0.01,0.01,0.01,2.0,0.1,0.02,0.02,0.05,0.02,0.1,0.06,0.02,1.0,0.01,0.01,0.01,0.01,0.3,0.01,0.02,0.01,0.02,0.02,0.05,0.01,0.01,3.0,0.01,0.01,0.3,0.01,0.01,0.05,0.01,0.01,0.01,0.01,0.01,0.05,0.02,8.0,0.01,0.01,0.05,0.02,0.02,0.05,0.05,0.01,0.01,0.01,0.01,0.005,0.05,0.01,0.01,0.01,0.01,0.05,0.01,0.01,0.03,0.01,0.05,0.01,0.02,0.01,0.01,0.01,0.01,0.01,0.01,0.02,0.01,0.01,0.01,0.01,0.01,0.05,0.1,0.01,0.01,0.01,0.01,0.01,0.01,0.01,0.01,0.02,0.02,0.005,0.01,0.03,0.01,0.02,0.01,0.02,0.3,0.01,0.01,0.01,0.05,0.01,0.02,,0.01,0.02,0.005,0.01,0.02,2.0,0.01,0.01,0.01,0.02,0.01,0.01,0.01,0.02,0.01,0.01,0.01,2.0,0.01,0.01,5.0,0.07,0.01,0.01,0.02,0.01,0.01,2.0,0.02,0.01,1.0,0.9,0.1,0.05,0.02,0.01,0.01,0.01,0.01,0.01,0.01,0.01,0.01,15.0,0.02,0.01,0.05,0.05,,0.01,0.01,0.01,0.1,0.1,0.01,0.01,0.01,0.01,0.01,0.01,0.01,6.0,0.01,0.01,0.01,0.02,0.01,0.01,0.2,0.1,0.01,0.01,0.01,0.05,8.0,0.2,0.01,0.01,0.01,0.05,1.5,0.01,0.02,0.01,0.01,0.01,0.01,0.01,0.02,0.01,0.05,0.01,0.02,0.02,0.01,0.01,0.01,0.02,0.03,0.01,5.0,0.01,0.01,0.01,0.01,0.01,0.01,0.1,0.01,0.01,0.02,0.01,0.02,0.01,0.01,0.01,0.01,0.01,0.02,0.01,0.01,0.01,0.01,0.01,0.01,0.01,0.01,0.005,0.01,0.01,0.01,0.01,0.01,0.01,0.01,0.05,0.05,0.02,0.01,0.02,0.05,0.01,0.01,0.01,0.05,0.01,0.01,0.01,0.05,,0.02,0.01,0.01,0.05,0.01,0.05,3.0,0.01,0.01,0.01,0.05,0.01,0.05,0.05,0.5,0.01,0.03,0.01,0.01,0.01,0.02,0.02,0.01,0.01,0.01,0.01,0.01,0.05,0.01,0.005,0.02,0.01,0.01,0.01,0.01,0.01,0.05,0.09,0.02,0.02,0.01,3.0,0.01,0.01,0.05,0.05,0.01,0.01,0.01,0.01,5.0,0.1,0.02,0.02,0.02,0.05,0.01,0.02,0.01,0.01,0.03,0.01,0.01,0.01,0.01,0.03,0.01,0.01,0.02,2.0,0.02,0.02,0.02,0.01,,0.02,0.02,0.01,0.01,0.03,0.02,0.02,0.01,1.5,3.0,0.01,0.01,0.01,0.01,0.02,0.1,0.01,0.01,0.01,0.01,0.01,0.01,0.01,0.01,0.01,0.01,0.01,0.01,0.05,0.01,0.05,0.01,10.0,0.01,0.1,0.01,0.01,0.01,0.02,0.003,0.01,0.01,0.3,0.01,0.01,5.0,5.0,0.01,0.02,0.01,0.01,0.01,0.01,0.05,0.02,0.01,0.01,0.01,0.01,0.01,0.01,0.01,0.1,0.01
923,Roman rocket/rucola,Roman rocket/rucola,0.01,0.01,0.01,0.01,0.05,0.06,,0.01,0.01,0.05,0.01,0.01,0.01,0.01,0.01,0.1,0.01,0.01,0.08,0.01,0.01,1.5,0.01,0.3,0.01,0.01,0.01,0.02,0.01,50.0,0.01,0.01,0.01,0.05,0.01,0.01,0.01,0.01,0.05,0.05,1.0,0.01,0.02,0.01,0.01,10.0,0.01,0.02,0.01,0.02,0.01,0.03,0.01,0.1,0.01,,0.01,0.01,0.01,0.01,0.01,0.01,0.01,0.01,50.0,0.01,50.0,0.01,0.01,0.01,0.01,0.05,0.01,0.01,0.01,0.01,0.01,0.01,0.02,0.03,0.01,0.1,0.01,0.002,0.01,,0.03,0.02,0.01,,20.0,0.7,0.01,0.01,0.01,0.02,0.01,0.01,0.01,0.03,0.01,0.02,0.005,0.01,0.01,0.01,0.01,0.01,0.01,0.01,0.01,0.01,0.01,0.01,0.01,0.05,0.5,0.02,0.02,0.01,0.5,0.01,100.0,,0.01,15.0,0.01,0.05,0.01,3.0,0.01,0.01,0.01,0.02,0.01,2.0,0.05,15.0,0.01,0.05,0.01,0.05,0.06,0.03,2.0,0.01,0.01,0.01,0.01,0.05,0.01,0.02,0.01,0.01,0.02,0.05,0.01,0.01,3.0,0.01,0.01,0.3,0.01,0.01,0.05,0.01,10.0,0.01,0.01,0.01,0.02,0.02,,0.01,0.01,0.05,0.01,0.01,0.01,5.0,0.01,0.01,0.01,0.01,0.6,0.05,0.01,0.01,0.01,0.01,0.05,0.01,0.01,0.03,0.01,0.05,0.01,0.02,3.0,0.01,0.01,0.01,0.01,0.01,0.02,0.01,0.01,0.01,0.01,50.0,0.01,0.1,0.01,0.01,0.01,0.01,0.01,8.0,0.01,0.01,0.02,0.02,0.005,0.01,0.6,0.01,0.01,0.02,0.01,0.01,0.01,0.01,20.0,0.05,0.01,0.02,,0.01,0.02,0.01,30.0,20.0,0.2,0.01,0.01,6.0,0.02,0.01,0.01,0.01,0.01,0.01,0.01,0.01,0.01,0.01,0.7,4.0,0.03,0.01,0.01,0.01,0.01,0.01,75.0,0.02,0.01,1.0,0.06,0.1,0.05,0.02,0.01,0.01,0.01,0.01,0.01,0.01,0.01,0.01,,0.02,0.01,0.05,0.01,,0.01,0.01,0.01,0.1,0.1,0.01,0.01,0.01,0.01,0.01,0.01,20.0,0.01,0.01,0.01,0.01,0.02,0.01,0.01,0.7,0.1,0.01,0.01,0.01,0.05,0.02,0.2,0.01,25.0,0.01,0.05,7.0,0.01,0.02,0.01,0.01,0.01,0.01,0.01,20.0,3.0,2.0,0.03,0.02,0.02,0.01,0.01,0.01,0.02,0.03,0.01,0.02,0.01,4.0,0.03,0.01,0.01,0.01,0.1,0.01,0.01,0.02,0.01,0.01,0.01,0.01,0.05,0.05,0.01,0.01,0.01,0.01,0.01,0.01,0.01,0.01,0.01,0.01,0.001,0.01,5.0,0.01,0.01,0.01,0.01,0.01,0.02,0.05,0.01,0.01,0.02,0.6,0.01,0.01,20.0,0.05,0.01,0.01,0.01,0.02,,0.01,0.01,0.01,0.05,0.01,0.01,150.0,0.01,0.01,0.01,0.01,0.01,0.02,15.0,0.01,0.01,0.03,0.01,0.01,0.01,0.01,0.02,600.0,0.01,0.01,0.01,0.01,0.05,0.01,0.005,0.02,0.2,0.01,0.01,0.01,0.01,0.02,10.0,0.02,0.01,0.01,1.0,0.01,0.01,0.05,0.01,0.01,0.01,0.01,0.01,0.01,0.1,0.01,0.02,0.02,0.2,0.01,0.01,0.01,0.01,0.03,0.01,0.01,0.01,0.01,0.03,0.01,0.01,4.0,10.0,0.02,0.02,7.0,0.01,,0.01,0.01,0.01,0.01,0.03,0.02,0.02,0.01,0.5,10.0,0.01,0.01,0.01,0.09,0.02,0.1,0.01,0.01,0.01,0.01,0.01,0.01,0.01,0.01,0.01,0.01,0.01,0.1,0.05,0.9,0.02,0.005,150.0,0.01,0.1,0.01,0.01,0.01,0.01,0.001,0.01,0.01,0.01,0.01,0.01,15.0,15.0,,0.02,0.01,0.01,0.01,0.01,0.05,0.01,0.01,0.01,0.01,0.01,0.01,0.01,0.01,0.1,0.01
924,Rooibos,Rooibos,0.1,0.02,0.02,0.05,0.05,0.1,,0.05,0.05,0.1,0.05,0.01,0.01,0.05,0.05,0.1,0.05,0.05,0.05,0.05,0.05,0.05,0.05,0.05,0.08,0.05,0.05,0.05,0.02,0.05,0.05,0.05,0.05,0.1,0.05,0.05,0.02,0.1,0.1,0.1,0.01,0.05,0.05,0.05,0.05,60.0,0.05,0.05,0.05,0.1,0.05,0.3,0.05,0.1,0.05,,0.05,0.05,0.1,0.05,0.05,0.05,0.05,0.01,0.9,0.01,"50.0, 100.0",0.05,0.05,0.05,0.05,0.05,0.05,0.05,0.05,0.05,0.01,0.05,0.1,0.1,0.05,0.1,0.05,0.05,0.01,,0.1,0.1,0.02,,0.05,0.05,0.1,0.05,0.02,0.02,0.05,0.1,0.05,0.1,0.05,0.1,0.025,0.05,0.05,0.05,0.05,0.05,0.01,0.01,0.05,0.05,0.05,0.05,0.05,0.1,0.1,0.1,0.05,0.05,5.0,0.05,100.0,,0.01,0.05,0.05,0.1,0.05,0.1,0.05,0.05,0.05,0.1,0.1,0.1,0.05,0.1,0.1,0.5,0.05,0.1,0.1,0.02,9.0,0.05,0.05,0.05,0.05,40.0,0.05,0.1,0.02,0.05,0.1,0.05,0.05,0.05,20.0,0.05,0.05,0.1,0.05,0.05,0.1,0.05,0.05,0.05,0.05,0.05,0.1,0.1,,0.05,0.05,0.05,0.05,0.05,0.01,0.1,0.05,0.01,0.05,0.05,2.0,0.1,0.1,0.05,0.01,0.02,0.1,0.05,0.05,15.0,0.02,0.1,0.05,0.1,0.05,0.05,0.05,0.05,0.05,0.05,0.05,0.05,0.05,0.05,0.1,0.05,0.05,0.1,0.05,0.05,0.02,0.05,0.05,0.05,0.05,0.05,0.1,0.1,0.005,0.05,0.1,0.05,0.05,0.04,0.1,0.05,0.05,0.05,0.05,0.05,0.05,0.1,,0.05,0.1,0.05,0.05,40.0,10.0,0.02,0.05,0.05,0.1,0.05,0.05,0.05,0.05,0.05,0.05,0.05,0.05,0.05,0.05,30.0,0.1,0.05,0.05,0.05,0.05,0.05,2000.0,0.05,0.05,1.0,0.1,2.0,0.05,0.1,0.02,0.05,0.1,0.02,0.01,0.01,0.05,0.05,,0.1,0.05,0.1,0.01,,0.05,0.05,0.05,0.1,0.1,0.05,0.05,0.05,0.05,0.05,0.05,0.05,0.01,0.05,0.01,0.05,0.1,0.05,0.05,0.01,0.1,0.01,0.05,0.05,0.1,0.02,0.5,0.05,0.05,0.05,0.1,0.05,0.05,0.1,0.05,0.05,0.02,0.05,0.05,0.1,0.05,0.1,0.15,0.1,0.1,0.05,0.05,0.05,0.1,0.1,0.05,0.1,0.1,0.05,0.05,0.05,0.05,0.05,0.1,0.05,0.02,0.1,0.05,0.05,0.05,0.05,0.05,0.05,0.05,0.3,0.02,0.05,0.05,0.05,0.05,0.05,0.05,0.02,0.05,0.05,0.05,0.05,0.05,0.05,0.05,0.01,0.05,0.1,0.05,0.05,0.1,0.05,0.05,0.05,0.05,0.1,0.05,0.01,0.05,0.05,,0.05,0.05,0.05,0.1,0.02,0.02,1500.0,0.1,0.01,0.01,0.05,0.05,0.05,10.0,0.05,0.05,0.15,0.05,0.05,0.05,0.05,0.1,0.05,0.05,0.05,0.05,0.05,0.1,0.05,0.01,0.1,0.4,0.05,2.0,0.05,0.05,0.1,0.1,0.1,0.02,0.05,0.5,0.05,0.05,2.0,0.05,0.05,0.05,0.05,0.05,0.05,0.1,0.05,0.05,0.1,0.8,0.01,0.05,0.05,0.02,0.03,0.05,0.05,0.05,0.05,0.15,0.01,0.05,0.1,0.1,0.05,0.02,50.0,0.05,,0.1,0.05,0.05,0.05,0.1,0.1,0.1,0.02,15.0,0.05,0.05,0.05,0.05,0.05,0.1,0.1,0.01,0.05,0.05,0.05,0.05,0.05,0.05,0.05,0.05,0.05,0.05,0.1,0.05,0.05,0.1,0.02,100.0,0.05,0.1,0.05,0.05,0.05,0.02,0.005,0.05,0.05,0.05,0.05,0.05,0.05,0.05,,0.1,0.05,0.05,0.05,0.05,0.05,0.05,0.02,0.05,0.05,0.05,0.01,0.05,0.05,0.2,0.01
925,Root and rhizome spices,Root and rhizome spices,0.02,0.02,0.02,,,,,,,,,,,,,0.1,,,,0.2,,,,,,,0.05,0.05,0.1,,,,,0.1,,0.05,,0.1,,0.1,0.01,,0.05,,0.05,,,0.05,,,,,,,,,,,,0.05,,,,,,,"400.0, 50.0",,,,,,,,,0.05,0.01,,0.1,,,0.1,,,,,,,0.02,,,,0.1,,0.02,0.02,0.05,0.1,0.05,,,0.1,,,,,,,,,,0.05,0.05,,,,0.1,0.1,,,,,40.0,,,,,0.1,,,,,,,,,,,,,,0.1,,,,,,,0.5,,,,"0.02, 0.1",,0.1,,,,,,,,,,0.1,,,,,0.05,,,,,,0.05,,0.05,,,,,,0.05,,0.5,0.1,,0.01,0.02,,0.3,,0.1,,,,,,,,,,,,,,,0.1,,0.05,0.1,,,0.02,,,,,0.05,,,,,,,,,,,,,,,,0.1,,,,,,,,0.02,,,,,,,,,,,,,,,,0.05,,,,,,0.05,,1.0,,0.1,,,0.02,,0.1,,,,0.05,,,,,,,,,,,,,,,,,0.05,,,,,,,,,0.05,,0.1,,0.05,,,,,,,,0.1,,,,0.05,,,,,,,,,,,0.05,,0.1,0.1,,,0.1,0.1,,,,,,0.1,,0.02,0.1,,0.05,,0.05,,,,,0.02,,,,,,,,,,,0.05,0.05,0.05,,0.01,0.05,"0.2, 0.1",3.0,,,,,,,0.1,,0.01,,,,0.1,,,,0.02,,,0.02,,,,,0.05,,,,,,,,,0.1,,,,,,,,,,,,,,,,,,0.02,,0.5,,,,,,,0.05,,,,,,2.0,,0.01,,,0.02,,,,0.05,,,,,,,,,,,,,,,,,,,0.02,,,,,,,,,0.01,,,0.05,,,,,,,,0.1,,,,,,,0.1,,,,,,,0.05,,,0.05,,,,,,,,0.05,0.05,,0.02,,,,,,,0.2,
1122,VEGETABLES,Root and tuber vegetables,0.01,0.01,0.01,0.01,,0.06,,0.01,0.01,,0.01,0.01,0.01,0.01,0.01,0.1,0.01,0.01,0.01,0.01,0.01,0.01,0.01,0.01,,0.01,0.01,0.02,0.01,,0.01,0.01,0.01,0.05,0.01,0.01,0.01,0.01,0.05,0.05,1.0,0.01,0.02,0.01,0.01,,0.01,0.02,,,0.01,,,0.1,,,0.01,0.01,0.05,0.01,0.01,0.01,,0.01,,0.01,50.0,0.01,0.01,0.01,0.01,0.05,0.01,0.01,0.01,0.01,0.01,0.01,0.02,0.03,,0.1,0.01,,0.01,,0.03,0.02,0.01,,,,0.01,0.01,0.01,0.02,0.01,0.01,0.01,0.03,0.01,0.02,0.005,0.01,0.01,0.01,,,0.01,0.01,0.01,0.01,0.01,0.01,0.01,0.05,,0.02,0.02,0.01,,0.01,5.0,,0.01,,,0.05,0.01,,0.01,0.01,0.01,0.02,0.01,0.05,0.05,,0.01,0.05,0.01,0.05,0.06,,,0.01,0.01,0.01,,0.05,0.01,0.02,0.01,0.01,0.02,0.05,0.01,0.01,,0.01,0.01,,0.01,0.01,0.05,0.01,,0.01,0.01,0.01,0.02,0.02,,0.01,0.01,0.05,,0.01,,,0.01,0.01,0.01,0.01,0.002,0.05,0.01,0.01,0.01,0.01,0.05,0.01,0.01,,0.01,0.05,0.01,0.02,0.01,0.01,0.01,,0.01,0.01,0.02,0.01,0.01,0.01,0.01,0.01,0.01,0.1,0.01,0.01,0.01,0.01,0.01,0.01,,0.01,0.02,0.02,0.005,0.01,,0.01,0.01,,,0.01,0.01,0.01,,,0.01,0.02,,0.01,0.02,0.01,,,0.2,,,,0.02,0.01,,0.01,0.01,0.01,0.01,0.01,,0.01,0.01,,,0.01,0.01,0.01,0.01,0.01,,0.02,0.01,1.0,,,0.05,0.02,0.01,0.01,0.01,0.01,0.01,0.01,0.01,0.01,,0.02,0.01,0.05,0.01,,0.01,0.01,0.01,0.1,0.1,0.01,0.01,0.01,0.01,0.01,0.01,0.01,0.01,0.01,,0.01,0.02,,0.01,,,0.01,0.01,0.01,0.05,0.02,,0.01,,0.01,0.05,,0.01,0.02,0.01,0.01,0.01,0.01,0.01,0.02,,,0.01,,,0.01,0.01,0.01,0.02,0.03,0.01,0.02,0.01,,,0.01,0.01,0.01,,0.01,0.01,0.02,0.01,0.01,0.01,0.01,0.06,0.01,0.01,0.01,0.01,0.01,0.01,0.01,0.01,0.01,0.01,0.01,0.001,0.01,0.01,0.01,0.01,0.01,0.01,0.01,0.02,0.05,0.01,0.01,0.02,,0.01,0.01,,0.05,0.01,0.01,,0.02,,0.01,0.01,,0.05,0.01,0.01,,0.01,0.01,0.01,0.01,0.01,0.02,0.05,0.01,0.01,0.03,0.01,0.01,0.01,0.01,0.02,,0.01,0.01,0.01,0.01,0.05,0.01,0.005,0.02,0.01,0.01,,0.01,,0.02,,0.02,0.01,0.01,1.0,0.01,0.01,0.05,,0.01,0.01,0.01,0.01,0.01,,0.01,0.02,0.02,,0.01,0.01,0.01,0.01,0.03,,0.01,0.01,0.01,0.03,0.01,0.01,0.02,,0.02,0.02,,0.01,,,0.01,,0.01,0.03,0.02,,0.01,,0.01,0.01,0.01,0.01,,0.02,0.1,0.01,0.01,0.01,0.01,,0.01,0.01,0.01,0.01,0.01,0.01,0.1,0.05,,0.02,0.005,,0.01,0.1,0.01,0.01,0.01,0.01,0.001,0.01,0.01,0.01,0.01,0.01,,,,0.02,0.01,0.01,0.01,0.01,0.05,0.01,0.01,0.01,0.01,0.01,0.01,0.01,0.01,0.1,
542,Hibiscus/roselle,Rose,0.1,0.02,0.02,0.05,0.05,0.1,,0.05,0.05,0.1,0.05,0.01,0.01,0.05,0.05,0.1,0.05,0.05,0.05,0.05,0.05,0.05,0.05,0.05,0.08,0.05,0.05,0.05,0.02,0.05,0.05,0.05,0.05,0.1,0.05,0.05,0.02,0.1,0.1,0.1,0.01,0.05,0.05,0.05,0.05,60.0,0.05,0.05,0.05,0.1,0.05,0.1,0.05,0.1,0.05,,0.05,0.05,0.1,0.05,0.05,0.05,0.05,0.01,0.9,0.01,50.0,0.05,0.05,0.05,0.05,0.05,0.05,0.05,0.05,0.05,0.01,0.05,0.1,0.1,0.05,0.1,0.05,0.05,0.01,,0.1,0.1,0.02,,0.05,0.05,0.1,0.05,0.02,0.02,0.05,0.1,0.05,0.1,0.05,0.1,0.025,0.05,0.05,0.05,0.05,0.05,0.01,0.01,0.05,0.05,0.05,0.05,0.05,0.1,0.1,0.1,0.05,0.05,5.0,0.05,100.0,,0.01,0.05,0.05,0.1,0.05,0.1,0.05,0.05,0.05,0.1,0.1,0.1,0.05,0.1,0.1,0.5,0.05,0.1,0.1,0.02,9.0,0.05,0.05,0.05,0.05,40.0,0.05,0.1,0.02,0.05,0.1,0.05,0.05,0.05,20.0,0.05,0.05,0.1,0.05,0.05,0.1,0.05,0.05,0.05,0.05,0.05,0.1,0.1,,0.05,0.05,0.05,0.05,0.05,0.01,0.1,0.05,0.01,0.05,0.05,0.01,0.1,0.1,0.05,0.01,0.02,0.1,0.05,0.05,15.0,0.02,0.1,0.05,0.1,0.05,0.05,0.05,0.05,0.05,0.05,0.05,0.05,0.05,0.05,0.1,0.05,0.05,0.1,0.05,0.05,0.02,0.05,0.05,0.05,0.05,0.05,0.1,0.1,0.005,0.05,0.1,0.05,0.05,0.04,0.1,0.05,0.05,0.05,0.05,0.05,0.05,0.1,,0.05,0.1,0.05,0.05,40.0,10.0,0.02,0.05,0.05,0.1,0.05,0.05,2.0,0.05,0.05,0.05,0.05,0.05,0.05,0.05,0.05,0.1,0.05,0.05,0.05,0.05,0.05,500.0,0.05,0.05,1.0,0.1,2.0,0.05,0.1,0.02,0.05,0.1,0.02,0.01,0.01,0.05,0.05,,0.1,0.05,0.1,0.01,,0.05,0.05,0.05,0.1,0.1,0.05,0.05,0.05,0.05,0.05,0.05,0.05,0.01,0.05,0.01,0.05,0.1,0.05,0.05,0.01,0.1,0.01,0.05,0.05,0.1,0.02,0.5,0.05,0.05,0.05,0.1,0.05,0.05,0.1,0.05,0.05,0.02,0.05,0.05,0.1,0.05,0.1,0.05,0.1,0.1,0.05,0.05,0.05,0.1,0.1,0.05,0.1,0.1,0.05,0.05,0.05,0.05,0.05,0.1,0.05,0.02,0.1,0.05,0.05,0.05,0.05,0.05,0.05,0.05,0.3,0.02,0.05,0.05,0.05,0.05,0.05,0.05,0.02,0.05,0.05,0.05,0.05,0.05,0.05,0.05,0.01,0.05,0.1,0.05,0.05,0.1,0.05,0.05,0.05,0.05,0.1,0.05,0.01,0.05,0.05,,0.05,0.05,0.05,0.1,0.02,0.02,20.0,0.1,0.01,0.01,0.05,0.05,0.05,10.0,0.05,0.05,0.15,0.05,0.1,0.05,0.05,0.1,0.05,0.05,0.05,0.05,0.05,0.1,0.05,0.01,0.1,0.4,0.05,2.0,0.05,0.05,0.1,0.1,0.1,0.02,0.05,0.5,0.05,0.05,2.0,0.05,0.05,0.05,0.05,0.05,0.05,0.1,0.05,0.05,0.1,0.8,0.01,0.05,0.05,0.02,0.03,0.05,0.05,0.05,0.05,0.15,0.01,0.05,0.1,0.1,0.05,0.02,0.1,0.05,,0.1,0.05,0.05,0.05,0.1,0.1,0.1,0.02,15.0,0.05,0.05,0.05,0.05,0.05,0.1,0.1,0.01,0.05,0.05,0.05,0.05,0.05,0.05,0.05,0.05,0.05,0.05,0.1,0.05,0.05,0.1,0.02,100.0,0.05,0.1,0.05,0.05,0.05,0.02,0.005,0.05,0.05,0.05,0.05,0.05,0.05,0.05,,0.1,0.05,0.05,0.05,0.05,0.05,0.05,0.02,0.05,0.05,0.05,0.01,0.05,0.05,0.2,0.01
927,Rose hips,Rose hips,0.01,0.01,0.01,0.01,0.05,0.06,,0.01,0.01,0.1,0.01,0.01,0.01,0.01,0.01,0.1,0.01,0.01,0.01,0.01,0.01,2.0,0.01,0.01,0.01,0.01,0.01,0.02,0.01,0.01,0.01,0.01,0.01,0.05,0.01,0.01,0.01,0.01,0.05,0.05,1.0,0.01,0.02,0.01,0.01,5.0,0.01,0.02,0.01,0.02,0.01,0.03,0.01,0.1,0.01,,0.01,0.01,0.01,0.02,0.01,0.01,0.01,0.01,15.0,0.01,5.0,0.01,0.01,0.01,0.01,0.05,1.5,0.01,0.01,0.01,0.01,0.01,0.02,0.03,0.01,0.1,0.01,0.01,0.01,,0.03,0.02,0.01,,1.0,0.05,0.01,0.01,0.01,0.01,0.01,0.01,0.01,0.03,0.01,0.02,0.01,0.01,0.01,0.01,0.01,0.01,0.01,0.01,0.01,0.01,0.01,0.01,0.01,0.05,0.1,0.02,0.02,0.01,0.5,0.01,5.0,,0.01,4.0,0.01,0.05,0.01,0.09,0.01,0.01,0.01,0.02,0.01,0.05,0.05,3.0,0.01,0.05,0.01,0.05,0.06,0.02,0.6,0.01,0.01,0.01,0.01,0.05,0.01,0.02,0.01,0.01,0.02,0.05,0.01,0.01,0.1,0.01,0.01,0.02,0.01,0.01,0.05,0.01,0.01,0.01,0.01,0.01,0.02,0.02,,0.01,0.01,0.05,0.01,0.01,0.01,0.05,0.01,0.01,0.01,0.01,0.002,0.05,0.01,0.01,0.01,0.01,0.05,0.01,2.0,0.03,0.01,0.05,0.01,0.02,0.01,0.01,0.01,0.01,0.01,0.01,0.02,0.01,0.01,0.01,0.01,5.0,0.01,0.1,0.01,0.01,0.01,0.01,0.01,0.01,0.4,0.01,0.02,0.02,0.005,0.01,0.7,0.01,0.01,0.3,0.01,0.01,0.01,0.01,0.01,0.05,0.01,0.02,,0.01,0.02,0.01,0.01,3.0,2.0,0.01,0.01,0.7,0.02,0.01,0.01,0.01,0.01,0.01,0.01,0.01,0.01,0.01,0.01,0.01,0.03,0.01,0.01,0.01,0.01,0.01,2.0,0.02,0.01,1.0,0.03,0.1,0.05,0.02,0.01,0.01,0.01,0.01,0.01,0.01,0.01,0.01,,0.02,0.01,0.05,0.01,,0.01,0.01,0.01,0.1,0.1,0.01,0.01,0.01,0.01,0.01,0.01,4.0,0.01,0.01,0.01,0.01,0.02,0.01,0.01,0.2,0.1,0.01,0.01,0.01,0.05,0.02,0.2,0.01,0.01,0.01,0.05,5.0,0.01,0.02,0.01,0.01,0.01,0.01,0.01,0.02,0.01,0.05,0.01,0.02,0.02,0.01,0.01,0.01,0.02,0.03,0.01,0.02,0.01,0.01,0.01,0.01,0.01,0.01,0.1,0.01,0.01,0.02,0.01,0.01,0.01,0.01,0.01,0.01,0.01,0.2,0.01,0.01,0.01,0.01,0.01,0.01,0.01,0.01,0.001,0.01,0.5,0.01,0.01,0.01,0.01,0.01,0.02,0.05,0.01,0.01,0.02,0.05,0.01,0.01,0.01,0.05,0.01,0.01,0.01,0.02,,0.01,0.01,0.01,2.0,0.01,0.01,1.5,0.01,0.01,0.01,0.01,0.01,0.02,1.0,0.01,0.01,0.03,0.01,0.01,0.01,0.01,0.02,0.01,0.01,0.01,0.01,0.01,0.05,0.01,0.005,0.02,0.01,0.01,0.01,0.01,0.01,0.02,3.0,0.02,0.01,0.01,1.0,0.01,0.01,0.05,5.0,1.5,0.01,0.01,0.01,0.01,0.1,0.01,2.0,0.02,0.02,0.01,0.01,0.01,0.01,0.03,0.01,0.01,0.01,0.01,0.03,0.01,0.01,0.4,1.5,0.1,0.02,1.5,0.01,,0.01,0.01,0.01,0.01,0.03,0.02,0.02,0.01,1.5,0.01,1.5,0.01,0.01,0.01,0.02,0.1,0.01,0.01,0.01,0.01,0.01,0.01,0.01,0.01,0.01,0.01,0.01,0.1,0.05,0.01,0.02,0.005,15.0,0.01,0.1,0.01,0.01,0.01,0.01,0.001,0.01,0.01,0.01,0.01,0.01,3.0,3.0,,0.02,0.01,0.01,0.01,0.01,0.05,0.01,0.01,0.01,0.01,0.01,0.01,0.01,0.01,0.1,0.01
928,Rosemary,Rosemary,0.01,0.01,0.01,0.02,0.05,0.1,,0.02,0.02,0.1,0.02,0.01,0.01,0.02,0.02,0.1,0.02,0.02,2.0,0.02,0.02,3.0,0.02,0.3,0.8,0.02,0.02,0.02,0.01,40.0,0.02,0.02,0.02,0.05,0.02,0.02,0.02,0.01,0.1,0.05,1.0,0.02,0.02,0.02,0.02,70.0,0.02,0.05,0.02,0.05,0.02,10.0,0.02,0.1,1.0,,0.02,0.02,0.02,0.1,0.02,0.02,0.02,0.01,50.0,0.01,50.0,0.02,0.02,0.02,0.02,0.05,0.02,0.02,0.02,0.02,0.01,0.02,0.05,0.06,0.02,0.1,0.02,0.02,0.01,,0.06,0.04,0.01,,20.0,0.7,0.01,0.02,0.01,0.02,0.02,0.01,0.02,0.1,0.01,0.02,0.01,0.02,0.02,0.02,0.02,0.02,0.01,0.01,0.02,0.02,0.02,0.02,0.02,0.05,0.5,0.05,0.02,0.15,3.0,0.02,20.0,,0.01,0.02,0.02,0.1,0.02,2.0,0.02,0.02,0.02,0.05,0.02,2.0,0.05,40.0,0.01,0.05,0.02,0.05,0.1,0.02,1.5,0.02,0.02,0.02,0.02,4.0,0.02,0.05,0.01,0.02,0.02,0.05,0.02,0.02,4.0,0.02,0.02,0.3,0.02,0.01,0.1,0.02,10.0,0.02,0.02,0.02,0.05,0.05,,0.02,0.02,0.05,0.02,0.02,0.01,5.0,0.02,0.01,0.02,0.01,0.2,0.05,0.01,0.02,0.01,0.01,0.05,0.01,0.02,1.5,0.02,0.1,0.02,0.05,3.0,0.02,0.02,0.02,0.02,0.02,0.02,0.02,0.02,0.02,0.01,50.0,0.02,0.1,0.02,0.02,0.01,0.02,0.02,0.02,0.02,0.01,0.05,0.05,0.005,0.02,6.0,0.02,0.02,0.02,0.05,0.02,0.02,0.02,20.0,0.05,0.02,0.05,,0.01,0.05,0.02,9.0,6.0,0.2,0.01,0.02,40.0,0.05,0.02,0.02,0.02,0.02,0.02,0.02,0.02,0.02,0.02,0.02,3.0,0.06,0.01,0.02,0.02,0.02,0.02,400.0,0.02,0.02,1.0,0.04,0.1,0.05,0.05,0.01,0.02,0.01,0.01,0.01,0.01,0.02,0.02,,0.02,0.02,0.1,0.01,,0.02,0.02,0.05,0.1,0.1,0.02,0.02,0.02,0.02,0.02,0.02,20.0,0.01,0.02,0.01,0.01,0.05,0.02,0.02,0.7,0.1,0.01,0.02,0.02,0.05,0.02,0.2,0.01,30.0,0.02,0.05,7.0,0.02,0.05,0.02,0.02,0.03,0.02,0.02,0.04,3.0,2.0,0.01,0.1,0.05,0.01,0.02,0.02,0.02,0.06,0.02,0.05,0.01,4.0,0.02,0.02,0.02,0.02,0.1,0.02,0.01,0.05,0.02,0.02,0.02,0.02,0.05,0.02,0.02,0.1,0.01,0.02,0.02,0.02,0.02,0.02,0.02,0.01,0.001,0.02,0.02,0.02,0.02,0.02,0.02,0.01,0.02,0.05,0.02,0.02,0.04,0.6,0.02,0.02,0.02,0.05,0.02,0.01,7.0,0.05,,0.02,0.02,0.02,0.05,0.01,0.015,300.0,0.01,0.01,0.01,0.02,0.02,0.02,0.8,0.02,0.02,0.06,0.02,0.03,0.02,0.02,0.05,30.0,0.02,0.02,0.02,0.02,0.1,0.02,0.01,0.05,0.2,0.02,20.0,0.02,0.02,0.05,2.0,0.02,0.01,0.02,1.0,0.02,0.02,0.05,20.0,0.02,0.02,0.02,0.02,0.02,0.1,0.02,0.02,0.05,0.2,0.01,0.02,0.02,0.01,0.03,0.02,0.02,0.01,0.02,0.06,0.01,0.02,4.0,15.0,0.02,0.02,10.0,0.02,,0.1,0.02,0.02,0.02,0.06,0.05,0.04,0.01,2.0,0.01,0.02,0.02,0.02,0.02,0.04,0.1,0.01,0.02,0.02,0.01,0.02,0.02,0.02,0.02,0.02,0.02,0.02,0.1,0.05,0.02,0.05,0.01,150.0,0.02,0.1,0.02,0.02,0.02,0.01,0.002,0.02,0.02,0.02,0.02,0.02,15.0,30.0,,0.05,0.02,0.02,0.02,0.01,0.05,0.02,0.01,0.01,0.02,0.02,0.01,0.02,0.02,0.1,0.01
934,Rye,Rye,0.01,0.01,0.01,0.01,0.05,0.06,,0.01,0.01,2.0,0.05,0.01,0.001,0.01,0.02,0.1,0.01,0.02,0.01,0.01,0.01,0.01,0.01,0.01,0.01,0.01,0.01,0.02,0.01,0.01,0.01,0.15,0.01,0.05,0.01,0.01,0.01,0.01,0.05,0.05,1.0,0.01,0.05,0.01,0.01,0.5,0.01,0.05,0.01,0.02,0.01,0.1,0.02,0.1,0.1,0.02,0.01,0.02,0.01,0.01,0.01,0.01,0.05,0.01,0.8,0.01,"50.0, 10.0",0.01,0.01,0.01,0.03,0.05,0.01,0.01,0.01,0.01,0.01,0.01,0.02,0.07,0.5,0.1,0.01,0.01,0.01,0.01,0.03,0.05,0.05,,0.02,0.05,0.01,0.01,,0.01,0.02,0.01,0.01,0.03,8.0,0.02,0.005,0.01,0.1,0.02,0.01,0.01,0.01,0.01,0.01,0.01,0.01,0.01,0.01,0.05,0.1,0.02,0.02,0.01,5.0,0.01,10.0,,0.01,0.01,0.02,0.05,0.01,0.09,0.04,0.01,0.01,0.01,0.01,2.0,0.1,0.5,0.02,0.05,0.02,0.05,0.06,0.02,2.0,0.01,0.01,0.01,0.01,0.5,0.01,0.2,0.01,0.02,0.02,0.05,0.01,0.01,0.3,0.01,0.02,1.5,0.01,0.01,0.05,0.01,0.01,0.01,0.08,0.01,0.05,0.02,,0.01,0.01,0.05,0.02,0.02,0.01,1.0,0.01,0.01,0.01,0.01,0.005,0.05,0.01,0.01,0.01,0.01,1.0,0.01,0.01,0.03,0.01,0.05,0.01,0.02,0.01,0.01,0.01,0.01,0.01,0.01,0.02,0.01,0.01,0.01,0.01,0.01,0.05,0.1,0.01,0.6,0.01,0.1,0.07,0.01,0.01,0.01,0.02,0.2,0.005,0.01,2.0,0.01,0.01,0.01,0.02,0.01,0.01,0.01,0.01,0.05,0.01,0.02,,0.01,0.02,0.005,0.01,0.07,2.0,0.01,0.03,1.0,0.02,0.01,0.01,0.1,0.02,0.01,0.01,0.01,0.01,0.01,0.05,0.4,0.3,0.01,0.01,0.02,0.01,0.01,2.0,0.02,0.01,1.0,0.03,10.0,0.05,0.02,0.01,0.01,0.01,0.01,0.01,0.01,0.01,0.01,15.0,0.02,0.01,0.05,0.01,,0.01,0.01,0.01,0.1,0.1,0.01,0.01,0.01,0.01,0.01,0.01,0.01,0.01,0.01,0.2,0.01,0.02,0.08,0.01,0.05,0.1,0.01,0.01,0.01,0.2,8.0,0.2,0.01,0.01,0.01,0.05,0.4,0.01,3.0,0.01,0.01,0.01,0.01,0.01,0.02,0.01,0.05,0.01,0.02,0.06,0.01,0.01,0.01,0.02,0.03,0.01,5.0,0.01,0.01,0.01,0.01,0.01,0.07,0.1,0.01,0.01,0.02,0.01,0.02,0.01,0.01,0.01,0.01,0.01,0.02,0.01,0.01,0.01,0.01,0.01,0.01,0.01,0.01,0.005,0.01,0.01,0.01,0.02,0.01,0.01,0.01,0.02,0.05,0.02,0.01,0.02,0.05,0.01,0.01,0.15,0.05,0.01,0.01,0.01,0.05,,0.02,0.01,0.01,0.05,0.01,0.05,1.5,0.01,0.01,0.01,0.05,0.01,1.0,0.05,0.5,0.01,0.03,0.01,0.01,0.01,0.1,0.02,0.01,0.01,0.01,0.01,0.01,0.05,0.01,0.005,0.02,0.01,0.02,0.01,0.01,0.05,0.05,0.2,0.02,0.02,0.01,3.0,0.01,0.01,0.05,0.05,0.01,0.01,0.01,0.01,0.01,0.1,0.02,0.02,0.02,0.01,0.01,0.02,0.01,0.01,0.03,0.01,0.01,0.01,0.01,0.03,0.01,0.01,0.02,2.0,0.02,0.02,0.02,0.05,,0.02,0.02,0.015,0.01,0.7,0.02,0.02,0.01,0.3,0.01,0.01,0.01,0.01,0.02,0.02,0.1,0.01,0.01,0.02,0.01,0.01,0.01,0.01,0.01,0.01,0.01,0.01,0.05,0.05,0.01,0.05,0.01,10.0,0.01,0.1,0.01,0.01,0.01,0.02,0.003,0.01,0.01,0.01,0.01,0.01,0.3,0.3,,0.02,0.01,0.01,0.01,0.01,5.0,0.5,0.01,0.01,0.01,0.01,0.01,0.01,0.01,0.1,0.01
55,Aril spices,SPICES,0.02,0.02,0.02,,,,,,,,,,,,,0.1,,,,0.2,,,,,,,0.05,0.05,0.1,,,,,0.1,,0.05,,0.1,,0.1,0.01,,0.05,,0.05,,,0.05,,,,,,,,,,,,,,,,,,,"400.0, 50.0",,,,,,,,,0.05,0.01,,0.1,,,0.1,,,,,,,0.02,,,,0.1,,0.02,0.02,0.05,0.1,0.05,,,0.1,,,,,,,,,,0.05,0.05,,,,0.1,0.1,,,,,40.0,,,,,0.1,,,,,,,,,,,,,,0.1,,,,,,,,,,,"0.02, 0.1",,0.1,,,,,,,,,,0.1,,,,,0.05,,,,,,0.05,,0.05,,,,,,0.05,,,0.1,,0.01,0.02,,,,,,,,,,,,,,,,,,,0.1,,,0.1,,,0.02,,,,,0.05,,,,,,,,,,,,,,,,0.1,,,,,,,,0.02,,,,,,,,,,,,,,,,0.05,,,,,,0.05,,1.0,,0.1,,,0.02,,0.1,,,,0.05,,,,,,,,,,,,,,,,,0.05,,,,,,,,,0.05,,0.1,,0.05,,,,,,,,0.1,,,,0.05,,,,,,,,,,,0.05,,0.1,0.1,,,0.1,0.1,,,,,,0.1,,0.02,0.1,,0.05,,0.05,,,,,0.02,,,,,,,,,,,0.05,0.05,0.05,,0.01,0.05,,,,,,,,,0.1,,0.01,,,,,,,,0.02,,,0.02,,,,,0.05,,,,,,,,,0.1,,,,,,,,,,,,,,,,,,0.02,,0.5,,,,,,,0.05,,,,,,,,0.01,,,0.02,,,,0.05,,,,,,,,,,,,,,,,,,,0.02,,,,,,,,,0.01,,,0.05,,,,,,,,0.1,,,,,,,0.1,,,,,,,0.05,,,0.05,,,,,,,,0.05,0.05,,0.02,,,,,,,0.2,
1012,SUGAR PLANTS,SUGAR PLANTS,0.01,0.01,0.01,0.01,0.05,0.06,,0.01,0.01,0.05,0.01,0.01,0.01,0.01,0.01,0.1,0.01,0.01,0.01,0.01,0.01,0.01,0.01,0.01,0.01,0.01,0.01,,0.01,0.01,0.01,0.01,0.01,0.05,0.01,0.01,0.01,0.01,0.05,0.05,,0.01,0.05,0.01,0.01,,0.01,0.02,0.01,0.02,0.01,0.03,0.01,0.1,,0.02,0.01,0.01,0.01,0.01,0.01,0.01,,0.01,,0.01,,0.01,0.01,0.01,0.01,,0.01,0.01,0.01,0.01,0.01,0.01,0.02,0.03,0.01,0.1,0.01,0.01,0.01,,0.03,0.02,0.01,,,0.05,0.01,0.01,0.01,,0.01,0.01,0.01,0.03,0.01,0.02,0.005,0.01,0.01,0.01,0.01,0.01,0.01,0.01,0.01,0.01,0.01,0.01,0.01,0.05,,0.02,0.02,0.01,,0.01,5.0,,0.01,,0.01,0.05,0.01,,0.01,0.01,0.01,0.02,0.01,,,0.02,0.01,0.05,0.01,,0.06,0.02,,0.01,0.01,0.01,,,0.01,0.02,0.01,0.01,0.02,0.05,0.01,0.01,,0.01,0.01,,0.01,0.01,0.05,0.01,0.01,0.01,0.01,0.01,0.02,0.02,,0.01,0.01,0.05,0.01,0.01,0.01,,0.01,0.01,0.01,0.01,0.002,0.05,0.01,0.01,0.01,0.01,0.05,0.01,0.01,,0.01,0.05,0.01,0.02,0.01,0.01,0.01,0.01,0.01,0.01,0.02,0.01,0.01,0.01,0.01,0.01,0.01,,0.01,0.01,0.01,,,0.01,0.01,0.01,0.02,0.02,,0.01,0.03,0.01,0.01,,0.01,0.01,0.01,0.01,,0.05,0.01,0.02,,0.01,0.02,0.01,,,2.0,0.01,0.01,0.01,0.02,0.01,0.01,,0.01,0.01,0.01,0.01,0.01,,0.01,,0.03,0.01,0.01,0.01,0.01,0.01,,0.02,0.01,,,,0.05,0.02,0.01,0.01,0.01,0.01,0.01,0.01,0.01,0.05,,0.02,0.01,0.05,0.01,,0.01,0.01,0.01,0.1,0.1,0.01,0.01,0.01,0.01,0.01,0.01,0.01,0.01,0.01,0.01,0.01,0.02,,0.01,,0.1,0.01,0.01,0.01,0.05,0.02,,0.01,0.01,0.01,0.05,,0.01,0.02,0.01,0.01,0.01,0.01,0.01,0.02,0.01,0.05,0.01,0.02,,0.01,0.01,,0.02,0.03,0.01,0.02,0.01,,0.01,0.01,0.01,0.01,0.1,0.01,0.01,0.02,0.01,0.01,0.01,0.01,0.01,0.01,0.01,0.01,0.01,0.01,0.01,0.01,0.01,0.01,0.01,0.01,0.001,0.01,0.01,0.01,0.01,0.01,0.01,0.01,0.02,0.05,0.01,0.01,0.02,,0.01,0.01,,0.05,0.01,0.01,,0.02,,0.05,0.01,,0.05,0.01,0.01,,0.01,,,0.01,0.01,0.02,0.01,0.01,0.05,0.03,0.01,0.01,0.01,0.01,0.02,0.01,0.01,0.01,0.01,0.01,0.05,0.01,0.005,0.02,,0.01,0.01,0.01,,0.02,,0.02,0.01,0.01,,0.01,0.01,0.05,0.01,0.01,0.01,0.01,0.01,0.01,,0.01,0.02,0.02,,0.01,0.01,0.01,0.02,0.03,0.01,0.01,0.01,0.01,0.03,0.01,0.01,0.02,0.02,0.02,0.02,,0.01,,0.01,0.01,0.01,0.01,0.03,0.02,0.02,0.01,0.02,,0.01,0.01,0.01,,0.02,0.1,0.01,0.01,,0.01,0.01,0.01,0.01,0.01,0.01,0.01,0.01,0.1,0.05,0.01,0.02,0.005,5.0,0.01,0.1,0.01,0.01,0.01,0.01,0.001,0.01,0.01,0.01,0.01,0.01,,,,0.02,0.01,0.01,0.01,0.01,0.05,,0.01,0.01,0.01,0.01,0.01,0.01,0.01,0.1,0.01
945,SAFFLOWER,Safflower seeds,0.01,0.02,0.02,0.01,0.05,0.06,,0.02,0.02,0.05,0.05,0.01,0.01,0.02,0.01,0.1,0.01,0.02,0.01,0.02,0.01,0.01,0.01,0.01,0.01,0.01,0.02,0.05,0.02,0.01,0.01,0.05,0.01,0.05,0.02,0.02,0.02,0.01,0.1,0.05,0.01,0.01,0.02,0.01,0.02,0.4,0.02,0.02,0.01,0.02,0.01,0.03,0.02,0.1,0.01,,0.01,0.01,0.02,0.01,0.01,0.02,0.01,0.01,1.0,0.01,"20.0, 5.0",0.02,0.01,0.01,0.01,0.05,0.01,0.01,0.02,0.02,0.01,0.02,0.05,0.07,0.05,0.1,0.01,0.02,0.01,,0.05,0.05,0.02,,2.0,0.05,0.01,0.02,0.02,0.01,0.02,0.01,0.02,0.04,0.01,0.02,0.01,0.01,0.02,0.02,0.01,0.01,0.01,0.01,0.01,0.02,0.02,0.02,0.01,0.05,0.1,0.05,0.05,0.02,0.5,0.01,30.0,,0.01,1.5,0.02,0.05,0.01,0.09,0.01,0.01,0.01,0.05,0.01,0.1,0.05,0.02,0.01,0.05,0.02,0.1,0.1,0.02,0.01,0.01,0.01,0.02,0.02,0.05,0.01,0.02,0.01,0.01,0.05,0.05,0.01,0.01,0.05,0.01,0.01,0.05,0.01,0.01,0.1,0.01,0.02,0.01,0.01,0.02,0.05,0.05,,0.02,0.02,0.05,0.01,0.02,0.02,0.1,0.01,0.01,0.01,0.02,0.005,0.1,0.01,0.01,0.01,0.02,0.1,0.02,0.01,0.03,0.01,0.1,0.02,0.05,0.01,0.01,0.01,0.01,0.01,0.01,0.02,0.01,0.01,0.02,0.01,0.02,0.02,0.1,0.01,0.01,0.01,0.01,0.01,0.01,0.01,0.02,0.05,0.05,0.005,0.01,0.06,0.01,0.01,9.0,0.01,0.01,0.02,0.02,0.01,0.05,0.01,0.05,,0.01,0.05,0.01,0.01,0.01,2.0,0.01,0.01,0.01,0.02,0.01,0.01,0.01,0.02,0.01,0.01,0.01,0.01,0.02,0.02,0.9,0.07,0.02,0.02,0.02,0.01,0.02,2.0,0.05,0.01,1.0,0.03,0.1,0.05,0.05,0.01,0.01,0.01,0.02,0.01,0.01,0.02,0.01,,0.05,0.01,0.05,0.01,,0.01,0.02,0.01,0.1,0.1,0.01,0.02,0.01,0.01,0.01,0.02,0.01,0.01,0.01,0.01,0.01,0.02,0.01,0.02,0.2,0.1,0.01,0.01,0.01,0.1,0.02,0.5,0.01,0.01,0.01,0.05,0.15,0.02,0.05,0.02,0.01,0.02,0.02,0.01,0.02,0.01,0.6,0.01,0.02,0.05,0.02,0.02,0.02,0.05,0.03,0.01,0.05,0.01,0.01,0.01,0.01,0.01,0.01,0.1,0.01,0.01,0.02,0.02,0.02,0.02,0.02,0.01,0.02,0.02,0.02,0.02,0.01,0.01,0.01,0.01,0.01,0.01,0.02,0.01,0.01,0.01,0.02,0.02,0.01,0.01,0.01,0.02,0.05,0.02,0.01,0.02,0.05,0.01,0.01,0.01,0.1,0.01,0.01,0.01,0.05,,0.02,0.02,0.01,0.05,0.01,0.05,1.5,0.02,0.01,0.01,0.01,0.01,0.02,0.02,0.5,0.01,0.03,0.02,0.02,0.01,0.01,0.05,0.01,0.05,0.02,0.02,0.01,0.2,0.01,0.01,0.05,0.01,0.02,0.02,0.02,0.02,0.02,0.2,0.02,0.01,0.02,3.0,0.01,0.01,0.05,0.02,0.01,0.01,0.01,0.02,0.02,0.15,0.02,0.05,0.05,0.01,0.01,0.02,0.02,0.02,0.03,0.01,0.02,0.02,0.01,0.03,0.01,0.01,0.02,0.02,0.02,0.02,0.02,0.05,,0.05,0.02,0.02,0.01,0.03,0.02,0.02,0.01,0.02,0.01,0.01,0.02,0.01,0.01,0.02,0.1,0.01,0.01,0.01,0.02,0.02,0.02,0.01,0.01,0.01,0.02,0.01,0.1,0.05,0.01,0.02,0.005,30.0,0.01,0.1,0.01,0.01,0.01,0.01,0.005,0.01,0.02,0.01,0.01,0.02,0.01,0.01,,0.02,0.01,0.01,0.01,0.02,0.05,0.01,0.02,0.01,0.01,0.02,0.01,0.01,0.01,0.1,0.01
946,Saffron,Saffron,0.02,0.02,0.02,0.05,0.05,0.1,,0.05,0.05,0.1,0.05,0.01,0.01,0.05,0.05,0.1,0.05,0.05,0.05,0.2,0.05,0.05,0.05,0.05,0.05,0.05,0.05,0.05,0.1,0.05,0.05,0.05,0.05,0.1,0.05,0.05,0.02,0.1,0.1,0.1,0.01,0.05,0.05,0.5,0.05,0.05,0.05,0.05,0.05,0.1,0.05,0.1,0.05,0.1,0.05,,0.05,0.05,0.05,0.05,0.05,0.05,0.05,0.01,0.9,0.01,"400.0, 50.0",0.05,0.05,0.05,0.05,0.05,0.05,0.05,0.05,0.05,0.01,0.05,0.1,0.1,0.05,0.1,0.05,0.05,0.01,,0.1,0.1,0.02,,0.05,0.07,0.1,0.05,0.02,0.02,0.05,0.1,0.05,0.1,0.05,0.1,0.025,0.05,0.05,0.05,0.05,0.05,0.01,0.01,0.05,0.05,0.05,0.05,0.05,0.1,0.1,0.1,0.05,0.05,0.5,0.05,40.0,,0.01,0.05,0.05,0.1,0.05,0.1,0.05,0.05,0.05,0.1,0.1,0.1,0.05,0.1,0.1,1.0,0.05,0.1,0.1,0.02,0.05,0.05,0.05,0.05,0.05,0.05,0.05,0.1,"0.1, 0.02",0.05,0.1,0.05,0.05,0.05,0.3,0.05,0.05,0.1,0.05,0.05,0.1,0.05,0.05,0.05,0.05,0.05,0.1,0.1,,0.05,0.05,0.05,0.05,0.05,0.01,0.1,0.05,0.01,0.05,0.05,0.01,0.1,0.1,0.05,0.01,0.02,0.1,0.05,0.05,0.1,0.02,0.1,0.05,0.1,0.05,0.05,0.05,0.05,0.05,0.05,0.05,0.05,0.05,0.05,0.1,0.05,0.05,0.1,0.05,0.05,0.02,0.05,0.05,0.05,0.05,0.05,0.1,0.1,0.005,0.05,0.1,0.05,0.05,0.05,0.1,0.05,0.05,0.05,0.05,0.05,0.05,0.1,,0.05,0.1,0.05,0.05,0.05,5.0,0.02,0.05,0.05,0.1,0.05,0.05,0.05,0.05,0.05,0.05,0.05,0.05,0.05,0.05,0.05,0.1,0.05,0.05,0.05,0.05,0.05,400.0,0.05,0.05,1.0,0.1,0.1,0.05,0.1,0.02,0.05,0.1,0.02,0.01,0.01,0.05,0.05,,0.1,0.05,0.1,0.01,,0.05,0.05,0.05,0.1,0.1,0.05,0.05,0.05,0.05,0.05,0.05,0.05,0.01,0.05,0.01,0.05,0.1,0.05,0.05,0.01,0.1,0.01,0.05,0.05,0.1,0.02,0.5,0.05,0.05,0.05,0.1,0.05,0.05,0.1,0.05,0.05,0.02,0.05,0.05,0.1,0.05,0.1,0.05,0.1,0.1,0.05,0.05,0.1,0.1,0.1,0.05,0.1,0.1,0.05,0.05,0.05,0.05,0.05,0.1,0.05,0.02,0.1,0.05,0.05,0.05,0.05,0.05,0.05,0.05,0.3,0.02,0.05,0.05,0.05,0.05,0.05,0.05,0.02,0.05,0.05,0.05,0.05,0.05,0.05,0.05,0.01,0.05,0.1,0.05,0.05,0.1,0.05,0.05,0.05,0.05,0.1,0.05,0.01,0.05,0.05,,0.05,0.05,0.05,0.1,0.02,0.02,20.0,0.02,0.01,0.01,0.05,0.05,0.05,0.05,0.05,0.05,0.15,0.05,0.05,0.05,0.05,0.1,0.05,0.05,0.05,0.05,0.05,0.1,0.05,0.01,0.1,0.05,0.05,0.05,0.05,0.05,0.1,0.1,0.1,0.02,0.05,0.5,0.05,0.05,0.05,0.05,0.05,0.05,0.05,0.05,0.05,0.1,0.05,0.05,0.1,0.05,0.01,0.05,0.05,0.02,0.03,0.05,0.05,0.05,0.05,0.15,0.01,0.05,0.1,0.1,0.05,0.02,0.1,0.05,,0.1,0.05,0.05,0.05,0.1,0.1,0.1,0.02,0.05,0.05,0.05,0.05,0.05,0.05,0.1,0.1,0.01,0.05,0.05,0.05,0.05,0.05,0.05,0.05,0.05,0.05,0.05,0.1,0.05,0.05,0.1,0.02,40.0,0.05,0.1,0.05,0.05,0.05,0.02,0.005,0.05,0.05,0.05,0.05,0.05,0.05,0.05,,0.1,0.05,0.05,0.05,0.05,0.05,0.05,0.02,0.05,0.05,0.05,0.01,0.05,0.05,0.2,0.05
947,SAGE,Sage,0.01,0.01,0.01,0.02,0.05,0.1,,0.02,0.02,0.1,0.02,0.01,0.01,0.02,0.02,0.1,0.02,0.02,2.0,0.02,0.02,3.0,0.02,0.3,0.8,0.02,0.02,0.02,0.01,40.0,0.02,0.02,0.02,0.05,0.02,0.02,0.02,0.01,0.1,0.05,1.0,0.02,0.02,0.02,0.02,70.0,0.02,0.05,0.02,0.05,0.02,10.0,0.02,0.1,1.0,,0.02,0.02,0.02,0.1,0.02,0.02,0.02,0.01,50.0,0.01,50.0,0.02,0.02,0.02,0.02,0.05,0.02,0.02,0.02,0.02,0.01,0.02,0.05,0.06,0.02,0.1,0.02,0.02,0.01,,0.06,0.04,0.01,,20.0,0.7,0.01,0.02,0.01,0.02,0.02,0.01,0.02,0.1,0.01,0.02,0.01,0.02,0.02,0.02,0.02,0.02,0.01,0.01,0.02,0.02,0.02,0.02,0.02,0.05,0.5,0.05,0.02,0.15,3.0,0.02,20.0,,0.01,0.02,0.02,0.1,0.02,2.0,0.02,0.02,0.02,0.05,0.02,2.0,0.05,40.0,0.01,0.05,0.02,0.05,0.1,0.02,1.5,0.02,0.02,0.02,0.02,4.0,0.02,0.05,0.01,0.02,0.02,0.05,0.02,0.02,4.0,0.02,0.02,0.3,0.02,0.01,0.1,0.02,10.0,0.02,0.02,0.02,0.05,0.05,,0.02,0.02,0.05,0.02,0.02,0.01,5.0,0.02,0.01,0.02,0.01,0.6,0.05,0.01,0.02,0.01,0.01,0.05,0.01,0.02,1.5,0.02,0.1,0.02,0.05,3.0,0.02,0.02,0.02,0.02,0.02,0.02,0.02,0.02,0.02,0.01,50.0,0.02,0.1,0.02,0.02,0.01,0.02,0.02,0.02,0.02,0.01,0.05,0.05,0.005,0.02,6.0,0.02,0.02,0.02,0.05,0.02,0.02,0.02,20.0,0.05,0.02,0.05,,0.01,0.05,0.02,9.0,6.0,0.2,0.01,0.02,40.0,0.05,0.02,0.02,0.02,0.02,0.02,0.02,0.02,0.02,0.02,0.02,3.0,0.06,0.01,0.02,0.02,0.02,0.02,400.0,0.02,0.02,1.0,0.04,0.1,0.05,0.05,0.01,0.02,0.01,0.01,0.01,0.01,0.02,0.02,,0.02,0.02,0.1,0.01,,0.02,0.02,0.05,0.1,0.1,0.02,0.02,0.02,0.02,0.02,0.02,20.0,0.01,0.02,0.01,0.01,0.05,0.02,0.02,0.7,0.1,0.01,0.02,0.02,0.05,0.02,0.2,0.01,30.0,0.02,0.05,7.0,0.02,0.05,0.02,0.02,0.03,0.02,0.02,0.04,3.0,2.0,0.01,0.1,0.05,0.01,0.02,0.02,0.02,0.06,0.02,0.05,0.01,4.0,0.02,0.02,0.02,0.02,0.1,0.02,0.01,0.05,0.02,0.02,0.02,0.02,0.05,0.02,0.02,0.1,0.01,0.02,0.02,0.02,0.02,0.02,0.02,0.01,0.001,0.02,0.02,0.02,0.02,0.02,0.02,0.01,0.02,0.05,0.02,0.02,0.04,2.0,0.02,0.02,0.02,0.05,0.02,0.01,7.0,0.05,,0.02,0.02,0.02,0.05,0.01,0.015,300.0,0.01,0.01,0.01,0.02,0.02,0.02,0.8,0.02,0.02,0.06,0.02,0.03,0.02,0.02,0.05,30.0,0.02,0.02,0.02,0.02,0.1,0.02,0.01,0.05,0.2,0.02,20.0,0.02,0.02,0.05,2.0,0.02,0.01,0.02,1.0,0.02,0.02,0.05,20.0,0.02,0.02,0.02,0.02,0.02,0.1,0.02,0.02,0.05,0.2,0.01,0.02,0.02,0.01,0.03,0.02,0.02,0.01,0.02,0.06,0.01,0.02,4.0,15.0,0.02,0.02,10.0,0.02,,0.1,0.02,0.02,0.02,0.06,0.05,0.04,0.01,2.0,0.01,0.02,0.02,0.02,0.02,0.04,0.1,0.01,0.02,0.02,0.01,0.02,0.02,0.02,0.02,0.02,0.02,0.02,0.1,0.05,0.02,0.05,0.01,150.0,0.02,0.1,0.02,0.02,0.02,0.01,0.002,0.02,0.02,0.02,0.02,0.02,15.0,30.0,,0.05,0.02,0.02,0.02,0.01,0.05,0.02,0.01,0.01,0.02,0.02,0.01,0.02,0.02,0.1,0.01
951,Salsifies,Salsifies,0.01,0.01,0.01,0.01,0.05,0.06,,0.01,0.01,0.05,0.01,0.01,0.01,0.01,0.01,0.1,0.01,0.01,0.01,0.01,0.01,0.01,0.01,0.01,0.01,0.01,0.01,0.02,0.01,0.01,0.01,0.01,0.01,0.05,0.01,0.01,0.01,0.01,0.05,0.05,1.0,0.01,0.02,0.01,0.01,1.0,0.01,0.02,0.01,0.05,0.01,0.03,0.01,0.1,0.01,,0.01,0.01,0.05,0.01,0.01,0.01,0.09,0.01,2.0,0.01,50.0,0.01,0.01,0.01,0.01,0.05,0.01,0.01,0.01,0.01,0.01,0.01,0.02,0.03,0.01,0.1,0.01,0.002,0.01,,0.03,0.02,0.01,,0.06,0.15,0.01,0.01,0.01,0.02,0.01,0.01,0.01,0.03,0.01,0.02,0.005,0.01,0.01,0.01,0.01,0.01,0.01,0.01,0.01,0.01,0.01,0.01,0.01,0.05,0.5,0.02,0.02,0.01,0.5,0.01,5.0,,0.01,0.05,0.01,0.05,0.01,3.0,0.01,0.01,0.01,0.02,0.01,0.05,0.05,1.5,0.01,0.05,0.01,0.05,0.06,0.02,0.02,0.01,0.01,0.01,0.01,0.05,0.01,0.02,0.01,0.01,0.02,0.05,0.01,0.01,0.4,0.01,0.01,0.4,0.01,0.01,0.05,0.01,0.01,0.01,0.01,0.01,0.02,0.02,,0.01,0.01,0.05,0.01,0.01,0.01,0.2,0.01,0.01,0.01,0.01,0.002,0.05,0.01,0.01,0.01,0.01,0.05,0.01,0.01,0.03,0.01,0.05,0.01,0.02,0.01,0.01,0.01,0.01,0.01,0.01,0.02,0.01,0.01,0.01,0.01,0.01,0.01,0.1,0.01,0.01,0.01,0.01,0.01,0.01,0.01,0.01,0.02,0.02,0.005,0.01,0.3,0.01,0.01,0.5,0.01,0.01,0.01,0.01,1.0,0.05,0.01,0.02,,0.01,0.02,0.01,0.2,0.4,0.2,0.01,0.01,0.9,0.02,0.01,0.01,0.01,0.01,0.01,0.01,0.01,0.01,0.01,0.01,0.9,0.04,0.01,0.01,0.01,0.01,0.01,2.0,0.02,0.01,1.0,0.1,0.1,0.05,0.02,0.01,0.01,0.01,0.01,0.01,0.01,0.01,0.01,,0.02,0.01,0.05,0.01,,0.01,0.01,0.01,0.1,0.1,0.01,0.01,0.01,0.01,0.01,0.01,0.01,0.01,0.01,0.2,0.01,0.02,0.01,0.01,0.04,0.1,0.01,0.01,0.01,0.05,0.02,0.2,0.01,0.01,0.01,0.05,0.5,0.01,0.02,0.01,0.01,0.01,0.01,0.01,0.02,0.02,0.3,0.01,0.02,0.02,0.01,0.01,0.01,0.02,0.03,0.01,0.02,0.01,0.01,0.02,0.01,0.01,0.01,0.1,0.01,0.01,0.02,0.01,0.01,0.01,0.01,0.06,0.01,0.01,0.01,0.01,0.01,0.01,0.01,0.01,0.01,0.01,0.01,0.001,0.01,0.01,0.01,0.01,0.01,0.01,0.01,0.02,0.05,0.01,0.01,0.02,0.7,0.01,0.01,0.01,0.05,0.01,0.01,0.01,0.02,,0.01,0.01,0.01,0.05,0.01,0.01,1.5,0.01,0.01,0.01,0.01,0.01,0.02,0.05,0.01,0.01,0.03,0.01,0.01,0.01,0.01,0.02,0.01,0.01,0.01,0.01,0.01,0.05,0.01,0.005,0.02,0.01,0.01,0.08,0.01,0.1,0.02,0.5,0.02,0.01,0.01,1.0,0.01,0.01,0.05,0.01,0.01,0.01,0.01,0.01,0.01,0.1,0.01,0.02,0.02,0.2,0.01,0.01,0.01,0.01,0.03,0.01,0.01,0.01,0.01,0.03,0.01,0.01,0.02,0.02,0.02,0.02,0.07,0.01,,0.05,0.01,0.03,0.01,0.03,0.02,0.02,0.01,0.4,0.01,0.01,0.01,0.01,0.08,0.02,0.1,0.01,0.01,0.01,0.01,0.01,0.01,0.01,0.01,0.01,0.01,0.01,0.1,0.05,0.01,0.02,0.005,5.0,0.01,0.1,0.01,0.01,0.01,0.01,0.001,0.01,0.01,0.01,0.01,0.01,0.04,0.04,,0.02,0.01,0.01,0.01,0.01,0.05,0.01,0.01,0.01,0.01,0.01,0.01,0.01,0.01,0.1,0.01
963,Seed spices,Seed spices,0.02,0.02,0.02,0.05,0.05,0.1,,0.05,0.05,0.1,0.05,0.01,0.01,0.05,0.05,0.1,0.05,0.05,0.05,0.2,0.05,0.05,0.05,0.05,,0.05,0.05,0.05,0.1,0.05,0.05,0.05,0.05,0.1,0.05,0.05,0.02,0.1,0.1,0.1,0.01,0.05,0.05,0.5,0.05,0.3,0.05,0.05,0.05,0.1,0.05,0.1,0.05,0.1,0.05,,0.05,0.05,0.05,,0.05,0.05,0.05,0.01,0.9,0.01,"50.0, 400.0",0.05,0.05,0.05,0.05,0.05,0.05,0.05,0.05,0.05,0.01,0.05,0.1,0.1,0.05,0.1,0.05,0.05,0.01,,0.1,0.1,0.02,,0.05,0.07,0.1,0.05,0.02,0.02,0.05,0.1,0.05,0.1,0.05,0.1,0.025,0.05,0.05,0.05,0.05,0.05,0.01,0.01,0.05,0.05,0.05,0.05,0.05,0.1,0.1,0.1,0.05,0.05,0.5,0.05,40.0,,0.01,0.05,0.05,0.1,0.05,0.1,0.05,0.05,0.05,0.1,0.1,0.1,0.05,0.1,0.1,1.0,0.05,0.1,0.1,0.02,0.05,0.05,0.05,0.05,5.0,0.05,0.05,0.1,"0.1, 0.02",0.05,0.1,0.05,0.05,0.05,0.3,0.05,0.05,0.1,0.05,0.05,0.1,0.05,,0.05,0.05,0.05,0.1,0.1,,0.05,0.05,0.05,0.05,0.05,0.01,,0.05,0.01,0.05,0.05,0.01,1.0,0.1,0.05,0.01,0.02,0.1,3.0,0.05,0.6,0.02,0.1,0.05,0.1,0.05,0.05,0.05,0.05,0.05,0.05,0.05,0.05,0.05,0.05,0.1,0.05,7.0,0.1,0.05,0.05,0.02,0.05,0.05,0.05,0.05,0.05,0.1,0.1,0.005,0.05,0.1,0.05,0.05,0.03,0.1,0.05,0.05,0.05,0.05,0.05,0.05,0.1,,0.05,0.1,0.05,0.05,,5.0,0.02,0.05,0.05,0.1,0.05,0.05,0.05,0.05,0.05,0.05,0.05,0.05,0.05,0.05,0.05,0.1,0.05,0.05,0.05,0.05,0.05,400.0,0.05,0.05,1.0,0.1,0.1,0.05,0.1,0.02,0.05,0.1,0.02,0.01,0.01,0.05,0.05,,0.1,0.05,0.1,0.01,,0.05,0.05,0.05,0.1,0.1,0.05,0.05,0.05,0.05,0.05,0.05,0.05,0.01,0.05,0.01,0.05,0.1,0.05,0.05,0.3,0.1,0.01,0.05,0.05,0.1,0.02,0.5,0.05,0.05,0.05,0.1,0.05,0.05,0.1,0.05,0.05,,0.05,0.05,0.1,0.05,0.1,0.05,0.1,0.1,0.05,0.05,0.1,0.1,0.1,0.05,0.1,0.1,0.05,0.05,0.05,0.05,0.05,0.1,0.05,0.02,0.1,0.05,0.05,0.05,0.05,0.05,0.05,0.05,0.3,0.02,0.05,0.05,0.05,0.05,0.05,0.05,0.02,0.05,0.05,0.05,0.05,0.05,0.05,0.05,0.01,0.05,0.1,5.0,0.05,0.1,0.05,0.05,0.05,0.05,0.1,0.05,0.01,0.05,0.05,7.0,0.5,2.0,0.05,0.1,0.02,0.02,300.0,0.02,0.01,0.01,0.05,0.05,0.05,5.0,3.0,0.05,0.15,0.05,,0.05,0.05,0.1,0.05,0.05,0.05,0.05,0.05,0.1,0.05,0.01,0.1,0.05,0.05,0.3,0.05,0.05,0.1,0.1,0.1,0.02,0.05,0.5,0.05,0.05,0.15,0.05,0.05,0.05,0.05,0.05,0.05,0.1,0.05,0.05,0.1,0.05,0.01,0.05,0.05,0.02,0.03,0.05,0.05,0.05,0.05,0.15,0.01,0.05,0.1,0.1,0.05,0.02,0.1,0.05,,0.1,0.05,0.05,0.05,0.1,0.1,0.1,0.02,1.5,0.05,0.05,0.05,0.05,0.05,0.1,0.1,0.01,0.05,0.05,0.05,0.05,0.05,0.05,0.05,0.05,0.05,0.05,0.1,0.05,0.05,0.1,0.02,40.0,0.05,0.1,0.05,0.05,0.05,,0.005,0.05,0.05,0.05,0.05,0.05,0.05,0.05,,0.1,0.05,0.05,0.05,0.05,0.05,0.05,0.02,0.05,0.05,0.05,0.01,0.05,0.05,0.2,0.05
964,Sesame seeds,Sesame seeds,0.01,0.02,0.02,0.01,0.05,0.06,,0.02,0.02,0.05,0.05,0.01,0.01,0.02,0.01,0.1,0.01,0.02,0.01,0.02,0.01,0.01,0.01,0.01,0.01,0.01,0.02,0.05,0.02,0.01,0.01,0.05,0.01,0.05,0.02,0.02,0.02,0.01,0.1,0.05,0.01,0.01,0.02,0.01,0.02,0.01,0.02,0.02,0.01,0.02,0.01,0.03,0.02,0.1,0.01,,0.01,0.01,0.02,0.01,0.01,0.02,0.01,0.01,1.0,0.01,"5.0, 20.0",0.02,0.01,0.01,0.01,0.05,0.01,0.01,0.02,0.02,0.01,0.02,0.05,0.07,0.05,0.1,0.01,0.02,0.01,,0.05,0.05,0.02,,2.0,0.05,0.01,0.02,0.02,0.01,0.02,0.01,0.02,0.04,0.01,0.02,0.01,0.01,0.02,0.02,0.01,0.01,0.01,0.01,0.01,0.02,0.02,0.02,0.01,0.05,0.1,0.05,0.05,0.02,0.5,0.01,30.0,,0.01,1.5,0.02,0.05,0.01,0.09,0.01,0.01,0.01,0.05,0.01,0.2,0.05,0.02,0.01,0.05,0.02,0.1,0.1,0.02,0.01,0.01,0.01,0.02,0.02,0.05,0.01,0.02,0.01,0.01,0.05,0.05,0.01,0.01,0.05,0.01,0.01,0.9,0.01,0.01,0.1,0.01,0.02,0.01,0.01,0.02,0.05,0.05,,0.02,0.02,0.05,0.1,0.02,0.02,0.1,0.01,0.01,0.01,0.02,0.005,0.1,0.01,0.01,0.01,0.02,0.1,0.02,0.01,0.03,0.01,0.1,0.02,0.05,0.01,0.01,0.01,0.01,0.01,0.01,0.02,0.01,0.01,0.02,0.01,0.02,0.02,0.1,0.01,0.01,0.01,0.01,0.01,0.01,0.01,0.02,0.05,0.05,0.005,0.01,0.06,0.01,0.01,0.01,0.01,0.01,0.02,0.02,0.3,0.05,0.01,0.05,,0.01,0.05,0.01,0.01,0.01,2.0,0.01,0.01,3.0,0.02,0.01,0.01,0.01,0.02,0.01,0.01,0.01,0.01,0.02,0.01,0.9,0.07,0.02,0.02,0.02,0.01,0.02,2.0,0.05,0.01,1.0,0.03,0.1,0.05,0.05,0.01,0.01,0.01,0.02,0.01,0.01,0.02,0.01,,0.05,0.01,0.05,0.01,,0.01,0.02,0.01,0.1,0.1,0.01,0.02,0.01,0.01,0.01,0.02,0.01,0.01,0.01,0.01,0.01,0.02,0.01,0.02,0.2,0.1,0.01,0.01,0.01,0.1,0.02,0.5,0.01,0.01,0.01,0.05,1.0,0.02,0.05,0.02,0.01,0.02,0.02,0.01,0.02,0.01,0.6,0.01,0.02,0.05,0.02,0.02,0.02,0.05,0.03,0.01,0.05,0.01,0.01,0.01,0.01,0.01,0.01,0.1,0.01,0.01,0.02,0.02,0.02,0.02,0.02,0.01,0.02,0.02,0.02,0.02,0.01,0.01,0.01,0.01,0.01,0.01,0.02,0.01,0.01,0.01,0.02,0.02,0.01,0.01,0.01,0.02,0.05,0.02,0.01,0.02,0.05,0.01,0.01,0.01,0.05,0.01,0.01,0.01,0.05,,0.02,0.02,0.01,0.05,0.01,0.05,1.5,0.02,0.01,0.01,0.01,0.01,0.02,0.02,0.5,0.01,0.03,0.02,0.02,0.01,0.01,0.05,0.01,0.05,0.02,0.02,0.01,0.2,0.01,0.01,0.05,0.01,0.02,0.02,0.02,0.02,0.02,0.2,0.02,0.01,0.02,3.0,0.01,0.01,0.05,0.02,0.01,0.01,0.01,0.02,0.02,0.15,0.02,0.05,0.05,0.01,0.01,0.02,0.02,0.02,0.03,0.01,0.02,0.02,0.01,0.03,0.01,0.01,0.02,0.02,0.02,0.02,0.02,0.05,,0.05,0.02,0.02,0.01,0.03,0.02,0.02,0.01,0.02,0.01,0.01,0.02,0.01,0.01,0.02,0.1,0.01,0.01,0.01,0.02,0.02,0.02,0.01,0.01,0.01,0.02,0.01,0.1,0.05,0.01,0.02,0.005,30.0,0.01,0.1,0.01,0.01,0.01,0.01,0.005,0.01,0.02,0.01,0.01,0.02,0.01,0.01,,0.02,0.01,0.01,0.01,0.02,0.05,0.01,0.02,0.01,0.01,0.02,0.01,0.01,0.01,0.1,0.01
969,Shallots,Shallots,0.01,0.01,0.01,0.01,0.05,0.06,,0.01,0.01,0.05,0.01,0.01,0.01,0.01,0.01,0.1,0.01,0.01,0.01,0.02,0.01,0.01,0.01,0.15,0.02,0.01,0.02,0.05,0.01,1.5,0.01,0.01,0.01,0.05,0.01,0.02,0.01,0.01,0.05,0.05,1.0,0.01,0.02,0.01,0.02,10.0,0.01,0.02,0.02,0.02,0.01,0.06,0.02,0.1,0.02,,0.01,0.01,0.01,0.01,0.01,0.01,0.01,0.01,5.0,0.01,30.0,0.01,0.01,0.01,0.01,0.05,0.01,0.01,0.01,0.02,0.01,0.01,0.05,0.03,0.02,0.1,0.01,0.002,0.01,,0.03,0.02,0.01,,0.01,0.5,0.01,0.01,0.01,0.02,0.02,0.01,0.01,0.03,0.01,0.02,0.005,0.01,0.01,0.01,0.01,0.01,0.01,0.01,0.01,0.02,0.02,0.01,0.01,0.05,0.5,0.02,0.02,0.01,0.5,0.01,5.0,,0.01,0.05,1.5,0.05,0.01,1.5,0.01,0.01,0.01,0.02,0.01,0.1,0.05,0.07,0.01,0.05,0.01,0.05,0.06,0.02,0.06,0.01,0.01,0.01,0.02,0.05,0.01,0.02,0.01,0.01,0.05,0.05,0.01,0.01,0.5,0.01,0.01,0.15,0.01,0.01,0.1,0.01,0.6,0.01,0.01,0.01,0.02,0.02,,0.01,0.01,0.05,0.01,0.02,0.01,1.0,0.01,0.01,0.01,0.02,0.002,0.1,0.01,0.01,0.01,0.01,0.05,0.02,0.01,0.03,0.01,0.05,0.01,0.02,0.01,0.01,0.01,0.01,0.01,0.01,0.02,0.01,0.01,0.01,0.01,3.0,0.02,0.1,0.01,0.01,0.01,0.01,0.01,0.01,0.01,0.02,0.02,0.02,0.005,0.01,0.03,0.01,0.01,0.3,0.06,0.01,0.01,0.01,0.5,0.05,0.01,0.05,,0.01,0.02,0.01,0.3,0.07,0.2,0.01,0.04,0.01,0.02,0.01,0.01,0.05,0.01,0.01,0.01,0.01,0.01,0.01,0.01,0.2,0.03,0.02,0.01,0.01,0.01,0.01,30.0,0.02,0.01,1.0,0.03,0.1,0.05,0.02,0.01,0.01,0.01,0.01,0.01,0.01,0.02,0.01,,0.02,0.01,0.05,0.01,,0.01,0.01,0.01,0.1,0.1,0.01,0.01,0.01,0.01,0.01,0.01,0.01,0.01,0.01,0.01,0.01,0.02,0.3,0.02,0.2,0.1,0.01,0.01,0.01,0.05,0.02,30.0,0.01,0.01,0.01,0.05,0.2,0.01,0.02,0.02,0.01,0.01,0.01,0.01,0.02,0.02,0.05,0.01,0.02,0.02,0.02,0.01,0.02,0.05,0.03,0.01,0.05,0.01,0.01,0.01,0.01,0.01,0.01,0.1,0.01,0.01,0.02,0.01,0.02,0.01,0.02,0.06,0.01,0.01,0.01,0.01,0.01,0.01,0.01,0.01,0.01,0.01,0.01,0.001,0.01,0.04,0.02,0.02,0.01,0.01,0.01,0.02,0.05,0.02,0.01,0.02,0.05,0.01,0.01,0.8,0.05,0.01,0.01,0.01,0.02,,0.02,0.01,0.01,0.05,0.01,0.01,20.0,0.01,0.01,0.01,0.01,0.01,0.02,0.01,0.01,0.01,0.03,0.02,0.02,0.01,0.01,0.05,2.0,0.01,0.01,0.01,0.01,0.05,0.01,0.005,0.02,0.01,0.01,0.03,0.01,0.05,0.02,0.3,0.02,0.01,0.01,1.0,0.01,0.01,0.05,0.01,0.01,0.01,0.01,0.01,0.02,0.1,0.01,0.02,0.05,0.04,0.01,0.01,0.01,0.01,0.03,0.01,0.01,0.02,0.01,0.03,0.01,0.01,0.02,0.07,0.02,0.02,0.3,0.01,,0.01,0.01,0.01,0.01,0.03,0.02,0.02,0.01,0.15,0.01,0.01,0.01,0.01,0.5,0.02,0.1,0.01,0.01,0.01,0.02,0.01,0.01,0.01,0.01,0.01,0.01,0.01,0.1,0.05,0.01,0.02,0.005,5.0,0.01,0.1,0.01,0.01,0.01,0.01,0.001,0.01,0.02,0.01,0.01,0.02,0.01,0.01,,0.02,0.01,0.01,0.01,0.02,0.05,0.01,0.01,0.01,0.5,0.01,0.01,0.01,0.01,0.1,0.7
971,SHEEPS,Sheep,0.01,,0.1,0.02,0.3,0.06,0.01,0.01,0.01,0.01,0.05,0.01,0.001,0.01,0.01,0.1,0.01,0.01,0.01,0.02,0.01,0.2,0.01,0.01,0.01,0.01,0.01,0.01,0.006,0.03,0.07,0.02,0.01,0.01,0.01,0.01,0.01,0.01,0.02,,0.01,0.01,0.01,0.01,0.01,0.01,0.01,0.01,0.02,0.02,0.01,0.03,0.01,0.1,0.01,0.02,0.02,0.01,0.2,0.01,0.01,0.01,0.2,0.01,0.02,0.01,0.05,0.01,0.01,0.01,0.01,0.05,0.01,0.01,0.01,0.01,0.01,0.01,0.01,0.03,0.05,0.05,0.01,0.001,0.01,,0.03,0.01,,,0.05,0.1,0.05,0.01,0.002,0.02,,0.05,0.01,0.1,0.5,0.1,0.01,0.01,0.01,0.02,0.05,0.05,0.01,0.01,0.01,0.01,0.01,0.01,0.01,0.05,0.05,0.02,0.05,0.01,0.05,0.01,2.0,,0.01,0.02,0.01,0.01,0.01,0.06,0.02,0.01,0.02,0.01,0.01,0.05,0.05,0.02,0.01,0.04,0.02,,0.06,,0.05,0.01,0.01,0.01,0.02,0.2,0.01,0.01,,0.01,0.1,0.1,0.01,0.01,0.005,0.01,0.01,0.03,0.01,0.01,,0.01,0.01,0.01,0.01,0.01,0.03,0.02,0.1,0.01,0.01,0.05,0.01,0.01,0.01,0.05,0.01,0.01,0.01,0.02,0.002,0.05,0.001,0.002,0.01,0.01,0.05,0.01,0.01,0.03,0.01,0.05,0.01,0.02,0.04,0.01,0.01,0.03,0.01,0.005,0.02,0.02,0.01,0.02,,0.01,0.01,0.05,0.01,0.015,,0.02,0.01,0.01,0.01,0.01,0.02,0.02,0.005,0.01,0.15,0.01,0.01,0.08,0.01,0.1,0.01,0.01,0.04,0.01,0.01,0.02,0.05,0.01,0.02,0.005,0.02,0.06,0.2,,0.02,0.15,0.02,0.01,0.05,0.06,0.01,0.01,0.02,0.01,0.05,0.01,0.02,0.02,0.05,0.01,0.01,0.01,0.01,0.01,0.5,,0.01,1.0,0.03,0.05,0.02,0.02,,0.002,0.004,0.005,0.01,0.01,,0.05,,0.01,0.02,0.01,0.01,0.01,0.01,0.02,0.01,0.1,0.1,0.01,0.02,0.01,0.01,0.01,0.01,0.01,0.01,0.01,0.01,0.01,0.02,0.02,0.01,0.02,0.1,0.01,0.01,0.15,0.05,0.02,0.07,0.01,0.01,0.01,,0.04,0.01,0.15,,0.01,0.01,0.02,0.01,0.02,0.01,0.01,0.01,0.01,0.02,0.05,0.01,0.01,0.02,0.03,0.01,0.05,0.01,0.05,0.01,0.01,0.01,0.01,0.1,0.01,,0.02,0.01,,0.01,0.01,0.01,0.01,0.02,0.01,0.01,0.02,0.01,0.01,0.01,0.01,0.01,0.01,0.01,0.01,0.01,0.01,0.01,0.01,0.01,0.01,,0.05,0.01,0.01,0.01,0.02,0.01,0.01,0.01,0.05,0.01,0.01,0.05,0.05,,0.01,0.01,0.01,0.05,,0.01,0.4,0.02,0.05,0.05,0.01,0.01,,0.05,0.01,0.01,0.03,0.01,0.01,0.01,0.01,0.02,0.01,0.01,0.01,0.01,0.01,0.01,0.01,0.01,0.02,0.01,0.02,0.01,0.02,0.01,0.01,0.01,0.02,0.01,0.01,0.05,0.01,0.01,0.05,0.05,0.01,0.01,0.01,0.01,,0.02,0.02,0.05,0.01,0.015,0.01,0.02,0.02,0.01,0.01,0.01,0.01,0.01,0.01,0.03,0.01,0.01,0.02,0.2,0.004,0.01,0.01,0.015,0.2,0.01,0.02,0.2,0.01,0.01,0.01,0.02,,0.02,0.01,0.01,0.01,0.01,0.01,0.01,0.02,0.01,0.02,0.01,0.05,0.01,0.01,0.01,0.01,0.01,0.01,0.01,0.05,0.01,0.01,0.01,0.002,2.0,0.01,0.05,0.01,0.01,0.01,0.01,0.01,0.01,0.01,0.01,0.01,0.01,0.02,0.02,0.01,0.01,0.01,0.01,0.01,0.01,0.1,0.01,0.01,0.01,0.03,0.01,0.01,0.01,0.01,,0.01
839,PEPPER,Sichuan pepper,0.02,0.02,0.02,0.05,0.05,0.1,,0.05,0.05,0.1,0.05,0.01,0.01,0.05,0.05,0.1,0.05,0.05,0.05,0.2,0.05,0.05,0.05,0.05,0.01,0.05,0.05,0.05,0.1,0.05,0.05,0.05,0.05,0.1,0.05,0.05,0.02,0.1,0.1,0.1,0.01,0.05,0.05,0.5,0.05,0.3,0.05,0.05,0.05,0.1,0.05,0.1,0.05,0.1,0.05,,0.05,0.05,0.03,0.05,0.05,0.05,0.05,0.01,0.9,0.01,"400.0, 50.0",0.05,0.05,0.05,0.05,0.05,0.05,0.05,0.05,0.05,0.01,0.05,0.1,0.1,0.8,0.1,0.05,0.05,0.01,,0.1,0.1,0.02,,0.05,0.07,0.1,0.05,0.02,0.02,0.05,0.1,0.05,0.1,0.05,0.1,0.025,0.05,0.05,0.05,0.05,0.05,0.01,0.01,0.05,0.05,0.05,0.05,0.05,0.1,0.1,0.1,0.05,0.05,0.5,0.05,40.0,,0.01,0.05,0.05,0.1,0.05,0.1,0.05,0.05,0.03,0.1,0.1,0.1,0.05,0.1,0.1,1.0,0.05,0.1,0.1,0.02,0.05,0.05,0.05,0.05,0.1,0.05,0.05,0.1,"0.02, 0.1",0.05,0.1,0.05,0.05,0.05,0.3,0.05,0.05,0.1,0.05,0.05,0.1,0.05,0.05,0.05,0.05,0.05,0.1,0.1,,0.05,0.05,0.05,0.05,0.05,0.01,0.1,0.05,0.01,0.05,0.05,0.01,5.0,0.1,0.05,0.01,0.02,0.1,5.0,0.05,0.1,0.02,0.1,0.05,0.1,0.05,0.05,0.05,0.05,0.05,0.05,0.05,0.05,0.05,0.05,0.1,0.05,1.0,0.1,0.05,0.05,0.02,0.05,0.05,0.05,0.05,0.05,0.1,0.1,0.005,0.05,0.1,0.05,0.05,0.03,0.1,0.05,0.05,0.05,0.05,0.05,0.05,0.1,,0.05,0.1,0.05,0.05,0.05,5.0,0.02,0.05,0.05,0.1,0.05,0.05,0.05,0.05,0.05,0.05,0.05,0.05,0.05,0.05,0.05,0.1,0.05,0.05,0.05,0.05,0.05,400.0,0.05,0.05,1.0,0.1,0.1,0.05,0.1,0.02,0.05,0.1,0.02,0.01,0.01,0.05,0.05,,0.1,0.05,0.1,0.01,,0.05,0.05,0.05,0.1,0.1,0.05,0.05,0.05,0.05,0.05,0.05,0.05,0.01,0.05,0.01,0.05,0.1,0.05,0.05,0.3,0.1,0.01,0.05,0.05,0.1,0.02,0.5,0.05,0.05,0.05,0.1,0.05,0.05,0.1,0.05,0.05,0.02,0.05,0.05,0.1,0.05,0.1,0.05,0.1,0.1,0.05,0.05,0.1,0.1,0.1,0.05,0.1,0.1,0.05,0.05,0.05,0.05,0.05,0.1,0.05,0.02,0.1,0.05,0.05,0.05,0.05,0.05,0.05,0.05,0.3,0.02,0.05,0.05,0.05,0.05,0.05,0.05,0.02,0.05,0.05,0.05,0.05,0.05,0.05,0.05,0.01,0.05,0.1,5.0,0.05,0.1,0.05,0.05,0.05,0.05,0.1,0.05,0.01,0.05,0.05,,0.1,2.0,0.05,0.1,0.02,0.02,300.0,0.02,0.01,0.01,0.05,0.05,0.05,0.05,0.5,0.05,0.15,0.05,0.07,0.05,0.05,0.1,0.05,0.05,0.05,0.05,0.05,0.1,0.05,0.01,0.1,0.05,0.05,0.3,0.05,0.05,0.1,0.1,0.1,0.02,0.05,0.5,0.05,0.05,0.15,0.05,0.05,0.05,0.05,0.05,0.05,0.1,0.05,0.05,0.1,0.05,0.01,0.05,0.05,0.02,0.03,0.05,0.05,0.05,0.05,0.15,0.01,0.05,0.1,0.1,0.05,0.02,0.1,0.05,,0.1,0.05,0.05,0.05,0.1,0.1,0.1,0.02,0.05,0.05,0.05,0.05,0.05,0.05,0.1,0.1,0.01,0.05,0.05,0.05,0.05,0.05,0.05,0.05,0.05,0.05,0.05,0.1,0.05,0.05,0.1,0.02,40.0,0.05,0.1,0.05,0.05,0.05,0.07,0.005,0.05,0.05,0.05,0.05,0.05,0.05,0.05,,0.1,0.05,0.05,0.05,0.05,0.05,0.05,0.02,0.05,0.05,0.05,0.01,0.05,0.05,0.2,0.05
976,SORGHUM,Sorghum,0.01,0.01,0.01,0.01,0.05,0.06,,0.01,0.01,0.05,0.01,0.01,0.001,0.01,0.02,0.1,0.01,0.02,0.01,0.01,0.01,0.01,0.01,0.01,0.01,0.01,0.01,0.02,0.01,0.01,0.01,0.05,0.01,0.05,0.01,0.01,0.01,0.01,0.05,0.05,1.0,0.01,0.05,0.01,0.01,10.0,0.01,0.01,0.01,0.02,0.01,0.1,0.02,0.1,0.01,0.02,0.01,0.01,0.01,0.01,0.01,0.01,2.0,0.01,0.15,0.01,"10.0, 50.0",0.01,0.01,0.01,0.01,0.05,0.01,0.01,0.01,0.01,0.01,0.01,0.02,0.07,0.5,0.01,0.01,0.01,0.01,0.01,0.03,0.05,0.05,,0.02,0.05,0.01,0.01,,0.01,0.02,0.01,0.01,0.03,0.01,0.02,0.005,0.01,0.01,0.02,0.01,0.01,0.01,0.01,0.01,0.01,0.01,0.01,0.01,0.05,0.1,0.02,0.02,0.01,2.0,0.01,10.0,,0.01,0.01,0.02,0.05,0.01,0.09,0.01,0.01,0.01,0.01,0.01,0.3,0.1,0.02,0.02,0.05,0.02,0.05,0.06,0.02,2.0,0.01,0.01,0.01,0.01,4.0,0.01,0.02,0.01,0.02,0.02,0.05,0.01,0.01,0.05,0.01,0.01,0.3,0.01,0.01,0.05,0.01,0.01,0.01,0.01,0.01,0.05,0.02,,0.01,0.01,0.05,0.02,0.02,0.01,0.05,0.01,0.01,0.01,0.01,0.005,0.05,0.01,0.01,0.01,0.01,0.05,0.01,0.01,0.03,0.01,0.05,0.01,0.02,0.01,0.01,0.01,0.01,0.01,0.01,0.02,0.01,0.01,0.01,0.01,0.01,0.05,0.1,0.01,0.01,0.01,0.01,0.01,0.01,0.01,0.01,0.02,0.02,0.005,0.01,0.03,0.01,0.01,0.01,0.02,0.01,0.01,0.01,0.01,0.05,0.01,0.02,,0.01,0.02,0.005,0.01,4.0,2.0,0.01,0.01,3.0,0.02,0.01,0.01,0.05,0.02,0.01,0.01,0.01,0.01,1.5,0.01,0.8,0.07,0.01,0.01,0.02,0.01,0.01,2.0,0.02,0.01,1.0,0.03,20.0,0.05,0.02,0.01,0.01,0.01,0.01,0.01,0.01,0.01,0.01,15.0,0.02,0.01,0.05,0.01,,0.01,0.01,0.01,0.1,0.1,0.01,0.01,0.01,0.01,0.01,0.01,0.01,0.01,0.01,0.01,0.01,0.02,0.01,0.01,0.01,0.1,0.01,0.01,0.01,0.05,8.0,0.2,0.01,0.01,0.01,0.05,2.0,0.01,0.02,0.01,0.01,0.01,0.01,0.01,0.02,0.01,0.05,0.01,0.02,0.02,0.01,0.01,0.01,0.2,0.03,0.01,5.0,0.01,0.01,0.01,0.01,0.01,0.01,0.1,0.01,0.01,0.02,0.01,0.02,0.01,0.01,0.01,0.01,0.01,0.02,0.01,0.01,0.01,0.01,0.01,0.01,0.01,0.01,0.005,0.01,0.01,0.01,0.01,0.01,0.01,0.01,0.02,0.05,0.02,0.01,0.02,0.05,0.01,0.01,0.8,0.05,0.01,0.01,0.01,0.05,,0.05,0.01,0.01,0.2,0.01,0.7,1.5,0.01,0.2,0.2,0.05,0.01,0.02,0.05,5.0,0.01,0.03,0.01,0.01,0.01,0.02,0.02,0.01,0.01,0.01,0.01,0.01,0.05,0.01,0.005,0.02,0.01,0.01,0.01,0.01,0.01,0.05,0.5,0.02,0.02,0.01,3.0,0.01,0.01,0.05,0.05,0.01,0.01,0.01,0.01,0.01,0.1,0.02,0.02,0.02,0.01,0.01,0.02,0.01,0.01,0.03,0.01,0.01,0.01,0.01,0.03,0.01,0.01,0.02,2.0,0.02,0.02,0.02,0.01,,0.05,0.02,0.01,0.01,0.03,0.02,0.02,0.01,0.02,0.01,0.01,0.01,0.01,0.02,0.02,0.1,0.01,"0.01, 0.02",0.01,0.01,0.01,0.01,0.01,0.01,0.01,0.01,0.01,0.01,0.05,0.01,0.05,0.01,20.0,0.01,0.1,0.01,0.01,0.01,0.02,0.003,0.01,0.01,0.01,0.01,0.01,0.01,0.01,,0.02,0.01,0.01,0.01,0.01,0.05,0.02,0.01,0.01,0.01,0.01,0.01,0.01,0.01,0.1,0.01
978,Soursops/guanabanas,Soursops/guanabanas,0.01,0.01,0.01,0.01,0.05,0.06,,0.01,0.01,0.05,0.01,0.01,0.01,0.01,0.01,0.1,0.01,0.01,0.01,0.01,0.01,0.01,0.01,0.01,0.01,0.01,0.01,0.02,0.01,0.01,0.01,0.01,0.01,0.05,0.01,0.01,0.01,0.01,0.05,0.05,0.01,0.01,0.02,0.01,0.01,0.01,0.01,0.02,0.01,0.02,0.01,0.03,0.01,0.1,0.01,,0.01,0.01,0.01,0.01,0.01,0.01,0.01,0.01,0.01,0.01,"10.0, 20.0",0.01,0.01,0.01,0.01,0.05,0.01,0.01,0.01,0.01,0.01,0.01,0.02,0.03,0.01,0.1,0.01,0.01,0.01,,0.03,0.02,0.01,,0.01,0.3,0.01,0.01,0.01,0.02,0.01,0.01,0.01,0.03,0.01,0.02,0.005,0.01,0.01,0.01,0.01,0.01,0.01,0.01,0.01,0.01,0.01,0.01,0.01,0.05,0.1,0.02,0.02,0.01,0.5,0.01,20.0,,0.01,0.01,0.01,0.05,0.01,0.09,0.01,0.01,0.01,0.02,0.01,0.05,0.05,0.02,0.01,0.05,0.01,0.05,0.06,0.02,0.01,0.01,0.01,0.01,0.01,0.05,0.01,0.02,0.01,0.01,0.02,0.05,0.01,0.01,0.1,0.01,0.01,0.02,0.01,0.01,0.05,0.01,0.01,0.01,0.01,0.01,0.02,0.02,,0.01,0.01,0.05,0.01,0.01,0.01,0.05,0.01,0.01,0.01,0.01,0.002,0.05,0.01,0.01,0.01,0.01,0.05,0.01,0.01,0.03,0.01,0.05,0.01,0.02,0.01,0.01,0.01,0.01,0.01,0.01,0.02,0.01,0.01,0.01,0.01,0.01,0.01,0.1,0.01,0.01,0.01,0.01,0.01,0.01,0.01,0.01,0.02,0.02,0.005,0.01,0.03,0.01,0.01,0.01,0.01,0.01,0.01,0.01,0.01,0.05,0.01,0.02,,0.01,0.02,0.01,0.01,0.01,0.2,0.01,0.01,0.01,0.02,0.01,0.01,0.01,0.01,0.01,0.01,0.01,0.01,0.01,0.01,0.01,0.03,0.01,0.01,0.01,0.01,0.01,2.0,0.02,0.01,1.0,0.1,0.1,0.05,0.02,0.01,0.01,0.01,0.01,0.01,0.01,0.01,0.01,,0.02,0.01,0.05,0.01,,0.01,0.01,0.01,0.1,0.1,0.01,0.01,0.01,0.01,0.01,0.01,0.01,0.01,0.01,0.01,0.01,0.02,0.01,0.01,0.01,0.1,0.01,0.01,0.01,0.05,0.02,0.2,0.01,0.01,0.01,0.05,0.01,0.01,0.02,0.01,0.01,0.01,0.01,0.01,0.02,0.01,0.05,0.01,0.02,0.02,0.01,0.01,0.01,0.02,0.03,0.01,0.02,0.01,0.01,0.01,0.01,0.01,0.01,0.1,0.01,0.01,0.02,0.01,0.01,0.01,0.01,0.01,0.01,0.01,0.01,0.01,0.01,0.01,0.01,0.01,0.01,0.01,0.01,0.001,0.01,0.01,0.01,0.01,0.01,0.01,0.01,0.02,0.05,0.01,0.01,0.02,0.05,0.01,0.01,0.01,0.05,0.01,0.01,0.01,0.02,,0.01,0.01,0.01,0.05,0.01,0.01,1.5,0.01,0.01,0.01,0.01,0.01,0.02,0.01,0.01,0.01,0.03,0.01,0.01,0.01,0.01,0.02,0.01,0.01,0.01,0.01,0.01,0.05,0.01,0.005,0.02,0.01,0.01,0.01,0.01,0.01,0.02,0.02,0.02,0.01,0.01,1.0,0.01,0.01,0.05,0.01,0.01,0.01,0.01,0.01,0.01,0.1,0.01,0.02,0.02,0.01,0.01,0.01,0.01,0.01,0.03,0.01,0.01,0.01,0.01,0.03,0.01,0.01,0.02,0.02,0.02,0.02,0.02,0.01,,0.01,0.01,0.01,0.01,0.03,0.02,0.02,0.01,0.02,0.01,0.01,0.01,0.01,0.01,0.02,0.1,0.01,0.01,0.01,0.01,0.01,0.01,0.01,0.01,0.01,0.01,0.01,0.1,0.05,0.01,0.02,0.005,20.0,0.01,0.1,0.01,0.01,0.01,0.01,0.001,0.01,0.01,0.01,0.01,0.01,0.01,0.01,,0.02,0.01,0.01,0.01,0.01,0.05,0.01,0.01,0.01,0.01,0.01,0.01,0.01,0.01,0.1,0.01
138,BEANS,Soyabeans,0.01,0.02,0.02,0.01,0.05,0.06,,0.02,0.02,0.05,0.05,0.01,0.01,0.02,0.01,0.1,0.01,0.02,0.01,0.3,0.01,0.01,0.01,0.01,0.01,0.01,0.02,0.05,0.02,0.01,0.01,0.05,0.01,0.05,0.02,0.02,0.02,0.01,0.1,0.05,0.01,0.01,0.02,0.01,0.02,0.5,0.02,0.02,0.01,0.02,0.01,0.2,0.02,0.1,0.08,,0.01,0.01,0.3,0.01,0.01,0.02,0.08,0.01,3.0,0.01,"20.0, 5.0",0.02,0.01,0.01,0.01,0.05,0.01,0.01,0.02,0.02,0.01,0.02,0.05,0.07,0.05,0.2,0.01,0.02,0.01,,0.05,0.05,0.02,,0.05,0.05,0.01,0.02,0.02,0.02,0.02,0.01,0.02,0.04,0.01,0.02,0.01,0.01,0.02,0.02,0.01,0.01,0.01,0.01,0.01,0.02,0.02,0.02,0.01,0.05,10.0,0.05,0.05,0.02,0.5,0.01,40.0,,0.01,0.4,0.02,0.05,0.01,80.0,0.01,0.01,0.03,0.05,0.01,0.05,0.07,0.3,0.01,0.05,0.02,0.1,0.1,0.02,0.01,0.01,0.01,0.02,0.02,10.0,0.01,0.02,0.01,0.01,0.05,0.05,0.01,0.01,0.1,0.01,0.01,0.7,0.01,0.01,0.1,0.01,0.02,0.01,0.01,0.02,0.05,0.05,,0.02,0.02,0.05,0.3,0.02,0.02,0.1,0.01,0.01,0.01,0.02,0.005,0.5,0.01,0.01,0.01,0.02,0.1,0.02,0.01,0.03,0.01,0.1,0.02,0.05,0.01,0.01,0.01,0.01,0.01,0.01,0.02,0.01,0.01,0.02,0.01,0.02,0.02,0.1,0.01,0.01,0.01,0.01,0.01,0.01,0.01,0.02,0.05,0.05,0.005,0.01,0.06,0.01,0.01,15.0,0.01,0.3,0.02,0.02,0.2,0.05,0.01,0.05,,0.01,0.05,0.01,0.01,0.2,2.0,0.01,0.01,1.5,0.02,0.01,0.01,0.01,0.02,0.01,0.01,0.01,0.01,0.4,0.01,0.15,0.07,0.02,0.02,0.02,0.01,0.02,2.0,0.05,0.01,1.0,2.0,20.0,0.05,0.05,0.01,0.5,0.01,0.02,0.01,0.01,0.02,0.5,,0.05,0.01,0.05,0.5,5.0,0.01,0.02,0.01,0.1,0.1,0.01,0.02,0.01,0.01,0.01,0.02,0.01,0.01,0.01,0.01,0.01,0.04,0.01,0.02,0.05,0.1,0.01,0.01,0.01,0.1,0.02,0.5,0.01,0.01,0.01,0.05,0.4,0.02,0.05,0.02,0.01,0.02,0.02,0.03,0.2,0.01,0.6,0.01,0.02,0.05,0.02,0.02,0.1,0.05,0.03,0.01,0.05,0.01,0.01,0.01,0.01,0.01,0.01,0.1,0.01,0.01,0.02,0.02,0.02,0.02,0.02,0.01,0.02,0.02,0.02,0.02,0.01,0.01,0.01,0.01,0.01,0.01,0.02,0.01,0.01,0.01,0.02,0.02,0.01,0.01,0.01,0.02,0.05,0.02,0.01,0.02,0.05,0.01,0.01,0.3,0.05,0.01,0.01,0.01,0.05,,0.05,0.02,0.01,0.05,0.01,0.05,1.5,0.02,0.01,0.01,0.01,0.01,0.02,0.02,0.5,0.01,0.03,0.02,0.02,0.01,0.01,0.05,0.01,0.05,0.02,0.02,0.01,0.2,0.01,0.01,0.05,0.01,0.02,0.02,0.02,0.2,0.02,0.2,0.02,0.01,0.02,3.0,0.01,0.01,0.05,0.02,0.01,0.01,0.01,0.02,0.02,0.15,0.02,0.05,0.05,0.2,0.01,0.02,0.02,0.02,0.1,0.01,0.02,0.02,0.01,0.03,0.01,0.01,0.02,0.02,0.02,0.02,4.0,0.05,,0.05,0.02,0.3,0.01,0.03,0.02,0.02,0.01,0.15,0.01,0.01,0.02,0.05,0.01,0.02,0.1,0.01,0.01,0.01,0.02,0.02,0.02,0.01,0.01,0.01,0.02,0.01,0.3,0.05,0.01,0.02,0.005,40.0,0.01,0.1,0.01,0.01,0.01,0.01,0.005,0.01,0.02,0.01,0.01,0.02,0.05,0.05,,0.02,0.1,0.01,0.01,0.02,10.0,0.01,0.02,0.01,0.01,0.02,0.01,0.01,0.01,0.1,0.01
998,SPINACH,Spinaches,0.01,0.01,0.01,0.01,0.05,0.06,,0.01,0.01,0.05,0.01,0.01,0.01,0.01,0.01,0.1,0.01,0.01,0.01,0.01,0.01,0.01,0.01,0.6,0.01,0.01,0.01,0.02,0.01,60.0,0.01,0.01,0.01,0.05,0.01,0.01,0.01,0.01,0.05,0.05,1.0,0.01,0.02,0.01,0.01,15.0,0.01,0.02,0.01,0.02,0.01,0.03,0.01,0.1,0.01,,0.01,0.01,0.01,0.01,0.01,0.01,0.01,0.01,50.0,0.01,50.0,0.01,0.01,0.01,0.01,0.05,0.01,0.01,0.01,0.01,0.01,0.01,0.02,0.03,0.01,0.1,0.01,0.005,0.01,,0.03,0.02,0.01,,20.0,0.7,0.01,0.01,0.01,0.02,0.01,0.01,0.01,0.03,0.01,0.02,0.005,0.01,0.01,0.01,0.01,0.01,0.01,0.01,0.01,0.01,0.01,0.01,0.01,0.05,0.5,0.02,0.02,0.01,1.0,0.01,20.0,,0.01,0.01,0.01,0.05,0.01,2.0,0.01,0.01,0.01,0.02,0.9,0.7,0.05,15.0,0.01,0.05,0.01,0.05,0.06,0.15,0.01,0.01,0.01,0.01,0.01,0.05,0.01,0.02,0.01,0.01,0.02,0.05,0.01,0.01,3.0,0.01,0.01,0.3,0.01,0.01,0.05,0.01,30.0,0.01,0.01,0.01,0.02,0.02,,0.01,0.01,0.05,0.01,0.01,0.6,0.05,0.01,0.01,0.01,0.01,0.2,0.05,0.01,0.01,0.01,0.01,0.05,0.01,0.01,0.1,0.01,0.05,0.01,0.02,3.0,0.01,0.01,0.01,0.01,0.01,0.02,0.01,0.01,0.01,0.01,0.01,0.01,0.1,0.01,0.01,0.01,0.01,0.01,8.0,0.01,0.01,0.02,0.02,0.005,0.01,0.6,0.01,0.01,0.02,0.01,0.01,0.01,0.01,30.0,0.05,0.01,0.02,,0.01,0.02,0.01,6.0,2.0,0.2,0.01,0.01,6.0,0.02,0.01,0.01,0.01,0.01,0.01,0.01,0.01,0.01,0.01,0.01,3.0,0.03,0.01,0.01,0.01,0.01,0.01,300.0,0.02,0.01,1.0,0.06,0.1,0.05,0.02,0.01,0.01,0.01,0.01,0.01,0.01,0.01,0.01,,0.02,0.01,0.05,0.01,,0.01,0.01,0.01,0.1,0.1,0.01,0.01,0.01,0.01,0.01,0.01,20.0,0.01,0.01,0.01,0.01,0.02,0.01,0.01,0.6,0.1,0.01,0.01,0.01,0.05,0.02,0.2,0.01,25.0,0.01,0.05,7.0,0.01,0.02,0.01,0.01,0.01,0.01,0.01,0.02,1.5,2.0,0.08,0.02,0.02,0.01,0.01,0.01,0.02,0.03,0.01,0.02,0.01,4.0,0.15,0.01,0.01,0.01,0.1,0.01,0.01,0.02,0.01,0.01,0.01,0.01,0.05,0.01,0.01,0.01,0.01,0.01,0.01,0.01,0.01,0.01,0.01,0.01,0.001,0.01,15.0,0.01,0.01,0.01,0.01,0.01,0.02,0.05,0.01,0.01,0.02,0.05,0.01,0.01,30.0,0.05,0.01,0.01,0.3,0.02,,0.01,0.01,0.01,0.05,0.01,0.01,200.0,0.01,0.01,0.01,0.01,0.01,0.02,0.06,0.01,0.01,0.03,0.01,0.01,0.01,0.01,0.02,40.0,0.01,0.01,0.01,0.01,0.05,0.01,0.005,0.02,0.01,0.01,0.01,0.01,0.01,0.02,0.6,0.02,0.01,0.01,1.0,0.01,0.01,0.05,0.01,0.01,0.01,0.01,0.01,0.01,0.1,0.01,0.02,0.02,0.2,0.01,0.01,0.01,0.01,0.03,0.01,0.01,0.01,0.01,0.03,0.01,0.01,0.9,4.0,0.02,0.02,7.0,0.01,,0.01,0.01,6.0,0.01,0.03,0.02,0.02,0.01,0.02,10.0,0.01,0.01,0.01,0.01,0.02,0.1,0.01,0.01,0.01,0.01,0.01,0.01,0.01,0.01,0.01,0.01,0.01,0.1,0.05,0.01,0.02,0.005,150.0,0.01,0.1,0.01,0.01,0.01,0.01,0.001,0.01,0.01,0.01,0.01,0.01,20.0,20.0,,0.02,0.01,0.01,0.01,0.01,0.05,0.01,0.01,0.01,0.01,0.01,0.01,0.01,0.01,0.1,0.01
756,ONION,Spring onions/green onions and Welsh onions,0.01,0.01,0.01,0.01,0.05,0.06,,0.01,0.01,0.05,0.01,0.01,0.01,0.01,0.01,0.1,0.01,0.01,0.01,0.02,0.01,0.01,0.01,0.01,0.01,0.01,0.02,0.05,0.01,20.0,0.01,0.01,0.01,0.05,0.01,0.02,0.01,0.01,0.05,0.05,1.0,0.01,0.02,0.01,0.02,10.0,0.01,0.02,0.01,0.02,0.01,0.03,0.01,0.1,0.09,,0.01,0.01,0.01,0.01,0.01,0.01,0.01,0.01,6.0,0.01,30.0,0.01,0.01,0.01,0.01,0.05,0.01,0.01,0.01,0.02,0.01,0.01,0.05,0.03,0.02,0.1,0.01,0.002,0.01,,0.03,0.02,0.01,,0.01,0.5,0.01,0.01,0.01,0.02,0.02,0.01,0.01,0.03,0.01,0.02,0.005,0.01,0.01,0.01,0.01,0.01,0.01,0.01,0.01,0.02,0.02,0.01,0.01,0.05,0.5,0.02,0.02,0.01,0.7,0.01,5.0,,0.01,8.0,0.01,0.05,0.01,0.3,0.01,0.01,0.01,0.02,0.01,0.05,0.05,0.8,0.01,0.05,0.01,0.05,0.06,0.02,0.3,0.01,0.01,0.01,0.02,0.05,0.01,0.02,0.01,0.01,0.05,0.05,0.01,0.01,9.0,0.01,0.01,0.15,0.01,0.01,0.1,0.01,9.0,0.01,0.01,0.01,0.02,0.02,4.0,0.01,0.01,0.05,0.01,0.02,0.01,1.0,0.01,0.01,0.01,0.02,0.002,0.1,0.01,0.01,0.01,0.01,0.05,0.02,0.01,0.03,0.01,0.05,0.01,0.02,0.01,0.01,0.01,0.01,0.01,0.01,0.02,0.01,0.01,0.01,0.01,0.01,0.02,0.1,0.01,0.01,0.01,0.01,0.01,0.01,0.01,0.02,0.02,0.02,0.005,0.01,0.03,0.01,0.01,0.01,0.01,0.01,0.01,0.01,5.0,0.05,0.01,0.05,,0.01,0.02,0.01,10.0,3.0,0.2,0.01,0.01,0.01,0.02,0.01,0.01,0.01,0.01,0.01,0.01,0.01,0.01,0.01,0.01,0.7,0.03,0.02,0.01,0.01,0.01,0.01,30.0,0.02,0.01,1.0,0.03,0.1,0.05,0.02,0.01,0.01,0.01,0.01,0.01,0.01,0.02,0.01,,0.02,0.01,0.05,0.01,,0.01,0.01,0.01,0.1,0.1,0.01,0.01,0.01,0.01,0.01,0.01,0.01,0.01,0.01,0.01,0.01,0.02,0.01,0.02,0.2,0.1,0.01,0.01,0.01,0.05,0.02,0.2,0.01,7.0,0.01,0.05,4.0,0.01,0.02,0.02,0.01,0.01,0.01,0.01,0.02,0.3,0.05,0.01,0.02,0.02,0.02,0.01,0.02,0.05,0.03,0.01,0.05,0.01,0.01,0.01,0.01,0.01,0.01,0.1,0.01,0.01,0.02,0.01,0.02,0.01,0.02,0.06,0.01,0.01,0.01,0.01,0.01,0.01,0.01,0.01,0.01,0.01,0.01,0.001,0.01,2.0,0.02,0.02,0.01,0.01,0.01,0.02,0.05,0.02,0.01,0.02,0.05,0.01,0.01,4.0,0.05,0.01,0.01,0.01,0.02,,0.02,0.01,0.01,0.05,0.01,0.01,10.0,0.01,0.01,0.01,0.01,0.01,0.02,0.01,0.01,0.01,0.03,0.02,0.02,0.01,0.01,0.05,30.0,0.01,0.01,0.01,0.01,0.05,0.01,0.005,0.02,0.01,0.01,0.02,0.01,0.01,0.02,1.5,0.02,0.01,0.01,1.0,0.01,0.01,1.0,3.0,0.01,0.01,0.01,0.01,0.02,0.1,0.01,0.02,0.05,0.01,0.01,0.01,0.01,0.01,0.03,0.01,0.01,0.02,0.01,0.03,0.01,0.01,0.8,4.0,0.02,0.02,0.9,0.01,,0.01,0.01,0.7,0.01,0.03,0.02,0.02,0.01,2.0,0.01,0.01,0.01,0.01,0.01,0.02,0.1,0.01,0.01,0.01,0.02,0.01,0.01,0.01,0.01,0.01,0.01,0.01,0.1,0.05,0.01,0.02,0.005,70.0,0.01,0.1,0.01,0.01,0.01,0.01,0.001,0.01,0.02,0.01,0.01,0.02,0.1,0.1,,0.02,0.01,0.01,0.01,0.02,0.05,0.01,0.01,0.01,0.01,0.01,0.01,0.01,0.01,0.1,0.01
53,APPLE,Star apples/cainitos,0.01,0.01,0.01,0.01,0.05,0.06,,0.01,0.01,0.05,0.01,0.01,0.01,0.01,0.01,0.1,0.01,0.01,0.01,0.01,0.01,0.01,0.01,0.01,0.01,0.01,0.01,0.02,0.01,0.01,0.01,0.01,0.01,0.05,0.01,0.01,0.01,0.01,0.05,0.05,0.01,0.01,0.02,0.01,0.01,0.01,0.01,0.02,0.01,0.02,0.01,0.03,0.01,0.1,0.01,,0.01,0.01,0.01,0.01,0.01,0.01,0.01,0.01,0.01,0.01,"10.0, 20.0",0.01,0.01,0.01,0.01,0.05,0.01,0.01,0.01,0.01,0.01,0.01,0.02,0.03,0.01,0.1,0.01,0.01,0.01,,0.03,0.02,0.01,,0.01,0.3,0.01,0.01,0.01,0.02,0.01,0.01,0.01,0.03,0.01,0.02,0.005,0.01,0.01,0.01,0.01,0.01,0.01,0.01,0.01,0.01,0.01,0.01,0.01,0.05,0.1,0.02,0.02,0.01,0.5,0.01,20.0,,0.01,0.01,0.01,0.05,0.01,0.09,0.01,0.01,0.01,0.02,0.01,0.05,0.05,0.02,0.01,0.05,0.01,0.05,0.06,0.02,0.01,0.01,0.01,0.01,0.01,0.05,0.01,0.02,0.01,0.01,0.02,0.05,0.01,0.01,0.1,0.01,0.01,0.02,0.01,0.01,0.05,0.01,0.01,0.01,0.01,0.01,0.02,0.02,,0.01,0.01,0.05,0.01,0.01,0.01,0.05,0.01,0.01,0.01,0.01,0.002,0.05,0.01,0.01,0.01,0.01,0.05,0.01,0.01,0.03,0.01,0.05,0.01,0.02,0.01,0.01,0.01,0.01,0.01,0.01,0.02,0.01,0.01,0.01,0.01,0.01,0.01,0.1,0.01,0.01,0.01,0.01,0.01,0.01,0.01,0.01,0.02,0.02,0.005,0.01,0.03,0.01,0.01,0.01,0.01,0.01,0.01,0.01,0.01,0.05,0.01,0.02,,0.01,0.02,0.01,0.01,0.01,0.2,0.01,0.01,0.01,0.02,0.01,0.01,0.01,0.01,0.01,0.01,0.01,0.01,0.01,0.01,0.01,0.03,0.01,0.01,0.01,0.01,0.01,2.0,0.02,0.01,1.0,0.1,0.1,0.05,0.02,0.01,0.01,0.01,0.01,0.01,0.01,0.01,0.01,,0.02,0.01,0.05,0.01,,0.01,0.01,0.01,0.1,0.1,0.01,0.01,0.01,0.01,0.01,0.01,0.01,0.01,0.01,0.01,0.01,0.02,0.01,0.01,0.01,0.1,0.01,0.01,0.01,0.05,0.02,0.2,0.01,0.01,0.01,0.05,0.01,0.01,0.02,0.01,0.01,0.01,0.01,0.01,0.02,0.01,0.05,0.01,0.02,0.02,0.01,0.01,0.01,0.02,0.03,0.01,0.02,0.01,0.01,0.01,0.01,0.01,0.01,0.1,0.01,0.01,0.02,0.01,0.01,0.01,0.01,0.01,0.01,0.01,0.01,0.01,0.01,0.01,0.01,0.01,0.01,0.01,0.01,0.001,0.01,0.01,0.01,0.01,0.01,0.01,0.01,0.02,0.05,0.01,0.01,0.02,0.05,0.01,0.01,0.01,0.05,0.01,0.01,0.01,0.02,,0.01,0.01,0.01,2.0,0.01,0.01,1.5,0.01,0.01,0.01,0.01,0.01,0.02,0.01,0.01,0.01,0.03,0.01,0.01,0.01,0.01,0.02,0.01,0.01,0.01,0.01,0.01,0.05,0.01,0.005,0.02,0.01,0.01,0.01,0.01,0.01,0.02,0.02,0.02,0.01,0.01,1.0,0.01,0.01,0.05,0.01,0.01,0.01,0.01,0.01,0.01,0.1,0.01,0.02,0.02,0.01,0.01,0.01,0.01,0.01,0.03,0.01,0.01,0.01,0.01,0.03,0.01,0.01,0.02,0.02,0.02,0.02,0.02,0.01,,0.01,0.01,0.01,0.01,0.03,0.02,0.02,0.01,0.02,0.01,0.01,0.01,0.01,0.01,0.02,0.1,0.01,0.01,0.01,0.01,0.01,0.01,0.01,0.01,0.01,0.01,0.01,0.1,0.05,0.01,0.02,0.005,20.0,0.01,0.1,0.01,0.01,0.01,0.01,0.001,0.01,0.01,0.01,0.01,0.01,0.01,0.01,,0.02,0.01,0.01,0.01,0.01,0.05,0.01,0.01,0.01,0.01,0.01,0.01,0.01,0.01,0.1,0.01
1122,VEGETABLES,Stem vegetables,0.01,0.01,0.01,0.01,0.05,0.06,,0.01,0.01,0.05,0.01,0.01,0.01,0.01,0.01,0.1,0.01,0.01,,0.01,0.01,,0.01,0.01,,0.01,0.01,0.02,0.01,,0.01,0.01,0.01,0.05,0.01,0.01,0.01,0.01,0.05,0.05,1.0,0.01,0.02,0.01,0.01,,0.01,0.02,,0.02,0.01,0.03,0.01,0.1,,,0.01,0.01,0.01,0.01,0.01,0.01,0.01,0.01,,0.01,30.0,0.01,0.01,0.01,0.01,0.05,0.01,0.01,0.01,0.01,0.01,0.01,0.02,0.03,0.01,0.1,0.01,0.002,0.01,,0.03,0.02,0.01,,,0.25,0.01,0.01,0.01,0.02,0.01,0.01,0.01,0.03,0.01,0.02,0.005,0.01,0.01,0.01,0.01,0.01,0.01,0.01,0.01,0.01,0.01,0.01,0.01,0.05,0.5,0.02,0.02,0.01,,0.01,,,0.01,,0.01,0.05,0.01,,,0.01,0.01,0.02,,,,,0.01,0.05,0.01,0.05,0.06,0.02,,0.01,0.01,0.01,0.01,,0.01,0.02,0.01,0.01,0.02,0.05,0.01,0.01,,0.01,0.01,,0.01,0.01,0.05,0.01,,0.01,0.01,0.01,0.02,0.02,,0.01,0.01,0.05,0.01,,0.01,,0.01,0.01,0.01,0.01,,0.05,0.01,0.01,0.01,0.01,0.05,0.01,0.01,0.03,0.01,0.05,0.01,0.02,0.01,0.01,0.01,0.01,0.01,0.01,0.02,0.01,0.01,0.01,0.01,,0.01,0.1,0.01,0.01,0.01,0.01,0.01,0.01,0.01,0.01,0.02,0.02,0.005,0.01,,0.01,0.01,,0.01,,0.01,0.01,,0.05,0.01,0.02,,0.01,0.02,0.01,,,0.2,0.01,0.01,0.01,0.02,0.01,0.01,,0.01,0.01,0.01,0.01,0.01,0.01,,,0.03,0.01,0.01,0.01,0.01,0.01,,0.02,0.01,1.0,,0.1,0.05,0.02,0.01,0.01,0.01,0.01,0.01,0.01,0.01,0.01,,0.02,0.01,0.05,0.01,,0.01,0.01,0.01,0.1,0.1,0.01,0.01,0.01,0.01,0.01,0.01,0.01,0.01,0.01,0.01,0.01,0.02,,0.01,,0.1,0.01,0.01,0.01,0.05,0.02,0.2,0.01,,0.01,0.05,,0.01,0.02,0.01,0.01,0.01,0.01,0.01,0.02,,,0.01,,0.02,0.01,0.01,0.01,0.02,0.03,0.01,0.02,0.01,0.01,0.01,0.01,0.01,0.01,0.1,0.01,0.01,0.02,0.01,0.01,0.01,0.01,,0.01,0.01,0.01,0.01,0.01,0.01,0.01,,0.01,0.01,0.01,0.001,0.01,,0.01,0.01,0.01,0.01,0.01,0.02,0.05,0.01,,0.02,,0.01,0.01,,0.05,0.01,0.01,0.01,0.02,,0.01,0.01,0.01,0.05,0.01,0.01,,0.01,0.01,0.01,0.01,0.01,0.02,,0.01,0.01,0.03,0.01,0.01,0.01,0.01,0.02,,0.01,0.01,0.01,0.01,0.05,0.01,0.005,0.02,,0.01,,0.01,,0.02,,0.02,0.01,0.01,1.0,0.01,0.01,,,0.01,0.01,0.01,0.01,0.01,0.1,0.01,,0.02,0.01,0.01,0.01,0.01,0.01,0.03,0.01,0.01,0.01,0.01,0.03,0.01,0.01,,,0.02,0.02,,0.01,,0.01,0.01,,0.01,0.03,0.02,0.02,0.01,,0.01,0.01,0.01,0.01,0.01,0.02,0.1,0.01,0.01,,0.01,0.01,0.01,0.01,0.01,0.01,0.01,0.01,0.1,0.05,0.01,0.02,0.005,,0.01,0.1,0.01,0.01,0.01,0.01,0.001,0.01,0.01,0.01,0.01,0.01,,,,0.02,0.01,0.01,0.01,0.01,0.05,0.01,0.01,0.01,0.01,0.01,0.01,0.01,0.01,0.1,0.01
1005,STONE FRUIT,Stone fruits,0.01,0.01,0.01,0.01,0.05,0.06,,0.01,0.01,0.05,0.01,0.01,0.01,0.01,0.01,0.1,0.01,0.01,,0.01,,,0.01,,0.01,0.01,0.01,0.02,0.01,0.01,0.01,0.01,0.01,0.05,0.01,0.01,0.01,0.01,0.05,0.05,1.0,0.01,0.02,0.01,0.01,2.0,0.01,0.02,0.01,0.02,0.01,0.03,0.01,0.1,0.01,,0.01,0.01,0.01,0.01,0.01,0.01,0.01,0.01,,0.01,"20.0, 5.0",0.01,0.01,0.01,0.01,,,0.01,0.01,0.01,0.01,0.01,0.02,,0.01,,0.01,0.002,0.01,,0.03,0.02,0.01,,1.0,0.05,0.01,0.01,0.01,0.01,0.01,0.01,0.01,0.03,0.01,0.02,0.005,0.01,0.01,0.01,0.01,0.01,0.01,0.01,0.01,0.01,0.01,0.01,0.01,0.05,0.1,0.02,,0.01,0.5,0.01,5.0,,0.01,,0.01,0.05,0.01,0.09,,,0.01,0.02,0.01,2.0,,2.0,0.01,0.05,0.01,0.05,0.06,0.02,,0.01,0.01,0.01,0.01,0.05,0.01,0.02,0.01,0.01,0.02,0.05,0.01,0.01,,0.01,0.01,,0.01,0.01,0.05,0.01,0.01,0.01,0.01,0.01,0.02,0.02,,0.01,0.01,0.05,0.02,0.01,,,0.01,0.01,,0.01,,0.05,0.01,0.01,0.01,0.01,,0.01,,0.03,0.01,0.05,0.01,0.02,,0.01,0.01,0.01,0.01,0.01,,0.01,,0.01,0.01,,0.01,0.1,0.01,0.01,0.01,0.01,0.01,,,0.01,0.02,,0.005,0.01,,0.01,0.01,0.01,0.01,2.0,0.01,0.01,,0.05,0.01,0.02,,0.01,0.02,0.01,0.01,,0.2,0.01,0.01,,0.02,0.01,0.01,0.01,0.01,0.01,0.01,,0.01,,,,0.03,0.01,0.01,0.01,0.01,0.01,,0.02,0.01,1.0,0.15,0.1,0.05,0.02,0.01,0.01,0.01,0.01,0.01,0.01,0.01,,,0.02,0.01,0.05,0.01,,0.01,0.01,0.01,0.1,0.1,0.01,0.01,0.01,0.01,0.01,0.01,,0.01,0.01,,0.01,0.02,,0.01,,0.1,0.01,0.01,,0.05,0.02,0.2,,0.01,0.01,0.05,,0.01,0.02,0.01,0.01,0.01,0.01,0.01,0.02,0.01,0.05,0.01,0.02,,0.01,0.01,0.01,0.02,0.03,0.01,0.02,0.01,,0.01,0.01,0.01,,0.1,0.01,0.01,0.02,0.01,0.01,0.01,0.01,,0.01,0.01,0.01,0.01,0.01,0.01,0.01,0.01,0.01,0.01,0.01,0.001,0.01,0.01,0.01,0.01,0.01,,0.01,0.02,0.05,0.01,,0.02,0.05,0.01,0.01,,0.05,0.01,0.01,0.01,0.02,,0.01,0.01,0.01,,0.01,0.01,,0.01,0.01,0.01,0.01,0.01,0.02,,0.01,0.01,0.03,0.01,0.01,0.01,,0.02,0.01,0.01,0.01,0.01,0.01,0.05,0.01,0.005,0.02,0.02,0.01,0.01,0.01,0.01,0.02,,0.02,0.01,0.01,1.0,0.01,0.01,0.05,,0.01,,0.01,0.01,0.01,0.1,0.01,,0.02,0.02,0.01,0.01,0.01,0.01,0.03,0.01,0.01,,0.01,0.03,0.01,0.01,,,2.0,0.02,3.0,0.01,,0.01,0.01,,0.01,0.03,0.02,0.02,0.01,,,,0.01,0.01,0.01,0.02,0.1,0.01,0.01,,0.01,0.01,0.01,0.01,0.01,0.01,0.01,0.01,,0.05,0.01,0.02,0.005,,0.01,0.1,0.01,0.01,0.01,0.01,0.001,0.01,0.01,,0.01,0.01,3.0,3.0,,0.02,0.01,0.01,0.01,0.01,0.05,0.01,0.01,0.01,0.01,0.01,0.01,0.01,0.01,,0.01
1006,STRAWBERRY,Strawberry,0.1,0.02,0.02,0.05,0.05,0.1,,0.05,0.05,0.1,0.05,0.01,0.01,0.05,0.05,0.1,0.05,0.05,0.05,0.05,0.05,0.05,0.05,0.05,0.08,0.05,0.05,0.05,0.02,0.05,0.05,0.05,0.05,0.1,0.05,0.05,0.02,0.1,0.1,0.1,0.01,0.05,0.05,0.05,0.05,60.0,0.05,0.05,0.05,0.1,0.05,0.3,0.05,0.1,0.05,,0.05,0.05,0.1,0.05,0.05,0.05,0.05,0.01,0.9,0.01,"50.0, 100.0",0.05,0.05,0.05,0.05,0.05,0.05,0.05,0.05,0.05,0.01,0.05,0.1,0.1,0.05,0.1,0.05,0.05,0.01,,0.1,0.1,0.02,,0.05,0.05,0.1,0.05,0.02,0.02,0.05,0.1,0.05,0.1,0.05,0.1,0.025,0.05,0.05,0.05,0.05,0.05,0.01,0.01,0.05,0.05,0.05,0.05,0.05,0.1,0.1,0.1,0.05,0.5,5.0,0.05,100.0,,0.01,0.05,0.05,0.1,0.05,0.1,0.05,0.05,0.05,0.1,0.1,0.1,0.05,0.1,0.1,0.5,0.05,0.1,0.1,0.02,9.0,0.05,0.05,0.05,0.05,40.0,0.05,0.1,0.02,0.05,0.1,0.05,0.05,0.05,20.0,0.05,0.05,0.1,0.05,0.05,0.1,0.05,0.05,0.05,0.05,0.05,0.1,0.1,,0.05,0.05,0.05,0.05,0.05,0.01,0.1,0.05,0.01,0.05,0.05,2.0,0.1,0.1,0.05,0.01,0.02,0.1,0.05,0.05,15.0,0.02,0.1,0.05,0.1,0.05,0.05,0.05,0.05,0.05,0.05,0.05,0.05,0.05,0.05,0.1,0.05,0.05,0.1,0.05,0.05,0.02,0.05,0.05,0.05,0.05,0.05,0.1,0.1,0.005,0.05,0.1,0.05,0.05,0.04,0.1,0.05,0.05,0.05,0.05,0.05,0.05,0.1,,0.05,0.1,0.05,0.05,40.0,10.0,0.02,0.05,0.05,0.1,0.05,0.05,0.05,0.05,0.05,0.05,0.05,0.05,0.05,0.05,30.0,0.1,0.05,0.05,0.05,0.05,0.05,2000.0,0.05,0.05,1.0,0.1,2.0,0.05,0.1,0.02,0.05,0.1,0.02,0.01,0.01,0.05,0.05,,0.1,0.05,0.1,0.01,,0.05,0.05,0.05,0.1,0.1,0.05,0.05,0.05,0.05,0.05,0.05,0.05,0.01,0.05,0.01,0.05,0.1,0.05,0.05,0.01,0.1,0.01,0.05,0.05,0.1,0.02,0.5,0.05,0.05,0.05,0.1,0.05,0.05,0.1,0.05,0.05,0.02,0.05,0.05,0.1,0.05,0.1,0.15,0.1,0.1,0.05,0.05,0.05,0.1,0.1,0.05,0.1,0.1,0.05,0.05,0.05,0.05,0.05,0.1,0.05,0.02,0.1,0.05,0.05,0.05,0.05,0.05,0.05,0.05,0.3,0.02,0.05,0.05,0.05,0.05,0.05,0.05,0.02,0.05,0.05,0.05,0.05,0.05,0.05,0.05,0.01,0.05,0.1,0.05,0.05,0.1,0.05,0.05,0.05,0.05,0.1,0.05,0.01,0.05,0.05,,0.05,0.05,0.05,0.1,0.02,0.02,1500.0,0.1,0.01,0.01,0.05,0.05,0.05,10.0,0.05,0.05,0.15,0.05,0.05,0.05,0.05,0.1,0.05,0.05,0.05,0.05,0.05,0.1,0.05,0.01,0.1,0.4,0.05,2.0,0.05,0.05,0.1,0.1,0.1,0.02,0.05,0.5,0.05,0.05,2.0,0.05,0.05,0.05,0.05,0.05,0.05,0.1,0.05,0.05,0.1,0.8,0.01,0.05,0.05,0.02,0.03,0.05,0.05,0.05,0.05,0.15,0.01,0.05,0.1,0.1,0.05,0.02,50.0,0.05,,0.1,0.05,0.05,0.05,0.1,0.1,0.1,0.02,15.0,0.05,0.05,0.05,0.05,0.05,0.1,0.1,0.01,0.05,0.05,0.05,0.05,0.05,0.05,0.05,0.05,0.05,0.05,0.1,0.05,0.05,0.1,0.02,100.0,0.05,0.1,0.05,0.05,0.05,0.02,0.005,0.05,0.05,0.05,0.05,0.05,0.05,0.05,,0.1,0.05,0.05,0.05,0.05,0.05,0.05,0.02,0.05,0.05,0.05,0.01,0.05,0.05,0.2,0.01
1008,SUGAR BEET,Sugar beet roots,0.01,0.01,0.01,0.01,0.05,0.06,,0.01,0.01,0.05,0.01,0.01,0.01,0.01,0.01,0.1,0.01,0.01,0.01,0.01,0.01,0.01,0.01,0.01,0.01,0.01,0.01,0.05,0.01,0.01,0.01,0.01,0.01,0.05,0.01,0.01,0.01,0.01,0.05,0.05,0.05,0.01,0.05,0.01,0.01,5.0,0.01,0.02,0.01,0.02,0.01,0.03,0.01,0.1,0.01,0.02,0.01,0.01,0.01,0.01,0.01,0.01,0.09,0.01,0.4,0.01,"20.0, 5.0",0.01,0.01,0.01,0.01,0.5,0.01,0.01,0.01,0.01,0.01,0.01,0.02,0.03,0.01,0.1,0.01,0.01,0.01,,0.03,0.02,0.01,,0.01,0.05,0.01,0.01,0.01,0.01,0.01,0.01,0.01,0.03,0.01,0.02,0.005,0.01,0.01,0.01,0.01,0.01,0.01,0.01,0.01,0.01,0.01,0.01,0.01,0.05,0.5,0.02,0.02,0.01,1.0,0.01,5.0,,0.01,0.05,0.01,0.05,0.01,0.3,0.01,0.01,0.01,0.02,0.01,1.0,0.1,0.02,0.01,0.05,0.01,0.1,0.06,0.02,0.01,0.01,0.01,0.01,0.1,0.05,0.01,0.02,0.01,0.01,0.02,0.05,0.01,0.01,0.2,0.01,0.01,0.09,0.01,0.01,0.05,0.01,0.01,0.01,0.01,0.01,0.02,0.02,,0.01,0.01,0.05,0.01,0.01,0.01,2.0,0.01,0.01,0.01,0.01,0.002,0.05,0.01,0.01,0.01,0.01,0.05,0.01,0.01,0.2,0.01,0.05,0.01,0.02,0.01,0.01,0.01,0.01,0.01,0.01,0.02,0.01,0.01,0.01,0.01,0.01,0.01,0.1,0.01,0.01,0.01,0.07,0.03,0.01,0.01,0.01,0.02,0.02,0.005,0.01,0.03,0.01,0.01,0.5,0.01,0.01,0.01,0.01,4.0,0.05,0.01,0.02,,0.01,0.02,0.01,0.15,0.1,2.0,0.01,0.01,0.01,0.02,0.01,0.01,0.01,0.01,0.01,0.01,0.01,0.01,0.02,0.01,0.4,0.03,0.01,0.01,0.01,0.01,0.01,2.0,0.02,0.01,1.0,1.5,15.0,0.05,0.02,0.01,0.01,0.01,0.01,0.01,0.01,0.01,0.05,,0.02,0.01,0.05,0.01,,0.01,0.01,0.01,0.1,0.1,0.01,0.01,0.01,0.01,0.01,0.01,0.01,0.01,0.01,0.01,0.01,0.02,0.05,0.01,0.01,0.1,0.01,0.01,0.01,0.05,0.02,0.2,0.01,0.01,0.01,0.05,0.06,0.01,0.02,0.01,0.01,0.01,0.01,0.01,0.02,0.01,0.05,0.01,0.02,0.06,0.01,0.01,0.02,0.02,0.03,0.01,0.02,0.01,0.3,0.01,0.01,0.01,0.01,0.1,0.01,0.01,0.02,0.01,0.01,0.01,0.01,0.01,0.01,0.01,0.01,0.01,0.01,0.01,0.01,0.01,0.01,0.01,0.01,0.001,0.01,0.01,0.01,0.01,0.01,0.01,0.01,0.02,0.05,0.01,0.01,0.02,0.05,0.01,0.01,0.5,0.05,0.01,0.01,0.05,0.02,,0.05,0.01,0.005,0.05,0.01,0.01,1.5,0.01,0.01,0.01,0.01,0.01,0.02,0.01,0.01,0.05,0.03,0.01,0.01,0.01,0.01,0.02,0.01,0.01,0.01,0.01,0.01,0.05,0.01,0.005,0.02,0.08,0.01,0.01,0.01,0.03,0.02,0.2,0.02,0.01,0.01,1.0,0.01,0.01,0.05,0.01,0.01,0.01,0.01,0.01,0.01,0.15,0.01,0.02,0.02,0.06,0.01,0.01,0.01,0.02,0.03,0.01,0.01,0.01,0.01,0.03,0.01,0.01,0.02,0.02,0.02,0.02,0.06,0.01,,0.01,0.01,0.01,0.01,0.03,0.02,0.02,0.01,0.02,0.01,0.01,0.01,0.01,0.08,0.02,0.1,0.01,0.01,0.01,0.01,0.01,0.01,0.01,0.01,0.01,0.01,0.01,0.1,0.05,0.01,0.02,0.005,5.0,0.01,0.1,0.01,0.01,0.01,0.01,0.001,0.01,0.01,0.01,0.01,0.01,0.02,0.02,,0.02,0.01,0.01,0.01,0.01,0.05,0.01,0.01,0.01,0.01,0.01,0.01,0.01,0.01,0.1,0.01
1011,Sugar canes,Sugar canes,0.01,0.01,0.01,0.01,0.05,0.06,,0.01,0.01,0.05,0.01,0.01,0.01,0.01,0.01,0.1,0.01,0.01,0.01,0.01,0.01,0.01,0.01,0.01,0.01,0.01,0.01,0.02,0.01,0.01,0.01,0.01,0.01,0.05,0.01,0.01,0.01,0.01,0.05,0.05,0.01,0.01,0.05,0.01,0.01,0.05,0.01,0.02,0.01,0.02,0.01,0.03,0.01,0.1,0.4,0.02,0.01,0.01,0.01,0.01,0.01,0.01,0.01,0.01,7.0,0.01,"20.0, 5.0",0.01,0.01,0.01,0.01,0.05,0.01,0.01,0.01,0.01,0.01,0.01,0.02,0.03,0.01,0.1,0.01,0.01,0.01,,0.03,0.02,0.01,,0.5,0.05,0.01,0.01,0.01,0.02,0.01,0.01,0.01,0.03,0.01,0.02,0.005,0.01,0.01,0.01,0.01,0.01,0.01,0.01,0.01,0.01,0.01,0.01,0.01,0.05,0.1,0.02,0.02,0.01,0.05,0.01,5.0,,0.01,0.01,0.01,0.05,0.01,0.09,0.01,0.01,0.01,0.02,0.01,0.2,0.05,0.02,0.01,0.05,0.01,0.05,0.06,0.02,0.01,0.01,0.01,0.01,0.01,1.0,0.01,0.02,0.01,0.01,0.02,0.05,0.01,0.01,0.05,0.01,0.01,0.02,0.01,0.01,0.05,0.01,0.01,0.01,0.01,0.01,0.02,0.02,,0.01,0.01,0.05,0.01,0.01,0.01,0.05,0.01,0.01,0.01,0.01,0.002,0.05,0.01,0.01,0.01,0.01,0.05,0.01,0.01,0.03,0.01,0.05,0.01,0.02,0.01,0.01,0.01,0.01,0.01,0.01,0.02,0.01,0.01,0.01,0.01,0.01,0.01,0.1,0.01,0.01,0.01,0.01,0.01,0.01,0.01,0.01,0.02,0.02,0.01,0.01,0.03,0.01,0.01,0.01,0.01,0.01,0.01,0.01,0.01,0.05,0.01,0.02,,0.01,0.02,0.01,0.01,0.01,2.0,0.01,0.01,0.01,0.02,0.01,0.01,0.05,0.01,0.01,0.01,0.01,0.01,0.01,0.01,3.0,0.03,0.01,0.01,0.01,0.01,0.01,2.0,0.02,0.01,2.0,0.03,0.1,0.05,0.02,0.01,0.01,0.01,0.01,0.01,0.01,0.01,0.05,,0.02,0.01,0.05,0.01,,0.01,0.01,0.01,0.1,0.1,0.01,0.01,0.01,0.01,0.01,0.01,0.01,0.01,0.01,0.01,0.01,0.02,0.01,0.01,0.05,0.1,0.01,0.01,0.01,0.05,0.02,0.2,0.01,0.01,0.01,0.05,1.5,0.01,0.02,0.01,0.01,0.01,0.01,0.01,0.02,0.01,0.05,0.01,0.02,0.02,0.01,0.01,0.01,0.02,0.03,0.01,0.02,0.01,0.015,0.01,0.01,0.01,0.01,0.1,0.01,0.01,0.02,0.01,0.01,0.01,0.01,0.01,0.01,0.01,0.01,0.01,0.01,0.01,0.01,0.01,0.01,0.01,0.01,0.001,0.01,0.01,0.01,0.01,0.01,0.01,0.01,0.02,0.05,0.01,0.01,0.02,0.05,0.01,0.01,0.01,0.05,0.01,0.01,0.01,0.02,,0.05,0.01,0.01,0.05,0.01,0.01,1.5,0.01,0.05,0.05,0.01,0.01,0.02,0.01,0.01,0.05,0.03,0.01,0.01,0.01,0.01,0.02,0.01,0.01,0.01,0.01,0.01,0.05,0.01,0.005,0.02,0.01,0.01,0.01,0.01,0.01,0.02,0.08,0.02,0.01,0.01,0.5,0.01,0.01,0.05,0.01,0.01,0.01,0.01,0.01,0.01,0.1,0.01,0.02,0.02,0.01,0.01,0.01,0.01,0.02,0.03,0.01,0.01,0.01,0.01,0.03,0.01,0.01,0.02,0.02,0.02,0.02,0.02,0.01,,0.01,0.01,0.01,0.01,0.03,0.02,0.02,0.01,0.02,1.0,0.01,0.01,0.01,0.01,0.02,0.1,0.01,0.01,0.01,0.01,0.01,0.01,0.01,0.01,0.01,0.01,0.01,0.1,0.05,0.01,0.02,0.005,5.0,0.01,0.1,0.01,0.01,0.01,0.01,0.001,0.01,0.01,0.01,0.01,0.01,0.01,0.01,,0.02,0.01,0.01,0.01,0.01,0.05,0.5,0.01,0.01,0.01,0.01,0.01,0.01,0.01,0.1,0.01
1016,SUNFLOWER,Sunflower seeds,0.01,0.02,0.02,0.01,0.05,0.06,,0.02,0.02,0.05,0.05,0.01,0.01,0.02,0.01,0.1,0.01,0.02,0.01,0.02,0.01,0.01,0.01,0.01,0.02,0.01,0.02,0.05,0.02,0.01,0.01,0.05,0.01,0.05,0.02,0.02,0.02,0.01,0.1,0.05,0.01,0.01,0.02,0.01,0.02,0.5,0.02,0.02,0.01,0.02,0.01,0.03,0.02,0.1,0.01,,0.01,0.01,0.02,0.01,0.01,0.02,3.0,0.01,1.0,0.01,"5.0, 20.0",0.02,0.01,0.01,0.01,0.05,0.01,0.01,0.02,0.02,0.01,0.02,0.05,0.07,0.05,0.1,0.01,0.02,0.01,,0.05,0.05,0.02,,2.0,0.05,0.01,0.02,0.02,0.01,0.02,0.01,0.02,0.04,0.01,0.02,0.01,0.01,0.02,0.02,0.01,0.01,0.01,0.01,0.01,0.02,0.02,0.02,0.01,0.05,0.5,0.05,0.05,0.02,0.5,0.01,40.0,,0.01,0.5,0.02,0.05,0.01,7.0,0.01,0.01,0.01,0.05,0.01,0.2,0.05,0.02,0.01,0.05,0.02,0.1,0.1,0.02,0.01,0.01,0.01,0.02,0.02,0.05,0.01,0.02,0.01,0.01,0.05,0.05,0.01,0.01,0.05,0.01,0.01,0.15,0.01,0.01,1.0,0.01,0.02,0.01,0.3,0.02,0.05,0.05,,0.02,0.02,0.05,0.9,0.02,0.02,0.1,0.01,0.01,0.01,0.02,0.005,0.1,0.01,0.01,0.01,0.02,0.1,0.02,0.01,0.03,0.01,0.1,0.02,0.05,0.01,0.01,0.01,0.01,0.01,0.01,0.02,0.01,0.01,0.02,0.01,0.02,0.02,0.1,0.01,0.01,0.01,0.01,0.01,0.01,0.01,0.02,0.05,0.05,0.005,0.01,0.06,0.01,0.01,0.1,0.01,0.01,0.02,0.02,0.01,0.05,0.01,0.05,,0.01,0.05,0.01,0.01,0.7,2.0,0.01,0.01,0.7,0.02,0.01,0.01,0.01,0.02,0.01,0.01,0.01,0.01,0.02,0.01,0.9,0.07,0.02,0.02,0.02,0.01,0.02,2.0,0.05,0.01,1.0,0.03,20.0,0.05,0.05,0.01,0.3,0.01,0.02,0.01,0.01,0.02,0.01,,0.05,0.01,0.3,0.01,0.08,0.01,0.02,0.01,0.1,0.1,0.01,0.02,0.01,0.01,0.01,0.02,0.01,0.01,0.01,0.01,0.01,0.02,0.05,0.02,0.2,0.1,0.01,0.01,0.01,0.1,0.02,0.5,0.01,0.01,0.01,0.05,0.15,0.02,40.0,0.02,0.01,0.02,0.02,0.01,0.02,0.02,0.6,0.01,0.06,0.7,0.02,0.02,0.02,0.05,0.03,0.01,0.05,0.01,0.01,0.01,0.01,0.01,0.01,0.1,0.01,0.01,0.02,0.02,0.02,0.02,0.02,0.01,0.02,0.02,0.02,0.02,0.01,0.01,0.01,0.01,0.01,0.01,0.02,0.01,0.01,0.01,0.02,0.02,0.01,0.01,0.01,0.02,0.05,0.02,0.01,0.02,0.05,0.01,0.01,1.5,0.05,0.01,0.01,0.01,0.05,,0.02,0.02,0.01,0.05,0.01,0.05,1.5,0.02,0.01,0.01,0.01,0.01,0.02,0.1,0.5,0.01,0.03,0.02,0.02,0.01,0.06,0.05,0.01,0.05,0.02,0.02,0.01,0.2,0.01,0.01,0.05,0.01,0.02,0.02,0.02,0.2,0.02,0.3,0.02,0.01,0.02,3.0,0.01,0.01,0.05,0.02,0.01,0.01,0.01,0.02,0.02,0.15,0.02,0.05,0.05,0.8,0.01,0.02,0.02,0.02,1.0,0.01,0.02,0.02,0.01,0.03,0.01,0.01,0.02,0.02,0.02,0.02,0.02,0.05,,0.05,0.02,0.02,0.01,0.03,0.02,0.02,0.01,0.02,0.01,0.01,0.02,0.3,0.01,0.02,0.1,0.01,0.01,0.01,0.02,0.02,0.02,0.01,0.01,0.01,0.02,0.01,0.1,0.05,0.01,0.02,0.005,40.0,0.01,0.1,0.01,0.01,0.01,0.01,0.005,0.01,0.02,0.01,0.01,0.02,0.01,0.01,,0.02,0.01,0.01,0.01,0.02,0.05,0.01,0.02,0.01,0.01,0.02,0.01,0.01,0.01,0.1,0.01
1017,Swedes/rutabagas,Swedes/rutabagas,0.01,0.01,0.01,0.01,0.05,0.06,,0.01,0.01,0.05,0.01,0.01,0.01,0.01,0.01,0.1,0.01,0.01,0.01,0.01,0.01,0.01,0.01,0.01,0.01,0.01,0.01,0.02,0.01,0.01,0.01,0.01,0.01,0.05,0.01,0.01,0.01,0.01,0.05,0.05,1.0,0.01,0.02,0.01,0.01,1.0,0.01,0.02,0.01,0.02,0.01,0.03,0.01,0.1,0.01,,0.01,0.01,0.05,0.01,0.01,0.01,0.09,0.01,2.0,0.01,50.0,0.01,0.01,0.01,0.01,0.05,0.01,0.01,0.01,0.01,0.01,0.01,0.02,0.03,0.01,0.1,0.01,0.002,0.01,,0.03,0.02,0.01,,0.06,0.15,0.01,0.01,0.01,0.02,0.01,0.01,0.01,0.03,0.01,0.02,0.005,0.01,0.01,0.01,0.01,0.01,0.01,0.01,0.01,0.01,0.01,0.01,0.01,0.05,0.5,0.02,0.02,0.01,1.5,0.01,5.0,,0.01,0.05,0.01,0.05,0.01,1.0,0.01,0.01,0.01,0.02,0.01,0.05,0.05,0.02,0.01,0.05,0.01,0.05,0.06,0.02,0.02,0.01,0.01,0.01,0.01,0.05,0.01,0.02,0.01,0.01,0.02,0.05,0.01,0.01,0.4,0.01,0.01,0.4,0.01,0.01,0.05,0.01,0.01,0.01,0.01,0.01,0.02,0.02,,0.01,0.01,0.05,0.01,0.01,0.01,0.05,0.01,0.01,0.01,0.01,0.002,0.05,0.01,0.01,0.01,0.01,0.05,0.01,0.01,0.03,0.01,0.05,0.01,0.02,0.01,0.01,0.01,0.01,0.01,0.01,0.02,0.01,0.01,0.01,0.01,0.01,0.01,0.1,0.01,0.01,0.01,0.01,0.01,0.01,0.01,0.01,0.02,0.02,0.005,0.01,0.3,0.01,0.01,0.5,0.01,0.01,0.01,0.01,0.01,0.05,0.01,0.02,,0.01,0.02,0.01,0.2,0.4,0.2,0.01,0.01,0.9,0.02,0.01,0.01,0.01,0.01,0.01,0.01,0.01,0.01,0.01,0.01,0.9,0.03,0.01,0.01,0.01,0.01,0.01,2.0,0.02,0.01,1.0,0.1,0.1,0.05,0.02,0.01,0.01,0.01,0.01,0.01,0.01,0.01,0.01,,0.02,0.01,0.05,0.01,,0.01,0.01,0.01,0.1,0.1,0.01,0.01,0.01,0.01,0.01,0.01,0.01,0.01,0.01,0.2,0.01,0.02,0.01,0.01,0.04,0.1,0.01,0.01,0.01,0.05,0.02,0.2,0.01,0.01,0.01,0.05,0.5,0.01,0.02,0.01,0.01,0.01,0.01,0.01,0.02,0.01,0.05,0.01,0.9,0.02,0.01,0.01,0.01,0.02,0.03,0.01,0.02,0.01,0.01,0.02,0.01,0.01,0.01,0.1,0.01,0.01,0.02,0.01,0.01,0.01,0.01,0.06,0.01,0.01,0.01,0.01,0.01,0.01,0.01,0.01,0.01,0.01,0.01,0.001,0.01,0.01,0.01,0.01,0.01,0.01,0.01,0.02,0.05,0.01,0.01,0.02,0.4,0.01,0.01,0.6,0.05,0.01,0.01,0.01,0.02,,0.01,0.01,0.01,0.05,0.01,0.01,1.5,0.01,0.01,0.01,0.01,0.01,0.02,0.05,0.01,0.01,0.03,0.01,0.01,0.01,0.01,0.02,0.01,0.01,0.01,0.01,0.01,0.05,0.01,0.005,0.02,0.01,0.01,0.01,0.01,0.1,0.02,0.5,0.02,0.01,0.01,1.0,0.01,0.01,0.05,0.01,0.01,0.01,0.01,0.01,0.01,0.1,0.01,0.02,0.02,0.06,0.01,0.01,0.01,0.01,0.03,0.01,0.01,0.01,0.01,0.03,0.01,0.01,0.02,0.02,0.02,0.02,0.07,0.01,,0.01,0.01,0.03,0.01,0.03,0.02,0.02,0.01,0.3,0.01,0.01,0.01,0.01,0.08,0.02,0.1,0.01,0.01,0.01,0.01,0.01,0.01,0.01,0.01,0.01,0.01,0.01,0.1,0.05,0.01,0.02,0.005,5.0,0.01,0.1,0.01,0.01,0.01,0.01,0.001,0.01,0.01,0.01,0.01,0.01,0.04,0.04,,0.02,0.01,0.01,0.01,0.01,0.05,0.01,0.01,0.01,0.01,0.01,0.01,0.01,0.01,0.1,0.01
839,PEPPER,Sweet peppers/bell peppers,0.01,0.01,0.01,0.01,0.05,0.06,,0.01,0.01,0.05,0.01,0.01,0.01,0.01,0.01,0.1,0.01,0.01,0.03,0.01,0.3,0.09,0.01,0.01,0.02,0.01,0.01,0.02,0.01,1.5,0.01,0.01,0.01,0.05,0.01,0.01,0.01,0.01,0.05,0.05,1.0,0.01,0.02,0.01,0.01,3.0,0.01,0.02,0.01,0.02,0.01,0.03,0.01,0.1,1.0,,0.01,0.01,0.5,0.01,0.01,0.01,0.01,0.01,3.0,0.01,30.0,0.01,0.01,0.01,0.01,2.0,1.5,0.01,0.01,0.01,0.01,0.01,0.02,0.03,0.01,0.1,0.01,0.002,0.01,,0.03,0.02,0.01,,1.0,0.3,0.01,0.01,0.01,0.02,0.01,0.01,0.01,0.03,0.01,0.02,0.005,0.01,0.01,0.01,0.01,0.01,0.01,0.01,0.01,0.01,0.01,0.01,0.01,0.05,0.5,0.02,0.02,0.01,0.5,0.01,5.0,,0.01,1.5,0.01,0.05,0.01,9.0,0.06,0.01,0.2,0.02,0.01,0.5,0.05,1.5,0.01,0.05,0.01,0.05,0.06,0.1,0.15,0.01,0.01,0.01,0.05,0.05,0.01,0.02,0.01,0.01,0.02,0.05,0.01,0.01,0.9,0.01,0.01,0.9,0.01,0.01,0.05,0.01,1.0,0.01,0.01,0.01,0.02,0.02,,0.01,0.01,0.05,0.01,0.01,0.6,5.0,0.01,0.01,0.01,0.01,0.02,0.05,0.01,0.01,0.01,0.01,0.05,0.01,0.09,0.03,0.01,0.05,0.01,0.02,0.01,0.01,0.01,0.01,0.01,0.01,0.02,0.01,0.01,0.01,0.01,3.0,0.01,0.1,0.01,0.01,0.01,0.01,0.01,3.0,0.3,0.01,0.02,0.05,0.005,0.01,0.3,0.01,0.01,0.01,0.01,0.7,0.01,0.01,1.0,0.05,0.01,0.02,,0.01,0.02,0.01,1.0,2.0,0.2,0.01,0.01,0.9,0.02,0.01,0.01,0.01,0.01,0.01,0.01,0.01,0.01,1.0,0.01,0.6,0.03,0.01,0.01,0.01,0.01,0.01,130.0,0.02,0.01,1.0,0.03,0.1,0.05,0.02,0.01,0.01,0.01,0.01,0.01,0.01,0.01,0.09,,0.02,0.01,0.05,0.01,,0.01,0.01,0.9,0.1,0.1,0.01,0.01,0.01,0.01,0.01,0.01,3.0,0.01,0.01,0.09,0.01,0.02,0.8,0.01,0.1,0.1,0.01,0.01,0.8,0.05,0.02,0.2,0.01,1.0,0.01,0.05,1.5,1.5,0.02,0.01,0.01,0.01,0.01,0.01,1.5,0.4,0.05,0.01,0.02,0.02,0.01,0.01,0.01,0.02,0.03,0.01,0.02,0.01,2.0,0.1,0.01,0.01,2.0,0.1,0.01,0.01,0.02,0.01,0.01,0.01,0.01,3.0,0.01,0.01,0.01,0.01,0.01,0.01,0.01,0.01,0.01,0.01,0.01,0.001,0.01,0.2,0.01,0.01,0.01,0.01,0.01,0.02,0.05,0.01,0.2,0.02,0.05,0.01,0.01,2.0,0.05,0.01,0.01,0.01,0.02,,0.01,0.01,0.01,0.05,0.01,0.01,70.0,0.01,0.01,0.01,0.01,0.01,0.02,0.5,0.01,0.01,0.03,0.01,0.01,0.01,0.01,0.02,3.0,0.01,0.01,0.01,0.01,0.05,0.01,0.005,0.02,0.01,0.01,0.01,0.01,0.01,0.02,0.5,0.02,0.01,0.01,1.0,0.3,0.9,0.05,2.0,0.01,0.6,0.01,0.01,0.01,0.1,0.01,0.02,0.02,0.01,0.01,0.01,0.01,0.01,0.03,0.01,0.01,0.01,0.01,0.03,0.01,0.01,0.4,0.6,0.2,0.5,1.0,0.01,,0.01,0.01,0.4,0.01,0.03,0.02,0.02,0.01,0.6,1.5,0.01,0.01,0.01,0.01,0.02,0.1,0.01,0.01,0.01,0.01,0.01,0.01,0.01,0.01,0.01,0.01,0.01,0.1,0.05,0.01,0.02,0.005,20.0,0.01,0.1,0.01,0.01,0.01,0.01,0.001,0.01,0.01,0.01,0.01,0.01,0.4,0.9,,0.02,0.01,0.01,0.01,0.01,0.05,0.01,0.01,0.01,0.01,0.01,0.01,0.01,0.01,0.1,0.01
857,POTATO,Sweet potatoes,0.01,0.01,0.01,0.01,0.05,0.06,,0.01,0.01,0.05,0.01,0.01,0.01,0.01,0.01,0.1,0.01,0.01,0.01,0.01,0.01,0.01,0.01,0.01,0.01,0.01,0.01,0.02,0.01,0.05,0.01,0.01,0.01,0.05,0.01,0.01,0.01,0.01,0.05,0.05,1.0,0.01,0.02,0.01,0.01,1.0,0.01,0.02,0.01,0.02,0.01,0.03,0.01,0.1,0.02,,0.01,0.01,0.05,0.01,0.01,0.01,0.06,0.01,2.0,0.01,50.0,0.01,0.01,0.01,0.01,0.05,0.01,0.01,0.01,0.01,0.01,0.01,0.02,0.03,0.02,0.1,0.01,0.002,0.01,,0.03,0.02,0.01,,0.02,0.05,0.01,0.01,0.01,0.02,0.01,0.01,0.01,0.03,0.01,0.02,0.005,0.01,0.01,0.01,0.01,0.01,0.01,0.01,0.01,0.01,0.01,0.01,0.01,0.05,0.1,0.02,0.02,0.01,1.0,0.01,5.0,,0.01,0.15,0.01,0.05,0.01,0.6,0.01,0.01,0.01,0.02,0.01,0.05,0.05,0.02,0.01,0.05,0.01,0.05,0.06,0.02,0.01,0.01,0.01,0.01,0.01,0.05,0.01,0.02,0.01,0.01,0.02,0.05,0.01,0.01,0.1,0.01,0.01,0.2,0.01,0.01,0.05,0.01,0.01,0.01,0.01,0.01,0.02,0.02,,0.01,0.01,0.05,0.01,0.01,0.01,0.05,0.01,0.01,0.01,0.01,0.002,0.05,0.01,0.01,0.01,0.01,0.05,0.01,0.01,0.03,0.01,0.05,0.01,0.02,0.01,0.01,0.01,0.01,0.01,0.01,0.02,0.01,0.01,0.01,0.01,0.01,0.01,0.1,0.01,0.01,0.01,0.01,0.01,0.01,0.01,0.01,0.02,0.02,0.005,0.01,0.03,0.01,0.01,0.01,0.01,0.01,0.01,0.01,10.0,0.05,0.01,0.02,,0.01,0.02,0.01,0.01,0.15,0.2,0.01,0.01,0.05,0.02,0.01,0.01,0.01,0.01,0.01,0.01,0.01,0.01,0.01,0.01,0.2,0.03,0.01,0.01,0.01,0.01,0.01,2.0,0.02,0.01,1.0,0.03,0.1,0.05,0.02,0.01,0.01,0.01,0.01,0.01,0.01,0.01,0.01,,0.02,0.01,0.05,0.01,,0.01,0.01,0.01,0.1,0.1,0.01,0.01,0.01,0.01,0.01,0.01,0.01,0.01,0.01,0.01,0.01,0.02,0.01,0.01,0.01,0.5,0.01,0.01,0.01,0.05,0.02,0.2,0.01,0.01,0.01,0.05,0.05,0.01,0.02,0.01,0.01,0.01,0.01,0.01,0.02,0.01,0.05,0.01,0.02,0.04,0.01,0.01,0.01,0.02,0.03,0.01,0.02,0.01,0.02,0.01,0.01,0.01,0.01,0.1,0.01,0.01,0.02,0.01,0.01,0.01,0.01,0.06,0.01,0.01,0.01,0.01,0.01,0.01,0.01,0.01,0.01,0.01,0.01,0.001,0.01,0.01,0.01,0.01,0.01,0.01,0.01,0.02,0.05,0.01,0.01,0.02,0.05,0.01,0.01,0.04,0.05,0.01,0.01,0.01,0.02,,0.01,0.01,0.01,0.05,0.01,0.01,1.5,0.01,0.01,0.01,0.01,0.01,0.02,0.05,0.01,0.01,0.03,0.01,0.01,0.01,0.01,0.02,0.01,0.01,0.01,0.01,0.01,0.05,0.01,0.005,0.02,0.01,0.01,0.01,0.01,0.01,0.02,0.02,0.02,0.01,0.01,1.0,0.01,0.01,0.05,0.01,0.01,0.01,0.01,0.01,0.01,0.1,0.01,0.02,0.02,0.01,0.01,0.01,0.01,0.01,0.03,0.01,0.01,0.01,0.01,0.03,0.01,0.01,0.02,0.02,0.02,0.02,0.02,0.01,,0.01,0.01,0.03,0.01,0.03,0.02,0.02,0.01,0.02,0.01,0.01,0.01,0.01,0.01,0.02,0.1,0.01,0.01,0.01,0.01,3.0,0.01,0.01,0.01,0.01,0.01,0.01,0.1,0.05,0.01,0.02,0.005,5.0,0.01,0.1,0.01,0.01,0.01,0.01,0.001,0.01,0.01,0.01,0.01,0.01,0.01,0.01,,0.02,0.01,0.01,0.01,0.01,0.05,0.01,0.01,0.01,0.01,0.01,0.01,0.01,0.01,0.1,0.01
229,CAROB,"TEAS, COFFEE, HERBAL INFUSIONS, COCOA AND CAROBS",0.1,0.02,0.02,0.05,0.05,0.1,,0.05,0.05,0.1,0.05,0.01,0.01,0.05,0.05,0.1,0.05,0.05,0.05,0.05,0.05,0.05,0.05,0.05,,0.05,0.05,,,0.05,0.05,0.05,0.05,0.1,0.05,0.05,0.02,0.1,0.1,0.1,0.01,0.05,0.05,0.05,0.05,,0.05,0.05,0.05,0.1,0.05,,0.05,0.1,,,0.05,0.05,,,0.05,0.05,,0.01,,0.01,50.0,0.05,0.05,0.05,0.05,0.05,0.05,0.05,0.05,0.05,0.01,0.05,0.1,0.1,0.05,0.1,0.05,0.05,0.01,,0.1,0.1,0.02,,,0.05,0.1,0.05,0.02,0.02,,0.1,0.05,0.1,0.05,0.1,0.025,0.05,0.05,0.05,0.05,0.05,0.01,0.01,0.05,0.05,0.05,0.05,0.05,0.1,0.1,0.1,0.05,,,,,,0.01,,0.05,0.1,0.05,,0.05,0.05,0.05,0.1,0.1,,,,0.1,,0.05,0.1,0.1,0.02,,0.05,0.05,0.05,0.05,,0.05,0.1,0.02,0.05,,0.05,0.05,0.05,,0.05,0.05,,0.05,0.05,0.1,0.05,0.05,0.05,0.05,0.05,0.1,0.1,,0.05,0.05,0.05,,0.05,0.01,,,0.01,0.05,0.05,,,,0.05,0.01,0.02,0.1,,0.05,,0.02,0.1,0.05,0.1,0.05,0.05,0.05,0.05,0.05,0.05,0.05,,,0.05,0.1,0.05,0.05,0.1,0.05,0.05,,0.05,0.05,0.05,,0.05,0.1,0.1,0.005,0.05,0.1,0.05,0.05,,,,0.05,0.05,,0.05,,0.1,,0.05,0.1,0.05,,,,0.02,0.05,,0.1,0.05,0.05,,0.05,0.05,0.05,0.05,0.05,,0.05,,0.1,0.05,0.05,0.05,0.05,0.05,,0.05,0.05,1.0,,,0.05,0.1,0.02,0.05,,0.02,0.01,0.01,0.05,,,0.1,0.05,0.1,0.01,,0.05,0.05,,0.1,0.1,,0.05,0.05,0.05,0.05,0.05,0.05,0.01,0.05,0.01,0.05,0.1,0.05,0.05,0.01,0.1,0.01,0.05,,0.1,,0.5,0.05,,0.05,0.1,,0.05,0.1,0.05,0.05,,0.05,0.05,,,0.1,,0.1,0.1,0.05,0.05,0.05,0.1,0.1,0.05,0.1,0.1,,0.05,0.05,0.05,0.05,0.1,0.05,0.02,0.1,0.05,0.05,0.05,0.05,0.05,0.05,0.05,,0.02,0.05,0.05,0.05,0.05,0.05,0.05,0.02,,0.05,,0.05,0.05,0.05,0.05,0.01,0.05,0.1,0.05,0.05,0.1,,0.05,0.05,0.05,0.1,0.05,0.01,0.05,0.05,,0.05,0.05,,0.1,0.02,,,0.1,0.01,0.01,0.05,0.05,0.05,,0.05,0.05,0.15,0.05,,0.05,0.05,0.1,0.05,0.05,,0.05,0.05,0.1,0.05,0.01,0.1,,0.05,,0.05,0.05,0.1,,0.1,0.02,0.05,0.5,0.05,0.05,,,0.05,,0.05,0.05,0.05,0.1,0.05,0.05,0.1,,0.01,0.05,0.05,0.02,0.03,0.05,0.05,0.05,0.05,0.15,0.01,0.05,0.1,0.1,0.05,,,0.05,,0.1,0.05,0.05,,0.1,0.1,0.1,0.02,,0.05,0.05,0.05,,0.05,0.1,0.1,0.01,0.05,0.05,0.05,0.05,0.05,,0.05,0.05,0.05,0.05,0.1,0.05,0.05,0.1,0.02,,0.05,0.1,0.05,0.05,0.05,0.02,0.005,0.05,0.05,0.05,0.05,0.05,0.05,0.05,,0.1,0.05,0.05,0.05,0.05,0.05,0.05,0.02,0.05,0.05,0.05,0.01,0.05,0.05,0.2,0.01
499,GRAPES,Table grapes,0.01,0.01,0.01,0.01,0.05,0.06,,0.01,0.01,0.1,0.01,0.01,0.01,0.01,0.01,0.1,0.01,0.01,0.01,0.01,0.8,0.08,0.01,0.01,0.01,0.01,0.01,0.02,0.01,6.0,0.01,0.01,0.5,0.05,0.01,0.01,0.01,0.01,0.05,0.05,1.0,0.01,0.02,0.01,0.01,3.0,0.01,0.02,0.7,0.02,0.01,0.03,0.3,0.1,1.0,,0.01,0.01,0.3,0.01,0.01,0.01,0.01,0.01,5.0,0.01,"5.0, 20.0",0.01,0.01,0.01,0.01,1.5,1.5,0.01,0.01,0.01,0.01,0.01,0.02,0.03,0.01,0.3,0.01,0.002,0.01,,0.03,0.02,0.01,,1.0,0.05,0.01,0.01,0.01,0.02,0.01,0.01,0.01,0.03,0.05,0.02,0.01,0.01,0.01,0.01,0.01,0.01,0.01,0.01,0.01,0.01,0.01,0.01,0.01,0.05,"1.0, 0.5",0.02,0.02,0.01,0.5,0.01,50.0,,0.01,1.5,2.0,0.05,0.01,0.3,0.2,0.6,0.01,0.02,0.05,0.5,0.2,3.0,0.01,0.05,0.01,0.05,0.06,0.02,0.2,0.01,0.01,0.01,0.01,0.05,0.01,0.02,0.01,0.01,0.02,0.05,0.01,0.01,3.0,0.01,0.01,0.15,0.01,0.01,0.05,0.01,3.0,0.01,0.01,0.01,0.02,0.02,0.9,0.01,0.01,0.05,0.01,0.01,3.0,5.0,0.01,0.01,0.01,0.01,0.04,0.05,0.01,0.01,0.01,0.01,1.0,0.01,0.4,0.03,0.01,0.05,0.01,0.02,4.0,0.01,0.01,0.01,0.01,0.01,0.3,0.01,0.01,0.01,0.01,15.0,0.01,0.1,0.01,0.01,0.01,0.01,0.01,3.0,0.3,0.01,0.02,0.3,0.005,0.01,0.03,0.01,0.01,0.01,0.01,2.0,0.01,0.01,5.0,0.05,0.01,0.02,,0.01,0.05,0.01,2.0,2.0,0.2,0.01,0.01,3.0,0.02,0.01,0.01,0.01,0.01,0.01,0.01,0.7,0.01,0.8,1.0,3.0,6.0,0.01,0.01,0.01,0.1,0.01,100.0,0.02,0.01,1.0,0.15,0.5,0.05,0.02,0.01,0.01,0.01,0.01,0.01,0.01,0.01,1.0,,0.02,0.01,0.05,0.01,,0.01,0.01,0.7,0.1,0.1,0.01,0.01,0.01,0.01,0.01,2.0,4.0,0.01,0.01,0.01,0.01,0.02,1.5,0.01,0.08,0.1,0.01,0.01,0.01,0.05,0.02,0.2,5.0,2.0,0.01,0.05,0.9,2.0,5.0,0.01,0.2,0.01,0.01,0.01,0.02,1.5,0.05,0.01,0.02,0.02,0.01,0.01,0.01,0.02,0.03,0.01,0.02,0.01,1.0,0.01,0.01,0.01,7.0,0.1,0.01,0.01,0.02,0.01,0.01,0.01,0.01,1.5,0.01,0.01,0.01,0.01,0.01,0.01,0.01,0.01,0.01,0.01,0.01,0.001,0.01,0.7,0.01,0.01,0.01,0.01,0.01,0.02,0.05,0.01,0.4,0.02,0.05,0.01,0.01,0.01,0.05,0.01,0.01,0.01,0.02,,0.01,0.01,0.01,0.05,0.01,0.01,100.0,0.01,0.01,0.01,0.01,0.01,0.02,0.01,0.01,0.01,0.03,0.01,0.01,0.01,0.01,0.02,0.01,0.01,0.01,0.01,0.01,0.05,0.01,0.005,0.02,0.01,0.5,0.01,0.01,0.01,0.02,0.3,0.02,0.01,0.01,1.0,0.01,0.01,0.05,6.0,0.9,0.01,0.01,0.01,0.01,0.1,0.01,1.0,0.02,0.02,0.01,0.01,0.01,0.01,0.03,0.01,0.01,0.2,0.01,0.03,0.01,0.01,0.4,0.5,2.0,0.02,2.0,0.6,,0.01,0.01,2.0,0.01,0.03,0.02,0.02,0.01,0.5,4.0,0.4,0.01,0.7,0.01,0.02,0.1,0.01,0.01,0.07,0.01,0.01,0.01,0.01,0.01,0.01,0.01,0.01,0.1,0.05,0.01,0.02,0.005,100.0,0.01,0.1,0.01,0.01,0.01,0.01,0.001,0.01,0.01,0.01,0.01,0.01,3.0,3.0,,0.02,0.01,0.01,0.01,0.01,0.05,0.01,0.01,0.01,1.0,0.01,0.01,0.01,0.01,0.1,5.0
755,OLIVES,Table olives,0.01,0.01,0.01,0.01,0.05,0.06,,0.01,0.01,0.05,0.01,0.01,0.01,0.01,0.01,0.1,0.01,0.02,0.01,0.01,0.01,0.9,0.01,0.01,0.01,0.01,0.01,0.02,0.01,0.01,0.01,0.05,0.01,0.05,0.02,0.01,0.01,0.01,0.05,0.05,0.5,0.01,0.02,0.01,0.01,0.01,0.01,0.02,0.01,0.02,0.01,0.03,0.01,0.1,0.01,,0.01,0.01,0.01,0.01,0.01,0.01,0.01,0.01,0.01,0.01,"10.0, 20.0",0.01,0.01,0.01,0.01,0.05,0.01,0.01,0.01,0.01,0.01,0.01,0.02,0.03,0.01,0.1,0.01,0.003,0.01,,0.05,0.05,0.01,,0.01,0.7,0.01,0.01,0.01,0.02,0.01,0.01,0.01,0.04,0.01,0.02,0.005,0.01,0.01,0.01,0.01,0.01,0.01,0.01,0.01,0.01,0.01,0.01,0.01,0.05,0.1,0.02,0.02,0.01,0.5,0.01,30.0,,0.01,3.0,0.01,0.05,0.01,0.09,0.01,0.01,0.01,0.02,0.01,0.05,0.05,0.02,0.01,0.05,0.01,0.05,0.06,0.02,1.0,0.01,0.01,0.01,0.01,0.05,0.01,0.02,0.01,0.01,0.02,0.05,0.01,0.01,2.0,0.01,0.01,0.15,0.01,0.01,0.05,0.01,0.01,0.01,0.01,0.01,0.02,0.02,,0.01,0.01,0.05,0.01,0.01,0.01,5.0,0.01,0.01,20.0,0.01,0.005,0.05,0.01,0.01,0.01,0.02,7.0,0.01,0.01,0.03,0.01,0.05,0.01,0.02,0.01,0.01,0.01,0.01,0.01,0.01,0.02,0.01,0.01,0.02,0.01,0.01,0.01,0.1,0.01,0.01,0.01,0.01,0.01,0.01,0.01,0.01,0.02,0.02,0.005,0.01,0.03,0.01,0.01,0.01,0.01,0.01,0.01,0.01,0.01,0.05,0.01,0.02,,0.01,0.02,0.01,0.01,0.01,0.2,0.01,0.01,5.0,0.02,0.01,0.01,0.01,0.01,0.01,0.01,0.01,0.01,0.01,0.01,0.01,0.15,0.01,0.01,0.01,0.01,0.01,100.0,0.02,0.01,1.0,0.1,1.0,0.05,0.02,0.01,0.01,0.01,0.01,0.01,0.01,0.01,0.01,,0.02,0.01,0.05,0.01,,0.01,0.01,0.01,0.1,0.1,0.01,0.01,0.01,0.01,0.01,0.01,0.01,0.01,0.01,0.01,0.01,0.02,0.2,0.01,1.0,0.1,0.01,0.01,0.01,0.05,0.02,0.2,0.01,0.01,0.01,0.05,2.0,0.01,0.02,0.01,0.01,0.01,0.01,0.01,0.02,0.05,0.05,0.01,0.02,0.02,0.01,0.01,0.01,0.02,0.03,0.01,0.02,0.01,0.01,0.01,0.01,0.01,0.01,0.1,0.01,0.01,0.02,0.01,0.01,0.01,0.01,0.01,0.01,0.01,0.02,0.01,0.01,0.01,0.01,0.01,0.01,0.01,0.01,0.01,0.01,0.01,0.01,0.01,0.01,0.01,0.01,0.02,0.05,0.01,0.01,0.02,0.05,0.01,0.01,0.01,0.05,0.01,0.01,0.01,0.02,,0.01,0.01,0.01,3.0,0.01,0.01,80.0,0.01,0.01,0.01,0.01,0.01,0.02,0.01,0.01,0.01,0.03,0.01,0.01,0.01,0.01,0.02,0.01,0.01,0.01,0.01,0.01,0.2,0.01,0.01,0.02,0.01,0.02,0.01,0.01,0.01,0.02,0.02,0.02,0.01,0.01,1.0,0.01,0.01,0.05,0.02,0.01,0.01,0.01,0.01,0.01,0.15,0.01,0.02,0.02,0.01,0.01,0.01,0.01,0.01,0.03,0.01,0.01,0.01,0.01,0.12,0.01,0.01,0.07,0.02,0.02,0.02,1.5,0.01,,0.01,0.01,0.01,0.01,0.03,0.02,0.02,0.01,0.5,0.01,0.01,0.01,0.01,0.01,0.02,0.1,0.01,0.01,0.01,0.01,0.01,0.01,0.01,0.01,0.01,0.01,0.01,0.1,0.05,0.01,0.02,0.005,30.0,0.01,0.1,0.01,0.01,0.01,0.01,0.005,0.01,0.01,0.01,0.01,0.01,0.3,0.3,,0.02,0.01,0.01,0.01,0.01,0.05,0.01,0.01,0.01,0.01,0.01,0.01,0.01,0.01,0.1,0.01
1024,Tamarind,Tamarind,0.02,0.02,0.02,0.05,0.05,0.1,,0.05,0.05,0.1,0.05,0.01,0.01,0.05,0.05,0.1,0.05,0.05,0.05,0.2,0.05,0.05,0.05,0.05,0.01,0.05,0.05,0.05,0.1,0.05,0.05,0.05,0.05,0.1,0.05,0.05,0.02,0.1,0.1,0.1,0.01,0.05,0.05,0.5,0.05,0.3,0.05,0.05,0.05,0.1,0.05,0.1,0.05,0.1,0.05,,0.05,0.05,0.03,0.05,0.05,0.05,0.05,0.01,0.9,0.01,"50.0, 400.0",0.05,0.05,0.05,0.05,0.05,0.05,0.05,0.05,0.05,0.01,0.05,0.1,0.1,0.8,0.1,0.05,0.05,0.01,,0.1,0.1,0.02,,0.05,0.07,0.1,0.05,0.02,0.02,0.05,0.1,0.05,0.1,0.05,0.1,0.025,0.05,0.05,0.05,0.05,0.05,0.01,0.01,0.05,0.05,0.05,0.05,0.05,0.1,0.1,0.1,0.05,0.05,0.5,0.05,40.0,,0.01,0.05,0.05,0.1,0.05,0.1,0.05,0.05,0.03,0.1,0.1,0.1,0.05,0.1,0.1,1.0,0.05,0.1,0.1,0.02,0.05,0.05,0.05,0.05,0.1,0.05,0.05,0.1,"0.1, 0.02",0.05,0.1,0.05,0.05,0.05,0.3,0.05,0.05,0.1,0.05,0.05,0.1,0.05,0.05,0.05,0.05,0.05,0.1,0.1,,0.05,0.05,0.05,0.05,0.05,0.01,0.1,0.05,0.01,0.05,0.05,0.01,5.0,0.1,0.05,0.01,0.02,0.1,5.0,0.05,0.1,0.02,0.1,0.05,0.1,0.05,0.05,0.05,0.05,0.05,0.05,0.05,0.05,0.05,0.05,0.1,0.05,1.0,0.1,0.05,0.05,0.02,0.05,0.05,0.05,0.05,0.05,0.1,0.1,0.005,0.05,0.1,0.05,0.05,0.03,0.1,0.05,0.05,0.05,0.05,0.05,0.05,0.1,,0.05,0.1,0.05,0.05,0.05,5.0,0.02,0.05,0.05,0.1,0.05,0.05,0.05,0.05,0.05,0.05,0.05,0.05,0.05,0.05,0.05,0.1,0.05,0.05,0.05,0.05,0.05,400.0,0.05,0.05,1.0,0.1,0.1,0.05,0.1,0.02,0.05,0.1,0.02,0.01,0.01,0.05,0.05,,0.1,0.05,0.1,0.01,,0.05,0.05,0.05,0.1,0.1,0.05,0.05,0.05,0.05,0.05,0.05,0.05,0.01,0.05,0.01,0.05,0.1,0.05,0.05,0.3,0.1,0.01,0.05,0.05,0.1,0.02,0.5,0.05,0.05,0.05,0.1,0.05,0.05,0.1,0.05,0.05,0.02,0.05,0.05,0.1,0.05,0.1,0.05,0.1,0.1,0.05,0.05,0.1,0.1,0.1,0.05,0.1,0.1,0.05,0.05,0.05,0.05,0.05,0.1,0.05,0.02,0.1,0.05,0.05,0.05,0.05,0.05,0.05,0.05,0.3,0.02,0.05,0.05,0.05,0.05,0.05,0.05,0.02,0.05,0.05,0.05,0.05,0.05,0.05,0.05,0.01,0.05,0.1,5.0,0.05,0.1,0.05,0.05,0.05,0.05,0.1,0.05,0.01,0.05,0.05,,0.1,2.0,0.05,0.1,0.02,0.02,300.0,0.02,0.01,0.01,0.05,0.05,0.05,0.05,0.5,0.05,0.15,0.05,0.07,0.05,0.05,0.1,0.05,0.05,0.05,0.05,0.05,0.1,0.05,0.01,0.1,0.05,0.05,0.3,0.05,0.05,0.1,0.1,0.1,0.02,0.05,0.5,0.05,0.05,0.15,0.05,0.05,0.05,0.05,0.05,0.05,0.1,0.05,0.05,0.1,0.05,0.01,0.05,0.05,0.02,0.03,0.05,0.05,0.05,0.05,0.15,0.01,0.05,0.1,0.1,0.05,0.02,0.1,0.05,,0.1,0.05,0.05,0.05,0.1,0.1,0.1,0.02,0.05,0.05,0.05,0.05,0.05,0.05,0.1,0.1,0.01,0.05,0.05,0.05,0.05,0.05,0.05,0.05,0.05,0.05,0.05,0.1,0.05,0.05,0.1,0.02,40.0,0.05,0.1,0.05,0.05,0.05,0.07,0.005,0.05,0.05,0.05,0.05,0.05,0.05,0.05,,0.1,0.05,0.05,0.05,0.05,0.05,0.05,0.02,0.05,0.05,0.05,0.01,0.05,0.05,0.2,0.05
1031,Tarragon,Tarragon,0.01,0.01,0.01,0.02,0.05,0.1,,0.02,0.02,0.1,0.02,0.01,0.01,0.02,0.02,0.1,0.02,0.02,2.0,0.02,0.02,3.0,0.02,0.3,0.8,0.02,0.02,0.02,0.01,40.0,0.02,0.02,0.02,0.05,0.02,0.02,0.02,0.01,0.1,0.05,1.0,0.02,0.02,0.02,0.02,70.0,0.02,0.05,0.02,0.05,0.02,10.0,0.02,0.1,1.0,,0.02,0.02,0.02,0.1,0.02,0.02,0.02,0.01,50.0,0.01,50.0,0.02,0.02,0.02,0.02,0.05,0.02,0.02,0.02,0.02,0.01,0.02,0.05,0.06,0.02,0.1,0.02,0.02,0.01,,0.06,0.04,0.01,,20.0,0.7,0.01,0.02,0.01,0.02,0.02,0.01,0.02,0.1,0.01,0.02,0.01,0.02,0.02,0.02,0.02,0.02,0.01,0.01,0.02,0.02,0.02,0.02,0.02,0.05,0.5,0.05,0.02,0.15,3.0,0.02,20.0,,0.01,0.02,0.02,0.1,0.02,2.0,0.02,0.02,0.02,0.05,0.02,2.0,0.05,40.0,0.01,0.05,0.02,0.05,0.1,0.02,1.5,0.02,0.02,0.02,0.02,4.0,0.02,0.05,0.01,0.02,0.02,0.05,0.02,0.02,4.0,0.02,0.02,0.3,0.02,0.01,0.1,0.02,10.0,0.02,0.02,0.02,0.05,0.05,,0.02,0.02,0.05,0.02,0.02,0.01,5.0,0.02,0.01,0.02,0.01,0.2,0.05,0.01,0.02,0.01,0.01,0.05,0.01,0.02,0.05,0.02,0.1,0.02,0.05,3.0,0.02,0.02,0.02,0.02,0.02,0.02,0.02,0.02,0.02,0.01,50.0,0.02,0.1,0.02,0.02,0.01,0.02,0.02,0.02,0.02,0.01,0.05,0.05,0.005,0.02,6.0,0.02,0.02,0.02,0.05,0.02,0.02,0.02,20.0,0.05,0.02,0.05,,0.01,0.05,0.02,9.0,6.0,0.2,0.01,0.02,40.0,0.05,0.02,0.02,0.02,0.02,0.02,0.02,0.02,0.02,0.02,0.02,3.0,0.06,0.01,0.02,0.02,0.02,0.02,400.0,0.02,0.02,1.0,0.04,0.1,0.05,0.05,0.01,0.02,0.01,0.01,0.01,0.01,0.02,0.02,,0.02,0.02,0.1,0.01,,0.02,0.02,0.05,0.1,0.1,0.02,0.02,0.02,0.02,0.02,0.02,20.0,0.01,0.02,0.01,0.01,0.05,0.02,0.02,0.7,0.1,0.01,0.02,0.02,0.05,0.02,0.2,0.01,30.0,0.02,0.05,7.0,0.02,0.05,0.02,0.02,0.03,0.02,0.02,0.04,3.0,2.0,0.01,0.1,0.05,0.01,0.02,0.02,0.02,0.06,0.02,0.05,0.01,4.0,0.02,0.02,0.02,0.02,0.1,0.02,0.01,0.05,0.02,0.02,0.02,0.02,0.05,0.02,0.02,0.1,0.01,0.02,0.02,0.02,0.02,0.02,0.02,0.01,0.001,0.02,0.02,0.02,0.02,0.02,0.02,0.01,0.02,0.05,0.02,0.02,0.04,0.6,0.02,0.02,0.02,0.05,0.02,0.01,0.3,0.05,,0.02,0.02,0.02,0.05,0.01,0.015,300.0,0.01,0.01,0.01,0.02,0.02,0.02,0.8,0.02,0.02,0.06,0.02,0.03,0.02,0.02,0.05,30.0,0.02,0.02,0.02,0.02,0.1,0.02,0.01,0.05,0.2,0.02,20.0,0.02,0.02,0.05,2.0,0.02,0.01,0.02,1.0,0.02,0.02,0.05,20.0,0.02,0.02,0.02,0.02,0.02,0.1,0.02,0.02,0.05,0.2,0.01,0.02,0.02,0.01,0.03,0.02,0.02,0.01,0.02,0.06,0.01,0.02,4.0,15.0,0.02,0.02,7.0,0.02,,0.1,0.02,0.02,0.02,0.06,0.05,0.04,0.01,2.0,0.01,0.02,0.02,0.02,0.02,0.04,0.1,0.01,0.02,0.02,0.01,0.02,0.02,0.02,0.02,0.02,0.02,0.02,0.1,0.05,0.02,0.05,0.01,150.0,0.02,0.1,0.02,0.02,0.02,0.01,0.002,0.02,0.02,0.02,0.02,0.02,15.0,30.0,,0.05,0.02,0.02,0.02,0.01,0.05,0.02,0.01,0.01,0.02,0.02,0.01,0.02,0.02,0.1,0.01
1039,Teas,Teas,0.1,0.02,0.02,0.05,0.05,0.1,,0.05,0.05,0.1,0.05,0.01,0.01,0.05,0.05,0.1,0.05,0.05,0.05,0.05,0.05,0.05,0.05,0.05,0.05,0.05,0.05,0.05,0.02,0.05,0.05,0.05,0.05,0.1,0.05,0.05,0.02,0.1,0.1,0.1,0.01,0.05,0.05,0.05,0.05,0.05,0.05,0.05,0.05,0.1,0.05,0.1,0.05,0.1,0.05,,0.05,0.05,30.0,0.05,0.05,0.05,0.05,0.01,40.0,0.01,"50.0, 70.0",0.05,0.05,0.05,0.05,0.05,0.05,0.05,0.05,0.05,0.01,0.05,0.1,0.1,0.05,0.1,0.05,0.05,0.01,,0.1,0.1,0.02,0.1,80.0,0.05,0.1,0.05,0.02,0.02,50.0,0.1,0.05,0.1,0.05,0.1,0.025,0.05,0.05,0.05,0.05,0.05,0.01,0.01,0.05,0.05,0.05,0.05,0.05,0.1,0.1,0.1,0.05,0.05,0.5,0.05,40.0,,0.01,50.0,0.05,0.1,0.05,0.1,0.05,0.05,0.05,0.1,0.1,0.5,0.05,0.1,0.1,0.2,0.05,0.1,0.1,0.02,5.0,0.05,0.05,0.05,0.05,0.05,0.05,0.1,0.02,0.05,20.0,0.05,0.05,0.05,0.05,0.05,0.05,0.1,0.05,0.05,0.1,0.05,0.05,0.05,0.05,0.05,0.1,0.1,,0.05,0.05,0.05,0.05,0.05,0.01,0.1,0.01,0.01,0.05,0.05,0.09,30.0,0.01,0.05,0.01,0.02,0.1,3.0,0.05,0.1,0.02,0.1,0.05,0.1,0.05,0.05,0.05,0.05,0.05,0.05,0.05,9.0,30.0,0.05,0.1,0.05,0.05,0.1,0.05,0.05,2.0,0.05,0.05,0.05,8.0,0.05,0.1,0.1,0.005,0.05,0.1,0.05,0.05,0.05,0.1,50.0,0.05,0.05,0.05,0.05,15.0,0.1,,0.05,0.1,0.05,0.05,0.05,400.0,0.02,0.05,0.05,0.1,0.05,0.05,0.05,0.05,0.05,0.05,0.05,0.05,0.05,0.05,0.05,0.1,0.05,0.05,0.05,0.05,0.05,5.0,0.05,0.05,1.0,0.1,2.0,0.05,0.1,0.02,0.05,0.02,0.02,0.01,0.01,0.05,15.0,,0.1,0.05,0.1,0.01,,0.05,0.05,0.05,0.1,0.1,5.0,0.05,0.05,0.05,0.05,0.05,0.05,0.01,0.05,0.01,0.05,0.1,0.05,0.05,0.01,0.1,0.01,0.05,0.05,0.1,0.5,0.5,0.05,0.05,0.05,0.1,0.05,0.05,0.1,0.05,0.05,0.02,0.05,0.05,0.1,0.05,0.1,0.05,0.1,0.1,0.05,0.05,0.05,0.1,0.1,0.05,0.1,0.1,80.0,0.05,0.05,0.05,0.05,0.1,0.05,0.02,0.1,0.05,0.05,0.05,0.05,0.05,0.05,0.05,0.5,0.02,0.05,0.05,0.05,0.05,0.05,0.05,0.02,0.05,0.05,0.05,0.05,0.05,0.05,0.05,0.01,0.05,0.1,0.05,0.05,0.1,0.05,0.05,0.05,0.05,0.1,0.05,0.01,0.05,0.05,,0.05,0.05,0.01,0.1,0.02,0.02,20.0,0.1,0.01,0.01,0.05,0.05,0.05,0.05,0.05,0.05,0.15,0.05,0.05,0.05,0.05,0.1,0.05,0.05,10.0,0.05,0.05,0.1,0.05,0.01,0.1,0.05,0.05,0.05,0.05,0.05,0.1,0.1,0.1,0.02,0.05,0.5,0.05,0.05,0.05,0.05,0.05,15.0,0.05,0.05,0.05,0.1,0.05,0.05,0.1,0.05,0.01,0.05,0.05,0.02,0.03,0.05,0.05,0.05,0.05,0.15,0.01,0.05,0.1,0.1,0.05,50.0,0.1,0.05,,0.1,0.05,0.05,0.05,0.1,0.1,0.1,0.02,0.05,0.05,0.05,0.05,0.05,0.05,0.1,0.1,0.01,0.05,0.05,0.05,0.05,0.05,0.05,0.05,0.05,0.05,0.05,0.1,0.05,0.05,0.1,0.02,40.0,0.05,0.1,0.05,0.05,0.05,0.02,0.005,0.05,0.05,0.05,0.05,0.05,0.05,0.05,,0.1,0.05,0.05,0.05,0.05,0.05,0.05,0.02,0.05,0.05,0.05,0.01,0.05,0.05,0.2,0.01
1049,Terrestrial invertebrate animals,Terrestrial invertebrate animals,,,,0.02,0.2,0.06,0.01,0.01,0.01,0.05,0.05,0.01,0.01,0.01,0.01,0.1,0.01,0.01,0.01,0.02,0.01,0.02,0.01,0.02,0.01,0.01,0.01,0.01,0.01,0.03,0.02,0.01,0.01,,0.01,0.01,0.01,,0.02,,,0.02,,0.01,0.01,0.01,0.01,0.01,0.02,0.02,0.01,0.02,0.01,0.1,0.01,0.02,0.02,0.01,0.01,0.01,0.01,0.01,0.02,0.01,0.01,0.01,0.05,0.01,0.01,0.05,0.02,0.05,0.01,0.01,0.01,0.01,0.01,0.01,0.01,0.03,0.05,0.05,0.01,0.01,0.01,,0.03,0.01,,,0.01,0.05,,0.01,0.005,0.02,,,0.01,0.1,0.01,,0.01,0.01,0.02,0.02,0.05,0.05,0.01,0.01,0.01,0.01,0.01,0.01,0.01,0.1,0.05,0.02,0.05,0.01,0.05,0.01,,,0.01,0.01,0.01,0.01,0.01,0.02,0.02,0.01,0.01,0.01,0.01,0.05,0.05,0.02,0.01,0.05,0.02,,0.06,,0.02,0.01,0.01,0.01,0.01,0.05,0.01,0.02,,0.01,0.02,0.1,0.01,0.01,0.05,0.01,0.02,0.02,0.01,0.01,,0.01,0.01,0.01,0.03,0.01,0.05,0.02,,0.01,0.01,0.05,0.05,0.01,0.01,0.05,0.01,0.01,0.01,0.02,0.01,0.01,0.01,0.01,0.01,0.01,0.05,0.01,0.01,0.03,0.01,0.05,0.01,0.02,0.01,0.01,0.01,0.01,0.01,0.01,0.02,0.01,0.05,0.02,,0.05,0.01,0.05,0.01,0.01,,0.02,0.01,0.01,0.01,0.01,0.02,0.02,0.005,0.01,0.02,0.01,0.01,0.01,0.01,0.01,0.01,0.01,0.01,0.05,0.02,0.02,,0.01,0.02,0.005,0.01,0.02,0.3,,0.02,0.01,0.02,0.01,0.05,0.01,0.01,0.01,0.02,0.01,0.05,0.01,0.01,0.01,0.05,0.01,0.01,0.01,0.01,0.01,0.5,,0.01,1.0,0.05,0.05,0.05,0.02,,0.01,0.01,0.01,0.01,0.01,,0.02,,0.02,0.01,0.01,0.01,0.01,0.01,0.02,0.01,0.1,0.1,0.01,0.02,0.01,0.01,0.01,0.05,0.01,0.01,0.01,0.01,0.01,0.02,0.05,0.01,0.01,,0.01,0.01,0.02,,0.02,0.05,0.01,0.01,0.01,,0.01,0.01,0.05,,0.01,0.01,0.02,0.01,0.02,0.01,0.01,0.01,0.05,0.02,0.05,0.01,,0.02,0.03,0.01,0.05,,0.01,0.01,0.01,0.01,0.01,0.1,0.01,,0.02,0.01,,0.01,0.01,0.01,0.01,0.02,0.01,,0.01,0.01,0.01,0.01,0.01,0.01,0.01,0.01,0.01,0.01,0.01,0.01,0.01,0.01,0.01,,,0.01,0.01,0.01,0.01,0.01,0.01,0.01,,0.01,0.01,0.05,0.05,,0.01,0.01,0.01,0.05,,0.01,0.5,0.02,0.01,0.01,0.02,0.01,,0.05,0.01,0.01,0.03,0.01,0.01,0.01,0.01,0.02,0.01,0.01,0.01,0.01,0.01,0.01,0.01,0.01,0.05,0.02,0.02,0.01,0.02,0.01,0.01,0.05,0.02,0.01,0.01,,0.01,0.01,0.05,0.05,0.01,0.01,0.01,0.01,,0.02,0.02,0.02,0.01,0.01,0.01,0.02,0.02,,0.01,0.01,0.01,0.01,0.01,0.03,0.01,0.01,0.02,0.02,0.02,0.01,0.02,0.02,,0.01,0.02,0.01,0.01,0.02,0.01,0.02,,0.1,0.01,0.01,0.01,0.01,0.01,0.01,0.1,,0.01,0.01,0.05,0.01,0.01,0.01,0.01,0.01,0.01,0.01,0.05,0.01,0.01,0.05,0.01,6.0,0.01,,0.01,0.01,0.01,0.01,0.01,0.01,0.01,0.01,0.01,0.01,0.02,0.02,0.01,0.01,0.01,0.01,0.01,0.01,,0.01,0.01,0.01,0.03,0.01,0.01,0.01,0.01,,0.01
1050,THYME,Thyme,0.01,0.01,0.01,0.02,0.05,0.1,,0.02,0.02,0.1,0.02,0.01,0.01,0.02,0.02,0.1,0.02,0.02,2.0,0.02,0.02,3.0,0.02,0.3,0.8,0.02,0.02,0.02,0.01,40.0,0.02,0.02,0.02,0.05,0.02,0.02,0.02,0.01,0.1,0.05,1.0,0.02,0.02,0.02,0.02,70.0,0.02,0.05,0.02,0.05,0.02,10.0,0.02,0.1,1.0,,0.02,0.02,0.02,0.1,0.02,0.02,0.02,0.01,50.0,0.01,50.0,0.02,0.02,0.02,0.02,0.05,0.02,0.02,0.02,0.02,0.01,0.02,0.05,0.06,0.02,0.1,0.02,0.02,0.01,,0.06,0.04,0.01,,20.0,0.7,0.01,0.02,0.01,0.02,0.02,0.01,0.02,0.1,0.01,0.02,0.01,0.02,0.02,0.02,0.02,0.02,0.01,0.01,0.02,0.02,0.02,0.02,0.02,0.05,0.5,0.05,0.02,0.15,3.0,0.02,20.0,,0.01,0.02,0.02,0.1,0.02,2.0,0.02,0.02,0.02,0.05,0.02,2.0,0.05,40.0,0.01,0.05,0.02,0.05,0.1,0.02,1.5,0.02,0.02,0.02,0.02,4.0,0.02,0.05,0.01,0.02,0.02,0.05,0.02,0.02,4.0,0.02,0.02,0.3,0.02,0.01,0.1,0.02,10.0,0.02,0.02,0.02,0.05,0.05,,0.02,0.02,0.05,0.02,0.02,0.01,5.0,0.02,0.01,0.02,0.01,0.2,0.05,0.01,0.02,0.01,0.01,0.05,0.01,0.02,1.5,0.02,0.1,0.02,0.05,3.0,0.02,0.02,0.02,0.02,0.02,0.02,0.02,0.02,0.02,0.01,50.0,0.02,0.1,0.02,0.02,0.01,0.02,0.02,0.02,0.02,0.01,0.05,0.05,0.005,0.02,6.0,0.02,0.02,0.02,0.05,0.02,0.02,0.02,20.0,0.05,0.02,0.05,,0.01,0.05,0.02,9.0,6.0,0.2,0.01,0.02,40.0,0.05,0.02,0.02,2.0,0.02,0.02,0.02,0.02,0.02,0.02,0.02,3.0,0.06,0.01,0.02,0.02,0.02,0.02,400.0,0.02,0.02,1.0,0.04,0.1,0.05,0.05,0.01,0.02,0.01,0.01,0.01,0.01,0.02,0.02,,0.02,0.02,0.1,0.01,,0.02,0.02,0.05,0.1,0.1,0.02,0.02,0.02,0.02,0.02,0.02,20.0,0.01,0.02,0.01,0.01,0.05,0.02,0.02,0.7,0.1,0.01,0.02,0.02,0.05,0.02,0.2,0.01,30.0,0.02,0.05,7.0,0.02,0.05,0.02,0.02,0.03,0.02,0.02,0.04,3.0,2.0,0.15,0.1,0.05,0.01,0.02,0.02,0.02,0.06,0.02,0.05,0.01,4.0,0.02,0.02,0.02,0.02,0.1,0.02,0.01,0.05,0.02,0.02,0.02,0.02,0.05,0.02,0.02,0.1,0.01,0.02,0.02,0.02,0.02,0.02,0.02,0.01,0.001,0.02,0.02,0.02,0.02,0.02,0.02,0.01,0.02,0.05,0.02,0.02,0.04,0.6,0.02,0.02,0.02,0.05,0.02,0.01,7.0,0.05,,0.02,0.02,0.02,0.05,0.01,0.015,300.0,0.01,0.01,0.01,0.02,0.02,0.02,0.8,0.02,0.02,0.06,0.02,0.03,0.02,0.02,0.05,30.0,0.02,0.02,0.02,0.02,0.1,0.02,0.01,0.05,0.2,0.02,20.0,0.02,0.02,0.05,2.0,0.02,0.01,0.02,1.0,0.02,0.02,0.05,20.0,0.02,0.02,0.02,0.02,0.02,0.1,0.02,0.02,0.05,0.2,0.01,0.02,0.02,0.01,0.03,0.02,0.02,0.01,0.02,0.06,0.01,0.02,4.0,15.0,0.02,0.02,10.0,0.02,,0.1,0.02,0.02,0.02,0.06,0.05,0.04,0.01,2.0,0.01,0.02,0.02,0.02,0.02,0.04,0.1,0.01,0.02,0.02,0.01,0.02,0.02,0.02,0.02,0.02,0.02,0.02,0.1,0.05,0.02,0.05,0.01,150.0,0.02,0.1,0.02,0.02,0.02,0.01,0.002,0.02,0.02,0.02,0.02,0.02,15.0,30.0,,0.05,0.02,0.02,0.02,0.01,0.05,0.02,0.01,0.01,0.02,0.02,0.01,0.02,0.02,0.1,0.01
1057,TOMATO,Tomatoes,0.01,0.01,0.01,0.01,0.05,0.06,,0.01,0.01,0.05,0.01,0.01,0.01,0.01,0.01,0.1,0.01,0.01,0.015,0.01,0.3,0.06,0.01,0.3,0.01,0.01,0.01,0.02,0.01,2.0,0.01,0.01,0.4,0.05,0.01,0.01,0.01,0.01,0.05,0.05,1.0,0.01,0.02,0.01,0.01,3.0,0.01,0.02,0.3,0.02,0.01,0.03,0.3,0.1,0.9,,0.01,0.01,0.3,0.01,0.01,0.01,0.01,0.01,3.0,0.01,"50.0, 30.0",0.01,0.01,0.01,0.01,2.0,0.8,0.01,0.01,0.01,0.01,0.01,0.02,1.0,0.01,0.3,0.01,0.002,0.01,,0.03,0.02,0.01,,0.6,0.1,0.01,0.01,0.01,0.02,0.01,0.01,0.01,0.03,0.01,0.02,0.005,0.01,0.01,0.01,0.01,0.01,0.01,0.01,0.01,0.01,0.01,0.01,0.01,0.05,1.0,0.02,0.3,0.01,0.5,0.01,5.0,,0.01,1.0,0.6,0.05,0.01,1.5,0.04,0.4,0.2,0.02,0.4,0.5,0.05,1.5,0.01,0.05,0.01,0.05,0.06,0.1,0.1,0.01,0.01,0.01,0.01,0.05,0.01,0.02,0.01,0.01,0.02,0.05,0.01,0.01,2.0,0.01,0.01,0.4,0.01,0.01,0.05,0.01,1.0,0.01,0.01,0.01,0.02,0.02,,0.01,0.01,0.05,0.01,0.01,0.6,3.0,0.01,0.01,0.01,0.01,0.02,0.05,0.01,0.01,0.01,0.01,2.0,0.01,0.01,0.03,0.01,0.05,0.01,0.02,0.7,0.01,0.01,2.0,0.01,0.01,0.02,0.05,0.01,0.01,0.01,2.0,0.01,0.1,0.01,0.01,0.01,0.01,0.01,3.0,0.3,0.01,0.02,0.1,0.005,0.01,0.5,0.01,0.01,0.06,0.3,2.0,0.01,0.01,3.0,0.05,0.01,0.02,,0.01,0.02,0.01,1.0,0.5,0.2,0.01,0.01,0.7,0.02,0.01,0.01,0.01,0.01,0.01,0.01,0.01,0.01,0.8,0.15,0.6,5.0,0.01,0.01,0.01,0.3,0.01,100.0,0.02,0.01,1.0,0.1,0.1,0.05,0.02,0.01,0.01,0.01,0.01,0.01,0.01,0.01,0.1,,0.02,0.3,0.05,0.01,,0.01,0.01,0.3,0.1,0.1,0.01,0.01,0.01,0.01,0.01,0.7,1.5,0.01,0.01,0.5,0.01,0.02,0.6,0.01,0.07,0.1,0.01,0.01,0.4,0.05,0.02,0.2,0.01,3.0,0.01,0.05,0.7,1.5,0.02,0.01,0.01,0.01,0.01,0.01,0.7,0.3,0.15,0.01,0.02,0.02,0.01,0.01,0.01,0.02,0.03,0.01,0.02,0.01,0.6,0.4,0.01,0.01,0.6,0.1,0.01,0.01,0.02,0.01,0.01,0.01,0.01,0.6,0.01,0.01,0.01,0.01,0.01,0.01,0.01,0.01,0.01,0.01,0.01,0.002,0.01,0.4,0.01,0.01,0.01,0.01,0.01,0.02,0.05,0.01,0.1,0.02,0.05,0.01,0.01,2.0,0.05,0.01,0.01,0.01,0.02,,0.01,0.01,0.01,0.05,0.01,0.01,70.0,0.01,0.01,0.01,0.01,0.01,0.02,0.5,0.01,0.01,0.03,0.01,10.0,0.01,0.01,0.02,4.0,0.01,0.01,0.01,0.01,0.05,0.01,0.005,0.02,0.01,0.15,0.01,0.01,0.01,0.02,0.3,0.02,0.01,0.01,1.0,0.15,1.5,0.05,1.0,0.01,0.7,0.01,0.01,0.01,0.1,0.01,0.02,0.02,0.05,0.01,0.01,0.01,0.01,0.03,0.01,0.01,0.01,0.01,0.03,0.01,0.01,0.06,0.7,0.5,1.0,1.0,0.01,,0.01,0.01,0.3,0.01,0.03,0.02,0.02,0.01,0.9,1.5,0.8,0.01,1.5,0.01,0.02,0.1,0.01,0.01,0.15,0.01,0.01,0.01,0.01,0.01,0.01,0.01,0.01,1.0,0.05,0.01,0.02,0.005,10.0,0.01,0.1,0.01,0.01,0.01,0.01,0.001,0.01,0.01,0.01,0.01,0.01,0.7,0.7,,0.02,0.01,0.01,0.01,0.01,0.05,0.01,0.01,0.01,0.4,0.01,0.01,0.01,0.01,0.1,2.0
1059,Tree nuts,Tree nuts,0.01,0.01,0.01,0.01,0.05,0.06,,0.02,0.02,0.2,0.05,0.01,0.01,0.02,0.01,0.1,0.01,0.02,0.01,0.02,0.01,0.07,0.01,,0.01,0.01,0.02,0.05,0.01,0.01,0.01,0.05,0.01,0.05,0.02,0.02,0.02,0.01,0.1,0.05,,0.01,0.02,0.01,0.02,,0.02,0.02,0.01,0.02,0.01,0.03,0.02,0.1,0.01,,0.01,0.01,0.05,0.01,0.01,0.02,0.01,0.01,,0.01,50.0,0.02,0.01,0.01,0.01,0.05,0.01,0.01,0.02,0.02,0.01,0.02,0.05,0.07,0.02,0.1,0.01,0.02,0.01,,0.05,0.05,0.01,,0.03,0.1,0.01,0.02,0.01,,0.02,0.01,0.02,0.04,0.01,0.02,0.01,0.01,0.02,0.02,0.01,0.01,0.01,0.01,0.01,0.02,0.02,0.02,0.01,0.05,0.1,0.05,0.05,0.02,0.5,0.01,30.0,,0.01,0.04,0.02,0.05,0.01,0.09,0.01,0.01,0.01,0.05,0.01,0.05,0.05,,0.01,0.05,0.02,0.05,0.1,0.02,0.01,0.01,0.01,0.02,,0.05,0.01,0.02,0.01,0.01,0.05,0.05,0.01,0.01,0.05,0.01,0.01,,0.01,0.01,0.1,0.01,0.02,0.01,0.01,0.02,0.05,0.05,,0.02,0.02,0.05,0.02,0.02,,,0.01,0.01,0.01,0.02,0.005,0.1,0.01,0.01,0.01,0.01,,0.02,0.01,0.03,0.01,0.1,0.02,0.05,0.01,0.01,0.01,0.01,0.01,0.01,0.02,,0.01,0.02,0.01,0.02,0.02,0.1,0.01,0.01,0.01,0.01,0.01,0.01,0.05,0.02,0.05,0.05,0.005,0.01,0.06,0.01,0.01,0.01,0.01,0.1,0.02,0.02,,0.05,0.01,0.05,,0.01,0.05,0.01,0.01,0.03,,0.01,0.01,0.02,0.02,0.01,0.01,0.01,0.02,0.01,0.01,0.01,0.01,,0.01,0.04,0.07,0.02,0.02,0.02,0.01,0.02,,0.02,0.01,1.0,0.1,0.1,0.05,0.05,0.01,0.01,0.01,0.01,0.01,0.01,0.02,0.05,,0.05,0.01,0.05,0.01,,0.01,0.02,0.01,0.1,0.1,0.01,0.02,0.01,0.01,0.01,0.02,0.01,0.01,0.01,0.01,0.01,0.02,,0.02,0.01,0.1,0.01,0.01,0.01,0.05,0.02,0.2,0.01,0.01,0.01,0.05,0.06,0.02,0.05,0.02,0.01,0.02,0.02,0.01,0.02,0.01,0.05,0.01,0.02,0.05,0.02,0.02,0.02,0.05,0.03,0.01,0.05,0.01,0.1,0.01,0.01,0.01,0.01,0.1,0.01,0.01,0.02,0.02,0.02,0.02,0.02,0.01,0.01,0.02,0.02,0.01,0.01,0.01,0.01,0.01,0.01,0.01,0.01,0.01,0.01,0.01,0.02,0.02,0.01,0.01,0.01,0.02,0.05,0.02,0.01,0.02,0.05,0.01,0.01,0.05,0.05,0.01,0.01,0.01,0.05,,0.02,0.02,0.01,,0.01,,,0.01,0.01,0.01,0.01,0.01,0.02,0.02,0.01,0.01,0.03,0.02,0.02,0.01,0.01,0.05,0.01,0.02,0.02,0.02,0.01,0.2,0.01,0.01,0.05,,0.02,0.02,0.02,0.02,0.02,,0.02,0.01,0.02,1.0,0.05,0.01,0.05,,0.01,0.01,0.01,0.02,0.02,0.15,0.02,0.02,0.05,0.01,0.01,0.02,0.02,0.01,0.03,0.01,0.02,0.02,0.01,0.03,0.01,0.01,0.02,0.07,,0.02,0.5,0.05,,0.05,0.02,0.02,,0.03,0.02,0.02,0.01,0.05,,0.01,0.02,0.01,0.01,0.02,0.1,0.01,0.01,0.01,0.02,0.02,0.02,0.01,0.01,0.01,0.02,0.01,0.2,0.05,0.01,0.02,0.005,,0.01,0.1,0.01,0.01,0.01,0.01,0.005,0.01,0.02,0.01,0.01,0.02,0.02,0.02,,0.02,0.01,0.01,0.01,0.02,0.05,0.01,0.01,0.01,0.01,0.02,0.01,0.01,0.01,0.1,0.01
1074,Turmeric/curcuma,Turmeric/curcuma,0.02,0.02,0.02,0.05,0.05,0.1,,0.05,0.05,0.1,0.05,0.01,0.01,0.05,0.05,0.1,0.05,0.05,0.05,0.2,0.05,0.05,0.05,0.05,0.05,0.05,0.05,0.05,0.1,0.05,0.05,0.05,0.05,0.1,0.05,0.05,0.02,0.1,0.1,0.1,0.01,0.05,0.05,0.5,0.05,0.05,0.05,0.05,0.05,0.1,0.05,0.1,0.05,0.1,0.15,,0.05,0.05,0.05,0.05,0.05,0.05,0.05,0.01,0.4,0.01,"50.0, 400.0",0.05,0.05,0.05,0.05,0.05,0.05,0.05,0.05,0.05,0.01,0.05,0.1,0.1,0.1,0.1,0.05,0.05,0.01,,0.1,0.1,0.02,,0.05,0.07,0.1,0.05,0.02,0.02,0.05,0.1,0.05,0.1,0.05,0.1,0.025,0.05,0.05,0.05,0.05,0.05,0.01,0.01,0.05,0.05,0.05,0.05,0.05,0.1,0.1,0.1,0.05,0.05,0.5,0.05,40.0,,0.01,0.2,0.05,0.1,0.05,0.1,0.05,0.05,0.05,0.1,0.1,0.2,0.05,1.5,0.1,1.0,0.05,0.1,0.1,0.02,0.5,0.05,0.05,0.05,0.5,0.05,0.05,0.1,"0.02, 0.1",0.05,0.1,0.05,0.05,0.05,3.0,0.05,0.05,0.1,0.05,0.05,0.1,0.05,0.05,0.05,0.05,0.05,0.1,0.1,,0.05,0.05,0.05,0.05,0.05,0.01,0.1,0.05,0.01,0.05,0.05,0.01,0.5,0.1,0.05,0.01,0.02,0.1,0.3,0.05,0.1,0.02,0.1,0.05,0.1,0.05,0.05,0.05,0.05,0.05,0.05,0.05,0.05,0.05,0.05,0.1,0.05,0.05,0.1,0.05,0.05,0.02,0.05,0.05,0.05,0.05,0.05,0.1,0.1,0.005,0.05,0.1,0.05,0.05,4.0,0.1,0.05,0.05,0.05,1.0,0.05,0.05,0.1,,0.05,0.1,0.05,0.05,1.0,5.0,0.02,0.05,0.05,0.1,0.05,0.05,0.05,0.05,0.05,0.05,0.05,0.05,0.05,0.05,0.05,0.1,0.05,0.05,0.05,0.05,0.05,400.0,0.05,0.05,1.0,0.1,0.1,0.05,0.1,0.02,0.05,0.1,0.02,0.01,0.01,0.05,0.05,,0.1,0.05,0.1,0.01,,0.05,0.05,0.05,0.1,0.1,0.05,0.05,0.05,0.05,0.05,0.05,0.05,0.01,0.05,0.01,0.05,0.1,0.05,0.05,0.05,0.1,0.01,0.05,0.05,0.1,0.02,0.5,0.05,0.05,0.05,0.1,0.05,0.05,0.1,0.05,0.05,0.05,0.05,0.05,0.1,0.05,0.1,0.05,0.1,0.1,0.05,0.05,0.1,0.1,0.1,0.05,0.1,0.1,0.05,0.05,0.05,0.05,0.05,0.1,0.05,0.02,0.1,0.05,0.05,0.05,0.05,0.05,0.05,0.05,0.3,0.02,0.05,0.05,0.05,0.05,0.05,0.05,0.02,0.05,0.05,0.05,0.05,0.05,0.05,0.05,0.01,0.05,"0.2, 0.1",3.0,0.05,0.1,0.05,0.05,0.05,0.05,0.1,0.05,0.01,0.05,0.05,,0.1,3.0,0.05,0.1,0.02,0.02,20.0,0.02,0.01,0.01,0.05,0.05,0.05,0.05,0.05,0.05,0.15,0.05,0.05,0.05,0.05,0.1,0.05,0.05,0.05,0.05,0.05,0.1,0.05,0.01,0.1,0.05,0.05,0.05,0.05,0.05,0.1,0.1,0.1,0.02,0.05,0.5,0.05,0.05,0.05,0.05,0.05,0.05,0.05,0.05,0.05,0.1,0.05,0.05,2.0,0.05,0.01,0.05,0.05,0.02,0.03,0.05,0.05,0.05,0.05,0.15,0.01,0.05,0.1,0.1,0.05,0.02,0.1,0.05,,0.1,0.05,0.05,0.05,0.1,0.1,0.1,0.02,0.05,0.05,0.05,0.05,0.05,0.05,0.1,0.1,0.01,0.05,0.05,0.05,0.05,0.05,0.05,0.05,0.05,0.05,0.05,0.1,0.05,0.05,0.1,0.02,40.0,0.05,0.1,0.05,0.05,0.05,0.1,0.005,0.05,0.05,0.05,0.05,0.05,0.05,0.05,,0.1,0.05,0.05,0.05,0.05,0.05,0.05,0.02,0.05,0.05,0.05,0.01,0.05,0.05,0.2,0.05
1075,TURNIP,Turnips,0.01,0.01,0.01,0.01,0.05,0.06,,0.01,0.01,0.05,0.01,0.01,0.01,0.01,0.01,0.1,0.01,0.01,0.01,0.01,0.01,0.01,0.01,0.01,0.01,0.01,0.01,0.02,0.01,0.01,0.01,0.01,0.01,0.05,0.01,0.01,0.01,0.01,0.05,0.05,1.0,0.01,0.02,0.01,0.01,1.0,0.01,0.02,0.01,0.02,0.01,0.03,0.01,0.1,0.01,,0.01,0.01,0.05,0.01,0.01,0.01,0.09,0.01,2.0,0.01,50.0,0.01,0.01,0.01,0.01,0.05,0.01,0.01,0.01,0.01,0.01,0.01,0.02,0.03,0.01,0.1,0.01,0.002,0.01,,0.03,0.02,0.01,,0.06,0.15,0.01,0.01,0.01,0.02,0.01,0.01,0.01,0.03,0.01,0.02,0.005,0.01,0.01,0.01,0.01,0.01,0.01,0.01,0.01,0.01,0.01,0.01,0.01,0.05,0.5,0.02,0.02,0.01,1.5,0.01,5.0,,0.01,0.05,0.01,0.05,0.01,3.0,0.01,0.01,0.01,0.02,0.01,0.05,0.05,0.02,0.01,0.05,0.01,0.05,0.06,0.02,0.02,0.01,0.01,0.01,0.01,0.05,0.01,0.02,0.01,0.01,0.02,0.05,0.01,0.01,0.4,0.01,0.01,0.4,0.01,0.01,0.05,0.01,0.01,0.01,0.01,0.01,0.02,0.02,,0.01,0.01,0.05,0.01,0.01,0.01,0.05,0.01,0.01,0.01,0.01,0.002,0.05,0.01,0.01,0.01,0.01,0.05,0.01,0.01,0.03,0.01,0.05,0.01,0.02,0.01,0.01,0.01,0.01,0.01,0.01,0.02,0.01,0.01,0.01,0.01,0.01,0.01,0.1,0.01,0.01,0.01,0.01,0.01,0.01,0.01,0.01,0.02,0.02,0.005,0.01,0.3,0.01,0.01,0.5,0.01,0.01,0.01,0.01,0.01,0.05,0.01,0.02,,0.01,0.02,0.01,0.2,0.4,0.2,0.01,0.01,0.9,0.02,0.01,0.01,0.01,0.01,0.01,0.01,0.01,0.01,0.01,0.01,0.9,0.03,0.01,0.01,0.01,0.01,0.01,2.0,0.02,0.01,1.0,0.1,0.1,0.05,0.02,0.01,0.01,0.01,0.01,0.01,0.01,0.01,0.01,,0.02,0.01,0.05,0.01,,0.01,0.01,0.01,0.1,0.1,0.01,0.01,0.01,0.01,0.01,0.01,0.01,0.01,0.01,0.2,0.01,0.02,0.05,0.01,0.04,0.1,0.01,0.01,0.01,0.05,0.02,0.2,0.01,0.01,0.01,0.05,0.5,0.01,0.02,0.01,0.01,0.01,0.01,0.01,0.02,0.01,0.3,0.01,0.9,0.02,0.01,0.01,0.01,0.02,0.03,0.01,0.02,0.01,0.01,0.02,0.01,0.01,0.01,0.1,0.01,0.01,0.02,0.01,0.01,0.01,0.01,0.06,0.01,0.01,0.01,0.01,0.01,0.01,0.01,0.01,0.01,0.01,0.01,0.001,0.01,0.01,0.01,0.01,0.01,0.01,0.01,0.02,0.05,0.01,0.01,0.02,0.4,0.01,0.01,0.6,0.05,0.01,0.01,0.01,0.02,,0.01,0.01,0.01,0.05,0.01,0.01,1.5,0.01,0.01,0.01,0.01,0.01,0.02,0.05,0.01,0.01,0.03,0.01,0.01,0.01,0.01,0.02,0.01,0.01,0.01,0.01,0.01,0.05,0.01,0.005,0.02,0.01,0.01,0.01,0.01,0.1,0.02,0.5,0.02,0.01,0.01,1.0,0.01,0.01,0.05,0.01,0.01,0.01,0.01,0.01,0.01,0.1,0.01,0.02,0.02,0.08,0.01,0.01,0.01,0.01,0.03,0.01,0.01,0.01,0.01,0.03,0.01,0.01,0.02,0.02,0.02,0.02,0.07,0.01,,0.01,0.01,0.03,0.01,0.03,0.02,0.02,0.01,0.3,0.01,0.01,0.01,0.01,0.08,0.02,0.1,0.01,0.01,0.01,0.01,0.01,0.01,0.01,0.01,0.01,0.01,0.01,0.1,0.05,0.01,0.02,0.005,5.0,0.01,0.1,0.01,0.01,0.01,0.01,0.001,0.01,0.01,0.01,0.01,0.01,0.04,0.04,,0.02,0.01,0.01,0.01,0.01,0.05,0.01,0.01,0.01,0.01,0.01,0.01,0.01,0.01,0.1,0.01
1122,VEGETABLES,"VEGETABLES, FRESH or FROZEN",0.01,0.01,0.01,,,,,,,,,0.01,,,,0.1,,,,,,,,,,,,,0.01,,,,,0.05,,,,0.01,,,,,0.02,,,,,,,,,,,0.1,,,,,,,,,,0.01,,0.01,,,,,,,,,,,0.01,,,,,,,,0.01,,,,0.01,,,,0.01,,0.01,,,0.01,,,,0.02,,,,,,,0.01,0.01,,,,,,0.05,,,,,,,,,0.01,,,,,,,,,,,,,,0.01,0.05,,0.05,,,,,,,,,,,0.01,,,0.05,,,,,,,,0.01,,,,,,,,,,,,0.05,,,,,,0.01,,,,,0.01,,0.01,0.01,,,,,,,,,,,,,,,,,,,0.01,,,,,,,,,,,,,,0.005,,,,,,,,,,,,,,,0.01,,,,,,,,,,,,,,,,,,,,,,,,,,,,0.02,,,,,0.05,,0.01,,0.01,0.01,0.01,0.01,,,,0.02,,,0.01,,,,,0.1,0.1,,,,,,,,0.01,,,,,,,,,0.01,,,,,,0.01,,,0.05,,,,,,,,,,,,,,,,,,,,,,0.01,,,,,,,,0.01,,,,,,,,,,0.01,,,,,,,0.01,,,,,,,,0.01,0.02,0.05,,,,,,,,0.05,,0.01,,,,,,,0.05,0.01,,,0.01,,,,,0.02,,,,,,,,,,,,,,,,,,,,,,,,,,0.02,0.01,,1.0,,,,,,,,,,,,,,,0.01,,,0.01,0.03,,,,,,0.01,,,,,,,,,,,,,,,,0.01,,,,,,,,0.1,0.01,,,,,,,,,,,,0.05,,,,,,0.1,,,,0.01,,,,,,,,,,,,,,,,,0.01,0.01,,,0.01,,,0.1,
1078,Valerian,Valerian,0.1,0.02,0.02,0.05,0.05,0.1,,0.05,0.05,0.1,0.05,0.01,0.01,0.05,0.05,0.1,0.05,0.05,0.05,0.05,0.05,0.05,0.05,0.05,0.05,0.05,0.05,0.05,0.02,0.05,0.05,0.05,0.05,0.1,0.05,0.05,0.02,0.1,0.1,0.1,0.01,0.05,0.05,0.05,0.05,0.3,0.05,0.05,0.05,0.1,0.05,0.1,0.05,0.1,0.05,,0.05,0.05,0.1,0.05,0.05,0.05,0.9,0.01,3.0,0.01,"50.0, 70.0",0.05,0.05,0.05,0.05,0.05,0.05,0.05,0.05,0.05,0.01,0.05,0.1,0.1,0.05,0.1,0.05,0.05,0.01,,0.1,0.1,0.02,,0.05,0.05,0.1,0.05,0.02,0.02,0.05,0.1,0.05,0.1,0.05,0.1,0.025,0.05,0.05,0.05,0.05,0.05,0.01,0.01,0.05,0.05,0.05,0.05,0.05,0.1,0.1,0.1,0.05,0.05,5.0,0.05,100.0,,0.01,0.2,0.05,0.1,0.05,9.0,0.05,0.05,0.05,0.1,0.1,0.1,0.05,1.5,0.1,0.5,0.05,0.1,0.1,0.02,0.3,0.05,0.05,0.05,0.05,0.05,0.05,0.1,0.02,0.05,0.1,0.05,0.05,0.05,20.0,0.05,0.05,0.1,0.05,0.05,0.1,0.05,0.05,0.05,0.05,0.05,0.1,0.1,,0.05,0.05,0.05,0.05,0.05,0.01,0.1,0.05,0.01,0.05,0.05,0.01,0.1,0.1,0.05,0.01,0.02,0.1,0.05,0.05,0.1,0.02,0.1,0.05,0.1,0.05,0.05,0.05,0.05,0.05,0.05,0.05,0.05,0.05,0.05,0.1,0.05,0.05,0.1,0.05,0.05,0.02,0.05,0.05,0.05,0.05,0.05,0.1,0.1,0.005,0.05,0.1,0.05,0.05,4.0,3.0,0.05,0.05,0.05,1.0,0.05,0.05,0.1,,0.05,0.1,0.05,7.0,1.0,10.0,0.02,0.05,0.05,0.1,0.05,0.05,0.05,0.05,0.05,0.05,0.05,0.05,0.05,0.05,2.0,0.1,0.05,0.05,0.05,0.05,0.05,500.0,0.05,0.05,1.0,0.1,2.0,0.05,0.1,0.02,0.05,0.1,0.02,0.01,0.01,0.05,0.05,,0.1,0.05,0.1,0.01,,0.05,0.05,0.05,0.1,0.1,0.05,0.05,0.05,0.05,0.05,0.05,0.05,0.01,0.05,0.01,0.05,0.1,0.05,0.05,0.01,0.1,0.01,0.05,0.05,0.1,0.02,0.5,0.05,0.05,0.05,0.1,0.05,0.05,0.1,0.05,0.05,0.02,0.05,0.05,0.1,0.05,0.1,0.05,0.1,0.1,0.05,0.05,0.05,0.1,0.1,0.05,0.1,0.1,0.05,0.05,0.05,0.05,0.05,0.1,0.05,0.02,0.1,0.05,0.05,0.05,0.05,0.05,0.05,0.05,0.3,0.02,0.05,0.05,0.05,0.05,0.05,0.05,0.02,0.05,0.05,0.05,0.05,0.05,0.05,0.05,0.01,0.05,0.1,0.05,0.05,0.1,0.5,0.05,0.05,0.05,0.1,0.05,0.01,0.05,0.05,,0.05,0.05,0.05,0.1,0.02,0.02,20.0,0.1,0.01,0.01,0.05,0.05,0.05,0.05,0.05,0.05,0.15,0.05,0.05,0.05,0.05,0.1,0.05,0.05,0.05,0.05,0.05,0.1,0.05,0.01,0.1,0.05,0.05,0.05,0.05,0.05,0.1,0.1,0.1,0.02,0.05,0.5,0.05,0.05,0.05,0.05,0.05,0.05,0.05,0.05,0.05,0.1,0.05,0.05,0.1,0.05,0.01,0.05,0.05,0.02,0.03,0.05,0.05,0.05,0.05,0.15,0.01,0.05,0.1,0.1,0.05,0.02,0.1,0.05,,0.1,0.05,0.05,0.05,0.1,0.1,0.1,0.02,0.05,0.05,0.05,0.05,0.05,0.05,0.1,0.1,0.01,0.05,0.05,0.05,0.05,0.05,0.05,0.05,0.05,0.05,0.05,0.1,0.05,0.05,0.1,0.02,100.0,0.05,0.1,0.05,0.05,0.05,0.02,0.005,0.05,0.05,0.05,0.05,0.05,0.05,0.05,,0.1,0.05,0.05,0.05,0.05,0.05,0.05,0.02,0.05,0.05,0.05,0.01,0.05,0.05,0.2,0.01
1079,Vanilla,Vanilla,0.02,0.02,0.02,0.05,0.05,0.1,,0.05,0.05,0.1,0.05,0.01,0.01,0.05,0.05,0.1,0.05,0.05,0.05,0.2,0.05,0.05,0.05,0.05,0.01,0.05,0.05,0.05,0.1,0.05,0.05,0.05,0.05,0.1,0.05,0.05,0.02,0.1,0.1,0.1,0.01,0.05,0.05,0.5,0.05,0.3,0.05,0.05,0.05,0.1,0.05,0.1,0.05,0.1,0.05,,0.05,0.05,0.03,0.05,0.05,0.05,0.05,0.01,0.9,0.01,"50.0, 400.0",0.05,0.05,0.05,0.05,0.05,0.05,0.05,0.05,0.05,0.01,0.05,0.1,0.1,0.8,0.1,0.05,0.05,0.01,,0.1,0.1,0.02,,0.05,0.07,0.1,0.05,0.02,0.02,0.05,0.1,0.05,0.1,0.05,0.1,0.025,0.05,0.05,0.05,0.05,0.05,0.01,0.01,0.05,0.05,0.05,0.05,0.05,0.1,0.1,0.1,0.05,0.05,0.5,0.05,40.0,,0.01,0.05,0.05,0.1,0.05,0.1,0.05,0.05,0.03,0.1,0.1,0.1,0.05,0.1,0.1,1.0,0.05,0.1,0.1,0.02,0.05,0.05,0.05,0.05,0.1,0.05,0.05,0.1,"0.02, 0.1",0.05,0.1,0.05,0.05,0.05,0.3,0.05,0.05,0.1,0.05,0.05,0.1,0.05,0.05,0.05,0.05,0.05,0.1,0.1,,0.05,0.05,0.05,0.05,0.05,0.01,0.1,0.05,0.01,0.05,0.05,0.01,5.0,0.1,0.05,0.01,0.02,0.1,5.0,0.05,0.1,0.02,0.1,0.05,0.1,0.05,0.05,0.05,0.05,0.05,0.05,0.05,0.05,0.05,0.05,0.1,0.05,1.0,0.1,0.05,0.05,0.02,0.05,0.05,0.05,0.05,0.05,0.1,0.1,0.005,0.05,0.1,0.05,0.05,0.03,0.1,0.05,0.05,0.05,0.05,0.05,0.05,0.1,,0.05,0.1,0.05,0.05,0.05,5.0,0.02,0.05,0.05,0.1,0.05,0.05,0.05,0.05,0.05,0.05,0.05,0.05,0.05,0.05,0.05,0.1,0.05,0.05,0.05,0.05,0.05,400.0,0.05,0.05,1.0,0.1,0.1,0.05,0.1,0.02,0.05,0.1,0.02,0.01,0.01,0.05,0.05,,0.1,0.05,0.1,0.01,,0.05,0.05,0.05,0.1,0.1,0.05,0.05,0.05,0.05,0.05,0.05,0.05,0.01,0.05,0.01,0.05,0.1,0.05,0.05,0.3,0.1,0.01,0.05,0.05,0.1,0.02,0.5,0.05,0.05,0.05,0.1,0.05,0.05,0.1,0.05,0.05,0.02,0.05,0.05,0.1,0.05,0.1,0.05,0.1,0.1,0.05,0.05,0.1,0.1,0.1,0.05,0.1,0.1,0.05,0.05,0.05,0.05,0.05,0.1,0.05,0.02,0.1,0.05,0.05,0.05,0.05,0.05,0.05,0.05,0.3,0.02,0.05,0.05,0.05,0.05,0.05,0.05,0.02,0.05,0.05,0.05,0.05,0.05,0.05,0.05,0.01,0.05,0.1,5.0,0.05,0.1,0.05,0.05,0.05,0.05,0.1,0.05,0.01,0.05,0.05,,0.1,2.0,0.05,0.1,0.02,0.02,300.0,0.02,0.01,0.01,0.05,0.05,0.05,0.05,0.5,0.05,0.15,0.05,0.07,0.05,0.05,0.1,0.05,0.05,0.05,0.05,0.05,0.1,0.05,0.01,0.1,0.05,0.05,0.3,0.05,0.05,0.1,0.1,0.1,0.02,0.05,0.5,0.05,0.05,0.15,0.05,0.05,0.05,0.05,0.05,0.05,0.1,0.05,0.05,0.1,0.05,0.01,0.05,0.05,0.02,0.03,0.05,0.05,0.05,0.05,0.15,0.01,0.05,0.1,0.1,0.05,0.02,0.1,0.05,,0.1,0.05,0.05,0.05,0.1,0.1,0.1,0.02,0.05,0.05,0.05,0.05,0.05,0.05,0.1,0.1,0.01,0.05,0.05,0.05,0.05,0.05,0.05,0.05,0.05,0.05,0.05,0.1,0.05,0.05,0.1,0.02,40.0,0.05,0.1,0.05,0.05,0.05,0.07,0.005,0.05,0.05,0.05,0.05,0.05,0.05,0.05,,0.1,0.05,0.05,0.05,0.05,0.05,0.05,0.02,0.05,0.05,0.05,0.01,0.05,0.05,0.2,0.05
1128,Walnuts,Walnuts,0.01,0.01,0.01,0.01,0.05,0.06,,0.02,0.02,0.2,0.05,0.01,0.01,0.02,0.01,0.1,0.01,0.02,0.01,0.02,0.01,0.07,0.01,0.01,0.01,0.01,0.02,0.05,0.01,0.01,0.01,0.05,0.01,0.05,0.02,0.02,0.02,0.01,0.1,0.05,1.0,0.01,0.02,0.01,0.02,0.01,0.02,0.02,0.01,0.02,0.01,0.03,0.02,0.1,0.01,,0.01,0.01,0.05,0.01,0.01,0.02,0.01,0.01,0.05,0.01,50.0,0.02,0.01,0.01,0.01,0.05,0.01,0.01,0.02,0.02,0.01,0.02,0.05,0.07,0.02,0.1,0.01,0.02,0.01,,0.05,0.05,0.01,,0.03,0.1,0.01,0.02,0.01,0.01,0.02,0.01,0.02,0.04,0.01,0.02,0.01,0.01,0.02,0.02,0.01,0.01,0.01,0.01,0.01,0.02,0.02,0.02,0.01,0.05,0.1,0.05,0.05,0.02,0.5,0.01,30.0,,0.01,0.04,0.02,0.05,0.01,0.09,0.01,0.01,0.01,0.05,0.01,0.05,0.05,0.04,0.01,0.05,0.02,0.05,0.1,0.02,0.01,0.01,0.01,0.02,0.02,0.05,0.01,0.02,0.01,0.01,0.05,0.05,0.01,0.01,0.05,0.01,0.01,0.04,0.01,0.01,0.1,0.01,0.02,0.01,0.01,0.02,0.05,0.05,,0.02,0.02,0.05,0.02,0.02,0.05,0.1,0.01,0.01,0.01,0.02,0.005,0.1,0.01,0.01,0.01,0.01,0.5,0.02,0.01,0.03,0.01,0.1,0.02,0.05,0.01,0.01,0.01,0.01,0.01,0.01,0.02,0.02,0.01,0.02,0.01,0.02,0.02,0.1,0.01,0.01,0.01,0.01,0.01,0.01,0.05,0.02,0.05,0.05,0.005,0.01,0.06,0.01,0.01,0.01,0.01,0.1,0.02,0.02,0.01,0.05,0.01,0.05,,0.01,0.05,0.01,0.01,0.03,30.0,0.01,0.01,0.02,0.02,0.01,0.01,0.01,0.02,0.01,0.01,0.01,0.01,0.02,0.01,0.04,0.07,0.02,0.02,0.02,0.01,0.02,1500.0,0.02,0.01,1.0,0.1,0.1,0.05,0.05,0.01,0.01,0.01,0.01,0.01,0.01,0.02,0.05,,0.05,0.01,0.05,0.01,,0.01,0.02,0.01,0.1,0.1,0.01,0.02,0.01,0.01,0.01,0.02,0.01,0.01,0.01,0.01,0.01,0.02,0.01,0.02,0.01,0.1,0.01,0.01,0.01,0.05,0.02,0.2,0.01,0.01,0.01,0.05,0.06,0.02,0.05,0.02,0.01,0.02,0.02,0.01,0.02,0.01,0.05,0.01,0.02,0.05,0.02,0.02,0.02,0.05,0.03,0.01,0.05,0.01,0.1,0.01,0.01,0.01,0.01,0.1,0.01,0.01,0.02,0.02,0.02,0.02,0.02,0.01,0.01,0.02,0.02,0.01,0.01,0.01,0.01,0.01,0.01,0.01,0.01,0.01,0.01,0.01,0.02,0.02,0.01,0.01,0.01,0.02,0.05,0.02,0.01,0.02,0.05,0.01,0.01,0.05,0.05,0.01,0.01,0.01,0.05,,0.02,0.02,0.01,2.0,0.01,0.09,1000.0,0.01,0.01,0.01,0.01,0.01,0.02,0.02,0.01,0.01,0.03,0.02,0.02,0.01,0.01,0.05,0.01,0.02,0.02,0.02,0.01,0.2,0.01,0.01,0.05,0.02,0.02,0.02,0.02,0.02,0.02,0.02,0.02,0.01,0.02,1.0,0.05,0.01,0.05,0.02,0.01,0.01,0.01,0.02,0.02,0.15,0.02,0.02,0.05,0.01,0.01,0.02,0.02,0.01,0.03,0.01,0.02,0.02,0.01,0.03,0.01,0.01,0.02,0.07,0.05,0.02,0.5,0.05,,0.05,0.02,0.02,10.0,0.03,0.02,0.02,0.01,0.05,0.05,0.01,0.02,0.01,0.01,0.02,0.1,0.01,0.01,0.01,0.02,0.02,0.02,0.01,0.01,0.01,0.02,0.01,0.2,0.05,0.01,0.02,0.005,40.0,0.01,0.1,0.01,0.01,0.01,0.01,0.005,0.01,0.02,0.01,0.01,0.02,0.02,0.02,,0.02,0.01,0.01,0.01,0.02,0.05,0.01,0.01,0.01,0.01,0.02,0.01,0.01,0.01,0.1,0.01
1135,WATERMELON,Watermelons,0.01,0.01,0.01,0.01,0.05,0.06,,0.01,0.01,0.05,0.01,0.01,0.01,0.01,0.01,0.1,0.01,0.01,0.01,0.01,0.01,0.08,0.01,0.15,0.01,0.01,0.01,0.02,"0.01, 0.03",3.0,0.01,0.01,0.01,0.05,0.01,0.01,0.01,0.01,0.05,0.05,1.0,0.01,0.02,0.01,0.01,6.0,0.01,0.02,0.15,0.02,0.01,0.03,0.01,0.1,0.01,,0.01,0.01,0.01,0.01,0.01,0.01,0.01,0.01,3.0,0.01,30.0,0.01,0.01,0.01,0.01,0.3,0.3,0.01,0.01,0.01,0.01,0.01,0.02,0.03,0.01,0.1,0.01,0.01,0.01,,0.03,0.02,0.01,,0.3,0.08,0.01,0.01,0.01,0.02,0.01,0.01,0.01,0.03,0.01,0.02,0.005,0.01,0.01,0.01,0.01,0.01,0.01,0.01,0.01,0.01,0.01,0.01,0.01,0.05,0.5,0.02,0.02,0.01,0.5,0.01,5.0,,0.01,0.4,0.15,0.05,0.01,0.09,0.05,0.01,0.01,0.02,0.4,0.2,0.05,0.6,0.01,0.05,0.01,0.05,0.06,0.1,0.01,0.01,0.01,0.01,0.01,0.05,0.01,0.02,0.01,0.01,0.02,0.05,0.01,0.01,0.2,0.01,0.01,0.15,0.01,0.01,0.05,0.01,0.5,0.01,0.01,0.01,0.02,0.02,,0.01,0.01,0.05,0.01,0.01,0.01,1.5,0.01,0.01,0.01,0.01,0.008,0.05,0.01,0.01,0.01,0.01,0.05,0.01,0.15,0.03,0.01,0.05,0.01,0.02,0.01,0.01,0.01,0.01,0.01,0.01,0.05,0.07,0.01,0.01,0.01,0.01,0.01,0.1,0.01,0.01,0.01,0.01,0.01,0.01,0.01,0.01,0.02,0.02,0.005,0.01,0.4,0.01,0.01,0.01,0.01,0.2,0.01,0.01,0.3,0.05,0.01,0.02,,0.01,0.02,0.01,0.5,0.4,0.2,0.01,0.01,0.15,0.02,0.01,0.01,0.01,0.01,0.01,0.01,0.01,0.01,0.3,0.09,0.15,0.03,0.01,0.01,0.01,0.3,0.01,75.0,0.02,0.01,1.0,0.03,0.1,0.05,0.02,0.01,0.01,0.01,0.01,0.01,0.01,0.01,0.07,,0.02,0.01,0.05,0.01,,0.01,0.01,0.15,0.1,0.1,0.01,0.01,0.01,0.01,0.01,0.2,0.01,0.01,0.01,0.3,0.01,0.02,0.5,0.01,0.06,0.1,0.01,0.01,0.4,0.05,0.02,0.2,0.01,0.4,0.01,0.05,0.5,0.01,0.02,0.01,0.5,0.01,0.01,0.01,0.02,0.15,0.05,0.01,0.02,0.02,0.01,0.01,0.01,0.02,0.03,0.01,0.02,0.01,0.01,0.1,0.01,0.01,0.5,0.1,0.01,0.01,0.02,0.01,0.01,0.01,0.01,0.3,0.01,0.01,0.01,0.01,0.01,0.01,0.01,0.01,0.01,0.01,0.01,0.001,0.01,0.2,0.01,0.01,0.01,0.01,0.01,0.02,0.05,0.01,0.15,0.02,0.05,0.01,0.01,0.6,0.05,0.01,0.01,0.01,0.02,,0.01,0.01,0.005,0.05,0.01,0.01,60.0,0.01,0.01,0.01,0.01,0.01,0.02,0.5,0.01,0.01,0.03,0.01,0.01,0.01,0.01,0.02,5.0,0.01,0.01,0.01,0.01,0.05,0.01,0.005,0.02,0.01,0.01,0.01,0.01,0.01,0.02,0.5,0.02,0.01,0.01,1.0,0.01,0.01,0.05,0.01,0.2,0.02,0.01,0.01,0.01,0.1,0.01,0.05,0.02,0.01,0.01,0.01,0.01,0.01,0.03,0.01,0.01,0.01,0.01,0.03,0.01,0.01,0.03,1.0,0.02,0.3,0.2,0.01,,0.01,0.01,0.5,0.01,0.03,0.02,0.02,0.01,0.15,0.01,0.3,0.01,0.01,0.01,0.02,0.1,0.01,0.01,0.08,0.01,0.01,0.01,0.01,0.01,0.01,0.01,0.01,0.3,0.05,0.01,0.02,0.005,10.0,0.01,0.1,0.01,0.01,0.01,0.01,0.001,0.01,0.01,0.01,0.01,0.01,0.3,0.3,,0.02,0.01,0.01,0.01,0.01,0.05,0.01,0.01,0.01,0.01,0.01,0.01,0.01,0.01,0.1,2.0
1138,WHEAT,Wheat,0.01,0.01,0.01,0.01,0.05,0.06,,0.01,0.01,2.0,0.05,0.01,0.001,0.01,0.02,0.1,0.01,0.02,0.01,0.01,0.01,0.1,0.01,0.05,0.01,0.01,0.01,0.02,0.01,0.01,0.01,0.1,0.01,0.05,0.01,0.01,0.01,0.01,0.05,0.05,1.0,0.01,0.05,0.01,0.01,0.5,0.01,0.05,0.01,0.02,0.01,0.1,0.02,0.1,0.1,0.04,0.01,0.02,0.5,0.01,0.01,0.01,0.3,0.01,0.8,0.01,"50.0, 10.0",0.01,0.01,0.01,0.2,0.05,0.01,0.01,0.01,0.01,0.01,0.01,0.02,0.07,0.5,0.1,0.01,0.01,0.01,0.01,0.03,0.05,0.05,,0.02,0.05,0.01,0.01,,0.01,0.02,0.01,0.01,0.03,7.0,0.02,0.005,0.01,0.1,0.02,0.01,0.01,0.01,0.01,0.01,0.01,0.01,0.01,0.01,0.05,0.1,0.02,0.02,0.01,3.0,0.01,10.0,,0.01,0.01,0.02,0.05,0.01,0.09,0.04,0.01,0.04,0.01,0.01,2.0,0.1,0.5,0.02,0.05,0.02,0.05,0.06,0.02,1.0,0.01,0.01,0.01,0.01,2.0,0.01,0.2,0.01,0.02,0.02,0.05,0.01,0.01,0.3,0.01,0.02,1.5,0.01,0.01,0.05,0.01,0.01,0.01,0.08,0.01,0.05,0.02,,0.01,0.01,0.05,0.02,0.02,0.05,1.0,0.01,0.01,0.01,0.01,0.005,0.05,0.01,0.01,0.01,0.01,1.0,0.01,0.01,0.03,0.01,0.05,0.01,0.02,0.01,0.01,0.01,0.1,0.01,0.01,0.02,0.01,0.01,0.01,0.01,0.01,0.05,0.1,0.01,0.6,0.01,0.1,0.07,0.01,0.01,0.01,0.02,0.2,0.005,0.01,2.0,0.01,0.01,0.01,0.02,0.01,0.01,0.01,0.01,0.1,0.01,0.02,,0.01,0.02,0.005,0.01,0.9,2.0,0.01,0.03,1.0,0.02,0.01,0.01,0.1,0.02,0.01,0.01,0.01,0.01,0.15,0.05,0.4,0.4,0.01,0.01,0.02,0.01,0.01,150.0,0.02,0.01,1.0,0.03,10.0,0.05,0.02,0.01,0.01,0.01,0.01,0.01,0.01,0.01,0.01,15.0,0.02,0.01,0.05,0.05,0.05,0.01,0.01,0.01,0.1,0.1,0.01,0.01,0.01,0.01,0.01,0.01,0.01,0.01,0.01,0.2,0.01,0.02,0.08,0.01,0.05,0.1,0.01,0.01,0.01,0.2,8.0,0.2,0.01,0.01,0.01,0.05,0.4,0.01,3.0,0.01,0.01,0.01,0.01,0.01,0.02,0.01,0.05,0.01,0.02,0.15,0.01,0.01,0.01,0.02,0.03,0.01,5.0,0.01,0.01,0.01,0.01,0.01,0.07,0.1,0.01,0.01,0.02,0.01,0.02,0.01,0.01,0.01,0.01,0.01,0.02,0.01,0.01,0.01,0.01,0.01,0.01,0.01,0.01,0.005,0.01,0.01,0.01,0.02,0.01,0.01,0.01,0.02,0.05,0.02,0.01,0.02,0.05,0.01,0.01,0.15,0.05,0.01,0.01,0.01,0.05,,0.02,0.01,0.01,0.05,0.01,0.05,80.0,0.01,0.2,0.2,0.05,0.01,1.0,0.05,5.0,0.01,0.03,0.01,0.01,0.01,0.1,0.02,0.01,0.01,0.01,0.01,0.01,0.05,0.01,0.005,0.02,0.01,0.02,0.01,0.01,0.1,0.05,0.2,0.02,0.02,0.01,3.0,0.01,0.01,0.05,0.05,0.01,0.01,0.01,0.01,0.01,0.1,0.02,0.02,0.02,0.01,0.01,0.02,0.01,0.01,0.03,0.01,0.01,0.01,0.01,0.03,0.01,0.01,0.02,2.0,0.02,0.02,0.02,0.05,,0.02,0.02,0.2,0.01,0.7,0.02,0.02,0.01,0.3,0.01,0.01,0.01,0.01,0.02,0.02,0.1,0.01,0.01,0.02,0.01,0.01,0.01,0.01,0.01,0.01,0.01,0.01,0.05,0.05,0.01,0.05,0.01,10.0,0.01,0.1,0.01,0.01,0.01,0.02,0.003,0.01,0.01,0.01,0.01,0.01,0.3,0.3,,0.02,0.01,0.01,0.01,0.01,5.0,3.0,0.01,0.01,0.01,0.01,0.01,0.01,0.01,0.1,0.01
1142,Wild fungi,Wild fungi,0.01,0.01,0.01,0.01,0.05,0.06,,0.01,0.01,0.05,0.01,0.01,0.01,0.01,0.01,0.1,0.01,0.01,0.01,0.01,0.01,0.01,0.01,0.01,0.01,0.01,0.01,0.02,0.01,0.01,0.01,0.01,0.01,0.05,0.01,0.01,0.01,0.01,0.05,0.05,1.0,0.01,0.02,0.01,0.01,0.01,0.01,0.02,0.01,0.02,0.01,0.03,0.01,0.1,0.01,,0.01,0.01,0.01,0.01,0.01,0.01,0.01,0.01,0.01,0.01,30.0,0.01,0.01,0.01,0.01,0.05,0.01,0.01,0.01,0.01,0.01,0.01,0.02,0.03,0.01,0.1,0.01,0.01,0.01,,0.03,0.02,0.01,,0.01,0.7,0.01,0.01,0.01,0.02,0.01,0.01,0.01,0.03,0.01,0.02,0.005,0.01,0.01,0.01,0.01,0.01,0.01,0.01,0.01,0.01,0.01,0.01,0.01,0.05,0.1,0.02,0.02,0.01,0.5,0.01,20.0,,0.01,0.01,0.01,0.05,0.01,0.09,0.01,0.01,0.01,0.02,0.01,1.0,0.05,0.02,0.01,0.05,0.01,0.05,0.06,0.02,0.01,0.01,0.01,0.01,0.01,0.05,0.01,0.02,0.01,0.01,0.02,0.05,0.01,0.01,0.05,0.01,0.01,0.02,0.01,0.01,0.05,0.01,0.01,0.01,0.01,0.01,0.02,0.02,,0.01,0.01,0.05,0.01,0.01,0.01,0.05,0.01,0.01,0.01,0.01,0.002,0.05,0.01,0.01,0.01,0.01,0.05,0.01,0.01,0.03,0.01,0.05,0.01,0.02,0.01,0.01,0.01,0.01,0.01,0.01,0.02,0.01,0.01,0.01,0.01,0.01,0.01,0.1,0.01,0.01,0.01,0.01,0.01,0.01,0.01,0.01,0.02,0.02,0.005,0.01,0.03,0.01,0.01,0.01,0.01,0.01,0.01,0.01,0.01,0.05,0.01,0.02,,0.01,0.02,0.01,0.01,0.01,0.2,0.01,0.01,0.01,0.02,0.01,0.01,0.01,0.01,0.01,0.01,0.01,0.01,0.01,0.01,0.01,0.03,0.01,0.01,0.01,0.01,0.01,2.0,0.02,0.01,1.0,0.03,50.0,0.05,0.02,0.01,0.01,0.01,0.01,0.01,0.01,0.01,0.01,,0.02,0.01,0.05,0.01,,0.01,0.01,0.01,0.1,0.1,0.01,0.01,0.01,0.01,0.01,0.01,0.01,0.01,0.01,0.01,0.01,0.02,0.01,0.01,0.5,0.1,0.01,0.01,0.01,0.05,0.02,0.2,0.01,0.01,0.01,0.05,0.01,0.01,0.02,0.01,0.01,0.5,0.01,0.01,0.02,0.01,0.05,0.01,0.02,0.02,0.01,0.01,0.01,0.02,0.03,0.01,0.02,0.01,0.01,0.01,0.01,0.01,0.01,0.1,0.01,0.01,0.02,0.01,0.01,0.01,0.01,0.01,0.01,0.01,0.02,0.01,0.01,0.01,0.01,0.01,0.01,0.01,0.01,0.001,0.01,0.01,0.01,0.01,0.01,0.01,0.01,0.02,0.05,0.01,0.01,0.02,0.05,0.01,0.01,0.01,0.05,0.01,0.01,0.01,0.02,,0.01,0.01,0.01,0.05,0.01,0.01,1.5,0.01,0.01,0.01,0.01,0.01,0.02,0.01,0.01,0.01,0.03,0.01,0.01,0.01,0.01,0.02,0.01,0.01,0.01,0.01,0.01,0.05,0.01,0.005,0.02,0.01,0.01,0.01,0.01,0.01,0.02,0.02,0.02,0.01,0.01,1.0,0.01,0.01,0.05,0.01,0.01,0.01,0.01,0.01,0.01,0.1,0.01,0.02,0.02,0.01,0.01,0.01,0.01,0.01,0.03,0.01,0.01,0.01,0.01,0.03,0.01,0.01,0.02,0.02,0.02,0.02,0.02,0.01,,0.01,0.01,0.01,0.01,0.03,0.02,0.02,0.01,0.02,0.01,0.01,0.01,0.01,0.01,0.02,0.1,0.01,0.01,0.01,0.01,0.01,0.01,0.01,0.01,0.01,0.01,0.01,0.1,0.05,0.01,0.02,0.005,20.0,0.01,0.1,0.01,0.01,0.01,0.01,0.001,0.01,0.01,0.01,0.01,0.01,0.01,0.01,,0.02,0.01,0.01,0.01,0.01,20.0,0.01,0.01,0.01,0.01,0.01,0.01,0.01,0.01,0.1,0.01
1144,Wild terrestrial vertebrate animals,Wild terrestrial vertebrate animals,,,,0.02,0.2,0.06,0.01,0.01,0.01,0.05,0.05,0.01,0.01,0.01,0.01,0.1,0.01,0.01,0.01,0.02,0.01,0.02,0.01,0.02,0.01,0.01,0.01,0.01,0.01,0.03,0.02,0.01,0.01,,0.01,0.01,0.01,,0.02,,,0.02,,0.01,0.01,0.01,0.01,0.01,0.02,0.02,0.01,0.02,0.01,0.1,0.01,0.02,0.02,0.01,0.01,0.01,0.01,0.01,0.02,0.01,0.01,0.01,,0.01,0.01,0.05,0.02,0.05,0.01,0.01,0.01,0.01,0.01,0.01,0.01,0.03,0.05,0.05,0.01,0.01,0.01,,0.03,0.01,,,0.01,0.05,,0.01,0.005,0.02,,,0.01,0.1,0.3,,0.01,0.01,0.02,0.02,0.05,0.05,0.01,0.01,0.01,0.01,0.01,0.01,0.01,0.1,0.05,0.02,0.05,0.01,0.05,0.01,,,0.01,0.01,0.01,0.01,0.01,0.02,0.02,0.01,0.01,0.01,0.01,0.05,0.05,0.02,0.01,0.05,0.02,,0.06,,0.02,0.01,0.01,0.01,0.01,0.05,0.01,0.02,,0.01,0.02,0.1,0.01,0.01,0.05,0.01,0.02,0.02,0.01,0.01,,0.01,0.01,0.01,0.03,0.01,0.05,0.02,,0.01,0.01,0.05,0.05,0.01,0.01,0.05,0.01,0.01,0.01,0.02,0.01,0.01,0.01,0.01,0.01,0.01,0.05,0.01,0.01,0.03,0.01,0.05,0.01,0.02,0.01,0.01,0.01,0.01,0.01,0.01,0.02,0.01,0.05,0.02,,0.05,0.01,0.05,0.01,0.01,,0.02,0.01,0.01,0.02,0.01,0.02,0.02,0.005,0.01,0.02,0.01,0.01,0.01,0.01,0.01,0.01,0.01,0.02,0.05,0.02,0.02,,0.01,0.02,0.005,0.01,0.02,0.3,,0.02,0.01,0.02,0.01,0.05,0.01,0.01,0.01,0.02,0.01,0.05,0.01,0.01,0.01,0.05,0.01,0.01,0.01,0.01,0.01,0.5,,0.01,1.0,0.05,0.05,0.05,0.02,,0.01,0.01,0.01,0.01,0.01,,0.01,,0.02,0.02,0.01,0.01,0.01,0.01,0.02,0.01,0.1,0.1,0.01,0.02,0.01,0.01,0.01,0.05,0.01,0.01,0.01,0.01,0.01,0.02,0.05,0.01,0.01,,0.01,0.01,0.08,,0.02,0.05,0.01,0.01,0.01,,0.01,0.01,0.05,,0.01,0.04,0.02,0.01,0.02,0.01,0.01,0.01,0.05,0.02,0.05,0.01,,0.02,0.03,0.01,0.05,,0.01,0.01,0.01,0.01,0.01,0.1,0.01,,0.02,0.01,,0.01,0.01,0.01,0.01,0.02,0.01,,0.01,0.01,0.01,0.01,0.01,0.01,0.01,0.01,0.01,0.01,0.01,0.01,0.01,0.01,0.01,,,0.01,0.05,0.01,0.01,0.01,0.01,0.01,,0.01,0.01,0.05,0.05,,0.01,0.01,0.01,0.05,,0.01,0.5,0.02,0.01,0.01,0.02,0.01,,0.05,0.01,0.01,0.03,0.01,0.01,0.01,0.01,0.02,0.01,0.01,0.01,0.01,0.01,0.01,0.01,0.01,0.05,0.02,0.02,0.01,0.02,0.01,0.01,0.05,0.02,0.01,0.01,,0.01,0.01,0.05,0.05,0.01,0.01,0.01,0.01,,0.02,0.02,0.02,0.01,0.01,0.01,0.02,0.02,,0.01,0.01,0.01,0.01,0.01,0.03,0.01,0.01,0.02,0.02,0.02,0.01,0.02,0.02,,0.01,0.02,0.01,0.01,0.02,0.01,0.02,,0.1,0.01,0.01,0.01,0.01,0.01,0.01,0.1,,0.01,0.01,0.05,0.01,0.01,0.01,0.01,0.01,0.01,0.01,0.05,0.01,0.01,0.05,0.01,70.0,0.01,,0.01,0.01,0.01,0.01,0.01,0.01,0.01,0.01,0.01,0.01,0.02,0.02,0.01,0.01,0.01,0.01,0.01,0.01,,0.01,0.01,0.01,0.03,0.01,0.01,0.01,0.01,,0.01
499,GRAPES,Wine grapes,0.01,0.01,0.01,0.01,0.05,0.06,,0.01,0.01,0.1,0.01,0.01,0.01,0.01,0.01,0.1,0.01,0.01,0.01,0.01,0.8,0.08,0.01,0.01,0.01,0.01,0.01,0.02,0.01,6.0,0.01,0.01,0.5,0.05,0.01,0.01,0.01,0.01,0.05,0.05,1.0,0.01,0.02,0.01,0.3,3.0,0.01,0.02,0.3,0.02,0.01,0.03,0.3,0.1,1.0,,0.01,0.01,0.3,0.01,0.01,0.01,0.01,0.01,5.0,0.01,"20.0, 5.0",0.01,0.01,0.01,0.01,1.5,1.5,0.01,0.01,0.01,0.01,0.01,0.02,0.02,0.01,0.5,0.01,0.002,0.01,,0.03,0.02,0.01,,1.0,0.05,0.01,0.01,0.01,0.01,0.01,0.01,0.01,0.03,0.05,0.02,0.01,0.01,0.01,0.01,0.01,0.01,0.01,0.01,0.01,0.01,0.01,0.01,0.01,0.05,0.5,0.02,1.0,0.01,0.5,0.01,50.0,,0.01,1.5,2.0,0.05,0.01,0.3,0.2,0.6,0.01,0.02,0.05,0.5,0.2,3.0,0.01,0.05,0.01,0.05,0.06,0.02,0.2,0.01,0.01,0.01,0.01,0.05,0.01,0.02,0.01,0.01,0.02,0.05,0.01,0.01,3.0,0.01,0.01,0.15,0.01,0.01,0.05,0.01,3.0,0.01,0.01,0.01,0.02,0.02,0.9,0.01,0.01,0.05,0.01,0.01,3.0,5.0,0.01,0.01,0.01,0.01,0.04,0.05,0.01,0.01,0.01,0.01,2.0,0.01,0.4,0.03,0.01,0.05,0.01,0.02,4.0,0.01,0.01,2.0,0.01,0.01,0.3,0.01,0.01,0.01,0.01,15.0,0.01,0.1,0.01,0.01,0.01,0.01,0.01,3.0,0.3,0.01,0.02,0.3,0.005,0.01,0.03,0.01,0.01,0.01,3.0,2.0,0.01,0.01,4.0,0.05,0.01,0.02,,0.01,0.05,0.01,2.0,1.5,0.2,0.01,0.01,3.0,0.02,0.01,0.01,0.01,0.01,0.01,0.01,0.7,0.01,1.5,1.0,3.0,20.0,0.01,0.01,0.01,0.1,0.01,200.0,0.02,0.01,1.0,0.15,0.5,0.05,0.02,0.01,0.01,0.01,0.01,0.01,0.01,0.01,1.0,,0.02,0.01,0.05,0.01,,0.01,0.01,0.7,0.1,0.1,0.01,0.01,0.01,0.01,0.01,2.0,4.0,0.01,0.01,0.01,0.01,0.02,1.5,0.01,0.2,0.1,0.01,0.01,0.01,0.05,0.02,0.2,5.0,2.0,0.01,0.05,2.0,2.0,5.0,0.01,0.2,0.01,0.01,0.01,0.02,1.5,0.05,0.01,0.02,0.02,0.01,0.01,0.01,0.02,0.03,0.01,0.02,0.01,1.0,0.01,0.01,0.01,7.0,0.1,0.01,0.01,0.02,0.01,0.01,0.01,0.01,1.5,0.01,0.01,0.01,0.01,0.01,0.01,0.01,0.01,0.01,0.01,0.01,0.001,0.01,0.7,0.01,0.01,0.01,0.01,0.01,0.02,0.05,0.01,0.4,0.02,0.05,0.01,0.01,0.01,0.05,0.01,0.01,0.01,0.02,,0.01,0.01,0.01,0.05,0.01,0.01,150.0,0.01,0.01,0.01,0.01,0.01,0.02,0.01,0.01,0.01,0.03,0.01,0.01,0.01,0.01,0.02,0.01,0.01,0.01,0.01,0.01,0.05,0.01,0.005,0.02,0.01,0.5,0.01,0.01,0.01,0.02,2.0,0.02,0.01,0.01,1.0,0.01,0.01,0.05,5.0,0.8,0.01,0.01,0.01,0.01,0.1,0.01,1.0,0.02,0.02,0.01,0.01,0.01,0.01,0.03,0.01,0.01,0.01,0.01,0.03,0.01,0.01,0.4,0.5,0.2,0.02,2.0,0.5,,0.01,0.01,2.0,0.01,0.03,0.02,0.02,0.01,1.0,4.0,0.6,0.01,0.7,0.01,0.02,0.1,0.01,0.01,0.07,0.01,0.01,0.01,0.01,0.01,0.01,0.01,0.01,3.0,0.05,0.01,0.02,0.005,100.0,0.01,0.1,0.01,0.01,0.01,0.01,0.001,0.01,0.01,0.01,0.01,0.01,3.0,3.0,,0.02,0.01,0.01,0.01,0.01,0.05,0.01,0.01,0.01,1.0,0.01,0.01,0.01,0.01,0.1,5.0
1151,Yams,Yams,0.01,0.01,0.01,0.01,0.05,0.06,,0.01,0.01,0.05,0.01,0.01,0.01,0.01,0.01,0.1,0.01,0.01,0.01,0.01,0.01,0.01,0.01,0.01,0.01,0.01,0.01,0.02,0.01,0.05,0.01,0.01,0.01,0.05,0.01,0.01,0.01,0.01,0.05,0.05,1.0,0.01,0.02,0.01,0.01,1.0,0.01,0.02,0.01,0.02,0.01,0.03,0.01,0.1,0.02,,0.01,0.01,0.05,0.01,0.01,0.01,0.06,0.01,2.0,0.01,50.0,0.01,0.01,0.01,0.01,0.05,0.01,0.01,0.01,0.01,0.01,0.01,0.02,0.03,0.01,0.1,0.01,0.002,0.01,,0.03,0.02,0.01,,0.02,0.05,0.01,0.01,0.01,0.02,0.01,0.01,0.01,0.03,0.01,0.02,0.005,0.01,0.01,0.01,0.01,0.01,0.01,0.01,0.01,0.01,0.01,0.01,0.01,0.05,0.1,0.02,0.02,0.01,1.0,0.01,5.0,,0.01,0.15,0.01,0.05,0.01,0.09,0.01,0.01,0.01,0.02,0.01,0.05,0.05,0.02,0.01,0.05,0.01,0.05,0.06,0.02,0.01,0.01,0.01,0.01,0.01,0.05,0.01,0.02,0.01,0.01,0.02,0.05,0.01,0.01,0.1,0.01,0.01,0.2,0.01,0.01,0.05,0.01,0.01,0.01,0.01,0.01,0.02,0.02,,0.01,0.01,0.05,0.01,0.01,0.01,0.05,0.01,0.01,0.01,0.01,0.002,0.05,0.01,0.01,0.01,0.01,0.05,0.01,0.01,0.03,0.01,0.05,0.01,0.02,0.01,0.01,0.01,0.01,0.01,0.01,0.02,0.01,0.01,0.01,0.01,0.01,0.01,0.1,0.01,0.01,0.01,0.01,0.01,0.01,0.01,0.01,0.02,0.02,0.005,0.01,0.03,0.01,0.01,0.15,0.01,0.01,0.01,0.01,10.0,0.05,0.01,0.02,,0.01,0.02,0.01,0.01,0.15,0.2,0.01,0.01,0.05,0.02,0.01,0.01,0.01,0.01,0.01,0.01,0.01,0.01,0.01,0.01,0.2,0.03,0.01,0.01,0.01,0.01,0.01,2.0,0.02,0.01,1.0,0.03,0.1,0.05,0.02,0.01,0.01,0.01,0.01,0.01,0.01,0.01,0.01,,0.02,0.01,0.05,0.01,,0.01,0.01,0.01,0.1,0.1,0.01,0.01,0.01,0.01,0.01,0.01,0.01,0.01,0.01,0.01,0.01,0.02,0.01,0.01,0.01,0.5,0.01,0.01,0.01,0.05,0.02,0.2,0.01,0.01,0.01,0.05,0.05,0.01,0.02,0.01,0.01,0.01,0.01,0.01,0.02,0.01,0.05,0.01,0.02,0.04,0.01,0.01,0.01,0.02,0.03,0.01,0.02,0.01,0.01,0.01,0.01,0.01,0.01,0.1,0.01,0.01,0.02,0.01,0.01,0.01,0.01,0.06,0.01,0.01,0.01,0.01,0.01,0.01,0.01,0.01,0.01,0.01,0.01,0.001,0.01,0.01,0.01,0.01,0.01,0.01,0.01,0.02,0.05,0.01,0.01,0.02,0.05,0.01,0.01,0.01,0.05,0.01,0.01,0.01,0.02,,0.01,0.01,0.01,0.05,0.01,0.01,1.5,0.01,0.01,0.01,0.01,0.01,0.02,0.05,0.01,0.01,0.03,0.01,0.01,0.01,0.01,0.02,0.01,0.01,0.01,0.01,0.01,0.05,0.01,0.005,0.02,0.01,0.01,0.01,0.01,0.01,0.02,0.02,0.02,0.01,0.01,1.0,0.01,0.01,0.05,0.01,0.01,0.01,0.01,0.01,0.01,0.1,0.01,0.02,0.02,0.01,0.01,0.01,0.01,0.01,0.03,0.01,0.01,0.01,0.01,0.03,0.01,0.01,0.02,0.02,0.02,0.02,0.02,0.01,,0.01,0.01,0.03,0.01,0.03,0.02,0.02,0.01,0.02,0.01,0.01,0.01,0.01,0.01,0.02,0.1,0.01,0.01,0.01,0.01,0.01,0.01,0.01,0.01,0.01,0.01,0.01,0.1,0.05,0.01,0.02,0.005,5.0,0.01,0.1,0.01,0.01,0.01,0.01,0.001,0.01,0.01,0.01,0.01,0.01,0.01,0.01,,0.02,0.01,0.01,0.01,0.01,0.05,0.01,0.01,0.01,0.01,0.01,0.01,0.01,0.01,0.1,0.01
450,Goat,d) goat,0.01,,0.1,0.02,,0.06,0.01,0.01,0.01,,0.05,0.01,0.01,,0.01,0.1,0.01,0.01,,0.02,0.01,,0.01,0.02,0.01,0.01,0.01,0.01,0.2,0.03,,,0.01,,0.01,0.01,0.01,0.01,0.02,,0.01,,0.01,0.01,0.01,,0.01,0.01,,0.02,0.01,,0.01,0.1,,0.02,0.02,0.01,,0.01,0.01,0.01,,0.01,,0.01,0.05,0.01,0.01,0.05,0.02,0.05,0.01,0.01,0.01,0.01,0.01,0.01,0.01,,0.05,0.05,0.01,0.01,0.01,,0.03,0.01,,,,,0.05,0.01,0.05,0.02,,0.05,0.01,,,0.1,,0.01,0.05,0.02,0.05,0.05,0.01,0.01,0.01,0.01,0.01,0.01,0.01,0.1,0.2,0.02,,0.01,,0.02,,,0.01,,0.01,0.01,0.01,,0.02,,,0.01,0.01,,,,,1.0,0.02,,0.06,,,0.01,0.01,0.01,,,0.01,,,,0.02,0.1,0.01,0.01,,0.01,0.02,,0.01,0.01,,0.01,0.01,0.01,0.03,0.01,,0.02,,0.01,0.01,0.05,0.05,0.01,0.01,0.05,0.01,0.01,0.01,0.02,,0.05,0.05,0.01,0.01,0.01,,0.01,0.01,0.03,0.01,0.05,0.01,0.02,,0.01,0.01,,0.01,0.02,0.02,0.02,,0.02,,0.05,0.01,0.05,0.01,,,,,0.01,,0.05,0.02,,,0.01,,0.01,0.01,,0.01,,0.01,0.01,,,0.02,0.02,,0.01,0.02,0.005,,,0.3,,,,0.02,0.01,0.05,,,0.01,0.02,0.01,,,,,0.05,0.01,0.01,0.01,0.01,0.01,,,0.01,1.0,,0.05,0.05,0.02,,0.01,0.2,,0.01,0.01,,0.05,,,,,0.01,,0.01,0.02,0.01,0.1,0.1,0.01,0.02,0.01,0.01,0.01,0.05,0.01,0.01,0.01,,0.01,,,0.01,,0.1,0.01,0.01,,,0.02,,0.01,,0.01,,,0.01,,,0.01,,0.02,0.01,,,0.01,0.01,,0.02,0.05,0.01,0.01,0.02,0.03,0.01,0.05,0.01,,0.01,0.01,0.01,,0.1,0.01,,0.02,0.01,,0.01,0.01,0.01,0.01,,0.01,0.01,,0.01,0.01,0.01,0.01,0.01,0.01,,0.01,0.01,0.01,0.01,0.01,0.01,0.01,,0.05,0.01,0.05,0.01,,0.01,0.01,0.01,0.05,0.01,0.01,0.05,0.05,,,0.01,0.01,0.1,,0.01,,,,,0.02,0.01,,0.05,0.01,0.01,0.03,0.01,0.05,0.01,0.01,0.02,,0.01,0.01,0.01,0.01,0.01,0.01,0.01,0.05,,0.02,0.01,,,0.01,0.05,0.02,0.01,0.01,0.05,0.01,0.01,,,0.01,0.01,0.01,0.01,,,0.02,0.2,0.01,,0.01,0.02,,0.01,,0.01,0.01,0.01,0.01,0.03,0.01,0.01,0.02,,,0.01,,,,,,,0.01,0.02,0.01,0.02,,,,0.01,0.01,0.01,,0.01,0.1,0.01,0.01,,0.05,0.1,0.01,0.02,0.01,0.01,0.01,0.01,0.05,0.01,0.01,0.05,,,0.01,0.05,,,0.01,0.01,0.01,0.01,0.01,,0.01,0.01,,,0.01,0.01,,0.01,0.01,0.01,0.05,,0.01,0.01,0.03,0.01,0.01,0.01,0.01,,0.01
